objective,epoch,seed,case_id,source,line_hash,context_words,covered,cpu_top1,cpu_top3,top1,top3
TargetOnly,1,20260926,1,blogs,f27ea2d29c7104c919b3db28c6665a75f06509e20abfce2a096f6bd7fdee17a5,3,1,0,1,0,1
TargetOnly,1,20260926,2,blogs,2e33f63c7626dbc369773847be674268e62ff845811d0f1a707abb82d030fda8,4,0,0,0,0,0
TargetOnly,1,20260926,3,blogs,3a5c23d72140c92c25f4fbd08b9ac0feecee320dc88c6ee630121fbb1dc7ba3f,5,1,1,1,1,1
TargetOnly,1,20260926,4,blogs,150f418fb152be9cb918f6a5cddb03c13ba3de68e7a2ad474b9d73f9888b10db,32,1,0,0,0,0
TargetOnly,1,20260926,5,blogs,379382c7ed6229fb6a69c6e7589b03d3240417a25dc4be8d5bfa25a7d0e6a114,20,1,1,1,1,1
TargetOnly,1,20260926,6,blogs,1a3d0e172a1fcc90d98522daac9c53c1add1ae3f5e1b59bfafdbaf7f15ea7e13,15,1,0,0,0,0
TargetOnly,1,20260926,7,blogs,b1bdb15784994402f4445749c82f4d5fa4972fe0ae3f775cd198f3db707ed5c7,36,0,0,0,0,0
TargetOnly,1,20260926,8,blogs,75ec673b2b31cde02d81eb99e409f3c60f43ed1afdb8d3477a01196e43e64dc7,10,1,0,0,0,0
TargetOnly,1,20260926,9,blogs,640a825583d8a72a7cd2175016d14e07d28d2bdd55709dbc8634270dfaec9da5,5,0,0,0,0,0
TargetOnly,1,20260926,10,blogs,91507145be5cf1fad2815adf342860b6bdac455d8db048b0374aa8c35cea72ae,24,0,0,0,0,0
TargetOnly,1,20260926,11,blogs,b72474f50716169e9748a2eb8e76b7ab5e47c06dda75b8e74db7920d216f09bc,15,0,0,0,0,0
TargetOnly,1,20260926,12,blogs,4e8895ae50463f9bb1588854743dfddeff57c6d568879614efeb3e276882ab37,4,1,0,1,0,0
TargetOnly,1,20260926,13,blogs,8334b4540dfa719754aa0de65ed2e2986c1843ed87663872cd9a57a7753146d8,31,1,0,0,0,0
TargetOnly,1,20260926,14,blogs,c32c3e1300b8358f8bf7ec24bd106bbef01d3579e2c273272d5efc7b145fa792,8,1,1,1,1,1
TargetOnly,1,20260926,15,blogs,41b8bc114e6a873a647502ff550d0b54a9f7fdb2fdb10bff657a8df21d400073,11,0,0,0,0,0
TargetOnly,1,20260926,16,blogs,b57186493fa3a2c547d996aa77e54272d923628b38b4516aea24441809f9338e,91,1,0,0,0,0
TargetOnly,1,20260926,17,blogs,6fda27b4519c3b1f949aa789fafd4633a2f4715428108f635f869b6f6abb47e4,9,0,0,0,0,0
TargetOnly,1,20260926,18,blogs,8e31aa2486bd2af28e15adf7c3e90c3c5b00791a9a32397ade5784dc34970532,28,1,0,0,0,0
TargetOnly,1,20260926,19,blogs,7d7f9e354d8330b014d1ef7c7cb1d9701045bc373464c2dff27577df2203228f,25,0,0,0,0,0
TargetOnly,1,20260926,20,blogs,32cd52cb54a0a85df0b971cd8c0dec12b0e8fca77376c9ed9eed5d52992e76d9,2,0,0,0,0,0
TargetOnly,1,20260926,21,blogs,3f11bb930af28be6636d3b7d33c9d93c16b75c68d23c735cac8a5f410b6e3565,5,1,0,0,0,0
TargetOnly,1,20260926,22,blogs,c3c80837aa0856c9606e04dcab979b22143dbe7815d5c469b05d365064138398,2,0,0,0,0,0
TargetOnly,1,20260926,23,blogs,f9c18fac0730e3adf3d480213575a4cbb220eb2947050930de7197229981d9fd,21,1,1,1,1,1
TargetOnly,1,20260926,24,blogs,3de6e4df992e71eb825eca79e7a59069fc50a064448f89979e471bcc3c22ba75,2,0,0,0,0,0
TargetOnly,1,20260926,25,blogs,cd672f6d7025d9ad0026cbba9bb3fe3ed6e71093ac88175f8ac2bc4e94f32a5a,68,1,1,1,1,1
TargetOnly,1,20260926,26,blogs,ffffbefc9a109669ff1a3ad2756ffb1b534daee5f90fa1162e36b37538116f43,2,0,0,0,0,0
TargetOnly,1,20260926,27,blogs,bf42c863d826b55a8070e1b8271fe6f2e04ddbc417207c1f1eb541701a91196f,15,1,1,1,0,1
TargetOnly,1,20260926,28,blogs,d67f3e27829d44de0441ec7eed10ea7e2c56c932e9f84f5bd174bd098965c994,14,0,0,0,0,0
TargetOnly,1,20260926,29,blogs,0989b5237eb48e59cad83dca5762b211d7ce5641230183f24ce883fe76205abd,12,1,0,0,0,0
TargetOnly,1,20260926,30,blogs,5cd9b83ec4ed2b0d02e2007d2c0408dba6b5ac9fc94263f469660eb274c34f1b,23,0,0,0,0,0
TargetOnly,1,20260926,31,blogs,dce1fad10ecb15835e20e771fa9582bbfa84509f2029a76bc26617a09e82b6b4,46,1,0,0,0,1
TargetOnly,1,20260926,32,blogs,cf963c65aa4e6aec5caff27f73e21a65cd1c496deca38dead971f519caa4a10f,75,1,0,0,0,0
TargetOnly,1,20260926,33,blogs,eb9f5bb77c9a3c3e31f269b25b42f96b69b7430186e38f0867f9015ccaa73417,64,0,0,0,0,0
TargetOnly,1,20260926,34,blogs,bd8985b74110ad26e2fc4ca3546ed2b4395d03a592c0585c2d7de7e26f1fab49,5,1,0,0,0,0
TargetOnly,1,20260926,35,blogs,7cc50f2dcfa90fef70167174027dcc0a2745896138b6bca25927ca90a44949c9,28,1,0,0,0,0
TargetOnly,1,20260926,36,blogs,1c5951e89a7e0d1267c533d6451876a1334d82fe301be34c567c2f0ab8d99491,3,1,1,1,1,1
TargetOnly,1,20260926,37,blogs,b25f994e529814b9fdf2bb21c64f49575041399a9bbcac0b4eea0554023236f1,68,0,0,0,0,0
TargetOnly,1,20260926,38,blogs,7a3925616ed56a8b85d5847676ae5aa6555e924f9eafdd9a0c743f1a2e30b300,11,0,0,0,0,0
TargetOnly,1,20260926,39,blogs,7ed840123b75f79024bc8d1dc218fd0f321c243a4f61574d890d2d41b9ef8f5c,3,0,0,0,0,0
TargetOnly,1,20260926,40,blogs,352c4a5237c0f7936acfceaf5fcb6ad851c1ec3bec851f002f8f2afc631ec909,1,0,0,0,0,0
TargetOnly,1,20260926,41,blogs,d2060adc06b000c7a152cb9ebd9c97fc8482baccbb7d26a051b8c99ecedb0020,2,0,0,0,0,0
TargetOnly,1,20260926,42,blogs,48a8a3b3ef24a02d736f34936f68558dd17258253c096871ec4c33fd0feda660,1,1,0,0,0,0
TargetOnly,1,20260926,43,blogs,19d04f212bb0c9a83fc08d9844cccf7fa83000c4c8f5d5bf0bacd5a1bfdbcfe1,2,0,0,0,0,0
TargetOnly,1,20260926,44,blogs,7cc7aa0a9cd8c2f9e0ad4e8bdde615c25d284ba8b1ce1e13bc16ad6ea987bf57,2,1,0,0,0,0
TargetOnly,1,20260926,45,blogs,8af68e87d85431bd6bc7a862171855c16c0791857530d46d4dfec1deddc23696,2,0,0,0,0,0
TargetOnly,1,20260926,46,blogs,f4f91a0016cfe63d6bc462744ca56478e36afc5c906dfa42905d004ead7ac90a,33,0,0,0,0,0
TargetOnly,1,20260926,47,blogs,d5054b72c01dd6e1d22489654daa3ef8d380be567c39326fe54107968958b2e0,32,1,0,1,0,1
TargetOnly,1,20260926,48,blogs,bb30fe263c00366818d0e6d06bfd8e9569b764d3ccb1384e3a002358c31381ae,159,0,0,0,0,0
TargetOnly,1,20260926,49,blogs,d267074911573a6de4266cd018b5ff9d916c188df7e0bc04617ed99ed72e7548,3,1,0,1,0,1
TargetOnly,1,20260926,50,blogs,289ecbb05bd1df116b388dfce818a704ce3b45504536e71478dbb35484478a89,24,1,0,0,0,0
TargetOnly,1,20260926,51,blogs,27b71126ec92112afb54eb000137182029bfcd0ebc3d6dbd6cd6d9483e3a4234,1,0,0,0,0,0
TargetOnly,1,20260926,52,blogs,ddede43370fa553ae2705c278f52107fabdba65412378756953c6d27913bcf0a,5,0,0,0,0,0
TargetOnly,1,20260926,53,blogs,5918f37fca3c7089c9f83756790ef55fa02549c3383a53e67e7ec28401bb412b,46,1,0,0,0,0
TargetOnly,1,20260926,54,blogs,2a2c45f7d25bf1f3be66a95a02a88f42d3b03e2016e5bce15e735cc9c26910a8,43,1,0,1,1,1
TargetOnly,1,20260926,55,blogs,1b318a52a1fc587e9425cc21811759c771ea51381d41a018d6a4bd3d02cc45ae,21,1,0,0,0,0
TargetOnly,1,20260926,56,blogs,580589c89a508ed2f4b1766886ba623bec667f18bbb282189b3d36ecd412209c,2,1,0,0,0,1
TargetOnly,1,20260926,57,blogs,50b9d5391f73c1fe0c14b262ff5abeb64fa1e880491b3cdf9736900d8f29a7a3,9,1,0,1,1,1
TargetOnly,1,20260926,58,blogs,929846bf043468a80ab4f13004e997e29b18248e39cd61f60c2f2483e82ae9d9,2,0,0,0,0,0
TargetOnly,1,20260926,59,blogs,361aa83793b17e1cb64a7e78bebe2c9dde88d0751b7ef508242823501bf26cf1,8,1,0,1,0,1
TargetOnly,1,20260926,60,blogs,0ec1f7437566873287fb4ce2337545d15b04fc9859d7c9df732eaf3828b639ff,61,1,0,1,0,1
TargetOnly,1,20260926,61,blogs,8a408670d1fffe106c3249c50114ed0ee76b8aba4d1cea1ba97bbef380613c9a,26,0,0,0,0,0
TargetOnly,1,20260926,62,blogs,d3aa691ddc018a6d5fadf674929c511806af19a69aa261d8c173c0ea587b5c3f,48,1,0,0,0,0
TargetOnly,1,20260926,63,blogs,59d0f2409d827263bcda66b91fcabe32b1ef885a9550d6898df2a271a5ec034d,4,0,0,0,0,0
TargetOnly,1,20260926,64,blogs,c49d87c5affe4e36ae34217c03e51abadf80293b674c00e50068902705ba16ca,5,0,0,0,0,0
TargetOnly,1,20260926,65,blogs,769d17e744efc9f359f472b33b7eb105cfeacd41c8a520c02c0c4aadd552c805,31,1,0,0,0,0
TargetOnly,1,20260926,66,blogs,14fc8df07a8d53d992cd72761a6265695f6c1fdeced1febb4fa01fc775b2777e,67,1,1,1,1,1
TargetOnly,1,20260926,67,blogs,83a1203467cbe6489cac8a50d562ea477b423c9ebb81fd31272f9342e90ffc34,62,0,0,0,0,0
TargetOnly,1,20260926,68,blogs,6d5ed27525ca9d74933058c30ac43026dc1e3f55835b8ebe864d70b14add954c,20,1,0,0,0,0
TargetOnly,1,20260926,69,blogs,a84b2495026668563d2d2b80e26c295978500cb674de72c200fcd9aa5d99ab93,20,0,0,0,0,0
TargetOnly,1,20260926,70,blogs,f388cd77a4ea5c2114bec4dec6f7757e3b4fbae9eb400d8097f0d77d02748e35,185,1,1,1,1,1
TargetOnly,1,20260926,71,blogs,e950195b249e4732f401a15b796b714944447b9025203d3108daf112473e750e,19,0,0,0,0,0
TargetOnly,1,20260926,72,blogs,5ddc58f751c00ce74fe573241d6f045e9a5c1e0e56b5d4d43fb3f7a0556007a1,5,0,0,0,0,0
TargetOnly,1,20260926,73,blogs,3e691c6574767bc1494057f084358db0f018e395f8195813f147b4177033d5bf,67,0,0,0,0,0
TargetOnly,1,20260926,74,blogs,50c3f1c845a617b0e1552789043c90e959d925ed130f6f05de05d4c07d96a2b7,17,1,1,1,1,1
TargetOnly,1,20260926,75,blogs,4054deecb174f717e2fe6fe7bd4095a27d06200b8043af5b7d915eb985ef27a3,40,1,1,1,1,1
TargetOnly,1,20260926,76,blogs,e7e127780d035bd0c76f2ac65a8d93edc08d0bd8ee5b7014ad0f28d53b615cdd,4,1,0,0,0,0
TargetOnly,1,20260926,77,blogs,0999a671801d5c56c9233b675d4d7065e41fde5cde8dd4a5a64a1220029d3e22,29,1,0,0,0,0
TargetOnly,1,20260926,78,blogs,67220dc16dbbefd83c149fb4bd803213d89492cd5fc9f6acec32669b8f0253fe,19,1,1,1,1,1
TargetOnly,1,20260926,79,blogs,764597b8401ca8bd3f09abd8c82151731453da8f44bdc36f11bb4997b73165d2,25,0,0,0,0,0
TargetOnly,1,20260926,80,blogs,75fbc187e71ed80033bdace43c3626ab186cb429aaca32b6f08c9b1b0b8444b6,36,1,0,0,0,0
TargetOnly,1,20260926,81,blogs,cd15e561e7fc867b9c2e835e800154bd0be757e6d640fadc314f677476e5b7b5,11,1,0,0,0,0
TargetOnly,1,20260926,82,blogs,ae8bf5c69965afe9d176327f89b31a40337814b960d80ae01bc968dd46cc3349,1,1,0,0,0,0
TargetOnly,1,20260926,83,blogs,249ceba8002b87707e882c3b63b9feb25d5764164d7de7b50b6a4e442032994b,1,1,0,0,0,0
TargetOnly,1,20260926,84,blogs,088086dcb5715f8edea12bf99b220bd79151ef92d8d5639b9ce6ff2af750aa3c,17,1,0,0,0,0
TargetOnly,1,20260926,85,blogs,535e5a5dfe34014f1aa3060f920ac58e2b09d9acea67a8f520c8f578cbe60864,13,1,0,1,0,0
TargetOnly,1,20260926,86,blogs,69d90146172c7597139af760c5db39978c46da358088125d8d8018e407866988,26,1,0,0,0,0
TargetOnly,1,20260926,87,blogs,30a9f0776e80a74797c413ea192774c5b1e6e0e956f224b86e82f54713ec3e08,6,1,0,0,0,0
TargetOnly,1,20260926,88,blogs,f90f6dbdc4c899da2381c21acdcbcba25e82f0028d37b93e8e9c2b37b334b20b,11,0,0,0,0,0
TargetOnly,1,20260926,89,blogs,67a5c87095d7430d61a213350a487b0accdd17112ceed832ba93af6dc39b3e4d,3,1,1,1,1,1
TargetOnly,1,20260926,90,blogs,eb7d4242ad15e73cca7b4e53af9564d1a63b6a510e7a56c218d37b0d625547f8,65,1,0,0,0,0
TargetOnly,1,20260926,91,blogs,b8daf113cf9a3b6204e823218b188ffcbfa85bf1e8b8f9d229d75376f9be2ee5,48,1,0,0,0,0
TargetOnly,1,20260926,92,blogs,95124b3051baf8659f3adaebbdb44983593a0997272bee4d373b5bc38414521f,23,0,0,0,0,0
TargetOnly,1,20260926,93,blogs,282b497fbec0178811613bbdba5ff9eec0c1ee54a0094898833227e3195cc29c,12,0,0,0,0,0
TargetOnly,1,20260926,94,blogs,509296d7af69829fce10c4fd63587460123a0b8af109b6cb341c049eaba5f153,51,1,1,1,1,1
TargetOnly,1,20260926,95,blogs,a7b1855e998e5636d2a0ea7547dbefcac979b5cd94d74c0ecf03157e070feca3,6,1,0,1,0,0
TargetOnly,1,20260926,96,blogs,67a15e555ce8350272b10576f900f5bbf03ba45fcdc6732e5989f6021fd1c734,2,1,0,0,0,0
TargetOnly,1,20260926,97,blogs,ffc6a00a75bcc4917e4e5405de5b513c8567c6ff1c829ba5510ed5166a084c1b,100,1,1,1,1,1
TargetOnly,1,20260926,98,blogs,6bb422a226d7c6f7d2a40d30f944587021e16c54880bcf2b3e0743660ea40c56,23,1,0,0,0,0
TargetOnly,1,20260926,99,blogs,057f13ec60395b2844f2b28f3d1291cf3e85e1064f584ee4e0e2a85179a21d5e,52,1,1,1,1,1
TargetOnly,1,20260926,100,blogs,7313906fc7c18edc1cf436c1f991cd4fef7cf0778b3cd69a6e5b24f5aa353540,43,0,0,0,0,0
TargetOnly,1,20260926,101,blogs,97e5167a0cd7d3e8ca22727841a734bdb5bd80e62a3d8258538561178346eb78,32,0,0,0,0,0
TargetOnly,1,20260926,102,blogs,d79c04c6f0e22149c1c9006a42e3e9c7f9df76cb6e1390cfdcebabcbb51bb8a9,16,0,0,0,0,0
TargetOnly,1,20260926,103,blogs,4dd737184fc361b8cf976ef430f2dd21985f4e868137c42a996e8e3e695ccd95,14,1,0,1,0,1
TargetOnly,1,20260926,104,blogs,ac9a8a0d3cfe9c7bb2f3b752bf5c26ab3c69ed2f372c9839e4d8b1fbf6ed0331,2,1,1,1,1,1
TargetOnly,1,20260926,105,blogs,9dbee1eacb6a2dc2637f5fc3d44059ea4bcf626edc2c4f21d738ac16c883e40a,3,0,0,0,0,0
TargetOnly,1,20260926,106,blogs,62a099be03468391755a96421abbe0f9e5b0162d527f2962dcdadf8c95573dcd,16,0,0,0,0,0
TargetOnly,1,20260926,107,blogs,091877a1635d9a665633883b50bd5dc36bc5ca9e5585d0983bb1a29b4a8c3d1e,20,1,1,1,1,1
TargetOnly,1,20260926,108,blogs,9c8d9ad6fa9079fd13f306d57eee0dc27528927bc26c393dd88fe8a4394bd34b,56,0,0,0,0,0
TargetOnly,1,20260926,109,blogs,a891f0e31026aea17b7e618ecb1770f88745de47af609e61c3c463d370c1008d,39,0,0,0,0,0
TargetOnly,1,20260926,110,blogs,5d92b68393bbdb849fc1ebfad9c6b34cd6538758370ddc7ad3629fced60a5d7f,25,1,1,1,0,1
TargetOnly,1,20260926,111,blogs,74dfb95052a454d55132e41c8b4dcaef8477b01e8c7ab901d723b5f0e161b6e2,12,1,0,0,0,0
TargetOnly,1,20260926,112,blogs,8cd3930f92a0a8ebcb133d931ebe48117c56b2235e341a4583296c55f8c9e250,5,1,0,0,0,0
TargetOnly,1,20260926,113,blogs,30490f8f285188f117b5dc1339c3693c23a69819f1a0ee69322f604d9ec499eb,7,1,1,1,1,1
TargetOnly,1,20260926,114,blogs,24d039524a223ce53179db33269afa83fdae9e4d5d1e4ab8858082ff731c2a15,27,0,0,0,0,0
TargetOnly,1,20260926,115,blogs,f4d9e25f742070aec6a949d7197d30714a6a67b120226b3d1eaf85136351db0c,57,1,1,1,1,1
TargetOnly,1,20260926,116,blogs,6a4e3a33617c4fe6ab7ef6486f850708e32ea6014ca3d9c67dc608012463a971,1,1,0,0,0,0
TargetOnly,1,20260926,117,blogs,301733dbfab361290501489be559d8c81ed730e6b752acea9cfe4fcaf92b9900,3,1,1,1,1,1
TargetOnly,1,20260926,118,blogs,e9d59ebbbf86bfaf89c2a88befb5ab14401779a524e927d619a1ab87e0d8bba2,2,0,0,0,0,0
TargetOnly,1,20260926,119,blogs,5dbfe67d0d54de168c6c7693cf911b389b643c7605560d75c61dcc324cb7c9f9,39,0,0,0,0,0
TargetOnly,1,20260926,120,blogs,2bc6ee6e94906badea024b70b2aac8873e18f8f12396aa3e20a49321e0c12021,9,0,0,0,0,0
TargetOnly,1,20260926,121,blogs,ff60fd0c2b5a8c0d0e293887350048ce6489caf891ebef6202418289bce6e77b,7,0,0,0,0,0
TargetOnly,1,20260926,122,blogs,944a591a2802feee58d0ee711428ff20c4f16e702aa72d72ea4fc1c77057c67e,2,1,0,0,0,0
TargetOnly,1,20260926,123,blogs,beef00b6a3aa10e4e2713d2e117c6719e5cb12f4b8b0a792a21f714430ed2461,51,0,0,0,0,0
TargetOnly,1,20260926,124,blogs,19e0072349b355cd43d26b51eadf2572e236292a915cd0aa89f9925e0f5698ab,54,1,0,0,0,0
TargetOnly,1,20260926,125,blogs,8ef449862b952c2f06d7826273498842fcab93118caae140feddbdbe83c8041c,34,0,0,0,0,0
TargetOnly,1,20260926,126,blogs,320adf1e1f032ade513e367aced54481158d7c681490476bb74e6b441fbb3bab,9,1,0,0,0,0
TargetOnly,1,20260926,127,blogs,c6d4ce500ccf0dc7143630ddf7223fb8b6b76bfa002279192c3545fdb861acb6,2,1,0,0,0,0
TargetOnly,1,20260926,128,blogs,15f360109886ff0f2398f4d545d27e15c381c7503de8c07a802bdc9a087b07fc,5,1,1,1,1,1
TargetOnly,1,20260926,129,blogs,e3791dab62432b0c9d68c62beb88e6e1ccd7edd5db8d9e4ac1abd8c0702be29e,4,1,0,1,0,1
TargetOnly,1,20260926,130,blogs,43d332dee0b904d3c1628d681c718914a3a73d93364206589288c37e89b50d76,1,1,0,0,0,0
TargetOnly,1,20260926,131,blogs,5dd00d3232116b0907ceba5c43642c30d11be8c789c72e3f8564adffbc66023a,1,1,0,0,0,0
TargetOnly,1,20260926,132,blogs,c433dc10bed170d2610880bff6d5d7da9a684d3c8988c279672f97489717f38a,59,1,0,0,0,0
TargetOnly,1,20260926,133,blogs,451722abcc2bdcd0e5cb1f504d40f921e803606a0a2a01ae74a833a2677bfe21,27,0,0,0,0,0
TargetOnly,1,20260926,134,blogs,438dfe05145e2bfe0049ede47edccf11088ea8d06067ee48d0cc70c4cf10712e,26,0,0,0,0,0
TargetOnly,1,20260926,135,blogs,06a5c73a7734d956a1b27794f679da9667df483aca4d715063af2d78edb2095e,51,1,0,0,0,0
TargetOnly,1,20260926,136,blogs,da2ec48c8e7089305013b793d4e852d26eaddb6f08b1c9e52eea32c50b80818d,16,0,0,0,0,0
TargetOnly,1,20260926,137,blogs,a7e42b1871c48384f4c2dfb5293403f48ec9efc1cf0ca6c9b5d283a0ec871daa,85,1,0,0,0,0
TargetOnly,1,20260926,138,blogs,4b8c6b4cbab8492c1c03e6e11f89dc2fe2b4a48390af288c1a01e91b3a09706c,1,0,0,0,0,0
TargetOnly,1,20260926,139,blogs,81ab4d2a755bb70f92120ee3d8eb11095d8d9b27eb22b5c5faed15f0963db1c6,7,0,0,0,0,0
TargetOnly,1,20260926,140,blogs,a4330c45c8991563700271f6f8b8e220f41119f7eb838e5413b94b5a4a73e962,1,0,0,0,0,0
TargetOnly,1,20260926,141,blogs,76cedcf8ab9c21f8b1389d7ece4b23b7e7a2d05965cd0ae3862b9f74e3a62504,34,0,0,0,0,0
TargetOnly,1,20260926,142,blogs,179ec92938bfecceef666117b544d94386d97b6edd1f0a343cf1957f3a395bd8,20,0,0,0,0,0
TargetOnly,1,20260926,143,blogs,ae8ab4794661237a7a3384e23b25a1ed1045fa9c7ffb13456fbd63d1c3112065,17,1,0,1,0,1
TargetOnly,1,20260926,144,blogs,fd4b176499e87ac7ba1fd7ab79f3d65a409c50e2542a933c90a8d17c6acdfdf4,35,1,0,1,0,1
TargetOnly,1,20260926,145,blogs,05cd15e66d0926b7d521b824a542ddd09ad264d663e67ccbc53cd72f8a85a3c7,16,0,0,0,0,0
TargetOnly,1,20260926,146,blogs,cbdaf8d123838f408601324e84b4ca29b11ca226f400da1b2e7db52da552012a,8,1,0,1,0,1
TargetOnly,1,20260926,147,blogs,0ea53809eccb3a953b4e8be7cf5159b0b7a3653187b3d59177b599770d546c1c,24,1,0,1,0,1
TargetOnly,1,20260926,148,blogs,285c8d26edf037e359c00d0152bf525bced924549c300a89327df90b43ab0112,1,1,0,0,0,0
TargetOnly,1,20260926,149,blogs,dc0990e106cfefb238974b070a67cb06aa19ab22ca4c1d7b2568b2ac48840f55,5,0,0,0,0,0
TargetOnly,1,20260926,150,blogs,2310f9018f334d5cea26c51572604ee994ba0f75067ad4e55f60b051720eb666,33,1,1,1,1,1
TargetOnly,1,20260926,151,blogs,ed1730a70dd632b9c1f59f50100c1039da72f55f8cb9f7da3fdf1d49c9e04fb0,22,1,1,1,1,1
TargetOnly,1,20260926,152,blogs,b91c60eefa07efc8d8c766b76dd128ca4a516d7c24cf713f1b5f3064169935e2,1,1,0,0,0,1
TargetOnly,1,20260926,153,blogs,0c6dd475cb7252e558272ed5476de7ec6792bdc4fde6bbede235965bfe6f5080,14,1,0,0,0,0
TargetOnly,1,20260926,154,blogs,b04ed46d0f25dfef118ccab2a0ea2635e5d2c55ad0a77ed20858623e46b686ed,1,0,0,0,0,0
TargetOnly,1,20260926,155,blogs,d4b71e71cae5e44e4118081553ec5530ee80dce7a886c85749d9e45377fe699c,109,0,0,0,0,0
TargetOnly,1,20260926,156,blogs,819892f3f9c07c0b6ecc3bbfde5dc87757f4a7c446f8bf6430a38284ec3786f2,44,0,0,0,0,0
TargetOnly,1,20260926,157,blogs,b5b776f2980c8378cb1f2834e76e814863e4b7411f5de5b9493cbf1430db1fda,10,0,0,0,0,0
TargetOnly,1,20260926,158,blogs,181e694b77fc212dac9d06987bbeeffa7e9aaf649b8a06eb3cd97de3ecf0d4a2,2,0,0,0,0,0
TargetOnly,1,20260926,159,blogs,816866080550f09f99095e912c60005960caff3b6aeaeca9f6f643f77caf856e,21,1,0,1,0,1
TargetOnly,1,20260926,160,blogs,b40e9b17841eed5a6bf44e893dd5557121bd34ddea8bbfc9b36047d0f351938e,1,1,0,1,0,1
TargetOnly,1,20260926,161,blogs,2bde01ba2ca285280be21974bb2e818ec57704b1a06bd18594851fa19afa68f3,105,0,0,0,0,0
TargetOnly,1,20260926,162,blogs,0df4a64477ae5b424ff425316f9868d2cd3af3672519dbcb50a7eaec81655be2,21,0,0,0,0,0
TargetOnly,1,20260926,163,blogs,75b9bc23fa68a45c5cbb5357bdd745a44b141fe9cd1baca335426cb31bd26ac2,96,1,0,0,0,0
TargetOnly,1,20260926,164,blogs,41c11852c3d7f62f07a039d1a1353a98b852abb90e4cec23d5d062f5956925c3,25,1,0,0,0,0
TargetOnly,1,20260926,165,blogs,fe647385e8934d869c08d261ba262604a358a7082418ec109d6a3917992de0ce,9,0,0,0,0,0
TargetOnly,1,20260926,166,blogs,cabc98d4eebefe718f9bb866ac66dd8d3314f88b39d4c5a53ab8c13e188e5d42,13,1,0,0,0,0
TargetOnly,1,20260926,167,blogs,9134bc3a8054df8751179dad332786de55d8d30cc5836cc9f7cf5e2da9efa5df,2,1,0,0,0,0
TargetOnly,1,20260926,168,blogs,8a3a45ac9c16931b8304e58742820a06356dab7e3180d238153ad969014baf7b,18,1,0,0,0,0
TargetOnly,1,20260926,169,blogs,6ae9a8233ae0006692e733fab7dbe811f257308042e32824cb1f91a858c9b7ad,1,1,0,0,0,0
TargetOnly,1,20260926,170,blogs,c8239036c7ba0f97df365063fb3ff245075aedc7576879a800cb5ef00a5dcf57,23,1,1,1,1,1
TargetOnly,1,20260926,171,blogs,7d03b2aca820442d1dd4ed0758332bbf7c0221d6fc21adbdce3f3770b285ae6a,17,0,0,0,0,0
TargetOnly,1,20260926,172,blogs,834f59365e75020a10a53d47e8e8ad53d12910d3ee6d4b5ff3c7c32bcdfbf393,40,1,0,0,0,0
TargetOnly,1,20260926,173,blogs,c80f10ca557aefbfa87690f531b64b36706a0a3def3a7f273afe4fbde70f3e71,13,1,1,1,1,1
TargetOnly,1,20260926,174,blogs,85b823a7393ea003b8c1fd3cf03bcae450129384d78f6ebf341f48f63e33b66e,2,0,0,0,0,0
TargetOnly,1,20260926,175,blogs,8c62b466ff3e7bad679361a0c4a94c8e8d1c980db7d24f1a942c3cea49c9d9cd,3,0,0,0,0,0
TargetOnly,1,20260926,176,blogs,2225ec3cbc148f64c837bd4f0dfa7ca8d15d475f90d759ac9d6746e670f48b58,58,1,0,0,0,0
TargetOnly,1,20260926,177,blogs,78ce70ab8fcd0433ee30382fe3d07bfa99bcc9551dbaadaf1bce0ff3b72043d2,55,1,0,0,0,0
TargetOnly,1,20260926,178,blogs,87877f6b81280379d0fc181f082d80c0a7fc942a8038c03eb870ce02c115e670,32,0,0,0,0,0
TargetOnly,1,20260926,179,blogs,d58f95aac1deaa47a480250ca69c64722f6033cf98241eb12c54075b4e8c0cbf,2,0,0,0,0,0
TargetOnly,1,20260926,180,blogs,02822979e79f67ce6acf619f7ac6f6811666876fb03211931a0d22f5e2f357c9,3,1,1,1,1,1
TargetOnly,1,20260926,181,blogs,62398e7fe9510a2356e4ac9a0605e35d2f75d6537c9e5f6a0ef16a11df64f3c2,18,1,1,1,0,1
TargetOnly,1,20260926,182,blogs,125a21d647198b9a9b4e532e1c21173099b5b77a2505eca5d495dd18b38ee645,1,1,0,0,0,1
TargetOnly,1,20260926,183,blogs,4d0020fcf352e469a312236972f4d1d7fcc55128719c4b47a8c3279484cc2335,48,0,0,0,0,0
TargetOnly,1,20260926,184,blogs,ff506e4767af50216ac5a9b0569f13991d6dfa9ea57ac2e3a34de3687712c5ae,3,0,0,0,0,0
TargetOnly,1,20260926,185,blogs,94231909c40f07766cf97675658be0eb54956ef50a074d39a685824e15438b3d,16,1,1,1,1,1
TargetOnly,1,20260926,186,blogs,49a0ee2e414502b63d9df3d56c069e4f3895b41506ade52623cda2dacae3f022,4,1,0,0,0,0
TargetOnly,1,20260926,187,blogs,48c2d41352191f36f12cce7ff0364f45f7fe2c0830b9313412e361daa76b25cf,2,1,1,1,1,1
TargetOnly,1,20260926,188,blogs,c5dc16b9b66ed2581bfd3b55c3b434c368c281fe8da26099c3f65a756d49d2d3,11,0,0,0,0,0
TargetOnly,1,20260926,189,blogs,25bf1823372cac021e74991c577919cb77df32328e8310f6891118e46f7b0afe,2,0,0,0,0,0
TargetOnly,1,20260926,190,blogs,99297c1b0394f506185f5c7caf08666e663565bdd3b300b86e65fd4fff2bd1f7,35,0,0,0,0,0
TargetOnly,1,20260926,191,blogs,78b55d6b0f18438c47e60fce7e1b4234a0a7375c0f83b3afab4cb125ace2f96b,46,0,0,0,0,0
TargetOnly,1,20260926,192,blogs,4e56cdabed510a78bff69e4e7dd0386e670d803935709b84e3166dd1c4e2b39a,56,0,0,0,0,0
TargetOnly,1,20260926,193,blogs,81a2e1df0e2008e3c66562bcfbae4a8fce030a337c9503eaf7744a0ec5a3aeca,3,1,0,0,0,0
TargetOnly,1,20260926,194,blogs,21fc094822685d1b42829562e9b20fc04500bc9ffe43ac0caaf104448e242180,2,0,0,0,0,0
TargetOnly,1,20260926,195,blogs,99dba9a6a0e3d175783facc4da880a998e55a6ba3191f9e797e333df760e04c1,48,1,0,1,0,1
TargetOnly,1,20260926,196,blogs,9c80a57bf0374f50d9139dde80c889481b2fdf9f5e1f66e2f0dede2504e7fc11,33,0,0,0,0,0
TargetOnly,1,20260926,197,blogs,d6732e82c7c7c93932196cca218a17cc01d85c909e5c3a596ce816c8c176499b,3,1,0,0,0,0
TargetOnly,1,20260926,198,blogs,c329ccf68f3d1473f59497cd2ddeb670fa914c495cf411ba9cafb25a93a3d917,1,1,0,1,1,1
TargetOnly,1,20260926,199,blogs,3b84ebce6ba992d9e3dadeed4c7f7c006a25dbb0cc7d08f2d44fd0d71b97a2df,17,1,1,1,1,1
TargetOnly,1,20260926,200,blogs,c42b839afbb205b2384d1dd940a6e59e0a1f362d1c8ace78dddde19b54cf800d,48,1,0,0,0,0
TargetOnly,1,20260926,201,news,39689551a658251ab71594ed7115c7a6509428446424c987ef0334f4e1259cf2,41,0,0,0,0,0
TargetOnly,1,20260926,202,news,6c2ecc04f145627cf6e3af34bbf5fceab3446b954aeb6d2cd83bc149efeee194,12,1,0,0,0,0
TargetOnly,1,20260926,203,news,f294c79166f854531a597096235f35d4b90621bd2f1e6c1a36bfe2a7caa6c144,33,1,0,0,0,0
TargetOnly,1,20260926,204,news,1a66f0288092379e7c51f0169eb3e0aee0a661d07e1c3cae13f925c8e58ac0e4,14,1,1,1,1,1
TargetOnly,1,20260926,205,news,ca147c951ee4d9853546c34222eed78802527f4887856cd2889ec07a345d7ce5,15,0,0,0,0,0
TargetOnly,1,20260926,206,news,839e8f0cc656dd3309e4dd0144311fd085253962f1976a46ed9512608f19c2af,15,0,0,0,0,0
TargetOnly,1,20260926,207,news,37ad009ab98fd6a08ca9c0f908964a8e4d48070a2b1a95f160564e77129f44fa,8,1,1,1,1,1
TargetOnly,1,20260926,208,news,f78e73021a8caef1bc4e6c5f91f0e1da70aaf340c6b7934383b441f2acb63b44,5,1,1,1,1,1
TargetOnly,1,20260926,209,news,0e66323d8a74c4a0cbc1cc636b10af05c0e4b1d5f0c292d173d9ba8dd631f354,52,0,0,0,0,0
TargetOnly,1,20260926,210,news,d823d0c6826a6086c07837b8b036ff2d50385575f290b3819667e1a10f821493,20,0,0,0,0,0
TargetOnly,1,20260926,211,news,4fae3c1054dbe16a575cadd9751ac2f041699c12fcc82d694f84aecd55924d2d,12,1,1,1,1,1
TargetOnly,1,20260926,212,news,861cf299c1c71a57e4d6df354d502abb6a141bd5b898a80075a0061ed593626a,14,0,0,0,0,0
TargetOnly,1,20260926,213,news,2a1cfd24662a05e21a6c424c5596896e1e849e72e0350d176c4594c175ed6b3c,3,0,0,0,0,0
TargetOnly,1,20260926,214,news,02abbfee4ecb9712806b34f90968f8ca0bf1879fd88f601a90ae7adcb0e6712e,11,1,0,0,0,0
TargetOnly,1,20260926,215,news,4c44ce85b112b78e0dd597b040cfaeaba8389a76a5cbcd5d9cea8a2d9a76780b,6,0,0,0,0,0
TargetOnly,1,20260926,216,news,c8a428b6be6f1549d9a18da4fdb08bbd464801a9817516283c0d7f1630bbffe2,24,0,0,0,0,0
TargetOnly,1,20260926,217,news,646077b12ef792901090b66ed5252595010e1c765fed1db784bf60d80b2a88b7,4,1,0,0,0,0
TargetOnly,1,20260926,218,news,54584530ecb30860adbb367cc94c8b191e75dde863942b9140fe71b653393e20,10,0,0,0,0,0
TargetOnly,1,20260926,219,news,144ca05566dd24f560b15b10ca2c972157001d5edbca186ef1fe1282f095aa57,14,1,0,0,0,0
TargetOnly,1,20260926,220,news,e4928570ac166b05d2c0d2c972359b12530aa8a4a4c4a740ee7e0b47b9830f2a,39,1,0,1,0,0
TargetOnly,1,20260926,221,news,5f95e525324509c46723ab472dcf0774885b260f53ca88dcde746c4e4dbf6e13,31,1,1,1,1,1
TargetOnly,1,20260926,222,news,28eb0c6c3f4ca7829380954075933745835cafad3213297117ae208557e3a2b4,3,1,1,1,1,1
TargetOnly,1,20260926,223,news,116018768100217f6dd4602cbfe1bbc9f984a0995184125aaf534cc4e3c02ce6,5,0,0,0,0,0
TargetOnly,1,20260926,224,news,74afef640a8ed3d4f81b202dd5c709962ff35e59d64611c6a3664e958bd2657b,15,0,0,0,0,0
TargetOnly,1,20260926,225,news,fa5593f7c18481c876ea98d640194154c73a228e380bb0866da5c84f08192406,21,1,0,0,0,0
TargetOnly,1,20260926,226,news,c45b0eff06db86efa4bafb956f1067864fd56b76b36070c495224c147bf4eafa,25,1,0,0,0,0
TargetOnly,1,20260926,227,news,1ddbfc8f4c1accec06540a7fb736a07af895a1c94a91a5e9859d26c91c9d6966,18,1,0,0,0,0
TargetOnly,1,20260926,228,news,6c3cad1556b7e83c07251cfa4de64c231d1ac17e5947bb5097ac3defb6a0647f,15,1,0,0,0,0
TargetOnly,1,20260926,229,news,c34774d56b228e4fc9c4f199ade1c835628d0738134b7bee7d00c169e6c716b3,36,0,0,0,0,0
TargetOnly,1,20260926,230,news,b7fc5d7c188768e544f34bfb6c778758335fe0c557d5aea0e9afa66e614d7441,28,1,0,0,0,0
TargetOnly,1,20260926,231,news,5da581c2742ad2fcd1e8419d98b57e7f05b774ca3117e5e31379e4122555fc90,7,1,0,0,0,0
TargetOnly,1,20260926,232,news,3716bd14c457d7c87865150d23fcfae71b98fe678b64bdfca1e916c6ba3d2967,25,0,0,0,0,0
TargetOnly,1,20260926,233,news,6bb9d51f8283f9bc67d71f02e3550bfe3b4898a1926a6c28621b624fbdbc5e72,31,0,0,0,0,0
TargetOnly,1,20260926,234,news,b37171009697f46f3e536bd1cd7b4f693bb79682e5bd19a4efee4a1ad47cf74a,7,1,0,1,0,1
TargetOnly,1,20260926,235,news,bdee0a11fda5eed2e0e46ef128d02422b536a091fa35255f6cf793b324f760f2,24,1,0,0,0,0
TargetOnly,1,20260926,236,news,3dbcba6a0e5c5ff8c8b61723f7a238e47f19bdf87f30208a7e00e311a9ccef29,49,1,0,1,0,1
TargetOnly,1,20260926,237,news,8c0fdc0b410bdac1604ab0393009f32bdcce20c061339f6695a3ae83322ccaea,8,0,0,0,0,0
TargetOnly,1,20260926,238,news,5671840d29f8ed528fa0b588f190b94036a96e5c8f3df2b2d143182821db9a5c,3,0,0,0,0,0
TargetOnly,1,20260926,239,news,7994ef125c9fa26c4ef445104acca367da1af670f36f62278bad67f2be0e5c2c,10,0,0,0,0,0
TargetOnly,1,20260926,240,news,4e719bb5eda6c6c6b49c93102ecf609b160317b5b276bb4ae02d172eb1fa7755,11,0,0,0,0,0
TargetOnly,1,20260926,241,news,cf6aefe72ec3b0a537a839b2c17d197c1babf6e73378f5c2524da5978ef3cf0e,7,1,0,0,0,0
TargetOnly,1,20260926,242,news,774cf0d15caa1b45c16bd688a862c35fa6198d73b69a784b5f5ada6343c8f8f8,27,0,0,0,0,0
TargetOnly,1,20260926,243,news,b3df094efdb01fd8c751037bf3bfa87d58cc6a009bb5fe59bd53d93e67848878,4,0,0,0,0,0
TargetOnly,1,20260926,244,news,4e1595f4a4005b7f2b28df5c15e2e26a19db54562fdd2539825d32654605af3e,7,1,0,1,0,1
TargetOnly,1,20260926,245,news,42b599e0bcf2d6a628c306cfaebd4343df6d6144bcd4b2d843612007f9c8e734,6,1,1,1,1,1
TargetOnly,1,20260926,246,news,cd2f346bd065aa18e6cfb84285bb7b8dbc10cb9cd84b750e58e3e7522d73cc4e,32,0,0,0,0,0
TargetOnly,1,20260926,247,news,f2f53e2249e1dfad8feea717d37e94e2e581dfc135135584259a1e616b879ed4,3,1,0,1,0,1
TargetOnly,1,20260926,248,news,4fc2f16b0fdc86b4be4e1d255ca818417a8ae2861aae8fe7bbf44959954e4b09,32,0,0,0,0,0
TargetOnly,1,20260926,249,news,12c8f76c7f8dc2f8b327d8664cec9e39c3eeff9f48d0893438db19881ca7a806,5,0,0,0,0,0
TargetOnly,1,20260926,250,news,78e68eb1bf28d10b5cc120a673dab18929a2e1f5c4b10c755f72b70fb33de64a,3,1,1,1,1,1
TargetOnly,1,20260926,251,news,1bdc2b39bd2b59782b1e047db91d07cc060213095d6624b1b218ec437b5a29dd,9,1,0,0,0,0
TargetOnly,1,20260926,252,news,ab3f5368470b8af96538041ca153f157191b36603b2c1839c3aa20cd2dd9c7af,10,0,0,0,0,0
TargetOnly,1,20260926,253,news,e1d3a9a2e2218a7dec19f789543169e2e3de735fe189fbeb92b3b8678976ba8e,70,1,0,0,0,0
TargetOnly,1,20260926,254,news,bb9ff2e5ee1c68c385818dee12530169ff1f64f97caaa5c9a11330c740a7e1cb,23,1,0,0,0,0
TargetOnly,1,20260926,255,news,30e043e791e0ec9367a3827077433d98bf5c9879c7b604a2226af614f7da9728,20,0,0,0,0,0
TargetOnly,1,20260926,256,news,0331fc2936e46ab649f06baed71821db53e7e44b69fd5d2267f6c72cdfab26f1,60,1,1,1,1,1
TargetOnly,1,20260926,257,news,f9cb0ccef9080b10d5f8c7e67a749935be30804298056361c663e78e5380d3e4,6,1,1,1,1,1
TargetOnly,1,20260926,258,news,459f3683c0af47d6b24df0aa3ae3c5d19ba8ca1f97915dabf46a3d5e9b10d67f,56,1,0,1,0,1
TargetOnly,1,20260926,259,news,4f070648b67f58eb808415dcc2ab1d2ddc63041070b4df6fd84d3d4e4246a7d6,8,0,0,0,0,0
TargetOnly,1,20260926,260,news,ed33a9ed9b76ba9439010243d04f123de12adfbe78ee243e0109975dca9a3e23,37,0,0,0,0,0
TargetOnly,1,20260926,261,news,56775191a039dbb699f1efe02cd92fc3f8317b370a6ce813b11d66a8f6a2887a,3,0,0,0,0,0
TargetOnly,1,20260926,262,news,a8e55d5d4606b80477a96fb831412ab2c33de776369983d30c42ba66aae4ba48,19,1,0,1,0,1
TargetOnly,1,20260926,263,news,e0e870c1c223833a2074950473e9b01112b66acd18d9504b14012ab08c095008,34,0,0,0,0,0
TargetOnly,1,20260926,264,news,058c7954af51e5e79f522eb5a501a9b19786174b03d31ddfb020ee3c8b9a2241,1,0,0,0,0,0
TargetOnly,1,20260926,265,news,b77f2c064cfa1a3389045c89d6dce3e9780cd33141457e776b78f2881f8a07d6,16,1,0,1,0,1
TargetOnly,1,20260926,266,news,f51c265bc6b6d9cd99d8c32d92de5d693e273b8c1131fc068fddfbdd0ad489b1,25,0,0,0,0,0
TargetOnly,1,20260926,267,news,3fde210eac279ef4508c6253126251fe376fb94671ed68c0b9035afb36b1a900,1,1,1,1,1,1
TargetOnly,1,20260926,268,news,af0eff7d74c50f90ce4380ad3b0b09dc2b1e85a9d773ce785645437d7e4c243d,12,0,0,0,0,0
TargetOnly,1,20260926,269,news,b24d75fccc88e23ebad8e6d5ffd98a5c90660f98c5de1d0a96a479ee3c414709,20,1,1,1,1,1
TargetOnly,1,20260926,270,news,e8431d7e2aca0c332bdb4fb12a3437627ea9bf8d3af729818166a5599e4e05dc,67,0,0,0,0,0
TargetOnly,1,20260926,271,news,2158c8ec63f910c2464e23c47eef690aef01bc75a2c0b28912de38d1eb72ff90,3,1,0,0,0,1
TargetOnly,1,20260926,272,news,fe70a797f900a43c80d0f6306a83eef1d349b1ab30fd4cec815bb5457ea3cbcc,7,1,0,0,0,0
TargetOnly,1,20260926,273,news,41015826a600daf9196a1aa0d162ad3c699954e16b886bdd40820c6cbe1f67be,11,1,0,0,0,1
TargetOnly,1,20260926,274,news,eb38b7bfb699d3c8aa31af7df2a403e183f02209b4279a14728cbe3fd617bcb8,14,0,0,0,0,0
TargetOnly,1,20260926,275,news,10ce4a884e0495a64aa4627e5edb3b2089d5fe54b0bbca86741f7dc94acdf3f8,2,0,0,0,0,0
TargetOnly,1,20260926,276,news,25a2744f7c7fe940870b7ef49440cb63437aa6be04505aec212e8a4626a3ab2c,24,1,1,1,1,1
TargetOnly,1,20260926,277,news,ae6a0271bbfcd565a855457e1d392aee06bc5a354e63e1d1d36b5e652f1110bb,1,0,0,0,0,0
TargetOnly,1,20260926,278,news,4c11b8777c73e9ce54766448a43fffb9ec2413b65bdd2440607dd8a5b92a7aac,15,1,0,0,0,1
TargetOnly,1,20260926,279,news,90d2061a65f5d0652113a62d18ebcd036fb99af8f38c0e8f0ea4e714307d3f76,1,1,1,1,1,1
TargetOnly,1,20260926,280,news,24942e614c5d526e7741bbd4b7965fced9d3b3479db57abb48a94712d2d35c90,25,1,0,0,0,0
TargetOnly,1,20260926,281,news,9fb28038c0781f639166bac66e6dd67672d78250f8e90eeae31bfb81dd8e6ace,3,1,0,1,0,1
TargetOnly,1,20260926,282,news,0c380c53b2851423fc5203119a957e4ed478c7f1fee32afae8887d79bd82c2ab,11,1,1,1,1,1
TargetOnly,1,20260926,283,news,3bd1b13f117dd481d63762770b22acc58100da8311ffb8e3f303a0599f8f45b1,21,1,0,0,0,0
TargetOnly,1,20260926,284,news,521877de27a539807a4a67e901a22757fbe8bcd95c0d282b19e4e0b6069c7f9c,19,0,0,0,0,0
TargetOnly,1,20260926,285,news,aa9e11819eeb739f488911ff9746c6d997eee7b02f413b2d346d3c4403ffcc11,1,0,0,0,0,0
TargetOnly,1,20260926,286,news,a71d4ea1b06a05c22fcf0e74ff7f98b5aac6a770133ad86ac9f09780dbda233e,31,1,0,0,0,0
TargetOnly,1,20260926,287,news,d52c8a2db321e01934e287ff413008837b3ca412a43430a1caf029000d3b8957,12,1,0,1,0,1
TargetOnly,1,20260926,288,news,50aed777704d8ad6b46a0884da82037c97dbb9853f0f087b15635e737c21b456,6,1,0,0,0,0
TargetOnly,1,20260926,289,news,b12490ca02ebb3223554d092b3366ecc308eaeb853ddbe996ba1197eb6a09d15,38,1,0,0,0,0
TargetOnly,1,20260926,290,news,744e3bf841548dce8f8cb6bc3d679db7501efc3fc1dfbbda6a0518237936d39e,23,1,0,0,0,0
TargetOnly,1,20260926,291,news,c60f2bbb0be3c8922e883ac3c9bf964b19f303027626a9632f18f84ab709098b,29,1,1,1,0,1
TargetOnly,1,20260926,292,news,8eacca2f0496df7ca99ad5c739232e3120454c8f34985a8837cb4a0c96128a82,36,0,0,0,0,0
TargetOnly,1,20260926,293,news,908241db5e3aa99ec85e6f06621a212a47cc434f44a2043fc901f50cf1ac5c5a,25,0,0,0,0,0
TargetOnly,1,20260926,294,news,8e999cc1b5d3c43fa017fb3d373d633adba728926a2d01eae0c05614e4b83e11,17,1,0,1,1,1
TargetOnly,1,20260926,295,news,1fe35ae8f55e3f01a97fbfe0f7969ea3e168bf8d331c0b2fab93446cda82b705,21,1,0,1,0,1
TargetOnly,1,20260926,296,news,e2c4266fcc6aab7b6d603c2ffbf7767e273ed22118debf3aa48ae832e5d050d9,3,1,1,1,0,1
TargetOnly,1,20260926,297,news,9181036b17982a4481215a72f27db6b306fbbfcb552af74b64b1b880485ff409,25,0,0,0,0,0
TargetOnly,1,20260926,298,news,7ce78cc37b45ac0e7ce2b3c02fc352c0a7c3733001f25945fbddddac49bca33e,26,1,0,0,0,0
TargetOnly,1,20260926,299,news,d03c55a68c2e0b83f9efc4cf6918536785a7839f6a281c6a219ced081c0558d1,17,1,0,1,1,1
TargetOnly,1,20260926,300,news,30f9c8bd931ee8b516a42e35a4cc5bdc081037f88dac1a28f55cb65b117f44be,5,0,0,0,0,0
TargetOnly,1,20260926,301,news,ecf67d80dd2b669b371d575896019d0f9c44815bc1cdaaebefb8fd73ab83a3a3,14,0,0,0,0,0
TargetOnly,1,20260926,302,news,6872a7585d41e0c343ed57560e83e9f9b3bbdadfa5716f127c9573b4f77e4f4a,16,1,0,0,0,0
TargetOnly,1,20260926,303,news,da005c11de5373fbd3c1b27950518656556e66c1fdececeee105b0de71f7183e,10,1,0,0,0,0
TargetOnly,1,20260926,304,news,7f9ed6116dc3ccca188b22bbd121848805e3e6c0280e9bf0faa4d0d72ea94eab,14,1,0,1,0,1
TargetOnly,1,20260926,305,news,098c69117b8881e56d058e8fc6b29d9c017f12ef3f55cdec9600fef0686337b7,1,0,0,0,0,0
TargetOnly,1,20260926,306,news,3e90153b6c55a74f72f4805d5b35e74a7176b561502cb6f601aa5c19555612ad,12,0,0,0,0,0
TargetOnly,1,20260926,307,news,4ea26a8abb5eb600ca358cdbb8d965a39b172db8a82187b9fdffc05078a04e6c,4,0,0,0,0,0
TargetOnly,1,20260926,308,news,9c7c01565b3472a352b333f8df678db211956321d35604d528fef38a494be67b,16,1,0,1,0,1
TargetOnly,1,20260926,309,news,bfce216ebb64ab7b37aaa1ad2ec6930d76944bddbb59599c7271e3235f76c5b1,2,0,0,0,0,0
TargetOnly,1,20260926,310,news,a637ac5d25eed8e246172972466e0d3912c04cd1727c1fbd187b04a39cec57f8,6,1,0,0,0,0
TargetOnly,1,20260926,311,news,871db16bb3649712406373bde33de2f9b2e70809cac90ab89aee8e7a8965007e,55,0,0,0,0,0
TargetOnly,1,20260926,312,news,04955e59e44c3d1fe568ad784c149fd27cb07c8951039910fe850170b3a5f7c9,2,1,0,0,0,0
TargetOnly,1,20260926,313,news,27d047ef104b9c698c32eb137aad6579d18acdef310b0d6e32cea34c114152cd,8,0,0,0,0,0
TargetOnly,1,20260926,314,news,a5a03e1b6dfaa5c72e856c47f83077d7bd8e9eee9b525d8b7d9b55d88c66a1bd,14,0,0,0,0,0
TargetOnly,1,20260926,315,news,282b3eb9a4a95f5bdaf1dea6cbcde775ec85edf2dde99b5e7976a6f3d5ed92f9,6,1,1,1,1,1
TargetOnly,1,20260926,316,news,f7a5ccdda258e974e83fe9f104198c9f5accd26baf72e040e130975e6992b5b7,10,0,0,0,0,0
TargetOnly,1,20260926,317,news,f6598d7e48476f99679c5f1f7c192238d0cd5429b44fa780c54477867db0e109,27,1,1,1,1,1
TargetOnly,1,20260926,318,news,359d4444be2889d954000a7ab74ac3dd0147a0f04c61fcd71435e6ea51a92728,4,0,0,0,0,0
TargetOnly,1,20260926,319,news,6e0bd811c023c67ac39a75d263bf61379bc87cda9c6d6e94b8bb64779c337af2,21,1,1,1,1,1
TargetOnly,1,20260926,320,news,aa24099cad7b67a065888d588754adaa691f018cc6689350f30653d56ce3d73f,20,0,0,0,0,0
TargetOnly,1,20260926,321,news,239259695c52c86465507b4ef59edf4c9a9c2f0395508cede1f19385724ebf60,26,0,0,0,0,0
TargetOnly,1,20260926,322,news,8b539b4fb5c53fd3c0710eb1b96869ec52862b093fa2697969d9175392c9f9fb,5,1,0,0,0,0
TargetOnly,1,20260926,323,news,84a5a50565049300800edc1acb556c2463c23040a7d89f3b0890b6812d339149,3,0,0,0,0,0
TargetOnly,1,20260926,324,news,46b859be6ee7509dd423d6040eb320b6f3527d819021d3bb31f0ce6145622138,43,0,0,0,0,0
TargetOnly,1,20260926,325,news,5741bc44e322a87b8a92fa9f6e1e67345186c2a2fe4cd2d146a026015f08f88c,7,0,0,0,0,0
TargetOnly,1,20260926,326,news,7aa3e7997cf19aeb21f2325f177d3ba95d637bca8bcac03720a8925eb530bbba,26,1,1,1,1,1
TargetOnly,1,20260926,327,news,ca9fd4227b451efa0901592488ca295a6246a1df18bf4969c7fe63db67bef064,10,1,1,1,0,1
TargetOnly,1,20260926,328,news,326ee4a1e2932b2fc5b804f37b674a354f113b7c75370272449b56ca4337d46a,2,1,0,1,0,1
TargetOnly,1,20260926,329,news,4a494f2ad85e8f721de807f3044c2c35a33a042c0e8337ec1fc1049662e6bdf9,13,1,1,1,1,1
TargetOnly,1,20260926,330,news,ec4a5af7a407d1e1083797269b92315f2943da4bda5c4ae8faf063d61f5193e9,27,0,0,0,0,0
TargetOnly,1,20260926,331,news,be1551997cd535f0fdb95b6f4c9ea852de6821b2e7019dc7ab31ed0629abfb5b,7,0,0,0,0,0
TargetOnly,1,20260926,332,news,2ab9093119e75ec17bc2b2e29930b84e0b148f9a6f3838d217aa1d69aaf3bc66,14,0,0,0,0,0
TargetOnly,1,20260926,333,news,a42d16131885950be14af6ff27a3c7efb3ff00e0a8fbd92f2858dcad75f1d560,29,1,1,1,0,1
TargetOnly,1,20260926,334,news,d3fba8e9f1b4cc752b0ab821a3434912789a307ecd7f5acd7ee6a3c07f3d31f9,1,0,0,0,0,0
TargetOnly,1,20260926,335,news,54606765b718f78152128075fc52868c39c213bd94b822a868d42dfb01b5bc2f,14,0,0,0,0,0
TargetOnly,1,20260926,336,news,3d5a72bc3f832a91487057e3d1a4bbb71493cb3e8939de994fb537223ac7245c,5,0,0,0,0,0
TargetOnly,1,20260926,337,news,56db48bbc02e1488cc6623b86bd8f31c1867aa5cc5e76cf66d1323ed89aa5f6f,19,0,0,0,0,0
TargetOnly,1,20260926,338,news,a1d91be882ba2ca416f10727852d629e1c2cb2db52bd8a9f4b6b48dc92081227,53,1,0,0,0,0
TargetOnly,1,20260926,339,news,a9de33bddac7a303fac0f61166a7a93eb2d9c832ed52c93c19014c40250942ab,15,0,0,0,0,0
TargetOnly,1,20260926,340,news,6e5fca00f1ae3f9a18e52f998ade26f0202971b21caf1d6c5ac5e72da8f2f358,28,0,0,0,0,0
TargetOnly,1,20260926,341,news,e84d7f07137c81199ceb14d3930fb7f712a1c46413c70ee1401aa557e2ba92b6,6,1,0,0,0,0
TargetOnly,1,20260926,342,news,b56cbfcb7ae80af748d0690193249ca39bb60d61522df623498dda785d151440,14,0,0,0,0,0
TargetOnly,1,20260926,343,news,ed1ceab8259a13d2ec375d58ced706564f999260f4686bf0be542acfb669e338,15,1,0,1,0,0
TargetOnly,1,20260926,344,news,d09e0e132e5c20cf282974ef756d4b00ebca153fd991da659c27a8667ff253e1,8,1,0,1,0,1
TargetOnly,1,20260926,345,news,5a1878d44cdfd752bda49b63a48529b18ff7c754da32e73e58cf214c1e6cd988,22,0,0,0,0,0
TargetOnly,1,20260926,346,news,255336bef0a5777e79a0dfbdeb91e8ddef900e280dd375f65e130b960c3848c5,5,1,0,0,0,0
TargetOnly,1,20260926,347,news,433393233fce9ceb95b581cad00c6e960ffe364364a8bdc6251088d5493b406e,13,1,1,1,1,1
TargetOnly,1,20260926,348,news,57d94905fad1678a861dfd95010ab2cd0eaf033a73bd388f99214b3c50901a93,24,0,0,0,0,0
TargetOnly,1,20260926,349,news,c1e43e0533e2849ea181116e5d599d709adda0f5c6858a6e75ccb5d14c5eecf1,10,1,0,0,0,0
TargetOnly,1,20260926,350,news,07f146942fd4f89aaadfa640ff86b28e878e572ff15834cec63f5ababe42a020,32,0,0,0,0,0
TargetOnly,1,20260926,351,news,2e075e9b5fddf44a34a0869d57a9420e0feef661a06d38c97261702d49686a0f,22,1,0,0,1,1
TargetOnly,1,20260926,352,news,c8d10be22d466d31056637c04dc569d87a1a9170d678f0292b333273c1dc5d83,11,1,0,1,0,1
TargetOnly,1,20260926,353,news,36ac85f0453c73fa5f2f0355eb882e92d1fc531ad42f4c3e29236498be475676,1,0,0,0,0,0
TargetOnly,1,20260926,354,news,1b615d4e9211a5670e08a0b77e88f95e58df65c15953200d7c8d3c7a6079a39c,8,1,1,1,1,1
TargetOnly,1,20260926,355,news,b271833adf6e606ecc00d7599e50846565465bdb39900e88b909d7ff98177005,10,1,0,1,0,1
TargetOnly,1,20260926,356,news,eb88a29ef37d63e94d103d32596a17756540558a0bcf8fb1a46b21042c45f98a,6,1,0,0,0,0
TargetOnly,1,20260926,357,news,88ebfbb1c53b99af5e32ddc5c1013ad143d2fe44ed4afd5c9aad468ba8a30737,2,1,0,0,0,0
TargetOnly,1,20260926,358,news,1af4e751b6c8b3708eb57c5a696639286c5cc8b4b48cde282fe7c4829def3dff,1,1,1,1,1,1
TargetOnly,1,20260926,359,news,8fe6ec8437c27cb0aee85ecfac83832269358a6ebd7c5c84e057269eb44e457d,23,0,0,0,0,0
TargetOnly,1,20260926,360,news,33f717ad8752ab87043eda3bf852f68119aecafbd6ed1e495a83b87edd839e58,23,0,0,0,0,0
TargetOnly,1,20260926,361,news,f86c6898db9e94f5324a7b3fabf6757cb32edb1bc4071e635a0aea61f46e4c5e,12,0,0,0,0,0
TargetOnly,1,20260926,362,news,e32253463a8348535c8c047764caa30ea92066fa252eee025a95f90900c9a3a2,35,0,0,0,0,0
TargetOnly,1,20260926,363,news,686d39d3049efad3a4c1d1276e3c97828cdc0ed431a02f04c14e2566111e6c8c,19,0,0,0,0,0
TargetOnly,1,20260926,364,news,85d0f5300ad457e0bc817cda083e3d15d80e7795382cc68523262089467a89d9,4,1,1,1,1,1
TargetOnly,1,20260926,365,news,0d6b71940dfd03b2e4325ff659ecc5682b2ec19c211af34cf704e88d089124cc,3,1,1,1,1,1
TargetOnly,1,20260926,366,news,29b02305f0712bc88c8c1261d4c87ea1bf5ba4e03bc3f8ba64f9fb3003c73853,3,0,0,0,0,0
TargetOnly,1,20260926,367,news,e74c1ea6cabae975f113e906efb668afea9aeaba8ba92dca189dc50dd014c2ba,3,0,0,0,0,0
TargetOnly,1,20260926,368,news,c42f645b0dca494476b9066cdce860105260306027efc4c39075f9e3d9563df4,8,1,0,0,0,0
TargetOnly,1,20260926,369,news,fc564631bebbda3cfa7a3627290093ab4a0f6b40ee48286780be872ae191e0fb,23,1,0,0,0,0
TargetOnly,1,20260926,370,news,ac9a1cbd4806de503c2f09f61741a66674c08ffe26151de782d0ec5a34aec06a,7,0,0,0,0,0
TargetOnly,1,20260926,371,news,c8b85cfc9bea2b281a6fb4d736b31e1ae09a21ce5fd9446ae208966b8eaa9fd3,2,1,1,1,1,1
TargetOnly,1,20260926,372,news,ab9fd156d7fca2d488ff69394f14580cb9f19094ab9362d5cf7fc739ebd95593,7,0,0,0,0,0
TargetOnly,1,20260926,373,news,86ef91a837f26c60a094b0f94a496fba30d09393ee01a1fab51aee4af7cca0d1,14,0,0,0,0,0
TargetOnly,1,20260926,374,news,c0b092feca32a6e5fccee245d1490df3337d12fbc9316a6b22a314829d2c91d2,21,1,0,1,0,0
TargetOnly,1,20260926,375,news,a634b5a0f50b7adb72c92bdb593386468a7274e809ae981207c6e64f2f801d36,23,0,0,0,0,0
TargetOnly,1,20260926,376,news,3dee073e693ec7cc66e83c22a7c70c75e16f85074882fa236bb9ffda291c1e39,22,0,0,0,0,0
TargetOnly,1,20260926,377,news,58bdb7708399bc629cf254f381ba55bc3a8e7adeea136de75440494b24cadf88,1,1,0,0,0,0
TargetOnly,1,20260926,378,news,c32ccd38d3685b6aed19f7d133e08d8a4bdbd6f81183fb50f759138fd92ba5ca,34,0,0,0,0,0
TargetOnly,1,20260926,379,news,8be47da154e2f9cd6d7d4457a565045d1c066df5ef74bf30b53c9fa0c7e88a03,3,0,0,0,0,0
TargetOnly,1,20260926,380,news,f9915c5a956811312db5d37823a700a2ae56756da3ec13538c2b673b48b77555,12,1,0,0,0,0
TargetOnly,1,20260926,381,news,1eb694dbe7867ce934be7c9b3587a71f361b7b8451e881f8e6b828b88333fd89,19,1,0,1,1,1
TargetOnly,1,20260926,382,news,88684643f90ef38fe7193f14c65ae5a718e484968c707a5ef25073f8dd68fce3,60,1,1,1,1,1
TargetOnly,1,20260926,383,news,a6825354d2eec97c8ec5af281c3e8ffb8d8d8d1b79fda38cf2d090111b929572,1,1,0,0,0,0
TargetOnly,1,20260926,384,news,fc31b76770d45bb6edf3a2d261bcd4e1e607a8cfdc6fa01042753364297e4907,3,1,1,1,1,1
TargetOnly,1,20260926,385,news,9f49b5c70ba25f6143128ae546aaccc82bb16458882334b8b31f2f4822e921e1,27,1,0,0,0,0
TargetOnly,1,20260926,386,news,cc4cac49b2fa3a54ad87d0bfe66e9af25ea6dff9593f772ada978367c9c2195b,19,0,0,0,0,0
TargetOnly,1,20260926,387,news,167a7a8d42de7964f3b67bce94140ce4c328a06ad649a91a4970945638056555,9,0,0,0,0,0
TargetOnly,1,20260926,388,news,93b7fa846956a2a6f0047c1160bf4b816ea84b328f324607005a86c7782e1510,9,1,0,0,0,1
TargetOnly,1,20260926,389,news,ca672140801740fa7e44ccb50cf3d62fedde66c3a5920ca1d5f3d8f7a911757a,5,1,1,1,1,1
TargetOnly,1,20260926,390,news,09104adbbf177a82e40cd474f07579ce08cddba2cc227bcd2cffa96f9f4d89e1,2,0,0,0,0,0
TargetOnly,1,20260926,391,news,d516d891abce8f32f976c0d236d0119d3febe3291cf8be64d26fb417d7592c85,5,0,0,0,0,0
TargetOnly,1,20260926,392,news,f3413e35de07bfd9f9076f1a158e5543ec7ac734d404122088009c8189ee8f9a,15,0,0,0,0,0
TargetOnly,1,20260926,393,news,de57ad01097c4cc7f5470453b943e6145ff69e2bf1b79d1e536d53d93b84b04f,2,0,0,0,0,0
TargetOnly,1,20260926,394,news,b5dc2f7788c74acce6e43c045174d96d2e7b70f4cfef5c47d92ee53874b5bb71,14,0,0,0,0,0
TargetOnly,1,20260926,395,news,1c5d35be79b538775e698f89355b94f0302377a7c61ce779379e95e859e707aa,17,0,0,0,0,0
TargetOnly,1,20260926,396,news,4e972432a73c7ae0453cb19a81e36627db0998bf107a674ddbec36741d6e64a4,20,0,0,0,0,0
TargetOnly,1,20260926,397,news,d059e8e226e0b25d55ccc60d3aa43a4e8a9b58cfcc56cf14632d0df3b6cfdcb9,7,1,0,0,0,0
TargetOnly,1,20260926,398,news,3ef46b5cb40d754b49c3295ee42a0e355a320570bb0d098bd2a3a3056b515030,2,1,0,0,0,0
TargetOnly,1,20260926,399,news,a874f75209440bb071a191dd05a161a87ccd784eda42e7e7de864f56b055ca0c,64,0,0,0,0,0
TargetOnly,1,20260926,400,news,f09f9938da425a316e51b810e49e8b3689991ed7ae8f56fbd0462d3181cab1d8,14,0,0,0,0,0
TargetOnly,1,20260926,401,twitter,0b47768892825fbb67c0fd7ef034fc3d9ca4f538935f2982b8cfa060bb474e07,1,0,0,0,0,0
TargetOnly,1,20260926,402,twitter,8fd775c6e85956b3f4a903f04670274c0ac7c81ec4c6a57ef1b32a479576eb28,3,1,0,0,0,0
TargetOnly,1,20260926,403,twitter,6d0eb2bc6cd35b877206783f8a9d46ce8e6854d59ffd3ea0ebc0f7f0c5d016d8,10,0,0,0,0,0
TargetOnly,1,20260926,404,twitter,a2f919a254bf1060d6ba5683957881bab5d921361f013c7ccf6bf0f3455a58bd,1,1,0,0,0,0
TargetOnly,1,20260926,405,twitter,6b223ce5d8317e398914df3c836084ec5fd28ec4e2b994983e61068124d5643e,4,0,0,0,0,0
TargetOnly,1,20260926,406,twitter,8dd3ec4c63741630d204ea20918c325247e8ecf771582957f344e17ab44c71f5,1,0,0,0,0,0
TargetOnly,1,20260926,407,twitter,5e899337393186e8ed1e694fbcfccf82c381e789269f0182772b15b23132d6b0,5,0,0,0,0,0
TargetOnly,1,20260926,408,twitter,5e5340f267f7ed5adb97466d7fe894182ef7d2ade66e21a8339b1da7787aa041,1,1,1,1,1,1
TargetOnly,1,20260926,409,twitter,8b05e8104c7cbcf50536ccd7809004fa0f0ef1341417388f897f0e9135117e15,4,1,0,0,0,0
TargetOnly,1,20260926,410,twitter,7a2c752e9e7b7d5e67149eb28068708a707147c15b85a36023a3abd9910c5bbc,2,0,0,0,0,0
TargetOnly,1,20260926,411,twitter,029f5c904bd5e63a18f20627dcf5260615e4af823d78a2714601241fa1d67eb4,16,1,0,0,0,0
TargetOnly,1,20260926,412,twitter,aef988fdbdaa2416fdbd6100ec3653760887823522b2e87f9fe15d6adf0f3e70,13,0,0,0,0,0
TargetOnly,1,20260926,413,twitter,47def72de0a8f62d1b4d368e445713a891bfecfd7f6ac8135f89bf88c8e23353,2,1,1,1,1,1
TargetOnly,1,20260926,414,twitter,c65112d871aeeb9cea3f2a2e3fd90a84222c76ff24372ed803ff78d07a20f438,2,0,0,0,0,0
TargetOnly,1,20260926,415,twitter,54b37275012c471849cf7d7455e478896528f847d9d1d32968f0de2b56dc83f5,1,0,0,0,0,0
TargetOnly,1,20260926,416,twitter,087ba0f7951cc7195bb4169f9c932fd5c8b5abecbc61fc278c24e00c9389c79c,4,1,0,1,0,1
TargetOnly,1,20260926,417,twitter,164a11f5c4eaadf5025afe2b2b8e69eb86e0f295b652be86b0a6180380a5add2,3,1,1,1,1,1
TargetOnly,1,20260926,418,twitter,de484d1a367742db5a086161221548330995b48009bfa01f7b349a31e6677e71,4,0,0,0,0,0
TargetOnly,1,20260926,419,twitter,e27d061a9966141efe574ee1ae8bb18f7318bea45a774d7aae95abecb6e66ab7,3,1,0,0,0,0
TargetOnly,1,20260926,420,twitter,4a6765978046e9c4850f7e8fb9d02132599e460f072aeed3e98bc7eab8e8435c,16,0,0,0,0,0
TargetOnly,1,20260926,421,twitter,1cc09e9cc0e35f18f40f3a44acb160180b3e4764cf1f5f5e79f382fb09bf87f8,5,1,0,0,0,0
TargetOnly,1,20260926,422,twitter,f0782c28633af696b2c95fdc39ac801ea6d0ed9974c2f42c3687f797f1bfd949,19,1,0,0,0,0
TargetOnly,1,20260926,423,twitter,907e30acec6c5233c0baceeb249232d72349f9428a46b0bad3d009aaeda3b3a1,2,1,1,1,1,1
TargetOnly,1,20260926,424,twitter,15a694e4ecbd03c6af7426bd2479b0387a9537518934f5fb783427718b9fd6e1,8,1,0,0,0,0
TargetOnly,1,20260926,425,twitter,32c967e2dddb9aadd1af7caa33cbdc9fbf0a4dbc33f86d6d621eff83ade288d6,10,1,0,0,0,0
TargetOnly,1,20260926,426,twitter,18d270872e130060a88fc80188c622b62e7707f8f87c1dce65c4c2a0a5e1bbc6,18,1,0,0,0,0
TargetOnly,1,20260926,427,twitter,6242214577b7b93e50ca579e4fa48ef52f8fdd602ba68e4f0995347e744d6c42,3,1,0,0,0,0
TargetOnly,1,20260926,428,twitter,5fab691f77dab0137f546ba241171d9d03b69686730374f0263a2f173e2c3fba,3,0,0,0,0,0
TargetOnly,1,20260926,429,twitter,e1cba0de4783d6012d270111f1191b9de9d61d7d2bec52c1f06d21e0850febd4,11,0,0,0,0,0
TargetOnly,1,20260926,430,twitter,715271246d5b36d0029a645b743b1a497f4009810e7f1e7e02c1442b04e60512,5,0,0,0,0,0
TargetOnly,1,20260926,431,twitter,0096640d99e82bedfd928a55f580fde2a62e08529d898101658ef36d8b1f5e61,8,1,0,0,0,0
TargetOnly,1,20260926,432,twitter,77072aef2a68cf6f7437596e2f59493519aa1d3a3d53770725713ccb2d701e99,4,1,1,1,1,1
TargetOnly,1,20260926,433,twitter,e92e0de20685f8d42a5e4b3a1e74cf3de49003fdf6a81a403bc0e7a56a318dc7,5,0,0,0,0,0
TargetOnly,1,20260926,434,twitter,69ceb18c129dc3fad662a352aaca19394fd4936989367a93b6de3aac1d02fba3,15,1,0,0,0,0
TargetOnly,1,20260926,435,twitter,c9dab0edc4e2e7d1a91c04c2747899eb19f3eace28c784b0d00bb55c950003a4,5,1,1,1,0,1
TargetOnly,1,20260926,436,twitter,849c1806bf1003397468bdd9be908d450e35ace05d6d4aa0a59539c638431891,5,1,0,1,0,0
TargetOnly,1,20260926,437,twitter,a9d12d98e173f7ee6f07cd2834c479412ed1de60886e89acd05745f10c5d76d9,9,0,0,0,0,0
TargetOnly,1,20260926,438,twitter,73446818523bcb270e7fc25fb89b4ec943787c839b487af464f18bbf4435cf0f,2,0,0,0,0,0
TargetOnly,1,20260926,439,twitter,e04ffb8d24175bc8b3982a774537945dea69da09acd3c7a4a7e6a112452df1b8,5,1,1,1,1,1
TargetOnly,1,20260926,440,twitter,9a50654db7add54463b163ffd2e9f9ae9b36dcf64f79f939dc5df57ee954860b,2,1,0,0,0,0
TargetOnly,1,20260926,441,twitter,596f8891b928fd990c3607aaffe8ff1c028c870dcd43bb2e6316a932fc973d60,3,1,0,0,0,0
TargetOnly,1,20260926,442,twitter,30f4b358af21cba366ce0b70738123c8e026f35ddfe92a89a8ae17b0d1a6370e,7,1,1,1,1,1
TargetOnly,1,20260926,443,twitter,e09f9b84f637d3f3f82d70b3dd25b31ceddecda3fe5f8458b54007b2ac7497d1,3,1,0,1,0,1
TargetOnly,1,20260926,444,twitter,1a59b452ab38e1e96e55849b11a4342460627a0cb7bc99786ead879bbe6ee5d1,5,0,0,0,0,0
TargetOnly,1,20260926,445,twitter,2e6c8e2e2bf78b35c331df3d1d94877d89e886579e82e1ac062a2f79e377f6c5,1,1,1,1,0,1
TargetOnly,1,20260926,446,twitter,8ce4fa11d077eda6a361995955957c6f9e4bb4af8c3ee36b9d435cbda6db3642,1,1,0,0,0,0
TargetOnly,1,20260926,447,twitter,b763d50745423912f217d11f5bf30bf666b1f222195bdd3c8d91ac8cd4357407,5,0,0,0,0,0
TargetOnly,1,20260926,448,twitter,27e9eedfbcbade73ba5ab6c12df81a3251a7e0a6f2c30f2287f0fd06ce80d85c,2,0,0,0,0,0
TargetOnly,1,20260926,449,twitter,6eb24b76a189948eb35c131de3337b1ea7012fed2bf47185b7988eed377a8c52,7,0,0,0,0,0
TargetOnly,1,20260926,450,twitter,20c7c7bc30bd60a01d2fd4a4d2de33852e9902ec01d99a328175b7c1971ae3b9,9,1,0,1,0,1
TargetOnly,1,20260926,451,twitter,ffd515ed396479c10f200d076f4fbf51cdf7cf9b89840f5d108d60b894e0ee4f,14,1,0,1,0,1
TargetOnly,1,20260926,452,twitter,c1b7df5e4e62b185eeac3e1fa9321cffb7c68347f97644314ff5fb6333b269cf,12,1,1,1,1,1
TargetOnly,1,20260926,453,twitter,7193190bd2c58c2dd45199aba8751257f0a4b568e0fc56e5edb7e43807a65839,2,1,0,0,0,0
TargetOnly,1,20260926,454,twitter,4bd8331747eb0c97c07dceab4cc049b10d06d426189d13c5dd4a0f0042b1e1ed,4,1,1,1,1,1
TargetOnly,1,20260926,455,twitter,8c884dff6169d2432657b44e4c7cfc6fe101db71a6a3d07c823ce59f380c1576,2,0,0,0,0,0
TargetOnly,1,20260926,456,twitter,2ebb6b9ab4bbf7a18d817d0c6902832d2005d7bcb58ba5915420fc8e4123eab6,3,0,0,0,0,0
TargetOnly,1,20260926,457,twitter,573d7b7581b6a512cf256304d98c5a7bb0d064806feeeb113ba2f7dd1684332b,6,0,0,0,0,0
TargetOnly,1,20260926,458,twitter,1c37da36a39985cb148ad33eb52a0db5dfaa7c6039edddbfc33abab431cc1185,4,0,0,0,0,0
TargetOnly,1,20260926,459,twitter,1232df9cf6c5d77f894526a90fa024f3f771b99e91d9db96b521b30b2bc5ed76,7,1,0,0,0,0
TargetOnly,1,20260926,460,twitter,4a15c246c8d18eaf83f76290ca735a86a419a9a451dcc68ed7f98d0fde488993,13,1,0,0,0,0
TargetOnly,1,20260926,461,twitter,b49c1c93243d63b1e694f9a778bf6a132e291af506a4c9c6facde4ad265c9160,1,0,0,0,0,0
TargetOnly,1,20260926,462,twitter,5edff1dc1c7844917052c1eec7994a3f418db36946c7e552b1d61fef0c7d4ffe,8,0,0,0,0,0
TargetOnly,1,20260926,463,twitter,0097402d392a71e678d1d1098ae0b8470961838f2ad5f78040aea1b23c7f8985,10,1,1,1,1,1
TargetOnly,1,20260926,464,twitter,4cd7e4c5d7ffe8f0863c8b4beb6876380f77ed01c16a144ccf73171b1704cc7e,6,1,1,1,1,1
TargetOnly,1,20260926,465,twitter,0e9ad447f1f34f842bcf450e067d21f8de1345d751fab1212b37fe7a13921916,8,1,0,1,1,1
TargetOnly,1,20260926,466,twitter,2ae021839b8040aa9e97ca5d5afcb1e39b0ed4ab15687a1062b2f49315cd52b0,3,1,0,0,0,0
TargetOnly,1,20260926,467,twitter,4ed0a5e8a75b31ecac6317f52d4f6e9cbd3b1232a34fa0c68866c127ec5fc8d6,20,0,0,0,0,0
TargetOnly,1,20260926,468,twitter,5648c1cf7abfbff23aa2bed46e62883d1f096af0836ae019033ef97071cadc90,9,1,0,0,0,0
TargetOnly,1,20260926,469,twitter,9f89ed27fefcdbb774707a5064550c3e1d74a22a437d3a976e43d4e4a85cd005,10,1,1,1,1,1
TargetOnly,1,20260926,470,twitter,844014e0d5cf653c9655e44c539c57a9b57b69b456b3f162cc18d010f6ddc3e3,20,1,0,0,0,0
TargetOnly,1,20260926,471,twitter,5456dfa2912bf9814134ba5e54a7ecf4abadb0c2f405b94e1cde65d43e84b727,12,1,0,1,0,1
TargetOnly,1,20260926,472,twitter,3b004760a9f5a5820611eccf11683979fb0edce7b97b3730182ec720651f45c3,12,1,0,0,0,0
TargetOnly,1,20260926,473,twitter,9a0b03c53e996a8462b25c035cbb2d91ae6c2658e2a1565552ea7d61193af8b6,9,0,0,0,0,0
TargetOnly,1,20260926,474,twitter,c03c05b1749b3705ce9aa552cd3045e7bac5c5acb8596b4a296e07e3c677a093,18,1,0,1,0,1
TargetOnly,1,20260926,475,twitter,edc2c7cace52cbd3b5b4487038f89727ab41a1842cc0a5e965c27af9b00a61f4,8,1,1,1,1,1
TargetOnly,1,20260926,476,twitter,776a2b80f2df32d8056da1dcd290b94e36fb5696d03a8da1899bd1271032d7cf,1,1,0,1,0,1
TargetOnly,1,20260926,477,twitter,62c0c31bd5486646650ce0673e187fcf397ecc3149f7f40d57dbc03c83207bd1,6,0,0,0,0,0
TargetOnly,1,20260926,478,twitter,f7c9f62d7b325db4e05fe08ebf3e215ab1d438021b9a05a39d28cb2b5b8089cf,18,0,0,0,0,0
TargetOnly,1,20260926,479,twitter,d155d301343f2b4fe16d9aea8fbd1126cfe3c6743efca89ea07cc4c389c75a66,2,0,0,0,0,0
TargetOnly,1,20260926,480,twitter,60e10f866dd869f20f3214be7f032fc25c87645c968ce40219f02772dba757b8,10,0,0,0,0,0
TargetOnly,1,20260926,481,twitter,ec985e4eb1f0f18f5f0c75ce7eb1faf2256034a00031582f6817b459d609ccee,5,1,0,0,0,0
TargetOnly,1,20260926,482,twitter,c4a135f43c2cc222abfa7581da354db3f8ef029b86c68fe961a0f724b85c024e,7,1,0,0,0,0
TargetOnly,1,20260926,483,twitter,a359c6fa23c3febf078d2ae7ac8e8f51b46223479f5985985cc1a4c62839858b,2,0,0,0,0,0
TargetOnly,1,20260926,484,twitter,81355f13ef38520a3fa175c45fccb1ebc2e82c7fcda5b5a05f217bfc294d8475,1,0,0,0,0,0
TargetOnly,1,20260926,485,twitter,a4bdd01162b17a2c16752bf7f219bdd51bc5fc5fe4f64aefe67c93797b3e71ef,2,0,0,0,0,0
TargetOnly,1,20260926,486,twitter,6db5dc9936c01346136cd881631e4b62649fd8b450f6fced13c36a352ac52d77,4,0,0,0,0,0
TargetOnly,1,20260926,487,twitter,2fad8a15418d25b22dec6baaf6889f0fc55101d26a0f2e5dbeaf138c3207bfb6,1,1,1,1,0,1
TargetOnly,1,20260926,488,twitter,8bbcdc15912ef984386f14a7da9d78a9c7d343749bc75174ed4e2dbee3e3193b,7,0,0,0,0,0
TargetOnly,1,20260926,489,twitter,8e6d2bd4724e2927294f5d7cc3560667f1cd8ab69c50db55c277d91dc684dedd,4,1,0,1,0,1
TargetOnly,1,20260926,490,twitter,2aeb67f9c66ec2016aaae4b7ef195e6d7e3e32e0d582fe1999cc89db9957c26c,19,1,0,0,0,0
TargetOnly,1,20260926,491,twitter,f6fe7cd69758db5f74fceae387d304d775aab0dd02693680a441bd4bdf70c4d7,9,0,0,0,0,0
TargetOnly,1,20260926,492,twitter,b5d038ee1d021fdb3e3fdb568923af29b0cae566fe01aacb8d38e8ff1588e712,1,1,1,1,0,1
TargetOnly,1,20260926,493,twitter,ca8eda6a19c613fdf790a05ad0ae945985b525cd0b76f8f7d4ee97510b7ab93b,10,1,0,0,0,0
TargetOnly,1,20260926,494,twitter,43173392e4d9887970a17559f031851046bb021f40fe65c66d4e7ab01f930b0a,1,1,0,0,0,0
TargetOnly,1,20260926,495,twitter,8db7e24b2544417634594a52281091052da8e582dc5dfc585db143110de765c7,3,1,0,1,0,1
TargetOnly,1,20260926,496,twitter,5d23efa303e9328c4721917665efb9b78e212583d6b4b9e6ce9291cefa985043,6,1,0,0,0,0
TargetOnly,1,20260926,497,twitter,a6af6422531a26b73cd526c789021a1880cfb6046d20c2326a8ed91fcd00def4,10,0,0,0,0,0
TargetOnly,1,20260926,498,twitter,ac829c81fe972e398922092ea11733f8848fd31646a9c71d42179f6f277973b3,5,1,1,1,1,1
TargetOnly,1,20260926,499,twitter,213bdde73989a9f3ed4bfa69b17716e231dd80000d8fbc6a52f261633d956afb,2,1,0,0,0,0
TargetOnly,1,20260926,500,twitter,bd33e6d883de2fcc643bbc003faf4df5bbf7636a56908319adeb2cbe64a93da5,10,1,0,0,0,1
TargetOnly,1,20260926,501,twitter,f27410e33b324619c296874c215e6fac43ba3f0f7e761cc95556f71fdcec111d,2,1,1,1,1,1
TargetOnly,1,20260926,502,twitter,c94404d008e17b7c25cfce6430a74d1d6126f8971c1fe59416e59b631bde4160,3,1,0,0,0,0
TargetOnly,1,20260926,503,twitter,285500729a4e2a6a2d2da10479c42f81391a9107a57bdf2cabf7faaef5b92076,3,1,1,1,1,1
TargetOnly,1,20260926,504,twitter,81ee1a6ba057033baac61937c5aa5ebe5db567dcbc1d6cdc1ffb0f75d97d07a6,7,1,0,0,0,0
TargetOnly,1,20260926,505,twitter,199d1f09a54eea11a3b242bf34abe38d8e9772bc0578bfde17869abe078d0974,5,1,0,0,0,0
TargetOnly,1,20260926,506,twitter,373407d9a381c0760c1c15ad0635c4c8eed5ed001f7b9a03a18a38b86981a2ee,1,0,0,0,0,0
TargetOnly,1,20260926,507,twitter,902a53b84eb9475b3d7ee8d68a522b3f738eb5da100aff7f7bb1f6763261afa0,6,0,0,0,0,0
TargetOnly,1,20260926,508,twitter,1998877dbefed5ddbb500723704541f7a48c148d6d7f1ff9755ccfca78647eea,2,0,0,0,0,0
TargetOnly,1,20260926,509,twitter,852d549c03e0bece7f94512b3aa895152e795e9da14d1bf1f51fe83bc4fd1358,4,0,0,0,0,0
TargetOnly,1,20260926,510,twitter,7e46f8a353f81ac241ec4ce43b1eb4f897a4dc4fb27070a67b87f0ba162adbe2,6,0,0,0,0,0
TargetOnly,1,20260926,511,twitter,ead5d850634654e9dfaaf39fc44be7c3c5d325402692f7294c4c1f6487043fa1,5,1,0,0,0,0
TargetOnly,1,20260926,512,twitter,47466196cec03da35d16b7fb818aa4737acfee31df16a0da00a9f27a75c97884,6,1,0,0,0,0
TargetOnly,1,20260926,513,twitter,a82e5755238a3d58ad57fa8c679400ea519673cf5475930905806fc2f3bf1f78,1,1,1,1,1,1
TargetOnly,1,20260926,514,twitter,46726648c6730dbd983b22f838f92ee33917036fc1462af7db2b6c142cdbad6d,1,1,0,0,0,1
TargetOnly,1,20260926,515,twitter,4bd4d66e4dab5afa7571d2d3e76eb4573903a97c29f417c3c8b4b7141b9def6a,21,0,0,0,0,0
TargetOnly,1,20260926,516,twitter,31ba39017ad7153b3cc9de47dbf5a7b071e48d9d83b293fbbb3500cbc7bcb835,18,0,0,0,0,0
TargetOnly,1,20260926,517,twitter,a65a90740755f4dc78afc8e1090b2fc2141126006c8c5713907147adc62144ce,2,0,0,0,0,0
TargetOnly,1,20260926,518,twitter,0477c7dce52fce657dfd40a3fbc5dc8cb5c8479e1449298b5f536a3161a72dfd,13,0,0,0,0,0
TargetOnly,1,20260926,519,twitter,deb6e618ead2a07270f3d145195f4e6cdb0eb0a094ed56e6dc5419904dc58470,21,1,0,0,0,0
TargetOnly,1,20260926,520,twitter,67faeb2b306e292e8770b1c04d8df55781b0d95443537b8add19d1960defbf86,24,1,0,1,0,0
TargetOnly,1,20260926,521,twitter,6d1e24c3edbe49ea6f526e615a679294616467ce9e8c1599232afb9013acc8b1,6,0,0,0,0,0
TargetOnly,1,20260926,522,twitter,921902a0a48b56c8ac2fb720f69d96499a321463b6efe39254dd6c8e70b2ea05,7,1,1,1,1,1
TargetOnly,1,20260926,523,twitter,7461d185d85fa4d987fed4cefea3ae41d7adc9b64d89e8daa2e65ed99ddbbd37,4,1,1,1,1,1
TargetOnly,1,20260926,524,twitter,5da4794e5d908d18fff019e405d814de8f53298fd38a72ead9eb521f9af0e1da,4,1,1,1,1,1
TargetOnly,1,20260926,525,twitter,11feebcaead082609623d2bd79b976689c010bcaa714db53ccbba5027db0244c,21,0,0,0,0,0
TargetOnly,1,20260926,526,twitter,6a7f0edc32ff3c62b62d379140f878c7a32602b8cc759ad334c478cd811e206f,8,0,0,0,0,0
TargetOnly,1,20260926,527,twitter,40378766252c3541dadcc2be4c3f1db80b86441a3f7c7b6821ccd55fe0f7688e,5,1,1,1,1,1
TargetOnly,1,20260926,528,twitter,93263e2696ca8851f6401c570e3067cd1f3fa90987b9d28782987a200b175dd7,5,1,1,1,1,1
TargetOnly,1,20260926,529,twitter,e547023248d55a72e5882a23afbbdb7ecb145abbc042972a5b4a1e7c286b5c97,1,1,0,0,0,0
TargetOnly,1,20260926,530,twitter,f74372cd86ff9aec6e797461e37336833e89628a7961cbc8e6db1035f2ccfa5a,2,1,1,1,0,1
TargetOnly,1,20260926,531,twitter,c292c5da0a8aa4090089d9d97845f09b373bd1a4fab39ac64c8b2d50e15433e8,2,0,0,0,0,0
TargetOnly,1,20260926,532,twitter,dcc14d16f7054c2c367dcd0c6a87c15f5f0c15ae78e541d1269e7f7aaec62a40,5,1,0,0,0,0
TargetOnly,1,20260926,533,twitter,79fc16f082a53b70dcb5823d8e767a8d278a31d5b930d16abbf2bc865ab87a29,5,0,0,0,0,0
TargetOnly,1,20260926,534,twitter,bbd51ba170f12ab70463d6f1ac422424a8de8a3cb4c2fba12ac0806ad653de14,12,0,0,0,0,0
TargetOnly,1,20260926,535,twitter,bf720fb323cabe569fc0c729246ba69e710e10bef5c41350135b40b005bd5cbc,21,0,0,0,0,0
TargetOnly,1,20260926,536,twitter,33176fac8eb3c5980c8ce7a3a079403a7a92d0c429d04ac276999d3b9efcc40e,3,1,1,1,1,1
TargetOnly,1,20260926,537,twitter,b0a3eb688a9ed1792d3270d8877c4fbcfa817a5647ca04c01822e2af6e47bce1,1,1,0,1,0,1
TargetOnly,1,20260926,538,twitter,f55392584b9aa853d858c78bd07b84787d804e61d9ed02f4fc3806012b13aab1,14,0,0,0,0,0
TargetOnly,1,20260926,539,twitter,809e0ee79efc2f3a759933e2c0ba6316af226c07596a7b090ba4ae1c3793ea16,8,1,0,1,0,0
TargetOnly,1,20260926,540,twitter,bb450818aa1a7aa0956a4594d032b48f69f193eabb07232a8b4f7e822e43b8f7,14,0,0,0,0,0
TargetOnly,1,20260926,541,twitter,fe9aea0725a9b4f7f77ee9ca321331930c68150c8d7586189e84dac83bc98527,2,0,0,0,0,0
TargetOnly,1,20260926,542,twitter,59c8013c1df2516be4e002d7ee5dc36ff478a31814f9f385375a62c2af9af28f,1,1,1,1,1,1
TargetOnly,1,20260926,543,twitter,c70e91e99cf2912963ae14ea563d7f6a0f2cc9f2dc6421716e822c023904f063,20,1,1,1,1,1
TargetOnly,1,20260926,544,twitter,9a47a95bc12f2aa1939db2722ece91281ed34bc3cb5dc78c7d8683ac6b54459e,4,1,1,1,1,1
TargetOnly,1,20260926,545,twitter,9f596c8b340e5579121fe3cbf4ed65a7f06281bb559da4fcd1609c70202daf55,5,1,1,1,1,1
TargetOnly,1,20260926,546,twitter,5845c97b3512784107edf2caa483973f1c25fa58f3016bdfc5c8cc5c5c371ec6,2,1,1,1,1,1
TargetOnly,1,20260926,547,twitter,b27b3d0377cbcd6718d8c822aaf77a17ef393d6a4fcb941374d69e544f0c3575,12,0,0,0,0,0
TargetOnly,1,20260926,548,twitter,9f79e8c5c80f3aba95ada2f4aef6041b37939f57129dd1db1f2181fbd04e5042,17,0,0,0,0,0
TargetOnly,1,20260926,549,twitter,22fae40bf33210d9d9182fc2e0d9fa6af181892540d70a85ac30761b004fae28,2,0,0,0,0,0
TargetOnly,1,20260926,550,twitter,32f268119de2bd12e0346c67a845729dc776f86303b39ccb717e78cd398507e8,10,0,0,0,0,0
TargetOnly,1,20260926,551,twitter,c5001b759d4255d9d99249504f5825f7270277a69eb98950c0c660367ff87f0f,8,1,0,0,0,0
TargetOnly,1,20260926,552,twitter,d891394d05c619ba0126116ccf0a162175f3c43d2a2b8ff9c6c487250edbdfa1,11,0,0,0,0,0
TargetOnly,1,20260926,553,twitter,b95b34d913c70639530352536a33f9bf9060015b2be2c88d7b5c1c845269d754,3,0,0,0,0,0
TargetOnly,1,20260926,554,twitter,ac89f2a7955950ec02599105a1614abb3f4104367afa142be93471c1ebcc3ecb,3,1,1,1,1,1
TargetOnly,1,20260926,555,twitter,ea9917e5f5a88e57a6617dcf19ddeaddd5efff6900c5a6534023908de52f068c,8,1,0,0,0,0
TargetOnly,1,20260926,556,twitter,5d833968865957ff0f6ffb3cc7614be6eef69123047bbc7eb21449c8e2397322,2,1,1,1,0,0
TargetOnly,1,20260926,557,twitter,375c1b92f7b6b45aa92f099cd69c5bec185e26923f28c7603a7729d2f454fd17,6,1,0,1,0,0
TargetOnly,1,20260926,558,twitter,387723458c66e408b808eea48466bd2a4491a21256a26dae9182cf3d44129cb6,3,0,0,0,0,0
TargetOnly,1,20260926,559,twitter,8518ff3fb26573151335180001388035d15db267be49fbedc8a536ff4ddf13d2,3,1,1,1,1,1
TargetOnly,1,20260926,560,twitter,ae3cb31e730e8d6ff4a36774656af36b1ca5e587f54a9d94d476e03228593dc4,7,0,0,0,0,0
TargetOnly,1,20260926,561,twitter,328c9209a3de3fdaf822820e1ee5de94478fd62dace121ea1a6a98e37716328e,4,0,0,0,0,0
TargetOnly,1,20260926,562,twitter,326f3b0b39b9dcaf1d2cf9f3e90992436dcbc926df8e1d2eab7b4632ca4a77a3,16,1,0,0,0,0
TargetOnly,1,20260926,563,twitter,46ed9093252d808efd080738ac8b971774ff65d4855f1e9b1d9a724053e99cac,12,1,1,1,1,1
TargetOnly,1,20260926,564,twitter,9f74c34eec961cc2b0b8ae65dfa4a05dfdfc6791418be9fac80637c0e15583d0,11,0,0,0,0,0
TargetOnly,1,20260926,565,twitter,ccfabe1eadc855ccace4c88a4917ef55de6a7f146cf1e30a4f57aa6132087ec3,4,0,0,0,0,0
TargetOnly,1,20260926,566,twitter,c51426101d1a758badb57e27958db81cf763686f20d96d0fbc3ffba043a39ad5,1,1,0,0,0,0
TargetOnly,1,20260926,567,twitter,1d3c212f340ef54aa374be0ca0fd4b2f88e9cf01d7d452a071f091d4b995f5f0,2,0,0,0,0,0
TargetOnly,1,20260926,568,twitter,4af22471a3d09c919657f196d9db3d6bea1f5070cb6fab3bf2a20aa9aef9980f,4,0,0,0,0,0
TargetOnly,1,20260926,569,twitter,4be446364a169c258e081d5428cb43451f6a3f949a3d375a50e8d861727ad131,10,0,0,0,0,0
TargetOnly,1,20260926,570,twitter,8cc119a2b38be5497a86a0580cb8a34be3e60c7b859c126885ede12522114106,4,1,0,0,0,0
TargetOnly,1,20260926,571,twitter,284c2400932f5997114bfeda6f0c04bf2b4a7d871d4ec8195c83649a8ca05d64,5,1,1,1,1,1
TargetOnly,1,20260926,572,twitter,699caf411cea0da0dd2295781eb4539818da2a949c7c1302681f6fe17b36202f,1,1,0,1,0,1
TargetOnly,1,20260926,573,twitter,9f707829bf840b5bfe458637b67ab793ab1417bcd7655f788cbafb872c287af3,6,1,0,0,0,0
TargetOnly,1,20260926,574,twitter,ea5a7b1f00a68fbfbd9f755d72ead415f5ce81e2cd9dfb5bd1b2edee69ceac63,19,1,0,0,0,0
TargetOnly,1,20260926,575,twitter,0e42cf2f38a7260c4b2092eca7220f5d546ecfcbefc6af0b1bbbde8d6557d88a,23,0,0,0,0,0
TargetOnly,1,20260926,576,twitter,272fdf2f54872e1fe6db26455e88f76916b1c93d5bcb2d449fe589e4c01db54b,2,0,0,0,0,0
TargetOnly,1,20260926,577,twitter,67901d6851532497872fd5d5c6972be60cb47a7d292d0e0d8603fa6c296cc2de,3,1,0,0,0,0
TargetOnly,1,20260926,578,twitter,b9ea7f780b30fe7c7b813eb89aab943c6dbc96b0b1162a88b4f0b6e0702a8dc8,12,1,0,0,0,0
TargetOnly,1,20260926,579,twitter,6da19ab67fc77b38f51b37f338f5d9ef1147a4744188288c31b6993aa1d8a9de,4,0,0,0,0,0
TargetOnly,1,20260926,580,twitter,d0f9ae922f59da6f898a5a3252caceb48b7cdbb5fd45272512db53bd20594006,6,0,0,0,0,0
TargetOnly,1,20260926,581,twitter,ccc3f53a5c2bf415f223d7d08f6c5d98b4210903b0a4e5004fac4034aeb0405d,5,1,0,0,0,0
TargetOnly,1,20260926,582,twitter,061989eb4b6f043e6b703c545a41434606597ee5a333ca6cb23a0817f0c1cad3,2,0,0,0,0,0
TargetOnly,1,20260926,583,twitter,0147524498f6dcb7f6c1df9732d3db5bdd194c1dbe51d591b8b3e5139ca943bf,1,0,0,0,0,0
TargetOnly,1,20260926,584,twitter,cc0c913577f11e97b3814b51feda487a2334d3d424406075bd0fc517c7f664a6,3,1,1,1,0,1
TargetOnly,1,20260926,585,twitter,a0bbdb92233059108829c0e28d980428e110f66a0e8ffd39ce7afa742d09c5f8,1,1,0,0,0,0
TargetOnly,1,20260926,586,twitter,741f2d626df4f575e6e7d696afde4686117f08a5f2c4249020ffcd8bfd7e4841,2,0,0,0,0,0
TargetOnly,1,20260926,587,twitter,90de0b9bf908cce0650179964fd20ed72d13a26eb1dda59215f3b606899e96b8,3,1,1,1,1,1
TargetOnly,1,20260926,588,twitter,83e20cc4f51e11e49a754eb6faea5d4888cc5f90c72dbe7e3dc7dbb0e3162c59,5,0,0,0,0,0
TargetOnly,1,20260926,589,twitter,b96d2800bb083eca035544b0bce72eb11b2a87d29603cde9ba1f402d620305e4,6,1,0,0,0,0
TargetOnly,1,20260926,590,twitter,fd6506494e3f316c3b2eda02245b6f4562329d9cba728cf97d781c9a1035e0c2,3,0,0,0,0,0
TargetOnly,1,20260926,591,twitter,c563b541beccb4e46375d7b78233b7b595c9a8709a9370cfe4c33c30f86e8534,5,1,0,0,0,0
TargetOnly,1,20260926,592,twitter,370616af8584db52e81e96e840a0ff24dc7c1376825dfaba821586a6ceaef0c7,15,1,0,0,0,0
TargetOnly,1,20260926,593,twitter,6a006bee7a8ef46994e698dab791821ae894519158bac09839b9c7720982447b,5,1,0,0,0,0
TargetOnly,1,20260926,594,twitter,0ff7cdb2a6d5207e493f159f4831ba1c9bb2f34ab75304c94333523c20d86c68,3,1,0,0,0,0
TargetOnly,1,20260926,595,twitter,15ef1bcd3c9bd82e8daf1f10d502977edec7ff2968ad5926e2110b7ce29fb769,4,0,0,0,0,0
TargetOnly,1,20260926,596,twitter,48654f6b05fb402f5989d578766c2dd54dc40403e9a190b13a1301030a08ad1f,7,1,1,1,0,1
TargetOnly,1,20260926,597,twitter,5ff210c8884d0102a275475473c5cba0c0f2db63e45b1be91cd5778b90e7d79e,6,0,0,0,0,0
TargetOnly,1,20260926,598,twitter,183c48d7a2aab033ccd20104e819d38f67433097750771e7821c6e7961c87ffd,10,0,0,0,0,0
TargetOnly,1,20260926,599,twitter,55ea2cb0b59a864f950473104cc288ed311999fe5b9c195d5edeb7479d4a9306,5,1,0,0,0,0
TargetOnly,1,20260926,600,twitter,f1b5e9e6d6f733f94f78785c7b3acb329a53a736ebbc27d870531a64250b02e9,3,0,0,0,0,0
TargetOnly,1,20260927,1,blogs,f27ea2d29c7104c919b3db28c6665a75f06509e20abfce2a096f6bd7fdee17a5,3,1,0,1,0,1
TargetOnly,1,20260927,2,blogs,2e33f63c7626dbc369773847be674268e62ff845811d0f1a707abb82d030fda8,4,0,0,0,0,0
TargetOnly,1,20260927,3,blogs,3a5c23d72140c92c25f4fbd08b9ac0feecee320dc88c6ee630121fbb1dc7ba3f,5,1,1,1,1,1
TargetOnly,1,20260927,4,blogs,150f418fb152be9cb918f6a5cddb03c13ba3de68e7a2ad474b9d73f9888b10db,32,1,0,0,0,0
TargetOnly,1,20260927,5,blogs,379382c7ed6229fb6a69c6e7589b03d3240417a25dc4be8d5bfa25a7d0e6a114,20,1,1,1,1,1
TargetOnly,1,20260927,6,blogs,1a3d0e172a1fcc90d98522daac9c53c1add1ae3f5e1b59bfafdbaf7f15ea7e13,15,1,0,0,0,0
TargetOnly,1,20260927,7,blogs,b1bdb15784994402f4445749c82f4d5fa4972fe0ae3f775cd198f3db707ed5c7,36,0,0,0,0,0
TargetOnly,1,20260927,8,blogs,75ec673b2b31cde02d81eb99e409f3c60f43ed1afdb8d3477a01196e43e64dc7,10,1,0,0,0,0
TargetOnly,1,20260927,9,blogs,640a825583d8a72a7cd2175016d14e07d28d2bdd55709dbc8634270dfaec9da5,5,0,0,0,0,0
TargetOnly,1,20260927,10,blogs,91507145be5cf1fad2815adf342860b6bdac455d8db048b0374aa8c35cea72ae,24,0,0,0,0,0
TargetOnly,1,20260927,11,blogs,b72474f50716169e9748a2eb8e76b7ab5e47c06dda75b8e74db7920d216f09bc,15,0,0,0,0,0
TargetOnly,1,20260927,12,blogs,4e8895ae50463f9bb1588854743dfddeff57c6d568879614efeb3e276882ab37,4,1,0,1,0,0
TargetOnly,1,20260927,13,blogs,8334b4540dfa719754aa0de65ed2e2986c1843ed87663872cd9a57a7753146d8,31,1,0,0,0,0
TargetOnly,1,20260927,14,blogs,c32c3e1300b8358f8bf7ec24bd106bbef01d3579e2c273272d5efc7b145fa792,8,1,1,1,1,1
TargetOnly,1,20260927,15,blogs,41b8bc114e6a873a647502ff550d0b54a9f7fdb2fdb10bff657a8df21d400073,11,0,0,0,0,0
TargetOnly,1,20260927,16,blogs,b57186493fa3a2c547d996aa77e54272d923628b38b4516aea24441809f9338e,91,1,0,0,0,0
TargetOnly,1,20260927,17,blogs,6fda27b4519c3b1f949aa789fafd4633a2f4715428108f635f869b6f6abb47e4,9,0,0,0,0,0
TargetOnly,1,20260927,18,blogs,8e31aa2486bd2af28e15adf7c3e90c3c5b00791a9a32397ade5784dc34970532,28,1,0,0,0,0
TargetOnly,1,20260927,19,blogs,7d7f9e354d8330b014d1ef7c7cb1d9701045bc373464c2dff27577df2203228f,25,0,0,0,0,0
TargetOnly,1,20260927,20,blogs,32cd52cb54a0a85df0b971cd8c0dec12b0e8fca77376c9ed9eed5d52992e76d9,2,0,0,0,0,0
TargetOnly,1,20260927,21,blogs,3f11bb930af28be6636d3b7d33c9d93c16b75c68d23c735cac8a5f410b6e3565,5,1,0,0,0,0
TargetOnly,1,20260927,22,blogs,c3c80837aa0856c9606e04dcab979b22143dbe7815d5c469b05d365064138398,2,0,0,0,0,0
TargetOnly,1,20260927,23,blogs,f9c18fac0730e3adf3d480213575a4cbb220eb2947050930de7197229981d9fd,21,1,1,1,1,1
TargetOnly,1,20260927,24,blogs,3de6e4df992e71eb825eca79e7a59069fc50a064448f89979e471bcc3c22ba75,2,0,0,0,0,0
TargetOnly,1,20260927,25,blogs,cd672f6d7025d9ad0026cbba9bb3fe3ed6e71093ac88175f8ac2bc4e94f32a5a,68,1,1,1,1,1
TargetOnly,1,20260927,26,blogs,ffffbefc9a109669ff1a3ad2756ffb1b534daee5f90fa1162e36b37538116f43,2,0,0,0,0,0
TargetOnly,1,20260927,27,blogs,bf42c863d826b55a8070e1b8271fe6f2e04ddbc417207c1f1eb541701a91196f,15,1,1,1,0,1
TargetOnly,1,20260927,28,blogs,d67f3e27829d44de0441ec7eed10ea7e2c56c932e9f84f5bd174bd098965c994,14,0,0,0,0,0
TargetOnly,1,20260927,29,blogs,0989b5237eb48e59cad83dca5762b211d7ce5641230183f24ce883fe76205abd,12,1,0,0,0,0
TargetOnly,1,20260927,30,blogs,5cd9b83ec4ed2b0d02e2007d2c0408dba6b5ac9fc94263f469660eb274c34f1b,23,0,0,0,0,0
TargetOnly,1,20260927,31,blogs,dce1fad10ecb15835e20e771fa9582bbfa84509f2029a76bc26617a09e82b6b4,46,1,0,0,0,0
TargetOnly,1,20260927,32,blogs,cf963c65aa4e6aec5caff27f73e21a65cd1c496deca38dead971f519caa4a10f,75,1,0,0,0,0
TargetOnly,1,20260927,33,blogs,eb9f5bb77c9a3c3e31f269b25b42f96b69b7430186e38f0867f9015ccaa73417,64,0,0,0,0,0
TargetOnly,1,20260927,34,blogs,bd8985b74110ad26e2fc4ca3546ed2b4395d03a592c0585c2d7de7e26f1fab49,5,1,0,0,0,0
TargetOnly,1,20260927,35,blogs,7cc50f2dcfa90fef70167174027dcc0a2745896138b6bca25927ca90a44949c9,28,1,0,0,0,0
TargetOnly,1,20260927,36,blogs,1c5951e89a7e0d1267c533d6451876a1334d82fe301be34c567c2f0ab8d99491,3,1,1,1,1,1
TargetOnly,1,20260927,37,blogs,b25f994e529814b9fdf2bb21c64f49575041399a9bbcac0b4eea0554023236f1,68,0,0,0,0,0
TargetOnly,1,20260927,38,blogs,7a3925616ed56a8b85d5847676ae5aa6555e924f9eafdd9a0c743f1a2e30b300,11,0,0,0,0,0
TargetOnly,1,20260927,39,blogs,7ed840123b75f79024bc8d1dc218fd0f321c243a4f61574d890d2d41b9ef8f5c,3,0,0,0,0,0
TargetOnly,1,20260927,40,blogs,352c4a5237c0f7936acfceaf5fcb6ad851c1ec3bec851f002f8f2afc631ec909,1,0,0,0,0,0
TargetOnly,1,20260927,41,blogs,d2060adc06b000c7a152cb9ebd9c97fc8482baccbb7d26a051b8c99ecedb0020,2,0,0,0,0,0
TargetOnly,1,20260927,42,blogs,48a8a3b3ef24a02d736f34936f68558dd17258253c096871ec4c33fd0feda660,1,1,0,0,0,0
TargetOnly,1,20260927,43,blogs,19d04f212bb0c9a83fc08d9844cccf7fa83000c4c8f5d5bf0bacd5a1bfdbcfe1,2,0,0,0,0,0
TargetOnly,1,20260927,44,blogs,7cc7aa0a9cd8c2f9e0ad4e8bdde615c25d284ba8b1ce1e13bc16ad6ea987bf57,2,1,0,0,0,0
TargetOnly,1,20260927,45,blogs,8af68e87d85431bd6bc7a862171855c16c0791857530d46d4dfec1deddc23696,2,0,0,0,0,0
TargetOnly,1,20260927,46,blogs,f4f91a0016cfe63d6bc462744ca56478e36afc5c906dfa42905d004ead7ac90a,33,0,0,0,0,0
TargetOnly,1,20260927,47,blogs,d5054b72c01dd6e1d22489654daa3ef8d380be567c39326fe54107968958b2e0,32,1,0,1,0,1
TargetOnly,1,20260927,48,blogs,bb30fe263c00366818d0e6d06bfd8e9569b764d3ccb1384e3a002358c31381ae,159,0,0,0,0,0
TargetOnly,1,20260927,49,blogs,d267074911573a6de4266cd018b5ff9d916c188df7e0bc04617ed99ed72e7548,3,1,0,1,0,1
TargetOnly,1,20260927,50,blogs,289ecbb05bd1df116b388dfce818a704ce3b45504536e71478dbb35484478a89,24,1,0,0,0,0
TargetOnly,1,20260927,51,blogs,27b71126ec92112afb54eb000137182029bfcd0ebc3d6dbd6cd6d9483e3a4234,1,0,0,0,0,0
TargetOnly,1,20260927,52,blogs,ddede43370fa553ae2705c278f52107fabdba65412378756953c6d27913bcf0a,5,0,0,0,0,0
TargetOnly,1,20260927,53,blogs,5918f37fca3c7089c9f83756790ef55fa02549c3383a53e67e7ec28401bb412b,46,1,0,0,0,0
TargetOnly,1,20260927,54,blogs,2a2c45f7d25bf1f3be66a95a02a88f42d3b03e2016e5bce15e735cc9c26910a8,43,1,0,1,1,1
TargetOnly,1,20260927,55,blogs,1b318a52a1fc587e9425cc21811759c771ea51381d41a018d6a4bd3d02cc45ae,21,1,0,0,0,0
TargetOnly,1,20260927,56,blogs,580589c89a508ed2f4b1766886ba623bec667f18bbb282189b3d36ecd412209c,2,1,0,0,0,1
TargetOnly,1,20260927,57,blogs,50b9d5391f73c1fe0c14b262ff5abeb64fa1e880491b3cdf9736900d8f29a7a3,9,1,0,1,1,1
TargetOnly,1,20260927,58,blogs,929846bf043468a80ab4f13004e997e29b18248e39cd61f60c2f2483e82ae9d9,2,0,0,0,0,0
TargetOnly,1,20260927,59,blogs,361aa83793b17e1cb64a7e78bebe2c9dde88d0751b7ef508242823501bf26cf1,8,1,0,1,0,0
TargetOnly,1,20260927,60,blogs,0ec1f7437566873287fb4ce2337545d15b04fc9859d7c9df732eaf3828b639ff,61,1,0,1,0,1
TargetOnly,1,20260927,61,blogs,8a408670d1fffe106c3249c50114ed0ee76b8aba4d1cea1ba97bbef380613c9a,26,0,0,0,0,0
TargetOnly,1,20260927,62,blogs,d3aa691ddc018a6d5fadf674929c511806af19a69aa261d8c173c0ea587b5c3f,48,1,0,0,0,0
TargetOnly,1,20260927,63,blogs,59d0f2409d827263bcda66b91fcabe32b1ef885a9550d6898df2a271a5ec034d,4,0,0,0,0,0
TargetOnly,1,20260927,64,blogs,c49d87c5affe4e36ae34217c03e51abadf80293b674c00e50068902705ba16ca,5,0,0,0,0,0
TargetOnly,1,20260927,65,blogs,769d17e744efc9f359f472b33b7eb105cfeacd41c8a520c02c0c4aadd552c805,31,1,0,0,0,0
TargetOnly,1,20260927,66,blogs,14fc8df07a8d53d992cd72761a6265695f6c1fdeced1febb4fa01fc775b2777e,67,1,1,1,1,1
TargetOnly,1,20260927,67,blogs,83a1203467cbe6489cac8a50d562ea477b423c9ebb81fd31272f9342e90ffc34,62,0,0,0,0,0
TargetOnly,1,20260927,68,blogs,6d5ed27525ca9d74933058c30ac43026dc1e3f55835b8ebe864d70b14add954c,20,1,0,0,0,0
TargetOnly,1,20260927,69,blogs,a84b2495026668563d2d2b80e26c295978500cb674de72c200fcd9aa5d99ab93,20,0,0,0,0,0
TargetOnly,1,20260927,70,blogs,f388cd77a4ea5c2114bec4dec6f7757e3b4fbae9eb400d8097f0d77d02748e35,185,1,1,1,1,1
TargetOnly,1,20260927,71,blogs,e950195b249e4732f401a15b796b714944447b9025203d3108daf112473e750e,19,0,0,0,0,0
TargetOnly,1,20260927,72,blogs,5ddc58f751c00ce74fe573241d6f045e9a5c1e0e56b5d4d43fb3f7a0556007a1,5,0,0,0,0,0
TargetOnly,1,20260927,73,blogs,3e691c6574767bc1494057f084358db0f018e395f8195813f147b4177033d5bf,67,0,0,0,0,0
TargetOnly,1,20260927,74,blogs,50c3f1c845a617b0e1552789043c90e959d925ed130f6f05de05d4c07d96a2b7,17,1,1,1,1,1
TargetOnly,1,20260927,75,blogs,4054deecb174f717e2fe6fe7bd4095a27d06200b8043af5b7d915eb985ef27a3,40,1,1,1,1,1
TargetOnly,1,20260927,76,blogs,e7e127780d035bd0c76f2ac65a8d93edc08d0bd8ee5b7014ad0f28d53b615cdd,4,1,0,0,0,0
TargetOnly,1,20260927,77,blogs,0999a671801d5c56c9233b675d4d7065e41fde5cde8dd4a5a64a1220029d3e22,29,1,0,0,0,0
TargetOnly,1,20260927,78,blogs,67220dc16dbbefd83c149fb4bd803213d89492cd5fc9f6acec32669b8f0253fe,19,1,1,1,1,1
TargetOnly,1,20260927,79,blogs,764597b8401ca8bd3f09abd8c82151731453da8f44bdc36f11bb4997b73165d2,25,0,0,0,0,0
TargetOnly,1,20260927,80,blogs,75fbc187e71ed80033bdace43c3626ab186cb429aaca32b6f08c9b1b0b8444b6,36,1,0,0,0,0
TargetOnly,1,20260927,81,blogs,cd15e561e7fc867b9c2e835e800154bd0be757e6d640fadc314f677476e5b7b5,11,1,0,0,0,0
TargetOnly,1,20260927,82,blogs,ae8bf5c69965afe9d176327f89b31a40337814b960d80ae01bc968dd46cc3349,1,1,0,0,0,0
TargetOnly,1,20260927,83,blogs,249ceba8002b87707e882c3b63b9feb25d5764164d7de7b50b6a4e442032994b,1,1,0,0,0,0
TargetOnly,1,20260927,84,blogs,088086dcb5715f8edea12bf99b220bd79151ef92d8d5639b9ce6ff2af750aa3c,17,1,0,0,0,0
TargetOnly,1,20260927,85,blogs,535e5a5dfe34014f1aa3060f920ac58e2b09d9acea67a8f520c8f578cbe60864,13,1,0,1,0,0
TargetOnly,1,20260927,86,blogs,69d90146172c7597139af760c5db39978c46da358088125d8d8018e407866988,26,1,0,0,0,0
TargetOnly,1,20260927,87,blogs,30a9f0776e80a74797c413ea192774c5b1e6e0e956f224b86e82f54713ec3e08,6,1,0,0,0,0
TargetOnly,1,20260927,88,blogs,f90f6dbdc4c899da2381c21acdcbcba25e82f0028d37b93e8e9c2b37b334b20b,11,0,0,0,0,0
TargetOnly,1,20260927,89,blogs,67a5c87095d7430d61a213350a487b0accdd17112ceed832ba93af6dc39b3e4d,3,1,1,1,1,1
TargetOnly,1,20260927,90,blogs,eb7d4242ad15e73cca7b4e53af9564d1a63b6a510e7a56c218d37b0d625547f8,65,1,0,0,0,0
TargetOnly,1,20260927,91,blogs,b8daf113cf9a3b6204e823218b188ffcbfa85bf1e8b8f9d229d75376f9be2ee5,48,1,0,0,0,0
TargetOnly,1,20260927,92,blogs,95124b3051baf8659f3adaebbdb44983593a0997272bee4d373b5bc38414521f,23,0,0,0,0,0
TargetOnly,1,20260927,93,blogs,282b497fbec0178811613bbdba5ff9eec0c1ee54a0094898833227e3195cc29c,12,0,0,0,0,0
TargetOnly,1,20260927,94,blogs,509296d7af69829fce10c4fd63587460123a0b8af109b6cb341c049eaba5f153,51,1,1,1,1,1
TargetOnly,1,20260927,95,blogs,a7b1855e998e5636d2a0ea7547dbefcac979b5cd94d74c0ecf03157e070feca3,6,1,0,1,0,0
TargetOnly,1,20260927,96,blogs,67a15e555ce8350272b10576f900f5bbf03ba45fcdc6732e5989f6021fd1c734,2,1,0,0,0,0
TargetOnly,1,20260927,97,blogs,ffc6a00a75bcc4917e4e5405de5b513c8567c6ff1c829ba5510ed5166a084c1b,100,1,1,1,1,1
TargetOnly,1,20260927,98,blogs,6bb422a226d7c6f7d2a40d30f944587021e16c54880bcf2b3e0743660ea40c56,23,1,0,0,0,0
TargetOnly,1,20260927,99,blogs,057f13ec60395b2844f2b28f3d1291cf3e85e1064f584ee4e0e2a85179a21d5e,52,1,1,1,1,1
TargetOnly,1,20260927,100,blogs,7313906fc7c18edc1cf436c1f991cd4fef7cf0778b3cd69a6e5b24f5aa353540,43,0,0,0,0,0
TargetOnly,1,20260927,101,blogs,97e5167a0cd7d3e8ca22727841a734bdb5bd80e62a3d8258538561178346eb78,32,0,0,0,0,0
TargetOnly,1,20260927,102,blogs,d79c04c6f0e22149c1c9006a42e3e9c7f9df76cb6e1390cfdcebabcbb51bb8a9,16,0,0,0,0,0
TargetOnly,1,20260927,103,blogs,4dd737184fc361b8cf976ef430f2dd21985f4e868137c42a996e8e3e695ccd95,14,1,0,1,0,1
TargetOnly,1,20260927,104,blogs,ac9a8a0d3cfe9c7bb2f3b752bf5c26ab3c69ed2f372c9839e4d8b1fbf6ed0331,2,1,1,1,1,1
TargetOnly,1,20260927,105,blogs,9dbee1eacb6a2dc2637f5fc3d44059ea4bcf626edc2c4f21d738ac16c883e40a,3,0,0,0,0,0
TargetOnly,1,20260927,106,blogs,62a099be03468391755a96421abbe0f9e5b0162d527f2962dcdadf8c95573dcd,16,0,0,0,0,0
TargetOnly,1,20260927,107,blogs,091877a1635d9a665633883b50bd5dc36bc5ca9e5585d0983bb1a29b4a8c3d1e,20,1,1,1,1,1
TargetOnly,1,20260927,108,blogs,9c8d9ad6fa9079fd13f306d57eee0dc27528927bc26c393dd88fe8a4394bd34b,56,0,0,0,0,0
TargetOnly,1,20260927,109,blogs,a891f0e31026aea17b7e618ecb1770f88745de47af609e61c3c463d370c1008d,39,0,0,0,0,0
TargetOnly,1,20260927,110,blogs,5d92b68393bbdb849fc1ebfad9c6b34cd6538758370ddc7ad3629fced60a5d7f,25,1,1,1,0,1
TargetOnly,1,20260927,111,blogs,74dfb95052a454d55132e41c8b4dcaef8477b01e8c7ab901d723b5f0e161b6e2,12,1,0,0,0,0
TargetOnly,1,20260927,112,blogs,8cd3930f92a0a8ebcb133d931ebe48117c56b2235e341a4583296c55f8c9e250,5,1,0,0,0,0
TargetOnly,1,20260927,113,blogs,30490f8f285188f117b5dc1339c3693c23a69819f1a0ee69322f604d9ec499eb,7,1,1,1,1,1
TargetOnly,1,20260927,114,blogs,24d039524a223ce53179db33269afa83fdae9e4d5d1e4ab8858082ff731c2a15,27,0,0,0,0,0
TargetOnly,1,20260927,115,blogs,f4d9e25f742070aec6a949d7197d30714a6a67b120226b3d1eaf85136351db0c,57,1,1,1,1,1
TargetOnly,1,20260927,116,blogs,6a4e3a33617c4fe6ab7ef6486f850708e32ea6014ca3d9c67dc608012463a971,1,1,0,0,0,0
TargetOnly,1,20260927,117,blogs,301733dbfab361290501489be559d8c81ed730e6b752acea9cfe4fcaf92b9900,3,1,1,1,1,1
TargetOnly,1,20260927,118,blogs,e9d59ebbbf86bfaf89c2a88befb5ab14401779a524e927d619a1ab87e0d8bba2,2,0,0,0,0,0
TargetOnly,1,20260927,119,blogs,5dbfe67d0d54de168c6c7693cf911b389b643c7605560d75c61dcc324cb7c9f9,39,0,0,0,0,0
TargetOnly,1,20260927,120,blogs,2bc6ee6e94906badea024b70b2aac8873e18f8f12396aa3e20a49321e0c12021,9,0,0,0,0,0
TargetOnly,1,20260927,121,blogs,ff60fd0c2b5a8c0d0e293887350048ce6489caf891ebef6202418289bce6e77b,7,0,0,0,0,0
TargetOnly,1,20260927,122,blogs,944a591a2802feee58d0ee711428ff20c4f16e702aa72d72ea4fc1c77057c67e,2,1,0,0,0,0
TargetOnly,1,20260927,123,blogs,beef00b6a3aa10e4e2713d2e117c6719e5cb12f4b8b0a792a21f714430ed2461,51,0,0,0,0,0
TargetOnly,1,20260927,124,blogs,19e0072349b355cd43d26b51eadf2572e236292a915cd0aa89f9925e0f5698ab,54,1,0,0,0,0
TargetOnly,1,20260927,125,blogs,8ef449862b952c2f06d7826273498842fcab93118caae140feddbdbe83c8041c,34,0,0,0,0,0
TargetOnly,1,20260927,126,blogs,320adf1e1f032ade513e367aced54481158d7c681490476bb74e6b441fbb3bab,9,1,0,0,0,0
TargetOnly,1,20260927,127,blogs,c6d4ce500ccf0dc7143630ddf7223fb8b6b76bfa002279192c3545fdb861acb6,2,1,0,0,0,0
TargetOnly,1,20260927,128,blogs,15f360109886ff0f2398f4d545d27e15c381c7503de8c07a802bdc9a087b07fc,5,1,1,1,1,1
TargetOnly,1,20260927,129,blogs,e3791dab62432b0c9d68c62beb88e6e1ccd7edd5db8d9e4ac1abd8c0702be29e,4,1,0,1,0,1
TargetOnly,1,20260927,130,blogs,43d332dee0b904d3c1628d681c718914a3a73d93364206589288c37e89b50d76,1,1,0,0,0,0
TargetOnly,1,20260927,131,blogs,5dd00d3232116b0907ceba5c43642c30d11be8c789c72e3f8564adffbc66023a,1,1,0,0,0,0
TargetOnly,1,20260927,132,blogs,c433dc10bed170d2610880bff6d5d7da9a684d3c8988c279672f97489717f38a,59,1,0,0,0,0
TargetOnly,1,20260927,133,blogs,451722abcc2bdcd0e5cb1f504d40f921e803606a0a2a01ae74a833a2677bfe21,27,0,0,0,0,0
TargetOnly,1,20260927,134,blogs,438dfe05145e2bfe0049ede47edccf11088ea8d06067ee48d0cc70c4cf10712e,26,0,0,0,0,0
TargetOnly,1,20260927,135,blogs,06a5c73a7734d956a1b27794f679da9667df483aca4d715063af2d78edb2095e,51,1,0,0,0,0
TargetOnly,1,20260927,136,blogs,da2ec48c8e7089305013b793d4e852d26eaddb6f08b1c9e52eea32c50b80818d,16,0,0,0,0,0
TargetOnly,1,20260927,137,blogs,a7e42b1871c48384f4c2dfb5293403f48ec9efc1cf0ca6c9b5d283a0ec871daa,85,1,0,0,0,0
TargetOnly,1,20260927,138,blogs,4b8c6b4cbab8492c1c03e6e11f89dc2fe2b4a48390af288c1a01e91b3a09706c,1,0,0,0,0,0
TargetOnly,1,20260927,139,blogs,81ab4d2a755bb70f92120ee3d8eb11095d8d9b27eb22b5c5faed15f0963db1c6,7,0,0,0,0,0
TargetOnly,1,20260927,140,blogs,a4330c45c8991563700271f6f8b8e220f41119f7eb838e5413b94b5a4a73e962,1,0,0,0,0,0
TargetOnly,1,20260927,141,blogs,76cedcf8ab9c21f8b1389d7ece4b23b7e7a2d05965cd0ae3862b9f74e3a62504,34,0,0,0,0,0
TargetOnly,1,20260927,142,blogs,179ec92938bfecceef666117b544d94386d97b6edd1f0a343cf1957f3a395bd8,20,0,0,0,0,0
TargetOnly,1,20260927,143,blogs,ae8ab4794661237a7a3384e23b25a1ed1045fa9c7ffb13456fbd63d1c3112065,17,1,0,1,0,1
TargetOnly,1,20260927,144,blogs,fd4b176499e87ac7ba1fd7ab79f3d65a409c50e2542a933c90a8d17c6acdfdf4,35,1,0,1,0,1
TargetOnly,1,20260927,145,blogs,05cd15e66d0926b7d521b824a542ddd09ad264d663e67ccbc53cd72f8a85a3c7,16,0,0,0,0,0
TargetOnly,1,20260927,146,blogs,cbdaf8d123838f408601324e84b4ca29b11ca226f400da1b2e7db52da552012a,8,1,0,1,0,1
TargetOnly,1,20260927,147,blogs,0ea53809eccb3a953b4e8be7cf5159b0b7a3653187b3d59177b599770d546c1c,24,1,0,1,0,1
TargetOnly,1,20260927,148,blogs,285c8d26edf037e359c00d0152bf525bced924549c300a89327df90b43ab0112,1,1,0,0,0,0
TargetOnly,1,20260927,149,blogs,dc0990e106cfefb238974b070a67cb06aa19ab22ca4c1d7b2568b2ac48840f55,5,0,0,0,0,0
TargetOnly,1,20260927,150,blogs,2310f9018f334d5cea26c51572604ee994ba0f75067ad4e55f60b051720eb666,33,1,1,1,1,1
TargetOnly,1,20260927,151,blogs,ed1730a70dd632b9c1f59f50100c1039da72f55f8cb9f7da3fdf1d49c9e04fb0,22,1,1,1,1,1
TargetOnly,1,20260927,152,blogs,b91c60eefa07efc8d8c766b76dd128ca4a516d7c24cf713f1b5f3064169935e2,1,1,0,0,0,1
TargetOnly,1,20260927,153,blogs,0c6dd475cb7252e558272ed5476de7ec6792bdc4fde6bbede235965bfe6f5080,14,1,0,0,0,0
TargetOnly,1,20260927,154,blogs,b04ed46d0f25dfef118ccab2a0ea2635e5d2c55ad0a77ed20858623e46b686ed,1,0,0,0,0,0
TargetOnly,1,20260927,155,blogs,d4b71e71cae5e44e4118081553ec5530ee80dce7a886c85749d9e45377fe699c,109,0,0,0,0,0
TargetOnly,1,20260927,156,blogs,819892f3f9c07c0b6ecc3bbfde5dc87757f4a7c446f8bf6430a38284ec3786f2,44,0,0,0,0,0
TargetOnly,1,20260927,157,blogs,b5b776f2980c8378cb1f2834e76e814863e4b7411f5de5b9493cbf1430db1fda,10,0,0,0,0,0
TargetOnly,1,20260927,158,blogs,181e694b77fc212dac9d06987bbeeffa7e9aaf649b8a06eb3cd97de3ecf0d4a2,2,0,0,0,0,0
TargetOnly,1,20260927,159,blogs,816866080550f09f99095e912c60005960caff3b6aeaeca9f6f643f77caf856e,21,1,0,1,0,1
TargetOnly,1,20260927,160,blogs,b40e9b17841eed5a6bf44e893dd5557121bd34ddea8bbfc9b36047d0f351938e,1,1,0,1,0,1
TargetOnly,1,20260927,161,blogs,2bde01ba2ca285280be21974bb2e818ec57704b1a06bd18594851fa19afa68f3,105,0,0,0,0,0
TargetOnly,1,20260927,162,blogs,0df4a64477ae5b424ff425316f9868d2cd3af3672519dbcb50a7eaec81655be2,21,0,0,0,0,0
TargetOnly,1,20260927,163,blogs,75b9bc23fa68a45c5cbb5357bdd745a44b141fe9cd1baca335426cb31bd26ac2,96,1,0,0,0,0
TargetOnly,1,20260927,164,blogs,41c11852c3d7f62f07a039d1a1353a98b852abb90e4cec23d5d062f5956925c3,25,1,0,0,0,0
TargetOnly,1,20260927,165,blogs,fe647385e8934d869c08d261ba262604a358a7082418ec109d6a3917992de0ce,9,0,0,0,0,0
TargetOnly,1,20260927,166,blogs,cabc98d4eebefe718f9bb866ac66dd8d3314f88b39d4c5a53ab8c13e188e5d42,13,1,0,0,0,0
TargetOnly,1,20260927,167,blogs,9134bc3a8054df8751179dad332786de55d8d30cc5836cc9f7cf5e2da9efa5df,2,1,0,0,0,0
TargetOnly,1,20260927,168,blogs,8a3a45ac9c16931b8304e58742820a06356dab7e3180d238153ad969014baf7b,18,1,0,0,0,0
TargetOnly,1,20260927,169,blogs,6ae9a8233ae0006692e733fab7dbe811f257308042e32824cb1f91a858c9b7ad,1,1,0,0,0,0
TargetOnly,1,20260927,170,blogs,c8239036c7ba0f97df365063fb3ff245075aedc7576879a800cb5ef00a5dcf57,23,1,1,1,1,1
TargetOnly,1,20260927,171,blogs,7d03b2aca820442d1dd4ed0758332bbf7c0221d6fc21adbdce3f3770b285ae6a,17,0,0,0,0,0
TargetOnly,1,20260927,172,blogs,834f59365e75020a10a53d47e8e8ad53d12910d3ee6d4b5ff3c7c32bcdfbf393,40,1,0,0,0,0
TargetOnly,1,20260927,173,blogs,c80f10ca557aefbfa87690f531b64b36706a0a3def3a7f273afe4fbde70f3e71,13,1,1,1,1,1
TargetOnly,1,20260927,174,blogs,85b823a7393ea003b8c1fd3cf03bcae450129384d78f6ebf341f48f63e33b66e,2,0,0,0,0,0
TargetOnly,1,20260927,175,blogs,8c62b466ff3e7bad679361a0c4a94c8e8d1c980db7d24f1a942c3cea49c9d9cd,3,0,0,0,0,0
TargetOnly,1,20260927,176,blogs,2225ec3cbc148f64c837bd4f0dfa7ca8d15d475f90d759ac9d6746e670f48b58,58,1,0,0,0,0
TargetOnly,1,20260927,177,blogs,78ce70ab8fcd0433ee30382fe3d07bfa99bcc9551dbaadaf1bce0ff3b72043d2,55,1,0,0,0,0
TargetOnly,1,20260927,178,blogs,87877f6b81280379d0fc181f082d80c0a7fc942a8038c03eb870ce02c115e670,32,0,0,0,0,0
TargetOnly,1,20260927,179,blogs,d58f95aac1deaa47a480250ca69c64722f6033cf98241eb12c54075b4e8c0cbf,2,0,0,0,0,0
TargetOnly,1,20260927,180,blogs,02822979e79f67ce6acf619f7ac6f6811666876fb03211931a0d22f5e2f357c9,3,1,1,1,1,1
TargetOnly,1,20260927,181,blogs,62398e7fe9510a2356e4ac9a0605e35d2f75d6537c9e5f6a0ef16a11df64f3c2,18,1,1,1,0,0
TargetOnly,1,20260927,182,blogs,125a21d647198b9a9b4e532e1c21173099b5b77a2505eca5d495dd18b38ee645,1,1,0,0,0,1
TargetOnly,1,20260927,183,blogs,4d0020fcf352e469a312236972f4d1d7fcc55128719c4b47a8c3279484cc2335,48,0,0,0,0,0
TargetOnly,1,20260927,184,blogs,ff506e4767af50216ac5a9b0569f13991d6dfa9ea57ac2e3a34de3687712c5ae,3,0,0,0,0,0
TargetOnly,1,20260927,185,blogs,94231909c40f07766cf97675658be0eb54956ef50a074d39a685824e15438b3d,16,1,1,1,1,1
TargetOnly,1,20260927,186,blogs,49a0ee2e414502b63d9df3d56c069e4f3895b41506ade52623cda2dacae3f022,4,1,0,0,0,0
TargetOnly,1,20260927,187,blogs,48c2d41352191f36f12cce7ff0364f45f7fe2c0830b9313412e361daa76b25cf,2,1,1,1,1,1
TargetOnly,1,20260927,188,blogs,c5dc16b9b66ed2581bfd3b55c3b434c368c281fe8da26099c3f65a756d49d2d3,11,0,0,0,0,0
TargetOnly,1,20260927,189,blogs,25bf1823372cac021e74991c577919cb77df32328e8310f6891118e46f7b0afe,2,0,0,0,0,0
TargetOnly,1,20260927,190,blogs,99297c1b0394f506185f5c7caf08666e663565bdd3b300b86e65fd4fff2bd1f7,35,0,0,0,0,0
TargetOnly,1,20260927,191,blogs,78b55d6b0f18438c47e60fce7e1b4234a0a7375c0f83b3afab4cb125ace2f96b,46,0,0,0,0,0
TargetOnly,1,20260927,192,blogs,4e56cdabed510a78bff69e4e7dd0386e670d803935709b84e3166dd1c4e2b39a,56,0,0,0,0,0
TargetOnly,1,20260927,193,blogs,81a2e1df0e2008e3c66562bcfbae4a8fce030a337c9503eaf7744a0ec5a3aeca,3,1,0,0,0,0
TargetOnly,1,20260927,194,blogs,21fc094822685d1b42829562e9b20fc04500bc9ffe43ac0caaf104448e242180,2,0,0,0,0,0
TargetOnly,1,20260927,195,blogs,99dba9a6a0e3d175783facc4da880a998e55a6ba3191f9e797e333df760e04c1,48,1,0,1,0,1
TargetOnly,1,20260927,196,blogs,9c80a57bf0374f50d9139dde80c889481b2fdf9f5e1f66e2f0dede2504e7fc11,33,0,0,0,0,0
TargetOnly,1,20260927,197,blogs,d6732e82c7c7c93932196cca218a17cc01d85c909e5c3a596ce816c8c176499b,3,1,0,0,0,0
TargetOnly,1,20260927,198,blogs,c329ccf68f3d1473f59497cd2ddeb670fa914c495cf411ba9cafb25a93a3d917,1,1,0,1,1,1
TargetOnly,1,20260927,199,blogs,3b84ebce6ba992d9e3dadeed4c7f7c006a25dbb0cc7d08f2d44fd0d71b97a2df,17,1,1,1,1,1
TargetOnly,1,20260927,200,blogs,c42b839afbb205b2384d1dd940a6e59e0a1f362d1c8ace78dddde19b54cf800d,48,1,0,0,0,0
TargetOnly,1,20260927,201,news,39689551a658251ab71594ed7115c7a6509428446424c987ef0334f4e1259cf2,41,0,0,0,0,0
TargetOnly,1,20260927,202,news,6c2ecc04f145627cf6e3af34bbf5fceab3446b954aeb6d2cd83bc149efeee194,12,1,0,0,0,0
TargetOnly,1,20260927,203,news,f294c79166f854531a597096235f35d4b90621bd2f1e6c1a36bfe2a7caa6c144,33,1,0,0,0,0
TargetOnly,1,20260927,204,news,1a66f0288092379e7c51f0169eb3e0aee0a661d07e1c3cae13f925c8e58ac0e4,14,1,1,1,0,1
TargetOnly,1,20260927,205,news,ca147c951ee4d9853546c34222eed78802527f4887856cd2889ec07a345d7ce5,15,0,0,0,0,0
TargetOnly,1,20260927,206,news,839e8f0cc656dd3309e4dd0144311fd085253962f1976a46ed9512608f19c2af,15,0,0,0,0,0
TargetOnly,1,20260927,207,news,37ad009ab98fd6a08ca9c0f908964a8e4d48070a2b1a95f160564e77129f44fa,8,1,1,1,1,1
TargetOnly,1,20260927,208,news,f78e73021a8caef1bc4e6c5f91f0e1da70aaf340c6b7934383b441f2acb63b44,5,1,1,1,1,1
TargetOnly,1,20260927,209,news,0e66323d8a74c4a0cbc1cc636b10af05c0e4b1d5f0c292d173d9ba8dd631f354,52,0,0,0,0,0
TargetOnly,1,20260927,210,news,d823d0c6826a6086c07837b8b036ff2d50385575f290b3819667e1a10f821493,20,0,0,0,0,0
TargetOnly,1,20260927,211,news,4fae3c1054dbe16a575cadd9751ac2f041699c12fcc82d694f84aecd55924d2d,12,1,1,1,1,1
TargetOnly,1,20260927,212,news,861cf299c1c71a57e4d6df354d502abb6a141bd5b898a80075a0061ed593626a,14,0,0,0,0,0
TargetOnly,1,20260927,213,news,2a1cfd24662a05e21a6c424c5596896e1e849e72e0350d176c4594c175ed6b3c,3,0,0,0,0,0
TargetOnly,1,20260927,214,news,02abbfee4ecb9712806b34f90968f8ca0bf1879fd88f601a90ae7adcb0e6712e,11,1,0,0,0,0
TargetOnly,1,20260927,215,news,4c44ce85b112b78e0dd597b040cfaeaba8389a76a5cbcd5d9cea8a2d9a76780b,6,0,0,0,0,0
TargetOnly,1,20260927,216,news,c8a428b6be6f1549d9a18da4fdb08bbd464801a9817516283c0d7f1630bbffe2,24,0,0,0,0,0
TargetOnly,1,20260927,217,news,646077b12ef792901090b66ed5252595010e1c765fed1db784bf60d80b2a88b7,4,1,0,0,0,0
TargetOnly,1,20260927,218,news,54584530ecb30860adbb367cc94c8b191e75dde863942b9140fe71b653393e20,10,0,0,0,0,0
TargetOnly,1,20260927,219,news,144ca05566dd24f560b15b10ca2c972157001d5edbca186ef1fe1282f095aa57,14,1,0,0,0,0
TargetOnly,1,20260927,220,news,e4928570ac166b05d2c0d2c972359b12530aa8a4a4c4a740ee7e0b47b9830f2a,39,1,0,1,0,0
TargetOnly,1,20260927,221,news,5f95e525324509c46723ab472dcf0774885b260f53ca88dcde746c4e4dbf6e13,31,1,1,1,1,1
TargetOnly,1,20260927,222,news,28eb0c6c3f4ca7829380954075933745835cafad3213297117ae208557e3a2b4,3,1,1,1,1,1
TargetOnly,1,20260927,223,news,116018768100217f6dd4602cbfe1bbc9f984a0995184125aaf534cc4e3c02ce6,5,0,0,0,0,0
TargetOnly,1,20260927,224,news,74afef640a8ed3d4f81b202dd5c709962ff35e59d64611c6a3664e958bd2657b,15,0,0,0,0,0
TargetOnly,1,20260927,225,news,fa5593f7c18481c876ea98d640194154c73a228e380bb0866da5c84f08192406,21,1,0,0,0,0
TargetOnly,1,20260927,226,news,c45b0eff06db86efa4bafb956f1067864fd56b76b36070c495224c147bf4eafa,25,1,0,0,0,0
TargetOnly,1,20260927,227,news,1ddbfc8f4c1accec06540a7fb736a07af895a1c94a91a5e9859d26c91c9d6966,18,1,0,0,0,0
TargetOnly,1,20260927,228,news,6c3cad1556b7e83c07251cfa4de64c231d1ac17e5947bb5097ac3defb6a0647f,15,1,0,0,0,0
TargetOnly,1,20260927,229,news,c34774d56b228e4fc9c4f199ade1c835628d0738134b7bee7d00c169e6c716b3,36,0,0,0,0,0
TargetOnly,1,20260927,230,news,b7fc5d7c188768e544f34bfb6c778758335fe0c557d5aea0e9afa66e614d7441,28,1,0,0,0,0
TargetOnly,1,20260927,231,news,5da581c2742ad2fcd1e8419d98b57e7f05b774ca3117e5e31379e4122555fc90,7,1,0,0,0,0
TargetOnly,1,20260927,232,news,3716bd14c457d7c87865150d23fcfae71b98fe678b64bdfca1e916c6ba3d2967,25,0,0,0,0,0
TargetOnly,1,20260927,233,news,6bb9d51f8283f9bc67d71f02e3550bfe3b4898a1926a6c28621b624fbdbc5e72,31,0,0,0,0,0
TargetOnly,1,20260927,234,news,b37171009697f46f3e536bd1cd7b4f693bb79682e5bd19a4efee4a1ad47cf74a,7,1,0,1,0,1
TargetOnly,1,20260927,235,news,bdee0a11fda5eed2e0e46ef128d02422b536a091fa35255f6cf793b324f760f2,24,1,0,0,0,0
TargetOnly,1,20260927,236,news,3dbcba6a0e5c5ff8c8b61723f7a238e47f19bdf87f30208a7e00e311a9ccef29,49,1,0,1,0,1
TargetOnly,1,20260927,237,news,8c0fdc0b410bdac1604ab0393009f32bdcce20c061339f6695a3ae83322ccaea,8,0,0,0,0,0
TargetOnly,1,20260927,238,news,5671840d29f8ed528fa0b588f190b94036a96e5c8f3df2b2d143182821db9a5c,3,0,0,0,0,0
TargetOnly,1,20260927,239,news,7994ef125c9fa26c4ef445104acca367da1af670f36f62278bad67f2be0e5c2c,10,0,0,0,0,0
TargetOnly,1,20260927,240,news,4e719bb5eda6c6c6b49c93102ecf609b160317b5b276bb4ae02d172eb1fa7755,11,0,0,0,0,0
TargetOnly,1,20260927,241,news,cf6aefe72ec3b0a537a839b2c17d197c1babf6e73378f5c2524da5978ef3cf0e,7,1,0,0,0,0
TargetOnly,1,20260927,242,news,774cf0d15caa1b45c16bd688a862c35fa6198d73b69a784b5f5ada6343c8f8f8,27,0,0,0,0,0
TargetOnly,1,20260927,243,news,b3df094efdb01fd8c751037bf3bfa87d58cc6a009bb5fe59bd53d93e67848878,4,0,0,0,0,0
TargetOnly,1,20260927,244,news,4e1595f4a4005b7f2b28df5c15e2e26a19db54562fdd2539825d32654605af3e,7,1,0,1,0,1
TargetOnly,1,20260927,245,news,42b599e0bcf2d6a628c306cfaebd4343df6d6144bcd4b2d843612007f9c8e734,6,1,1,1,1,1
TargetOnly,1,20260927,246,news,cd2f346bd065aa18e6cfb84285bb7b8dbc10cb9cd84b750e58e3e7522d73cc4e,32,0,0,0,0,0
TargetOnly,1,20260927,247,news,f2f53e2249e1dfad8feea717d37e94e2e581dfc135135584259a1e616b879ed4,3,1,0,1,0,1
TargetOnly,1,20260927,248,news,4fc2f16b0fdc86b4be4e1d255ca818417a8ae2861aae8fe7bbf44959954e4b09,32,0,0,0,0,0
TargetOnly,1,20260927,249,news,12c8f76c7f8dc2f8b327d8664cec9e39c3eeff9f48d0893438db19881ca7a806,5,0,0,0,0,0
TargetOnly,1,20260927,250,news,78e68eb1bf28d10b5cc120a673dab18929a2e1f5c4b10c755f72b70fb33de64a,3,1,1,1,1,1
TargetOnly,1,20260927,251,news,1bdc2b39bd2b59782b1e047db91d07cc060213095d6624b1b218ec437b5a29dd,9,1,0,0,0,0
TargetOnly,1,20260927,252,news,ab3f5368470b8af96538041ca153f157191b36603b2c1839c3aa20cd2dd9c7af,10,0,0,0,0,0
TargetOnly,1,20260927,253,news,e1d3a9a2e2218a7dec19f789543169e2e3de735fe189fbeb92b3b8678976ba8e,70,1,0,0,0,0
TargetOnly,1,20260927,254,news,bb9ff2e5ee1c68c385818dee12530169ff1f64f97caaa5c9a11330c740a7e1cb,23,1,0,0,0,0
TargetOnly,1,20260927,255,news,30e043e791e0ec9367a3827077433d98bf5c9879c7b604a2226af614f7da9728,20,0,0,0,0,0
TargetOnly,1,20260927,256,news,0331fc2936e46ab649f06baed71821db53e7e44b69fd5d2267f6c72cdfab26f1,60,1,1,1,1,1
TargetOnly,1,20260927,257,news,f9cb0ccef9080b10d5f8c7e67a749935be30804298056361c663e78e5380d3e4,6,1,1,1,1,1
TargetOnly,1,20260927,258,news,459f3683c0af47d6b24df0aa3ae3c5d19ba8ca1f97915dabf46a3d5e9b10d67f,56,1,0,1,0,1
TargetOnly,1,20260927,259,news,4f070648b67f58eb808415dcc2ab1d2ddc63041070b4df6fd84d3d4e4246a7d6,8,0,0,0,0,0
TargetOnly,1,20260927,260,news,ed33a9ed9b76ba9439010243d04f123de12adfbe78ee243e0109975dca9a3e23,37,0,0,0,0,0
TargetOnly,1,20260927,261,news,56775191a039dbb699f1efe02cd92fc3f8317b370a6ce813b11d66a8f6a2887a,3,0,0,0,0,0
TargetOnly,1,20260927,262,news,a8e55d5d4606b80477a96fb831412ab2c33de776369983d30c42ba66aae4ba48,19,1,0,1,0,0
TargetOnly,1,20260927,263,news,e0e870c1c223833a2074950473e9b01112b66acd18d9504b14012ab08c095008,34,0,0,0,0,0
TargetOnly,1,20260927,264,news,058c7954af51e5e79f522eb5a501a9b19786174b03d31ddfb020ee3c8b9a2241,1,0,0,0,0,0
TargetOnly,1,20260927,265,news,b77f2c064cfa1a3389045c89d6dce3e9780cd33141457e776b78f2881f8a07d6,16,1,0,1,1,1
TargetOnly,1,20260927,266,news,f51c265bc6b6d9cd99d8c32d92de5d693e273b8c1131fc068fddfbdd0ad489b1,25,0,0,0,0,0
TargetOnly,1,20260927,267,news,3fde210eac279ef4508c6253126251fe376fb94671ed68c0b9035afb36b1a900,1,1,1,1,1,1
TargetOnly,1,20260927,268,news,af0eff7d74c50f90ce4380ad3b0b09dc2b1e85a9d773ce785645437d7e4c243d,12,0,0,0,0,0
TargetOnly,1,20260927,269,news,b24d75fccc88e23ebad8e6d5ffd98a5c90660f98c5de1d0a96a479ee3c414709,20,1,1,1,1,1
TargetOnly,1,20260927,270,news,e8431d7e2aca0c332bdb4fb12a3437627ea9bf8d3af729818166a5599e4e05dc,67,0,0,0,0,0
TargetOnly,1,20260927,271,news,2158c8ec63f910c2464e23c47eef690aef01bc75a2c0b28912de38d1eb72ff90,3,1,0,0,0,1
TargetOnly,1,20260927,272,news,fe70a797f900a43c80d0f6306a83eef1d349b1ab30fd4cec815bb5457ea3cbcc,7,1,0,0,0,0
TargetOnly,1,20260927,273,news,41015826a600daf9196a1aa0d162ad3c699954e16b886bdd40820c6cbe1f67be,11,1,0,0,0,1
TargetOnly,1,20260927,274,news,eb38b7bfb699d3c8aa31af7df2a403e183f02209b4279a14728cbe3fd617bcb8,14,0,0,0,0,0
TargetOnly,1,20260927,275,news,10ce4a884e0495a64aa4627e5edb3b2089d5fe54b0bbca86741f7dc94acdf3f8,2,0,0,0,0,0
TargetOnly,1,20260927,276,news,25a2744f7c7fe940870b7ef49440cb63437aa6be04505aec212e8a4626a3ab2c,24,1,1,1,1,1
TargetOnly,1,20260927,277,news,ae6a0271bbfcd565a855457e1d392aee06bc5a354e63e1d1d36b5e652f1110bb,1,0,0,0,0,0
TargetOnly,1,20260927,278,news,4c11b8777c73e9ce54766448a43fffb9ec2413b65bdd2440607dd8a5b92a7aac,15,1,0,0,0,1
TargetOnly,1,20260927,279,news,90d2061a65f5d0652113a62d18ebcd036fb99af8f38c0e8f0ea4e714307d3f76,1,1,1,1,1,1
TargetOnly,1,20260927,280,news,24942e614c5d526e7741bbd4b7965fced9d3b3479db57abb48a94712d2d35c90,25,1,0,0,0,0
TargetOnly,1,20260927,281,news,9fb28038c0781f639166bac66e6dd67672d78250f8e90eeae31bfb81dd8e6ace,3,1,0,1,0,1
TargetOnly,1,20260927,282,news,0c380c53b2851423fc5203119a957e4ed478c7f1fee32afae8887d79bd82c2ab,11,1,1,1,1,1
TargetOnly,1,20260927,283,news,3bd1b13f117dd481d63762770b22acc58100da8311ffb8e3f303a0599f8f45b1,21,1,0,0,0,0
TargetOnly,1,20260927,284,news,521877de27a539807a4a67e901a22757fbe8bcd95c0d282b19e4e0b6069c7f9c,19,0,0,0,0,0
TargetOnly,1,20260927,285,news,aa9e11819eeb739f488911ff9746c6d997eee7b02f413b2d346d3c4403ffcc11,1,0,0,0,0,0
TargetOnly,1,20260927,286,news,a71d4ea1b06a05c22fcf0e74ff7f98b5aac6a770133ad86ac9f09780dbda233e,31,1,0,0,0,0
TargetOnly,1,20260927,287,news,d52c8a2db321e01934e287ff413008837b3ca412a43430a1caf029000d3b8957,12,1,0,1,0,1
TargetOnly,1,20260927,288,news,50aed777704d8ad6b46a0884da82037c97dbb9853f0f087b15635e737c21b456,6,1,0,0,0,0
TargetOnly,1,20260927,289,news,b12490ca02ebb3223554d092b3366ecc308eaeb853ddbe996ba1197eb6a09d15,38,1,0,0,0,0
TargetOnly,1,20260927,290,news,744e3bf841548dce8f8cb6bc3d679db7501efc3fc1dfbbda6a0518237936d39e,23,1,0,0,0,0
TargetOnly,1,20260927,291,news,c60f2bbb0be3c8922e883ac3c9bf964b19f303027626a9632f18f84ab709098b,29,1,1,1,0,1
TargetOnly,1,20260927,292,news,8eacca2f0496df7ca99ad5c739232e3120454c8f34985a8837cb4a0c96128a82,36,0,0,0,0,0
TargetOnly,1,20260927,293,news,908241db5e3aa99ec85e6f06621a212a47cc434f44a2043fc901f50cf1ac5c5a,25,0,0,0,0,0
TargetOnly,1,20260927,294,news,8e999cc1b5d3c43fa017fb3d373d633adba728926a2d01eae0c05614e4b83e11,17,1,0,1,1,1
TargetOnly,1,20260927,295,news,1fe35ae8f55e3f01a97fbfe0f7969ea3e168bf8d331c0b2fab93446cda82b705,21,1,0,1,0,1
TargetOnly,1,20260927,296,news,e2c4266fcc6aab7b6d603c2ffbf7767e273ed22118debf3aa48ae832e5d050d9,3,1,1,1,0,1
TargetOnly,1,20260927,297,news,9181036b17982a4481215a72f27db6b306fbbfcb552af74b64b1b880485ff409,25,0,0,0,0,0
TargetOnly,1,20260927,298,news,7ce78cc37b45ac0e7ce2b3c02fc352c0a7c3733001f25945fbddddac49bca33e,26,1,0,0,0,0
TargetOnly,1,20260927,299,news,d03c55a68c2e0b83f9efc4cf6918536785a7839f6a281c6a219ced081c0558d1,17,1,0,1,1,1
TargetOnly,1,20260927,300,news,30f9c8bd931ee8b516a42e35a4cc5bdc081037f88dac1a28f55cb65b117f44be,5,0,0,0,0,0
TargetOnly,1,20260927,301,news,ecf67d80dd2b669b371d575896019d0f9c44815bc1cdaaebefb8fd73ab83a3a3,14,0,0,0,0,0
TargetOnly,1,20260927,302,news,6872a7585d41e0c343ed57560e83e9f9b3bbdadfa5716f127c9573b4f77e4f4a,16,1,0,0,0,0
TargetOnly,1,20260927,303,news,da005c11de5373fbd3c1b27950518656556e66c1fdececeee105b0de71f7183e,10,1,0,0,0,0
TargetOnly,1,20260927,304,news,7f9ed6116dc3ccca188b22bbd121848805e3e6c0280e9bf0faa4d0d72ea94eab,14,1,0,1,0,1
TargetOnly,1,20260927,305,news,098c69117b8881e56d058e8fc6b29d9c017f12ef3f55cdec9600fef0686337b7,1,0,0,0,0,0
TargetOnly,1,20260927,306,news,3e90153b6c55a74f72f4805d5b35e74a7176b561502cb6f601aa5c19555612ad,12,0,0,0,0,0
TargetOnly,1,20260927,307,news,4ea26a8abb5eb600ca358cdbb8d965a39b172db8a82187b9fdffc05078a04e6c,4,0,0,0,0,0
TargetOnly,1,20260927,308,news,9c7c01565b3472a352b333f8df678db211956321d35604d528fef38a494be67b,16,1,0,1,0,1
TargetOnly,1,20260927,309,news,bfce216ebb64ab7b37aaa1ad2ec6930d76944bddbb59599c7271e3235f76c5b1,2,0,0,0,0,0
TargetOnly,1,20260927,310,news,a637ac5d25eed8e246172972466e0d3912c04cd1727c1fbd187b04a39cec57f8,6,1,0,0,0,0
TargetOnly,1,20260927,311,news,871db16bb3649712406373bde33de2f9b2e70809cac90ab89aee8e7a8965007e,55,0,0,0,0,0
TargetOnly,1,20260927,312,news,04955e59e44c3d1fe568ad784c149fd27cb07c8951039910fe850170b3a5f7c9,2,1,0,0,0,0
TargetOnly,1,20260927,313,news,27d047ef104b9c698c32eb137aad6579d18acdef310b0d6e32cea34c114152cd,8,0,0,0,0,0
TargetOnly,1,20260927,314,news,a5a03e1b6dfaa5c72e856c47f83077d7bd8e9eee9b525d8b7d9b55d88c66a1bd,14,0,0,0,0,0
TargetOnly,1,20260927,315,news,282b3eb9a4a95f5bdaf1dea6cbcde775ec85edf2dde99b5e7976a6f3d5ed92f9,6,1,1,1,1,1
TargetOnly,1,20260927,316,news,f7a5ccdda258e974e83fe9f104198c9f5accd26baf72e040e130975e6992b5b7,10,0,0,0,0,0
TargetOnly,1,20260927,317,news,f6598d7e48476f99679c5f1f7c192238d0cd5429b44fa780c54477867db0e109,27,1,1,1,1,1
TargetOnly,1,20260927,318,news,359d4444be2889d954000a7ab74ac3dd0147a0f04c61fcd71435e6ea51a92728,4,0,0,0,0,0
TargetOnly,1,20260927,319,news,6e0bd811c023c67ac39a75d263bf61379bc87cda9c6d6e94b8bb64779c337af2,21,1,1,1,1,1
TargetOnly,1,20260927,320,news,aa24099cad7b67a065888d588754adaa691f018cc6689350f30653d56ce3d73f,20,0,0,0,0,0
TargetOnly,1,20260927,321,news,239259695c52c86465507b4ef59edf4c9a9c2f0395508cede1f19385724ebf60,26,0,0,0,0,0
TargetOnly,1,20260927,322,news,8b539b4fb5c53fd3c0710eb1b96869ec52862b093fa2697969d9175392c9f9fb,5,1,0,0,0,0
TargetOnly,1,20260927,323,news,84a5a50565049300800edc1acb556c2463c23040a7d89f3b0890b6812d339149,3,0,0,0,0,0
TargetOnly,1,20260927,324,news,46b859be6ee7509dd423d6040eb320b6f3527d819021d3bb31f0ce6145622138,43,0,0,0,0,0
TargetOnly,1,20260927,325,news,5741bc44e322a87b8a92fa9f6e1e67345186c2a2fe4cd2d146a026015f08f88c,7,0,0,0,0,0
TargetOnly,1,20260927,326,news,7aa3e7997cf19aeb21f2325f177d3ba95d637bca8bcac03720a8925eb530bbba,26,1,1,1,1,1
TargetOnly,1,20260927,327,news,ca9fd4227b451efa0901592488ca295a6246a1df18bf4969c7fe63db67bef064,10,1,1,1,0,1
TargetOnly,1,20260927,328,news,326ee4a1e2932b2fc5b804f37b674a354f113b7c75370272449b56ca4337d46a,2,1,0,1,0,1
TargetOnly,1,20260927,329,news,4a494f2ad85e8f721de807f3044c2c35a33a042c0e8337ec1fc1049662e6bdf9,13,1,1,1,1,1
TargetOnly,1,20260927,330,news,ec4a5af7a407d1e1083797269b92315f2943da4bda5c4ae8faf063d61f5193e9,27,0,0,0,0,0
TargetOnly,1,20260927,331,news,be1551997cd535f0fdb95b6f4c9ea852de6821b2e7019dc7ab31ed0629abfb5b,7,0,0,0,0,0
TargetOnly,1,20260927,332,news,2ab9093119e75ec17bc2b2e29930b84e0b148f9a6f3838d217aa1d69aaf3bc66,14,0,0,0,0,0
TargetOnly,1,20260927,333,news,a42d16131885950be14af6ff27a3c7efb3ff00e0a8fbd92f2858dcad75f1d560,29,1,1,1,0,1
TargetOnly,1,20260927,334,news,d3fba8e9f1b4cc752b0ab821a3434912789a307ecd7f5acd7ee6a3c07f3d31f9,1,0,0,0,0,0
TargetOnly,1,20260927,335,news,54606765b718f78152128075fc52868c39c213bd94b822a868d42dfb01b5bc2f,14,0,0,0,0,0
TargetOnly,1,20260927,336,news,3d5a72bc3f832a91487057e3d1a4bbb71493cb3e8939de994fb537223ac7245c,5,0,0,0,0,0
TargetOnly,1,20260927,337,news,56db48bbc02e1488cc6623b86bd8f31c1867aa5cc5e76cf66d1323ed89aa5f6f,19,0,0,0,0,0
TargetOnly,1,20260927,338,news,a1d91be882ba2ca416f10727852d629e1c2cb2db52bd8a9f4b6b48dc92081227,53,1,0,0,0,0
TargetOnly,1,20260927,339,news,a9de33bddac7a303fac0f61166a7a93eb2d9c832ed52c93c19014c40250942ab,15,0,0,0,0,0
TargetOnly,1,20260927,340,news,6e5fca00f1ae3f9a18e52f998ade26f0202971b21caf1d6c5ac5e72da8f2f358,28,0,0,0,0,0
TargetOnly,1,20260927,341,news,e84d7f07137c81199ceb14d3930fb7f712a1c46413c70ee1401aa557e2ba92b6,6,1,0,0,0,0
TargetOnly,1,20260927,342,news,b56cbfcb7ae80af748d0690193249ca39bb60d61522df623498dda785d151440,14,0,0,0,0,0
TargetOnly,1,20260927,343,news,ed1ceab8259a13d2ec375d58ced706564f999260f4686bf0be542acfb669e338,15,1,0,1,0,0
TargetOnly,1,20260927,344,news,d09e0e132e5c20cf282974ef756d4b00ebca153fd991da659c27a8667ff253e1,8,1,0,1,0,1
TargetOnly,1,20260927,345,news,5a1878d44cdfd752bda49b63a48529b18ff7c754da32e73e58cf214c1e6cd988,22,0,0,0,0,0
TargetOnly,1,20260927,346,news,255336bef0a5777e79a0dfbdeb91e8ddef900e280dd375f65e130b960c3848c5,5,1,0,0,0,0
TargetOnly,1,20260927,347,news,433393233fce9ceb95b581cad00c6e960ffe364364a8bdc6251088d5493b406e,13,1,1,1,1,1
TargetOnly,1,20260927,348,news,57d94905fad1678a861dfd95010ab2cd0eaf033a73bd388f99214b3c50901a93,24,0,0,0,0,0
TargetOnly,1,20260927,349,news,c1e43e0533e2849ea181116e5d599d709adda0f5c6858a6e75ccb5d14c5eecf1,10,1,0,0,0,0
TargetOnly,1,20260927,350,news,07f146942fd4f89aaadfa640ff86b28e878e572ff15834cec63f5ababe42a020,32,0,0,0,0,0
TargetOnly,1,20260927,351,news,2e075e9b5fddf44a34a0869d57a9420e0feef661a06d38c97261702d49686a0f,22,1,0,0,1,1
TargetOnly,1,20260927,352,news,c8d10be22d466d31056637c04dc569d87a1a9170d678f0292b333273c1dc5d83,11,1,0,1,0,1
TargetOnly,1,20260927,353,news,36ac85f0453c73fa5f2f0355eb882e92d1fc531ad42f4c3e29236498be475676,1,0,0,0,0,0
TargetOnly,1,20260927,354,news,1b615d4e9211a5670e08a0b77e88f95e58df65c15953200d7c8d3c7a6079a39c,8,1,1,1,1,1
TargetOnly,1,20260927,355,news,b271833adf6e606ecc00d7599e50846565465bdb39900e88b909d7ff98177005,10,1,0,1,0,1
TargetOnly,1,20260927,356,news,eb88a29ef37d63e94d103d32596a17756540558a0bcf8fb1a46b21042c45f98a,6,1,0,0,0,0
TargetOnly,1,20260927,357,news,88ebfbb1c53b99af5e32ddc5c1013ad143d2fe44ed4afd5c9aad468ba8a30737,2,1,0,0,0,0
TargetOnly,1,20260927,358,news,1af4e751b6c8b3708eb57c5a696639286c5cc8b4b48cde282fe7c4829def3dff,1,1,1,1,1,1
TargetOnly,1,20260927,359,news,8fe6ec8437c27cb0aee85ecfac83832269358a6ebd7c5c84e057269eb44e457d,23,0,0,0,0,0
TargetOnly,1,20260927,360,news,33f717ad8752ab87043eda3bf852f68119aecafbd6ed1e495a83b87edd839e58,23,0,0,0,0,0
TargetOnly,1,20260927,361,news,f86c6898db9e94f5324a7b3fabf6757cb32edb1bc4071e635a0aea61f46e4c5e,12,0,0,0,0,0
TargetOnly,1,20260927,362,news,e32253463a8348535c8c047764caa30ea92066fa252eee025a95f90900c9a3a2,35,0,0,0,0,0
TargetOnly,1,20260927,363,news,686d39d3049efad3a4c1d1276e3c97828cdc0ed431a02f04c14e2566111e6c8c,19,0,0,0,0,0
TargetOnly,1,20260927,364,news,85d0f5300ad457e0bc817cda083e3d15d80e7795382cc68523262089467a89d9,4,1,1,1,1,1
TargetOnly,1,20260927,365,news,0d6b71940dfd03b2e4325ff659ecc5682b2ec19c211af34cf704e88d089124cc,3,1,1,1,1,1
TargetOnly,1,20260927,366,news,29b02305f0712bc88c8c1261d4c87ea1bf5ba4e03bc3f8ba64f9fb3003c73853,3,0,0,0,0,0
TargetOnly,1,20260927,367,news,e74c1ea6cabae975f113e906efb668afea9aeaba8ba92dca189dc50dd014c2ba,3,0,0,0,0,0
TargetOnly,1,20260927,368,news,c42f645b0dca494476b9066cdce860105260306027efc4c39075f9e3d9563df4,8,1,0,0,0,0
TargetOnly,1,20260927,369,news,fc564631bebbda3cfa7a3627290093ab4a0f6b40ee48286780be872ae191e0fb,23,1,0,0,0,0
TargetOnly,1,20260927,370,news,ac9a1cbd4806de503c2f09f61741a66674c08ffe26151de782d0ec5a34aec06a,7,0,0,0,0,0
TargetOnly,1,20260927,371,news,c8b85cfc9bea2b281a6fb4d736b31e1ae09a21ce5fd9446ae208966b8eaa9fd3,2,1,1,1,1,1
TargetOnly,1,20260927,372,news,ab9fd156d7fca2d488ff69394f14580cb9f19094ab9362d5cf7fc739ebd95593,7,0,0,0,0,0
TargetOnly,1,20260927,373,news,86ef91a837f26c60a094b0f94a496fba30d09393ee01a1fab51aee4af7cca0d1,14,0,0,0,0,0
TargetOnly,1,20260927,374,news,c0b092feca32a6e5fccee245d1490df3337d12fbc9316a6b22a314829d2c91d2,21,1,0,1,0,0
TargetOnly,1,20260927,375,news,a634b5a0f50b7adb72c92bdb593386468a7274e809ae981207c6e64f2f801d36,23,0,0,0,0,0
TargetOnly,1,20260927,376,news,3dee073e693ec7cc66e83c22a7c70c75e16f85074882fa236bb9ffda291c1e39,22,0,0,0,0,0
TargetOnly,1,20260927,377,news,58bdb7708399bc629cf254f381ba55bc3a8e7adeea136de75440494b24cadf88,1,1,0,0,0,0
TargetOnly,1,20260927,378,news,c32ccd38d3685b6aed19f7d133e08d8a4bdbd6f81183fb50f759138fd92ba5ca,34,0,0,0,0,0
TargetOnly,1,20260927,379,news,8be47da154e2f9cd6d7d4457a565045d1c066df5ef74bf30b53c9fa0c7e88a03,3,0,0,0,0,0
TargetOnly,1,20260927,380,news,f9915c5a956811312db5d37823a700a2ae56756da3ec13538c2b673b48b77555,12,1,0,0,0,0
TargetOnly,1,20260927,381,news,1eb694dbe7867ce934be7c9b3587a71f361b7b8451e881f8e6b828b88333fd89,19,1,0,1,0,1
TargetOnly,1,20260927,382,news,88684643f90ef38fe7193f14c65ae5a718e484968c707a5ef25073f8dd68fce3,60,1,1,1,1,1
TargetOnly,1,20260927,383,news,a6825354d2eec97c8ec5af281c3e8ffb8d8d8d1b79fda38cf2d090111b929572,1,1,0,0,0,0
TargetOnly,1,20260927,384,news,fc31b76770d45bb6edf3a2d261bcd4e1e607a8cfdc6fa01042753364297e4907,3,1,1,1,1,1
TargetOnly,1,20260927,385,news,9f49b5c70ba25f6143128ae546aaccc82bb16458882334b8b31f2f4822e921e1,27,1,0,0,0,0
TargetOnly,1,20260927,386,news,cc4cac49b2fa3a54ad87d0bfe66e9af25ea6dff9593f772ada978367c9c2195b,19,0,0,0,0,0
TargetOnly,1,20260927,387,news,167a7a8d42de7964f3b67bce94140ce4c328a06ad649a91a4970945638056555,9,0,0,0,0,0
TargetOnly,1,20260927,388,news,93b7fa846956a2a6f0047c1160bf4b816ea84b328f324607005a86c7782e1510,9,1,0,0,0,1
TargetOnly,1,20260927,389,news,ca672140801740fa7e44ccb50cf3d62fedde66c3a5920ca1d5f3d8f7a911757a,5,1,1,1,1,1
TargetOnly,1,20260927,390,news,09104adbbf177a82e40cd474f07579ce08cddba2cc227bcd2cffa96f9f4d89e1,2,0,0,0,0,0
TargetOnly,1,20260927,391,news,d516d891abce8f32f976c0d236d0119d3febe3291cf8be64d26fb417d7592c85,5,0,0,0,0,0
TargetOnly,1,20260927,392,news,f3413e35de07bfd9f9076f1a158e5543ec7ac734d404122088009c8189ee8f9a,15,0,0,0,0,0
TargetOnly,1,20260927,393,news,de57ad01097c4cc7f5470453b943e6145ff69e2bf1b79d1e536d53d93b84b04f,2,0,0,0,0,0
TargetOnly,1,20260927,394,news,b5dc2f7788c74acce6e43c045174d96d2e7b70f4cfef5c47d92ee53874b5bb71,14,0,0,0,0,0
TargetOnly,1,20260927,395,news,1c5d35be79b538775e698f89355b94f0302377a7c61ce779379e95e859e707aa,17,0,0,0,0,0
TargetOnly,1,20260927,396,news,4e972432a73c7ae0453cb19a81e36627db0998bf107a674ddbec36741d6e64a4,20,0,0,0,0,0
TargetOnly,1,20260927,397,news,d059e8e226e0b25d55ccc60d3aa43a4e8a9b58cfcc56cf14632d0df3b6cfdcb9,7,1,0,0,0,0
TargetOnly,1,20260927,398,news,3ef46b5cb40d754b49c3295ee42a0e355a320570bb0d098bd2a3a3056b515030,2,1,0,0,0,0
TargetOnly,1,20260927,399,news,a874f75209440bb071a191dd05a161a87ccd784eda42e7e7de864f56b055ca0c,64,0,0,0,0,0
TargetOnly,1,20260927,400,news,f09f9938da425a316e51b810e49e8b3689991ed7ae8f56fbd0462d3181cab1d8,14,0,0,0,0,0
TargetOnly,1,20260927,401,twitter,0b47768892825fbb67c0fd7ef034fc3d9ca4f538935f2982b8cfa060bb474e07,1,0,0,0,0,0
TargetOnly,1,20260927,402,twitter,8fd775c6e85956b3f4a903f04670274c0ac7c81ec4c6a57ef1b32a479576eb28,3,1,0,0,0,0
TargetOnly,1,20260927,403,twitter,6d0eb2bc6cd35b877206783f8a9d46ce8e6854d59ffd3ea0ebc0f7f0c5d016d8,10,0,0,0,0,0
TargetOnly,1,20260927,404,twitter,a2f919a254bf1060d6ba5683957881bab5d921361f013c7ccf6bf0f3455a58bd,1,1,0,0,0,0
TargetOnly,1,20260927,405,twitter,6b223ce5d8317e398914df3c836084ec5fd28ec4e2b994983e61068124d5643e,4,0,0,0,0,0
TargetOnly,1,20260927,406,twitter,8dd3ec4c63741630d204ea20918c325247e8ecf771582957f344e17ab44c71f5,1,0,0,0,0,0
TargetOnly,1,20260927,407,twitter,5e899337393186e8ed1e694fbcfccf82c381e789269f0182772b15b23132d6b0,5,0,0,0,0,0
TargetOnly,1,20260927,408,twitter,5e5340f267f7ed5adb97466d7fe894182ef7d2ade66e21a8339b1da7787aa041,1,1,1,1,1,1
TargetOnly,1,20260927,409,twitter,8b05e8104c7cbcf50536ccd7809004fa0f0ef1341417388f897f0e9135117e15,4,1,0,0,0,0
TargetOnly,1,20260927,410,twitter,7a2c752e9e7b7d5e67149eb28068708a707147c15b85a36023a3abd9910c5bbc,2,0,0,0,0,0
TargetOnly,1,20260927,411,twitter,029f5c904bd5e63a18f20627dcf5260615e4af823d78a2714601241fa1d67eb4,16,1,0,0,0,0
TargetOnly,1,20260927,412,twitter,aef988fdbdaa2416fdbd6100ec3653760887823522b2e87f9fe15d6adf0f3e70,13,0,0,0,0,0
TargetOnly,1,20260927,413,twitter,47def72de0a8f62d1b4d368e445713a891bfecfd7f6ac8135f89bf88c8e23353,2,1,1,1,1,1
TargetOnly,1,20260927,414,twitter,c65112d871aeeb9cea3f2a2e3fd90a84222c76ff24372ed803ff78d07a20f438,2,0,0,0,0,0
TargetOnly,1,20260927,415,twitter,54b37275012c471849cf7d7455e478896528f847d9d1d32968f0de2b56dc83f5,1,0,0,0,0,0
TargetOnly,1,20260927,416,twitter,087ba0f7951cc7195bb4169f9c932fd5c8b5abecbc61fc278c24e00c9389c79c,4,1,0,1,0,1
TargetOnly,1,20260927,417,twitter,164a11f5c4eaadf5025afe2b2b8e69eb86e0f295b652be86b0a6180380a5add2,3,1,1,1,1,1
TargetOnly,1,20260927,418,twitter,de484d1a367742db5a086161221548330995b48009bfa01f7b349a31e6677e71,4,0,0,0,0,0
TargetOnly,1,20260927,419,twitter,e27d061a9966141efe574ee1ae8bb18f7318bea45a774d7aae95abecb6e66ab7,3,1,0,0,0,0
TargetOnly,1,20260927,420,twitter,4a6765978046e9c4850f7e8fb9d02132599e460f072aeed3e98bc7eab8e8435c,16,0,0,0,0,0
TargetOnly,1,20260927,421,twitter,1cc09e9cc0e35f18f40f3a44acb160180b3e4764cf1f5f5e79f382fb09bf87f8,5,1,0,0,0,0
TargetOnly,1,20260927,422,twitter,f0782c28633af696b2c95fdc39ac801ea6d0ed9974c2f42c3687f797f1bfd949,19,1,0,0,0,0
TargetOnly,1,20260927,423,twitter,907e30acec6c5233c0baceeb249232d72349f9428a46b0bad3d009aaeda3b3a1,2,1,1,1,1,1
TargetOnly,1,20260927,424,twitter,15a694e4ecbd03c6af7426bd2479b0387a9537518934f5fb783427718b9fd6e1,8,1,0,0,0,0
TargetOnly,1,20260927,425,twitter,32c967e2dddb9aadd1af7caa33cbdc9fbf0a4dbc33f86d6d621eff83ade288d6,10,1,0,0,0,0
TargetOnly,1,20260927,426,twitter,18d270872e130060a88fc80188c622b62e7707f8f87c1dce65c4c2a0a5e1bbc6,18,1,0,0,0,0
TargetOnly,1,20260927,427,twitter,6242214577b7b93e50ca579e4fa48ef52f8fdd602ba68e4f0995347e744d6c42,3,1,0,0,0,0
TargetOnly,1,20260927,428,twitter,5fab691f77dab0137f546ba241171d9d03b69686730374f0263a2f173e2c3fba,3,0,0,0,0,0
TargetOnly,1,20260927,429,twitter,e1cba0de4783d6012d270111f1191b9de9d61d7d2bec52c1f06d21e0850febd4,11,0,0,0,0,0
TargetOnly,1,20260927,430,twitter,715271246d5b36d0029a645b743b1a497f4009810e7f1e7e02c1442b04e60512,5,0,0,0,0,0
TargetOnly,1,20260927,431,twitter,0096640d99e82bedfd928a55f580fde2a62e08529d898101658ef36d8b1f5e61,8,1,0,0,0,0
TargetOnly,1,20260927,432,twitter,77072aef2a68cf6f7437596e2f59493519aa1d3a3d53770725713ccb2d701e99,4,1,1,1,1,1
TargetOnly,1,20260927,433,twitter,e92e0de20685f8d42a5e4b3a1e74cf3de49003fdf6a81a403bc0e7a56a318dc7,5,0,0,0,0,0
TargetOnly,1,20260927,434,twitter,69ceb18c129dc3fad662a352aaca19394fd4936989367a93b6de3aac1d02fba3,15,1,0,0,0,0
TargetOnly,1,20260927,435,twitter,c9dab0edc4e2e7d1a91c04c2747899eb19f3eace28c784b0d00bb55c950003a4,5,1,1,1,0,1
TargetOnly,1,20260927,436,twitter,849c1806bf1003397468bdd9be908d450e35ace05d6d4aa0a59539c638431891,5,1,0,1,0,0
TargetOnly,1,20260927,437,twitter,a9d12d98e173f7ee6f07cd2834c479412ed1de60886e89acd05745f10c5d76d9,9,0,0,0,0,0
TargetOnly,1,20260927,438,twitter,73446818523bcb270e7fc25fb89b4ec943787c839b487af464f18bbf4435cf0f,2,0,0,0,0,0
TargetOnly,1,20260927,439,twitter,e04ffb8d24175bc8b3982a774537945dea69da09acd3c7a4a7e6a112452df1b8,5,1,1,1,1,1
TargetOnly,1,20260927,440,twitter,9a50654db7add54463b163ffd2e9f9ae9b36dcf64f79f939dc5df57ee954860b,2,1,0,0,0,0
TargetOnly,1,20260927,441,twitter,596f8891b928fd990c3607aaffe8ff1c028c870dcd43bb2e6316a932fc973d60,3,1,0,0,0,0
TargetOnly,1,20260927,442,twitter,30f4b358af21cba366ce0b70738123c8e026f35ddfe92a89a8ae17b0d1a6370e,7,1,1,1,1,1
TargetOnly,1,20260927,443,twitter,e09f9b84f637d3f3f82d70b3dd25b31ceddecda3fe5f8458b54007b2ac7497d1,3,1,0,1,0,1
TargetOnly,1,20260927,444,twitter,1a59b452ab38e1e96e55849b11a4342460627a0cb7bc99786ead879bbe6ee5d1,5,0,0,0,0,0
TargetOnly,1,20260927,445,twitter,2e6c8e2e2bf78b35c331df3d1d94877d89e886579e82e1ac062a2f79e377f6c5,1,1,1,1,0,1
TargetOnly,1,20260927,446,twitter,8ce4fa11d077eda6a361995955957c6f9e4bb4af8c3ee36b9d435cbda6db3642,1,1,0,0,0,0
TargetOnly,1,20260927,447,twitter,b763d50745423912f217d11f5bf30bf666b1f222195bdd3c8d91ac8cd4357407,5,0,0,0,0,0
TargetOnly,1,20260927,448,twitter,27e9eedfbcbade73ba5ab6c12df81a3251a7e0a6f2c30f2287f0fd06ce80d85c,2,0,0,0,0,0
TargetOnly,1,20260927,449,twitter,6eb24b76a189948eb35c131de3337b1ea7012fed2bf47185b7988eed377a8c52,7,0,0,0,0,0
TargetOnly,1,20260927,450,twitter,20c7c7bc30bd60a01d2fd4a4d2de33852e9902ec01d99a328175b7c1971ae3b9,9,1,0,1,0,0
TargetOnly,1,20260927,451,twitter,ffd515ed396479c10f200d076f4fbf51cdf7cf9b89840f5d108d60b894e0ee4f,14,1,0,1,0,1
TargetOnly,1,20260927,452,twitter,c1b7df5e4e62b185eeac3e1fa9321cffb7c68347f97644314ff5fb6333b269cf,12,1,1,1,1,1
TargetOnly,1,20260927,453,twitter,7193190bd2c58c2dd45199aba8751257f0a4b568e0fc56e5edb7e43807a65839,2,1,0,0,0,0
TargetOnly,1,20260927,454,twitter,4bd8331747eb0c97c07dceab4cc049b10d06d426189d13c5dd4a0f0042b1e1ed,4,1,1,1,1,1
TargetOnly,1,20260927,455,twitter,8c884dff6169d2432657b44e4c7cfc6fe101db71a6a3d07c823ce59f380c1576,2,0,0,0,0,0
TargetOnly,1,20260927,456,twitter,2ebb6b9ab4bbf7a18d817d0c6902832d2005d7bcb58ba5915420fc8e4123eab6,3,0,0,0,0,0
TargetOnly,1,20260927,457,twitter,573d7b7581b6a512cf256304d98c5a7bb0d064806feeeb113ba2f7dd1684332b,6,0,0,0,0,0
TargetOnly,1,20260927,458,twitter,1c37da36a39985cb148ad33eb52a0db5dfaa7c6039edddbfc33abab431cc1185,4,0,0,0,0,0
TargetOnly,1,20260927,459,twitter,1232df9cf6c5d77f894526a90fa024f3f771b99e91d9db96b521b30b2bc5ed76,7,1,0,0,0,0
TargetOnly,1,20260927,460,twitter,4a15c246c8d18eaf83f76290ca735a86a419a9a451dcc68ed7f98d0fde488993,13,1,0,0,0,0
TargetOnly,1,20260927,461,twitter,b49c1c93243d63b1e694f9a778bf6a132e291af506a4c9c6facde4ad265c9160,1,0,0,0,0,0
TargetOnly,1,20260927,462,twitter,5edff1dc1c7844917052c1eec7994a3f418db36946c7e552b1d61fef0c7d4ffe,8,0,0,0,0,0
TargetOnly,1,20260927,463,twitter,0097402d392a71e678d1d1098ae0b8470961838f2ad5f78040aea1b23c7f8985,10,1,1,1,1,1
TargetOnly,1,20260927,464,twitter,4cd7e4c5d7ffe8f0863c8b4beb6876380f77ed01c16a144ccf73171b1704cc7e,6,1,1,1,1,1
TargetOnly,1,20260927,465,twitter,0e9ad447f1f34f842bcf450e067d21f8de1345d751fab1212b37fe7a13921916,8,1,0,1,1,1
TargetOnly,1,20260927,466,twitter,2ae021839b8040aa9e97ca5d5afcb1e39b0ed4ab15687a1062b2f49315cd52b0,3,1,0,0,0,0
TargetOnly,1,20260927,467,twitter,4ed0a5e8a75b31ecac6317f52d4f6e9cbd3b1232a34fa0c68866c127ec5fc8d6,20,0,0,0,0,0
TargetOnly,1,20260927,468,twitter,5648c1cf7abfbff23aa2bed46e62883d1f096af0836ae019033ef97071cadc90,9,1,0,0,0,0
TargetOnly,1,20260927,469,twitter,9f89ed27fefcdbb774707a5064550c3e1d74a22a437d3a976e43d4e4a85cd005,10,1,1,1,1,1
TargetOnly,1,20260927,470,twitter,844014e0d5cf653c9655e44c539c57a9b57b69b456b3f162cc18d010f6ddc3e3,20,1,0,0,0,0
TargetOnly,1,20260927,471,twitter,5456dfa2912bf9814134ba5e54a7ecf4abadb0c2f405b94e1cde65d43e84b727,12,1,0,1,0,1
TargetOnly,1,20260927,472,twitter,3b004760a9f5a5820611eccf11683979fb0edce7b97b3730182ec720651f45c3,12,1,0,0,0,0
TargetOnly,1,20260927,473,twitter,9a0b03c53e996a8462b25c035cbb2d91ae6c2658e2a1565552ea7d61193af8b6,9,0,0,0,0,0
TargetOnly,1,20260927,474,twitter,c03c05b1749b3705ce9aa552cd3045e7bac5c5acb8596b4a296e07e3c677a093,18,1,0,1,0,1
TargetOnly,1,20260927,475,twitter,edc2c7cace52cbd3b5b4487038f89727ab41a1842cc0a5e965c27af9b00a61f4,8,1,1,1,1,1
TargetOnly,1,20260927,476,twitter,776a2b80f2df32d8056da1dcd290b94e36fb5696d03a8da1899bd1271032d7cf,1,1,0,1,0,1
TargetOnly,1,20260927,477,twitter,62c0c31bd5486646650ce0673e187fcf397ecc3149f7f40d57dbc03c83207bd1,6,0,0,0,0,0
TargetOnly,1,20260927,478,twitter,f7c9f62d7b325db4e05fe08ebf3e215ab1d438021b9a05a39d28cb2b5b8089cf,18,0,0,0,0,0
TargetOnly,1,20260927,479,twitter,d155d301343f2b4fe16d9aea8fbd1126cfe3c6743efca89ea07cc4c389c75a66,2,0,0,0,0,0
TargetOnly,1,20260927,480,twitter,60e10f866dd869f20f3214be7f032fc25c87645c968ce40219f02772dba757b8,10,0,0,0,0,0
TargetOnly,1,20260927,481,twitter,ec985e4eb1f0f18f5f0c75ce7eb1faf2256034a00031582f6817b459d609ccee,5,1,0,0,0,0
TargetOnly,1,20260927,482,twitter,c4a135f43c2cc222abfa7581da354db3f8ef029b86c68fe961a0f724b85c024e,7,1,0,0,0,0
TargetOnly,1,20260927,483,twitter,a359c6fa23c3febf078d2ae7ac8e8f51b46223479f5985985cc1a4c62839858b,2,0,0,0,0,0
TargetOnly,1,20260927,484,twitter,81355f13ef38520a3fa175c45fccb1ebc2e82c7fcda5b5a05f217bfc294d8475,1,0,0,0,0,0
TargetOnly,1,20260927,485,twitter,a4bdd01162b17a2c16752bf7f219bdd51bc5fc5fe4f64aefe67c93797b3e71ef,2,0,0,0,0,0
TargetOnly,1,20260927,486,twitter,6db5dc9936c01346136cd881631e4b62649fd8b450f6fced13c36a352ac52d77,4,0,0,0,0,0
TargetOnly,1,20260927,487,twitter,2fad8a15418d25b22dec6baaf6889f0fc55101d26a0f2e5dbeaf138c3207bfb6,1,1,1,1,0,1
TargetOnly,1,20260927,488,twitter,8bbcdc15912ef984386f14a7da9d78a9c7d343749bc75174ed4e2dbee3e3193b,7,0,0,0,0,0
TargetOnly,1,20260927,489,twitter,8e6d2bd4724e2927294f5d7cc3560667f1cd8ab69c50db55c277d91dc684dedd,4,1,0,1,0,1
TargetOnly,1,20260927,490,twitter,2aeb67f9c66ec2016aaae4b7ef195e6d7e3e32e0d582fe1999cc89db9957c26c,19,1,0,0,0,0
TargetOnly,1,20260927,491,twitter,f6fe7cd69758db5f74fceae387d304d775aab0dd02693680a441bd4bdf70c4d7,9,0,0,0,0,0
TargetOnly,1,20260927,492,twitter,b5d038ee1d021fdb3e3fdb568923af29b0cae566fe01aacb8d38e8ff1588e712,1,1,1,1,0,1
TargetOnly,1,20260927,493,twitter,ca8eda6a19c613fdf790a05ad0ae945985b525cd0b76f8f7d4ee97510b7ab93b,10,1,0,0,0,0
TargetOnly,1,20260927,494,twitter,43173392e4d9887970a17559f031851046bb021f40fe65c66d4e7ab01f930b0a,1,1,0,0,0,0
TargetOnly,1,20260927,495,twitter,8db7e24b2544417634594a52281091052da8e582dc5dfc585db143110de765c7,3,1,0,1,0,1
TargetOnly,1,20260927,496,twitter,5d23efa303e9328c4721917665efb9b78e212583d6b4b9e6ce9291cefa985043,6,1,0,0,0,0
TargetOnly,1,20260927,497,twitter,a6af6422531a26b73cd526c789021a1880cfb6046d20c2326a8ed91fcd00def4,10,0,0,0,0,0
TargetOnly,1,20260927,498,twitter,ac829c81fe972e398922092ea11733f8848fd31646a9c71d42179f6f277973b3,5,1,1,1,1,1
TargetOnly,1,20260927,499,twitter,213bdde73989a9f3ed4bfa69b17716e231dd80000d8fbc6a52f261633d956afb,2,1,0,0,0,0
TargetOnly,1,20260927,500,twitter,bd33e6d883de2fcc643bbc003faf4df5bbf7636a56908319adeb2cbe64a93da5,10,1,0,0,0,1
TargetOnly,1,20260927,501,twitter,f27410e33b324619c296874c215e6fac43ba3f0f7e761cc95556f71fdcec111d,2,1,1,1,1,1
TargetOnly,1,20260927,502,twitter,c94404d008e17b7c25cfce6430a74d1d6126f8971c1fe59416e59b631bde4160,3,1,0,0,0,0
TargetOnly,1,20260927,503,twitter,285500729a4e2a6a2d2da10479c42f81391a9107a57bdf2cabf7faaef5b92076,3,1,1,1,1,1
TargetOnly,1,20260927,504,twitter,81ee1a6ba057033baac61937c5aa5ebe5db567dcbc1d6cdc1ffb0f75d97d07a6,7,1,0,0,0,0
TargetOnly,1,20260927,505,twitter,199d1f09a54eea11a3b242bf34abe38d8e9772bc0578bfde17869abe078d0974,5,1,0,0,0,0
TargetOnly,1,20260927,506,twitter,373407d9a381c0760c1c15ad0635c4c8eed5ed001f7b9a03a18a38b86981a2ee,1,0,0,0,0,0
TargetOnly,1,20260927,507,twitter,902a53b84eb9475b3d7ee8d68a522b3f738eb5da100aff7f7bb1f6763261afa0,6,0,0,0,0,0
TargetOnly,1,20260927,508,twitter,1998877dbefed5ddbb500723704541f7a48c148d6d7f1ff9755ccfca78647eea,2,0,0,0,0,0
TargetOnly,1,20260927,509,twitter,852d549c03e0bece7f94512b3aa895152e795e9da14d1bf1f51fe83bc4fd1358,4,0,0,0,0,0
TargetOnly,1,20260927,510,twitter,7e46f8a353f81ac241ec4ce43b1eb4f897a4dc4fb27070a67b87f0ba162adbe2,6,0,0,0,0,0
TargetOnly,1,20260927,511,twitter,ead5d850634654e9dfaaf39fc44be7c3c5d325402692f7294c4c1f6487043fa1,5,1,0,0,0,0
TargetOnly,1,20260927,512,twitter,47466196cec03da35d16b7fb818aa4737acfee31df16a0da00a9f27a75c97884,6,1,0,0,0,0
TargetOnly,1,20260927,513,twitter,a82e5755238a3d58ad57fa8c679400ea519673cf5475930905806fc2f3bf1f78,1,1,1,1,1,1
TargetOnly,1,20260927,514,twitter,46726648c6730dbd983b22f838f92ee33917036fc1462af7db2b6c142cdbad6d,1,1,0,0,0,1
TargetOnly,1,20260927,515,twitter,4bd4d66e4dab5afa7571d2d3e76eb4573903a97c29f417c3c8b4b7141b9def6a,21,0,0,0,0,0
TargetOnly,1,20260927,516,twitter,31ba39017ad7153b3cc9de47dbf5a7b071e48d9d83b293fbbb3500cbc7bcb835,18,0,0,0,0,0
TargetOnly,1,20260927,517,twitter,a65a90740755f4dc78afc8e1090b2fc2141126006c8c5713907147adc62144ce,2,0,0,0,0,0
TargetOnly,1,20260927,518,twitter,0477c7dce52fce657dfd40a3fbc5dc8cb5c8479e1449298b5f536a3161a72dfd,13,0,0,0,0,0
TargetOnly,1,20260927,519,twitter,deb6e618ead2a07270f3d145195f4e6cdb0eb0a094ed56e6dc5419904dc58470,21,1,0,0,0,0
TargetOnly,1,20260927,520,twitter,67faeb2b306e292e8770b1c04d8df55781b0d95443537b8add19d1960defbf86,24,1,0,1,0,0
TargetOnly,1,20260927,521,twitter,6d1e24c3edbe49ea6f526e615a679294616467ce9e8c1599232afb9013acc8b1,6,0,0,0,0,0
TargetOnly,1,20260927,522,twitter,921902a0a48b56c8ac2fb720f69d96499a321463b6efe39254dd6c8e70b2ea05,7,1,1,1,1,1
TargetOnly,1,20260927,523,twitter,7461d185d85fa4d987fed4cefea3ae41d7adc9b64d89e8daa2e65ed99ddbbd37,4,1,1,1,1,1
TargetOnly,1,20260927,524,twitter,5da4794e5d908d18fff019e405d814de8f53298fd38a72ead9eb521f9af0e1da,4,1,1,1,1,1
TargetOnly,1,20260927,525,twitter,11feebcaead082609623d2bd79b976689c010bcaa714db53ccbba5027db0244c,21,0,0,0,0,0
TargetOnly,1,20260927,526,twitter,6a7f0edc32ff3c62b62d379140f878c7a32602b8cc759ad334c478cd811e206f,8,0,0,0,0,0
TargetOnly,1,20260927,527,twitter,40378766252c3541dadcc2be4c3f1db80b86441a3f7c7b6821ccd55fe0f7688e,5,1,1,1,1,1
TargetOnly,1,20260927,528,twitter,93263e2696ca8851f6401c570e3067cd1f3fa90987b9d28782987a200b175dd7,5,1,1,1,1,1
TargetOnly,1,20260927,529,twitter,e547023248d55a72e5882a23afbbdb7ecb145abbc042972a5b4a1e7c286b5c97,1,1,0,0,0,0
TargetOnly,1,20260927,530,twitter,f74372cd86ff9aec6e797461e37336833e89628a7961cbc8e6db1035f2ccfa5a,2,1,1,1,0,0
TargetOnly,1,20260927,531,twitter,c292c5da0a8aa4090089d9d97845f09b373bd1a4fab39ac64c8b2d50e15433e8,2,0,0,0,0,0
TargetOnly,1,20260927,532,twitter,dcc14d16f7054c2c367dcd0c6a87c15f5f0c15ae78e541d1269e7f7aaec62a40,5,1,0,0,0,0
TargetOnly,1,20260927,533,twitter,79fc16f082a53b70dcb5823d8e767a8d278a31d5b930d16abbf2bc865ab87a29,5,0,0,0,0,0
TargetOnly,1,20260927,534,twitter,bbd51ba170f12ab70463d6f1ac422424a8de8a3cb4c2fba12ac0806ad653de14,12,0,0,0,0,0
TargetOnly,1,20260927,535,twitter,bf720fb323cabe569fc0c729246ba69e710e10bef5c41350135b40b005bd5cbc,21,0,0,0,0,0
TargetOnly,1,20260927,536,twitter,33176fac8eb3c5980c8ce7a3a079403a7a92d0c429d04ac276999d3b9efcc40e,3,1,1,1,1,1
TargetOnly,1,20260927,537,twitter,b0a3eb688a9ed1792d3270d8877c4fbcfa817a5647ca04c01822e2af6e47bce1,1,1,0,1,0,1
TargetOnly,1,20260927,538,twitter,f55392584b9aa853d858c78bd07b84787d804e61d9ed02f4fc3806012b13aab1,14,0,0,0,0,0
TargetOnly,1,20260927,539,twitter,809e0ee79efc2f3a759933e2c0ba6316af226c07596a7b090ba4ae1c3793ea16,8,1,0,1,0,0
TargetOnly,1,20260927,540,twitter,bb450818aa1a7aa0956a4594d032b48f69f193eabb07232a8b4f7e822e43b8f7,14,0,0,0,0,0
TargetOnly,1,20260927,541,twitter,fe9aea0725a9b4f7f77ee9ca321331930c68150c8d7586189e84dac83bc98527,2,0,0,0,0,0
TargetOnly,1,20260927,542,twitter,59c8013c1df2516be4e002d7ee5dc36ff478a31814f9f385375a62c2af9af28f,1,1,1,1,1,1
TargetOnly,1,20260927,543,twitter,c70e91e99cf2912963ae14ea563d7f6a0f2cc9f2dc6421716e822c023904f063,20,1,1,1,1,1
TargetOnly,1,20260927,544,twitter,9a47a95bc12f2aa1939db2722ece91281ed34bc3cb5dc78c7d8683ac6b54459e,4,1,1,1,1,1
TargetOnly,1,20260927,545,twitter,9f596c8b340e5579121fe3cbf4ed65a7f06281bb559da4fcd1609c70202daf55,5,1,1,1,1,1
TargetOnly,1,20260927,546,twitter,5845c97b3512784107edf2caa483973f1c25fa58f3016bdfc5c8cc5c5c371ec6,2,1,1,1,1,1
TargetOnly,1,20260927,547,twitter,b27b3d0377cbcd6718d8c822aaf77a17ef393d6a4fcb941374d69e544f0c3575,12,0,0,0,0,0
TargetOnly,1,20260927,548,twitter,9f79e8c5c80f3aba95ada2f4aef6041b37939f57129dd1db1f2181fbd04e5042,17,0,0,0,0,0
TargetOnly,1,20260927,549,twitter,22fae40bf33210d9d9182fc2e0d9fa6af181892540d70a85ac30761b004fae28,2,0,0,0,0,0
TargetOnly,1,20260927,550,twitter,32f268119de2bd12e0346c67a845729dc776f86303b39ccb717e78cd398507e8,10,0,0,0,0,0
TargetOnly,1,20260927,551,twitter,c5001b759d4255d9d99249504f5825f7270277a69eb98950c0c660367ff87f0f,8,1,0,0,0,0
TargetOnly,1,20260927,552,twitter,d891394d05c619ba0126116ccf0a162175f3c43d2a2b8ff9c6c487250edbdfa1,11,0,0,0,0,0
TargetOnly,1,20260927,553,twitter,b95b34d913c70639530352536a33f9bf9060015b2be2c88d7b5c1c845269d754,3,0,0,0,0,0
TargetOnly,1,20260927,554,twitter,ac89f2a7955950ec02599105a1614abb3f4104367afa142be93471c1ebcc3ecb,3,1,1,1,1,1
TargetOnly,1,20260927,555,twitter,ea9917e5f5a88e57a6617dcf19ddeaddd5efff6900c5a6534023908de52f068c,8,1,0,0,0,0
TargetOnly,1,20260927,556,twitter,5d833968865957ff0f6ffb3cc7614be6eef69123047bbc7eb21449c8e2397322,2,1,1,1,0,0
TargetOnly,1,20260927,557,twitter,375c1b92f7b6b45aa92f099cd69c5bec185e26923f28c7603a7729d2f454fd17,6,1,0,1,0,0
TargetOnly,1,20260927,558,twitter,387723458c66e408b808eea48466bd2a4491a21256a26dae9182cf3d44129cb6,3,0,0,0,0,0
TargetOnly,1,20260927,559,twitter,8518ff3fb26573151335180001388035d15db267be49fbedc8a536ff4ddf13d2,3,1,1,1,1,1
TargetOnly,1,20260927,560,twitter,ae3cb31e730e8d6ff4a36774656af36b1ca5e587f54a9d94d476e03228593dc4,7,0,0,0,0,0
TargetOnly,1,20260927,561,twitter,328c9209a3de3fdaf822820e1ee5de94478fd62dace121ea1a6a98e37716328e,4,0,0,0,0,0
TargetOnly,1,20260927,562,twitter,326f3b0b39b9dcaf1d2cf9f3e90992436dcbc926df8e1d2eab7b4632ca4a77a3,16,1,0,0,0,0
TargetOnly,1,20260927,563,twitter,46ed9093252d808efd080738ac8b971774ff65d4855f1e9b1d9a724053e99cac,12,1,1,1,1,1
TargetOnly,1,20260927,564,twitter,9f74c34eec961cc2b0b8ae65dfa4a05dfdfc6791418be9fac80637c0e15583d0,11,0,0,0,0,0
TargetOnly,1,20260927,565,twitter,ccfabe1eadc855ccace4c88a4917ef55de6a7f146cf1e30a4f57aa6132087ec3,4,0,0,0,0,0
TargetOnly,1,20260927,566,twitter,c51426101d1a758badb57e27958db81cf763686f20d96d0fbc3ffba043a39ad5,1,1,0,0,0,0
TargetOnly,1,20260927,567,twitter,1d3c212f340ef54aa374be0ca0fd4b2f88e9cf01d7d452a071f091d4b995f5f0,2,0,0,0,0,0
TargetOnly,1,20260927,568,twitter,4af22471a3d09c919657f196d9db3d6bea1f5070cb6fab3bf2a20aa9aef9980f,4,0,0,0,0,0
TargetOnly,1,20260927,569,twitter,4be446364a169c258e081d5428cb43451f6a3f949a3d375a50e8d861727ad131,10,0,0,0,0,0
TargetOnly,1,20260927,570,twitter,8cc119a2b38be5497a86a0580cb8a34be3e60c7b859c126885ede12522114106,4,1,0,0,0,0
TargetOnly,1,20260927,571,twitter,284c2400932f5997114bfeda6f0c04bf2b4a7d871d4ec8195c83649a8ca05d64,5,1,1,1,1,1
TargetOnly,1,20260927,572,twitter,699caf411cea0da0dd2295781eb4539818da2a949c7c1302681f6fe17b36202f,1,1,0,1,0,1
TargetOnly,1,20260927,573,twitter,9f707829bf840b5bfe458637b67ab793ab1417bcd7655f788cbafb872c287af3,6,1,0,0,0,0
TargetOnly,1,20260927,574,twitter,ea5a7b1f00a68fbfbd9f755d72ead415f5ce81e2cd9dfb5bd1b2edee69ceac63,19,1,0,0,0,0
TargetOnly,1,20260927,575,twitter,0e42cf2f38a7260c4b2092eca7220f5d546ecfcbefc6af0b1bbbde8d6557d88a,23,0,0,0,0,0
TargetOnly,1,20260927,576,twitter,272fdf2f54872e1fe6db26455e88f76916b1c93d5bcb2d449fe589e4c01db54b,2,0,0,0,0,0
TargetOnly,1,20260927,577,twitter,67901d6851532497872fd5d5c6972be60cb47a7d292d0e0d8603fa6c296cc2de,3,1,0,0,0,0
TargetOnly,1,20260927,578,twitter,b9ea7f780b30fe7c7b813eb89aab943c6dbc96b0b1162a88b4f0b6e0702a8dc8,12,1,0,0,0,0
TargetOnly,1,20260927,579,twitter,6da19ab67fc77b38f51b37f338f5d9ef1147a4744188288c31b6993aa1d8a9de,4,0,0,0,0,0
TargetOnly,1,20260927,580,twitter,d0f9ae922f59da6f898a5a3252caceb48b7cdbb5fd45272512db53bd20594006,6,0,0,0,0,0
TargetOnly,1,20260927,581,twitter,ccc3f53a5c2bf415f223d7d08f6c5d98b4210903b0a4e5004fac4034aeb0405d,5,1,0,0,0,0
TargetOnly,1,20260927,582,twitter,061989eb4b6f043e6b703c545a41434606597ee5a333ca6cb23a0817f0c1cad3,2,0,0,0,0,0
TargetOnly,1,20260927,583,twitter,0147524498f6dcb7f6c1df9732d3db5bdd194c1dbe51d591b8b3e5139ca943bf,1,0,0,0,0,0
TargetOnly,1,20260927,584,twitter,cc0c913577f11e97b3814b51feda487a2334d3d424406075bd0fc517c7f664a6,3,1,1,1,0,1
TargetOnly,1,20260927,585,twitter,a0bbdb92233059108829c0e28d980428e110f66a0e8ffd39ce7afa742d09c5f8,1,1,0,0,0,0
TargetOnly,1,20260927,586,twitter,741f2d626df4f575e6e7d696afde4686117f08a5f2c4249020ffcd8bfd7e4841,2,0,0,0,0,0
TargetOnly,1,20260927,587,twitter,90de0b9bf908cce0650179964fd20ed72d13a26eb1dda59215f3b606899e96b8,3,1,1,1,1,1
TargetOnly,1,20260927,588,twitter,83e20cc4f51e11e49a754eb6faea5d4888cc5f90c72dbe7e3dc7dbb0e3162c59,5,0,0,0,0,0
TargetOnly,1,20260927,589,twitter,b96d2800bb083eca035544b0bce72eb11b2a87d29603cde9ba1f402d620305e4,6,1,0,0,0,0
TargetOnly,1,20260927,590,twitter,fd6506494e3f316c3b2eda02245b6f4562329d9cba728cf97d781c9a1035e0c2,3,0,0,0,0,0
TargetOnly,1,20260927,591,twitter,c563b541beccb4e46375d7b78233b7b595c9a8709a9370cfe4c33c30f86e8534,5,1,0,0,0,0
TargetOnly,1,20260927,592,twitter,370616af8584db52e81e96e840a0ff24dc7c1376825dfaba821586a6ceaef0c7,15,1,0,0,0,0
TargetOnly,1,20260927,593,twitter,6a006bee7a8ef46994e698dab791821ae894519158bac09839b9c7720982447b,5,1,0,0,0,0
TargetOnly,1,20260927,594,twitter,0ff7cdb2a6d5207e493f159f4831ba1c9bb2f34ab75304c94333523c20d86c68,3,1,0,0,0,0
TargetOnly,1,20260927,595,twitter,15ef1bcd3c9bd82e8daf1f10d502977edec7ff2968ad5926e2110b7ce29fb769,4,0,0,0,0,0
TargetOnly,1,20260927,596,twitter,48654f6b05fb402f5989d578766c2dd54dc40403e9a190b13a1301030a08ad1f,7,1,1,1,0,1
TargetOnly,1,20260927,597,twitter,5ff210c8884d0102a275475473c5cba0c0f2db63e45b1be91cd5778b90e7d79e,6,0,0,0,0,0
TargetOnly,1,20260927,598,twitter,183c48d7a2aab033ccd20104e819d38f67433097750771e7821c6e7961c87ffd,10,0,0,0,0,0
TargetOnly,1,20260927,599,twitter,55ea2cb0b59a864f950473104cc288ed311999fe5b9c195d5edeb7479d4a9306,5,1,0,0,0,0
TargetOnly,1,20260927,600,twitter,f1b5e9e6d6f733f94f78785c7b3acb329a53a736ebbc27d870531a64250b02e9,3,0,0,0,0,0
TargetOnly,1,20260928,1,blogs,f27ea2d29c7104c919b3db28c6665a75f06509e20abfce2a096f6bd7fdee17a5,3,1,0,1,0,1
TargetOnly,1,20260928,2,blogs,2e33f63c7626dbc369773847be674268e62ff845811d0f1a707abb82d030fda8,4,0,0,0,0,0
TargetOnly,1,20260928,3,blogs,3a5c23d72140c92c25f4fbd08b9ac0feecee320dc88c6ee630121fbb1dc7ba3f,5,1,1,1,1,1
TargetOnly,1,20260928,4,blogs,150f418fb152be9cb918f6a5cddb03c13ba3de68e7a2ad474b9d73f9888b10db,32,1,0,0,0,0
TargetOnly,1,20260928,5,blogs,379382c7ed6229fb6a69c6e7589b03d3240417a25dc4be8d5bfa25a7d0e6a114,20,1,1,1,1,1
TargetOnly,1,20260928,6,blogs,1a3d0e172a1fcc90d98522daac9c53c1add1ae3f5e1b59bfafdbaf7f15ea7e13,15,1,0,0,0,0
TargetOnly,1,20260928,7,blogs,b1bdb15784994402f4445749c82f4d5fa4972fe0ae3f775cd198f3db707ed5c7,36,0,0,0,0,0
TargetOnly,1,20260928,8,blogs,75ec673b2b31cde02d81eb99e409f3c60f43ed1afdb8d3477a01196e43e64dc7,10,1,0,0,0,0
TargetOnly,1,20260928,9,blogs,640a825583d8a72a7cd2175016d14e07d28d2bdd55709dbc8634270dfaec9da5,5,0,0,0,0,0
TargetOnly,1,20260928,10,blogs,91507145be5cf1fad2815adf342860b6bdac455d8db048b0374aa8c35cea72ae,24,0,0,0,0,0
TargetOnly,1,20260928,11,blogs,b72474f50716169e9748a2eb8e76b7ab5e47c06dda75b8e74db7920d216f09bc,15,0,0,0,0,0
TargetOnly,1,20260928,12,blogs,4e8895ae50463f9bb1588854743dfddeff57c6d568879614efeb3e276882ab37,4,1,0,1,0,0
TargetOnly,1,20260928,13,blogs,8334b4540dfa719754aa0de65ed2e2986c1843ed87663872cd9a57a7753146d8,31,1,0,0,0,0
TargetOnly,1,20260928,14,blogs,c32c3e1300b8358f8bf7ec24bd106bbef01d3579e2c273272d5efc7b145fa792,8,1,1,1,1,1
TargetOnly,1,20260928,15,blogs,41b8bc114e6a873a647502ff550d0b54a9f7fdb2fdb10bff657a8df21d400073,11,0,0,0,0,0
TargetOnly,1,20260928,16,blogs,b57186493fa3a2c547d996aa77e54272d923628b38b4516aea24441809f9338e,91,1,0,0,0,0
TargetOnly,1,20260928,17,blogs,6fda27b4519c3b1f949aa789fafd4633a2f4715428108f635f869b6f6abb47e4,9,0,0,0,0,0
TargetOnly,1,20260928,18,blogs,8e31aa2486bd2af28e15adf7c3e90c3c5b00791a9a32397ade5784dc34970532,28,1,0,0,0,0
TargetOnly,1,20260928,19,blogs,7d7f9e354d8330b014d1ef7c7cb1d9701045bc373464c2dff27577df2203228f,25,0,0,0,0,0
TargetOnly,1,20260928,20,blogs,32cd52cb54a0a85df0b971cd8c0dec12b0e8fca77376c9ed9eed5d52992e76d9,2,0,0,0,0,0
TargetOnly,1,20260928,21,blogs,3f11bb930af28be6636d3b7d33c9d93c16b75c68d23c735cac8a5f410b6e3565,5,1,0,0,0,0
TargetOnly,1,20260928,22,blogs,c3c80837aa0856c9606e04dcab979b22143dbe7815d5c469b05d365064138398,2,0,0,0,0,0
TargetOnly,1,20260928,23,blogs,f9c18fac0730e3adf3d480213575a4cbb220eb2947050930de7197229981d9fd,21,1,1,1,1,1
TargetOnly,1,20260928,24,blogs,3de6e4df992e71eb825eca79e7a59069fc50a064448f89979e471bcc3c22ba75,2,0,0,0,0,0
TargetOnly,1,20260928,25,blogs,cd672f6d7025d9ad0026cbba9bb3fe3ed6e71093ac88175f8ac2bc4e94f32a5a,68,1,1,1,1,1
TargetOnly,1,20260928,26,blogs,ffffbefc9a109669ff1a3ad2756ffb1b534daee5f90fa1162e36b37538116f43,2,0,0,0,0,0
TargetOnly,1,20260928,27,blogs,bf42c863d826b55a8070e1b8271fe6f2e04ddbc417207c1f1eb541701a91196f,15,1,1,1,0,1
TargetOnly,1,20260928,28,blogs,d67f3e27829d44de0441ec7eed10ea7e2c56c932e9f84f5bd174bd098965c994,14,0,0,0,0,0
TargetOnly,1,20260928,29,blogs,0989b5237eb48e59cad83dca5762b211d7ce5641230183f24ce883fe76205abd,12,1,0,0,0,0
TargetOnly,1,20260928,30,blogs,5cd9b83ec4ed2b0d02e2007d2c0408dba6b5ac9fc94263f469660eb274c34f1b,23,0,0,0,0,0
TargetOnly,1,20260928,31,blogs,dce1fad10ecb15835e20e771fa9582bbfa84509f2029a76bc26617a09e82b6b4,46,1,0,0,0,1
TargetOnly,1,20260928,32,blogs,cf963c65aa4e6aec5caff27f73e21a65cd1c496deca38dead971f519caa4a10f,75,1,0,0,0,0
TargetOnly,1,20260928,33,blogs,eb9f5bb77c9a3c3e31f269b25b42f96b69b7430186e38f0867f9015ccaa73417,64,0,0,0,0,0
TargetOnly,1,20260928,34,blogs,bd8985b74110ad26e2fc4ca3546ed2b4395d03a592c0585c2d7de7e26f1fab49,5,1,0,0,0,0
TargetOnly,1,20260928,35,blogs,7cc50f2dcfa90fef70167174027dcc0a2745896138b6bca25927ca90a44949c9,28,1,0,0,0,0
TargetOnly,1,20260928,36,blogs,1c5951e89a7e0d1267c533d6451876a1334d82fe301be34c567c2f0ab8d99491,3,1,1,1,1,1
TargetOnly,1,20260928,37,blogs,b25f994e529814b9fdf2bb21c64f49575041399a9bbcac0b4eea0554023236f1,68,0,0,0,0,0
TargetOnly,1,20260928,38,blogs,7a3925616ed56a8b85d5847676ae5aa6555e924f9eafdd9a0c743f1a2e30b300,11,0,0,0,0,0
TargetOnly,1,20260928,39,blogs,7ed840123b75f79024bc8d1dc218fd0f321c243a4f61574d890d2d41b9ef8f5c,3,0,0,0,0,0
TargetOnly,1,20260928,40,blogs,352c4a5237c0f7936acfceaf5fcb6ad851c1ec3bec851f002f8f2afc631ec909,1,0,0,0,0,0
TargetOnly,1,20260928,41,blogs,d2060adc06b000c7a152cb9ebd9c97fc8482baccbb7d26a051b8c99ecedb0020,2,0,0,0,0,0
TargetOnly,1,20260928,42,blogs,48a8a3b3ef24a02d736f34936f68558dd17258253c096871ec4c33fd0feda660,1,1,0,0,0,0
TargetOnly,1,20260928,43,blogs,19d04f212bb0c9a83fc08d9844cccf7fa83000c4c8f5d5bf0bacd5a1bfdbcfe1,2,0,0,0,0,0
TargetOnly,1,20260928,44,blogs,7cc7aa0a9cd8c2f9e0ad4e8bdde615c25d284ba8b1ce1e13bc16ad6ea987bf57,2,1,0,0,0,0
TargetOnly,1,20260928,45,blogs,8af68e87d85431bd6bc7a862171855c16c0791857530d46d4dfec1deddc23696,2,0,0,0,0,0
TargetOnly,1,20260928,46,blogs,f4f91a0016cfe63d6bc462744ca56478e36afc5c906dfa42905d004ead7ac90a,33,0,0,0,0,0
TargetOnly,1,20260928,47,blogs,d5054b72c01dd6e1d22489654daa3ef8d380be567c39326fe54107968958b2e0,32,1,0,1,0,1
TargetOnly,1,20260928,48,blogs,bb30fe263c00366818d0e6d06bfd8e9569b764d3ccb1384e3a002358c31381ae,159,0,0,0,0,0
TargetOnly,1,20260928,49,blogs,d267074911573a6de4266cd018b5ff9d916c188df7e0bc04617ed99ed72e7548,3,1,0,1,0,1
TargetOnly,1,20260928,50,blogs,289ecbb05bd1df116b388dfce818a704ce3b45504536e71478dbb35484478a89,24,1,0,0,0,0
TargetOnly,1,20260928,51,blogs,27b71126ec92112afb54eb000137182029bfcd0ebc3d6dbd6cd6d9483e3a4234,1,0,0,0,0,0
TargetOnly,1,20260928,52,blogs,ddede43370fa553ae2705c278f52107fabdba65412378756953c6d27913bcf0a,5,0,0,0,0,0
TargetOnly,1,20260928,53,blogs,5918f37fca3c7089c9f83756790ef55fa02549c3383a53e67e7ec28401bb412b,46,1,0,0,0,0
TargetOnly,1,20260928,54,blogs,2a2c45f7d25bf1f3be66a95a02a88f42d3b03e2016e5bce15e735cc9c26910a8,43,1,0,1,1,1
TargetOnly,1,20260928,55,blogs,1b318a52a1fc587e9425cc21811759c771ea51381d41a018d6a4bd3d02cc45ae,21,1,0,0,0,0
TargetOnly,1,20260928,56,blogs,580589c89a508ed2f4b1766886ba623bec667f18bbb282189b3d36ecd412209c,2,1,0,0,0,1
TargetOnly,1,20260928,57,blogs,50b9d5391f73c1fe0c14b262ff5abeb64fa1e880491b3cdf9736900d8f29a7a3,9,1,0,1,1,1
TargetOnly,1,20260928,58,blogs,929846bf043468a80ab4f13004e997e29b18248e39cd61f60c2f2483e82ae9d9,2,0,0,0,0,0
TargetOnly,1,20260928,59,blogs,361aa83793b17e1cb64a7e78bebe2c9dde88d0751b7ef508242823501bf26cf1,8,1,0,1,0,1
TargetOnly,1,20260928,60,blogs,0ec1f7437566873287fb4ce2337545d15b04fc9859d7c9df732eaf3828b639ff,61,1,0,1,0,0
TargetOnly,1,20260928,61,blogs,8a408670d1fffe106c3249c50114ed0ee76b8aba4d1cea1ba97bbef380613c9a,26,0,0,0,0,0
TargetOnly,1,20260928,62,blogs,d3aa691ddc018a6d5fadf674929c511806af19a69aa261d8c173c0ea587b5c3f,48,1,0,0,0,0
TargetOnly,1,20260928,63,blogs,59d0f2409d827263bcda66b91fcabe32b1ef885a9550d6898df2a271a5ec034d,4,0,0,0,0,0
TargetOnly,1,20260928,64,blogs,c49d87c5affe4e36ae34217c03e51abadf80293b674c00e50068902705ba16ca,5,0,0,0,0,0
TargetOnly,1,20260928,65,blogs,769d17e744efc9f359f472b33b7eb105cfeacd41c8a520c02c0c4aadd552c805,31,1,0,0,0,0
TargetOnly,1,20260928,66,blogs,14fc8df07a8d53d992cd72761a6265695f6c1fdeced1febb4fa01fc775b2777e,67,1,1,1,1,1
TargetOnly,1,20260928,67,blogs,83a1203467cbe6489cac8a50d562ea477b423c9ebb81fd31272f9342e90ffc34,62,0,0,0,0,0
TargetOnly,1,20260928,68,blogs,6d5ed27525ca9d74933058c30ac43026dc1e3f55835b8ebe864d70b14add954c,20,1,0,0,0,0
TargetOnly,1,20260928,69,blogs,a84b2495026668563d2d2b80e26c295978500cb674de72c200fcd9aa5d99ab93,20,0,0,0,0,0
TargetOnly,1,20260928,70,blogs,f388cd77a4ea5c2114bec4dec6f7757e3b4fbae9eb400d8097f0d77d02748e35,185,1,1,1,1,1
TargetOnly,1,20260928,71,blogs,e950195b249e4732f401a15b796b714944447b9025203d3108daf112473e750e,19,0,0,0,0,0
TargetOnly,1,20260928,72,blogs,5ddc58f751c00ce74fe573241d6f045e9a5c1e0e56b5d4d43fb3f7a0556007a1,5,0,0,0,0,0
TargetOnly,1,20260928,73,blogs,3e691c6574767bc1494057f084358db0f018e395f8195813f147b4177033d5bf,67,0,0,0,0,0
TargetOnly,1,20260928,74,blogs,50c3f1c845a617b0e1552789043c90e959d925ed130f6f05de05d4c07d96a2b7,17,1,1,1,1,1
TargetOnly,1,20260928,75,blogs,4054deecb174f717e2fe6fe7bd4095a27d06200b8043af5b7d915eb985ef27a3,40,1,1,1,1,1
TargetOnly,1,20260928,76,blogs,e7e127780d035bd0c76f2ac65a8d93edc08d0bd8ee5b7014ad0f28d53b615cdd,4,1,0,0,0,0
TargetOnly,1,20260928,77,blogs,0999a671801d5c56c9233b675d4d7065e41fde5cde8dd4a5a64a1220029d3e22,29,1,0,0,0,0
TargetOnly,1,20260928,78,blogs,67220dc16dbbefd83c149fb4bd803213d89492cd5fc9f6acec32669b8f0253fe,19,1,1,1,1,1
TargetOnly,1,20260928,79,blogs,764597b8401ca8bd3f09abd8c82151731453da8f44bdc36f11bb4997b73165d2,25,0,0,0,0,0
TargetOnly,1,20260928,80,blogs,75fbc187e71ed80033bdace43c3626ab186cb429aaca32b6f08c9b1b0b8444b6,36,1,0,0,0,0
TargetOnly,1,20260928,81,blogs,cd15e561e7fc867b9c2e835e800154bd0be757e6d640fadc314f677476e5b7b5,11,1,0,0,0,0
TargetOnly,1,20260928,82,blogs,ae8bf5c69965afe9d176327f89b31a40337814b960d80ae01bc968dd46cc3349,1,1,0,0,0,0
TargetOnly,1,20260928,83,blogs,249ceba8002b87707e882c3b63b9feb25d5764164d7de7b50b6a4e442032994b,1,1,0,0,0,0
TargetOnly,1,20260928,84,blogs,088086dcb5715f8edea12bf99b220bd79151ef92d8d5639b9ce6ff2af750aa3c,17,1,0,0,0,0
TargetOnly,1,20260928,85,blogs,535e5a5dfe34014f1aa3060f920ac58e2b09d9acea67a8f520c8f578cbe60864,13,1,0,1,0,0
TargetOnly,1,20260928,86,blogs,69d90146172c7597139af760c5db39978c46da358088125d8d8018e407866988,26,1,0,0,0,0
TargetOnly,1,20260928,87,blogs,30a9f0776e80a74797c413ea192774c5b1e6e0e956f224b86e82f54713ec3e08,6,1,0,0,0,0
TargetOnly,1,20260928,88,blogs,f90f6dbdc4c899da2381c21acdcbcba25e82f0028d37b93e8e9c2b37b334b20b,11,0,0,0,0,0
TargetOnly,1,20260928,89,blogs,67a5c87095d7430d61a213350a487b0accdd17112ceed832ba93af6dc39b3e4d,3,1,1,1,1,1
TargetOnly,1,20260928,90,blogs,eb7d4242ad15e73cca7b4e53af9564d1a63b6a510e7a56c218d37b0d625547f8,65,1,0,0,0,0
TargetOnly,1,20260928,91,blogs,b8daf113cf9a3b6204e823218b188ffcbfa85bf1e8b8f9d229d75376f9be2ee5,48,1,0,0,0,0
TargetOnly,1,20260928,92,blogs,95124b3051baf8659f3adaebbdb44983593a0997272bee4d373b5bc38414521f,23,0,0,0,0,0
TargetOnly,1,20260928,93,blogs,282b497fbec0178811613bbdba5ff9eec0c1ee54a0094898833227e3195cc29c,12,0,0,0,0,0
TargetOnly,1,20260928,94,blogs,509296d7af69829fce10c4fd63587460123a0b8af109b6cb341c049eaba5f153,51,1,1,1,1,1
TargetOnly,1,20260928,95,blogs,a7b1855e998e5636d2a0ea7547dbefcac979b5cd94d74c0ecf03157e070feca3,6,1,0,1,0,0
TargetOnly,1,20260928,96,blogs,67a15e555ce8350272b10576f900f5bbf03ba45fcdc6732e5989f6021fd1c734,2,1,0,0,0,0
TargetOnly,1,20260928,97,blogs,ffc6a00a75bcc4917e4e5405de5b513c8567c6ff1c829ba5510ed5166a084c1b,100,1,1,1,1,1
TargetOnly,1,20260928,98,blogs,6bb422a226d7c6f7d2a40d30f944587021e16c54880bcf2b3e0743660ea40c56,23,1,0,0,0,0
TargetOnly,1,20260928,99,blogs,057f13ec60395b2844f2b28f3d1291cf3e85e1064f584ee4e0e2a85179a21d5e,52,1,1,1,1,1
TargetOnly,1,20260928,100,blogs,7313906fc7c18edc1cf436c1f991cd4fef7cf0778b3cd69a6e5b24f5aa353540,43,0,0,0,0,0
TargetOnly,1,20260928,101,blogs,97e5167a0cd7d3e8ca22727841a734bdb5bd80e62a3d8258538561178346eb78,32,0,0,0,0,0
TargetOnly,1,20260928,102,blogs,d79c04c6f0e22149c1c9006a42e3e9c7f9df76cb6e1390cfdcebabcbb51bb8a9,16,0,0,0,0,0
TargetOnly,1,20260928,103,blogs,4dd737184fc361b8cf976ef430f2dd21985f4e868137c42a996e8e3e695ccd95,14,1,0,1,0,1
TargetOnly,1,20260928,104,blogs,ac9a8a0d3cfe9c7bb2f3b752bf5c26ab3c69ed2f372c9839e4d8b1fbf6ed0331,2,1,1,1,1,1
TargetOnly,1,20260928,105,blogs,9dbee1eacb6a2dc2637f5fc3d44059ea4bcf626edc2c4f21d738ac16c883e40a,3,0,0,0,0,0
TargetOnly,1,20260928,106,blogs,62a099be03468391755a96421abbe0f9e5b0162d527f2962dcdadf8c95573dcd,16,0,0,0,0,0
TargetOnly,1,20260928,107,blogs,091877a1635d9a665633883b50bd5dc36bc5ca9e5585d0983bb1a29b4a8c3d1e,20,1,1,1,1,1
TargetOnly,1,20260928,108,blogs,9c8d9ad6fa9079fd13f306d57eee0dc27528927bc26c393dd88fe8a4394bd34b,56,0,0,0,0,0
TargetOnly,1,20260928,109,blogs,a891f0e31026aea17b7e618ecb1770f88745de47af609e61c3c463d370c1008d,39,0,0,0,0,0
TargetOnly,1,20260928,110,blogs,5d92b68393bbdb849fc1ebfad9c6b34cd6538758370ddc7ad3629fced60a5d7f,25,1,1,1,0,1
TargetOnly,1,20260928,111,blogs,74dfb95052a454d55132e41c8b4dcaef8477b01e8c7ab901d723b5f0e161b6e2,12,1,0,0,0,0
TargetOnly,1,20260928,112,blogs,8cd3930f92a0a8ebcb133d931ebe48117c56b2235e341a4583296c55f8c9e250,5,1,0,0,0,0
TargetOnly,1,20260928,113,blogs,30490f8f285188f117b5dc1339c3693c23a69819f1a0ee69322f604d9ec499eb,7,1,1,1,1,1
TargetOnly,1,20260928,114,blogs,24d039524a223ce53179db33269afa83fdae9e4d5d1e4ab8858082ff731c2a15,27,0,0,0,0,0
TargetOnly,1,20260928,115,blogs,f4d9e25f742070aec6a949d7197d30714a6a67b120226b3d1eaf85136351db0c,57,1,1,1,1,1
TargetOnly,1,20260928,116,blogs,6a4e3a33617c4fe6ab7ef6486f850708e32ea6014ca3d9c67dc608012463a971,1,1,0,0,0,0
TargetOnly,1,20260928,117,blogs,301733dbfab361290501489be559d8c81ed730e6b752acea9cfe4fcaf92b9900,3,1,1,1,1,1
TargetOnly,1,20260928,118,blogs,e9d59ebbbf86bfaf89c2a88befb5ab14401779a524e927d619a1ab87e0d8bba2,2,0,0,0,0,0
TargetOnly,1,20260928,119,blogs,5dbfe67d0d54de168c6c7693cf911b389b643c7605560d75c61dcc324cb7c9f9,39,0,0,0,0,0
TargetOnly,1,20260928,120,blogs,2bc6ee6e94906badea024b70b2aac8873e18f8f12396aa3e20a49321e0c12021,9,0,0,0,0,0
TargetOnly,1,20260928,121,blogs,ff60fd0c2b5a8c0d0e293887350048ce6489caf891ebef6202418289bce6e77b,7,0,0,0,0,0
TargetOnly,1,20260928,122,blogs,944a591a2802feee58d0ee711428ff20c4f16e702aa72d72ea4fc1c77057c67e,2,1,0,0,0,0
TargetOnly,1,20260928,123,blogs,beef00b6a3aa10e4e2713d2e117c6719e5cb12f4b8b0a792a21f714430ed2461,51,0,0,0,0,0
TargetOnly,1,20260928,124,blogs,19e0072349b355cd43d26b51eadf2572e236292a915cd0aa89f9925e0f5698ab,54,1,0,0,0,0
TargetOnly,1,20260928,125,blogs,8ef449862b952c2f06d7826273498842fcab93118caae140feddbdbe83c8041c,34,0,0,0,0,0
TargetOnly,1,20260928,126,blogs,320adf1e1f032ade513e367aced54481158d7c681490476bb74e6b441fbb3bab,9,1,0,0,0,0
TargetOnly,1,20260928,127,blogs,c6d4ce500ccf0dc7143630ddf7223fb8b6b76bfa002279192c3545fdb861acb6,2,1,0,0,0,0
TargetOnly,1,20260928,128,blogs,15f360109886ff0f2398f4d545d27e15c381c7503de8c07a802bdc9a087b07fc,5,1,1,1,1,1
TargetOnly,1,20260928,129,blogs,e3791dab62432b0c9d68c62beb88e6e1ccd7edd5db8d9e4ac1abd8c0702be29e,4,1,0,1,0,1
TargetOnly,1,20260928,130,blogs,43d332dee0b904d3c1628d681c718914a3a73d93364206589288c37e89b50d76,1,1,0,0,0,0
TargetOnly,1,20260928,131,blogs,5dd00d3232116b0907ceba5c43642c30d11be8c789c72e3f8564adffbc66023a,1,1,0,0,0,0
TargetOnly,1,20260928,132,blogs,c433dc10bed170d2610880bff6d5d7da9a684d3c8988c279672f97489717f38a,59,1,0,0,0,0
TargetOnly,1,20260928,133,blogs,451722abcc2bdcd0e5cb1f504d40f921e803606a0a2a01ae74a833a2677bfe21,27,0,0,0,0,0
TargetOnly,1,20260928,134,blogs,438dfe05145e2bfe0049ede47edccf11088ea8d06067ee48d0cc70c4cf10712e,26,0,0,0,0,0
TargetOnly,1,20260928,135,blogs,06a5c73a7734d956a1b27794f679da9667df483aca4d715063af2d78edb2095e,51,1,0,0,0,0
TargetOnly,1,20260928,136,blogs,da2ec48c8e7089305013b793d4e852d26eaddb6f08b1c9e52eea32c50b80818d,16,0,0,0,0,0
TargetOnly,1,20260928,137,blogs,a7e42b1871c48384f4c2dfb5293403f48ec9efc1cf0ca6c9b5d283a0ec871daa,85,1,0,0,0,0
TargetOnly,1,20260928,138,blogs,4b8c6b4cbab8492c1c03e6e11f89dc2fe2b4a48390af288c1a01e91b3a09706c,1,0,0,0,0,0
TargetOnly,1,20260928,139,blogs,81ab4d2a755bb70f92120ee3d8eb11095d8d9b27eb22b5c5faed15f0963db1c6,7,0,0,0,0,0
TargetOnly,1,20260928,140,blogs,a4330c45c8991563700271f6f8b8e220f41119f7eb838e5413b94b5a4a73e962,1,0,0,0,0,0
TargetOnly,1,20260928,141,blogs,76cedcf8ab9c21f8b1389d7ece4b23b7e7a2d05965cd0ae3862b9f74e3a62504,34,0,0,0,0,0
TargetOnly,1,20260928,142,blogs,179ec92938bfecceef666117b544d94386d97b6edd1f0a343cf1957f3a395bd8,20,0,0,0,0,0
TargetOnly,1,20260928,143,blogs,ae8ab4794661237a7a3384e23b25a1ed1045fa9c7ffb13456fbd63d1c3112065,17,1,0,1,0,1
TargetOnly,1,20260928,144,blogs,fd4b176499e87ac7ba1fd7ab79f3d65a409c50e2542a933c90a8d17c6acdfdf4,35,1,0,1,0,1
TargetOnly,1,20260928,145,blogs,05cd15e66d0926b7d521b824a542ddd09ad264d663e67ccbc53cd72f8a85a3c7,16,0,0,0,0,0
TargetOnly,1,20260928,146,blogs,cbdaf8d123838f408601324e84b4ca29b11ca226f400da1b2e7db52da552012a,8,1,0,1,0,1
TargetOnly,1,20260928,147,blogs,0ea53809eccb3a953b4e8be7cf5159b0b7a3653187b3d59177b599770d546c1c,24,1,0,1,0,1
TargetOnly,1,20260928,148,blogs,285c8d26edf037e359c00d0152bf525bced924549c300a89327df90b43ab0112,1,1,0,0,0,0
TargetOnly,1,20260928,149,blogs,dc0990e106cfefb238974b070a67cb06aa19ab22ca4c1d7b2568b2ac48840f55,5,0,0,0,0,0
TargetOnly,1,20260928,150,blogs,2310f9018f334d5cea26c51572604ee994ba0f75067ad4e55f60b051720eb666,33,1,1,1,1,1
TargetOnly,1,20260928,151,blogs,ed1730a70dd632b9c1f59f50100c1039da72f55f8cb9f7da3fdf1d49c9e04fb0,22,1,1,1,1,1
TargetOnly,1,20260928,152,blogs,b91c60eefa07efc8d8c766b76dd128ca4a516d7c24cf713f1b5f3064169935e2,1,1,0,0,1,1
TargetOnly,1,20260928,153,blogs,0c6dd475cb7252e558272ed5476de7ec6792bdc4fde6bbede235965bfe6f5080,14,1,0,0,0,0
TargetOnly,1,20260928,154,blogs,b04ed46d0f25dfef118ccab2a0ea2635e5d2c55ad0a77ed20858623e46b686ed,1,0,0,0,0,0
TargetOnly,1,20260928,155,blogs,d4b71e71cae5e44e4118081553ec5530ee80dce7a886c85749d9e45377fe699c,109,0,0,0,0,0
TargetOnly,1,20260928,156,blogs,819892f3f9c07c0b6ecc3bbfde5dc87757f4a7c446f8bf6430a38284ec3786f2,44,0,0,0,0,0
TargetOnly,1,20260928,157,blogs,b5b776f2980c8378cb1f2834e76e814863e4b7411f5de5b9493cbf1430db1fda,10,0,0,0,0,0
TargetOnly,1,20260928,158,blogs,181e694b77fc212dac9d06987bbeeffa7e9aaf649b8a06eb3cd97de3ecf0d4a2,2,0,0,0,0,0
TargetOnly,1,20260928,159,blogs,816866080550f09f99095e912c60005960caff3b6aeaeca9f6f643f77caf856e,21,1,0,1,0,1
TargetOnly,1,20260928,160,blogs,b40e9b17841eed5a6bf44e893dd5557121bd34ddea8bbfc9b36047d0f351938e,1,1,0,1,0,1
TargetOnly,1,20260928,161,blogs,2bde01ba2ca285280be21974bb2e818ec57704b1a06bd18594851fa19afa68f3,105,0,0,0,0,0
TargetOnly,1,20260928,162,blogs,0df4a64477ae5b424ff425316f9868d2cd3af3672519dbcb50a7eaec81655be2,21,0,0,0,0,0
TargetOnly,1,20260928,163,blogs,75b9bc23fa68a45c5cbb5357bdd745a44b141fe9cd1baca335426cb31bd26ac2,96,1,0,0,0,0
TargetOnly,1,20260928,164,blogs,41c11852c3d7f62f07a039d1a1353a98b852abb90e4cec23d5d062f5956925c3,25,1,0,0,0,0
TargetOnly,1,20260928,165,blogs,fe647385e8934d869c08d261ba262604a358a7082418ec109d6a3917992de0ce,9,0,0,0,0,0
TargetOnly,1,20260928,166,blogs,cabc98d4eebefe718f9bb866ac66dd8d3314f88b39d4c5a53ab8c13e188e5d42,13,1,0,0,0,0
TargetOnly,1,20260928,167,blogs,9134bc3a8054df8751179dad332786de55d8d30cc5836cc9f7cf5e2da9efa5df,2,1,0,0,0,0
TargetOnly,1,20260928,168,blogs,8a3a45ac9c16931b8304e58742820a06356dab7e3180d238153ad969014baf7b,18,1,0,0,0,0
TargetOnly,1,20260928,169,blogs,6ae9a8233ae0006692e733fab7dbe811f257308042e32824cb1f91a858c9b7ad,1,1,0,0,0,0
TargetOnly,1,20260928,170,blogs,c8239036c7ba0f97df365063fb3ff245075aedc7576879a800cb5ef00a5dcf57,23,1,1,1,1,1
TargetOnly,1,20260928,171,blogs,7d03b2aca820442d1dd4ed0758332bbf7c0221d6fc21adbdce3f3770b285ae6a,17,0,0,0,0,0
TargetOnly,1,20260928,172,blogs,834f59365e75020a10a53d47e8e8ad53d12910d3ee6d4b5ff3c7c32bcdfbf393,40,1,0,0,0,0
TargetOnly,1,20260928,173,blogs,c80f10ca557aefbfa87690f531b64b36706a0a3def3a7f273afe4fbde70f3e71,13,1,1,1,1,1
TargetOnly,1,20260928,174,blogs,85b823a7393ea003b8c1fd3cf03bcae450129384d78f6ebf341f48f63e33b66e,2,0,0,0,0,0
TargetOnly,1,20260928,175,blogs,8c62b466ff3e7bad679361a0c4a94c8e8d1c980db7d24f1a942c3cea49c9d9cd,3,0,0,0,0,0
TargetOnly,1,20260928,176,blogs,2225ec3cbc148f64c837bd4f0dfa7ca8d15d475f90d759ac9d6746e670f48b58,58,1,0,0,0,0
TargetOnly,1,20260928,177,blogs,78ce70ab8fcd0433ee30382fe3d07bfa99bcc9551dbaadaf1bce0ff3b72043d2,55,1,0,0,0,0
TargetOnly,1,20260928,178,blogs,87877f6b81280379d0fc181f082d80c0a7fc942a8038c03eb870ce02c115e670,32,0,0,0,0,0
TargetOnly,1,20260928,179,blogs,d58f95aac1deaa47a480250ca69c64722f6033cf98241eb12c54075b4e8c0cbf,2,0,0,0,0,0
TargetOnly,1,20260928,180,blogs,02822979e79f67ce6acf619f7ac6f6811666876fb03211931a0d22f5e2f357c9,3,1,1,1,1,1
TargetOnly,1,20260928,181,blogs,62398e7fe9510a2356e4ac9a0605e35d2f75d6537c9e5f6a0ef16a11df64f3c2,18,1,1,1,1,1
TargetOnly,1,20260928,182,blogs,125a21d647198b9a9b4e532e1c21173099b5b77a2505eca5d495dd18b38ee645,1,1,0,0,0,1
TargetOnly,1,20260928,183,blogs,4d0020fcf352e469a312236972f4d1d7fcc55128719c4b47a8c3279484cc2335,48,0,0,0,0,0
TargetOnly,1,20260928,184,blogs,ff506e4767af50216ac5a9b0569f13991d6dfa9ea57ac2e3a34de3687712c5ae,3,0,0,0,0,0
TargetOnly,1,20260928,185,blogs,94231909c40f07766cf97675658be0eb54956ef50a074d39a685824e15438b3d,16,1,1,1,1,1
TargetOnly,1,20260928,186,blogs,49a0ee2e414502b63d9df3d56c069e4f3895b41506ade52623cda2dacae3f022,4,1,0,0,0,0
TargetOnly,1,20260928,187,blogs,48c2d41352191f36f12cce7ff0364f45f7fe2c0830b9313412e361daa76b25cf,2,1,1,1,1,1
TargetOnly,1,20260928,188,blogs,c5dc16b9b66ed2581bfd3b55c3b434c368c281fe8da26099c3f65a756d49d2d3,11,0,0,0,0,0
TargetOnly,1,20260928,189,blogs,25bf1823372cac021e74991c577919cb77df32328e8310f6891118e46f7b0afe,2,0,0,0,0,0
TargetOnly,1,20260928,190,blogs,99297c1b0394f506185f5c7caf08666e663565bdd3b300b86e65fd4fff2bd1f7,35,0,0,0,0,0
TargetOnly,1,20260928,191,blogs,78b55d6b0f18438c47e60fce7e1b4234a0a7375c0f83b3afab4cb125ace2f96b,46,0,0,0,0,0
TargetOnly,1,20260928,192,blogs,4e56cdabed510a78bff69e4e7dd0386e670d803935709b84e3166dd1c4e2b39a,56,0,0,0,0,0
TargetOnly,1,20260928,193,blogs,81a2e1df0e2008e3c66562bcfbae4a8fce030a337c9503eaf7744a0ec5a3aeca,3,1,0,0,0,0
TargetOnly,1,20260928,194,blogs,21fc094822685d1b42829562e9b20fc04500bc9ffe43ac0caaf104448e242180,2,0,0,0,0,0
TargetOnly,1,20260928,195,blogs,99dba9a6a0e3d175783facc4da880a998e55a6ba3191f9e797e333df760e04c1,48,1,0,1,0,1
TargetOnly,1,20260928,196,blogs,9c80a57bf0374f50d9139dde80c889481b2fdf9f5e1f66e2f0dede2504e7fc11,33,0,0,0,0,0
TargetOnly,1,20260928,197,blogs,d6732e82c7c7c93932196cca218a17cc01d85c909e5c3a596ce816c8c176499b,3,1,0,0,0,0
TargetOnly,1,20260928,198,blogs,c329ccf68f3d1473f59497cd2ddeb670fa914c495cf411ba9cafb25a93a3d917,1,1,0,1,0,1
TargetOnly,1,20260928,199,blogs,3b84ebce6ba992d9e3dadeed4c7f7c006a25dbb0cc7d08f2d44fd0d71b97a2df,17,1,1,1,1,1
TargetOnly,1,20260928,200,blogs,c42b839afbb205b2384d1dd940a6e59e0a1f362d1c8ace78dddde19b54cf800d,48,1,0,0,0,0
TargetOnly,1,20260928,201,news,39689551a658251ab71594ed7115c7a6509428446424c987ef0334f4e1259cf2,41,0,0,0,0,0
TargetOnly,1,20260928,202,news,6c2ecc04f145627cf6e3af34bbf5fceab3446b954aeb6d2cd83bc149efeee194,12,1,0,0,0,0
TargetOnly,1,20260928,203,news,f294c79166f854531a597096235f35d4b90621bd2f1e6c1a36bfe2a7caa6c144,33,1,0,0,0,0
TargetOnly,1,20260928,204,news,1a66f0288092379e7c51f0169eb3e0aee0a661d07e1c3cae13f925c8e58ac0e4,14,1,1,1,0,1
TargetOnly,1,20260928,205,news,ca147c951ee4d9853546c34222eed78802527f4887856cd2889ec07a345d7ce5,15,0,0,0,0,0
TargetOnly,1,20260928,206,news,839e8f0cc656dd3309e4dd0144311fd085253962f1976a46ed9512608f19c2af,15,0,0,0,0,0
TargetOnly,1,20260928,207,news,37ad009ab98fd6a08ca9c0f908964a8e4d48070a2b1a95f160564e77129f44fa,8,1,1,1,1,1
TargetOnly,1,20260928,208,news,f78e73021a8caef1bc4e6c5f91f0e1da70aaf340c6b7934383b441f2acb63b44,5,1,1,1,1,1
TargetOnly,1,20260928,209,news,0e66323d8a74c4a0cbc1cc636b10af05c0e4b1d5f0c292d173d9ba8dd631f354,52,0,0,0,0,0
TargetOnly,1,20260928,210,news,d823d0c6826a6086c07837b8b036ff2d50385575f290b3819667e1a10f821493,20,0,0,0,0,0
TargetOnly,1,20260928,211,news,4fae3c1054dbe16a575cadd9751ac2f041699c12fcc82d694f84aecd55924d2d,12,1,1,1,1,1
TargetOnly,1,20260928,212,news,861cf299c1c71a57e4d6df354d502abb6a141bd5b898a80075a0061ed593626a,14,0,0,0,0,0
TargetOnly,1,20260928,213,news,2a1cfd24662a05e21a6c424c5596896e1e849e72e0350d176c4594c175ed6b3c,3,0,0,0,0,0
TargetOnly,1,20260928,214,news,02abbfee4ecb9712806b34f90968f8ca0bf1879fd88f601a90ae7adcb0e6712e,11,1,0,0,0,0
TargetOnly,1,20260928,215,news,4c44ce85b112b78e0dd597b040cfaeaba8389a76a5cbcd5d9cea8a2d9a76780b,6,0,0,0,0,0
TargetOnly,1,20260928,216,news,c8a428b6be6f1549d9a18da4fdb08bbd464801a9817516283c0d7f1630bbffe2,24,0,0,0,0,0
TargetOnly,1,20260928,217,news,646077b12ef792901090b66ed5252595010e1c765fed1db784bf60d80b2a88b7,4,1,0,0,0,0
TargetOnly,1,20260928,218,news,54584530ecb30860adbb367cc94c8b191e75dde863942b9140fe71b653393e20,10,0,0,0,0,0
TargetOnly,1,20260928,219,news,144ca05566dd24f560b15b10ca2c972157001d5edbca186ef1fe1282f095aa57,14,1,0,0,0,0
TargetOnly,1,20260928,220,news,e4928570ac166b05d2c0d2c972359b12530aa8a4a4c4a740ee7e0b47b9830f2a,39,1,0,1,0,1
TargetOnly,1,20260928,221,news,5f95e525324509c46723ab472dcf0774885b260f53ca88dcde746c4e4dbf6e13,31,1,1,1,0,1
TargetOnly,1,20260928,222,news,28eb0c6c3f4ca7829380954075933745835cafad3213297117ae208557e3a2b4,3,1,1,1,1,1
TargetOnly,1,20260928,223,news,116018768100217f6dd4602cbfe1bbc9f984a0995184125aaf534cc4e3c02ce6,5,0,0,0,0,0
TargetOnly,1,20260928,224,news,74afef640a8ed3d4f81b202dd5c709962ff35e59d64611c6a3664e958bd2657b,15,0,0,0,0,0
TargetOnly,1,20260928,225,news,fa5593f7c18481c876ea98d640194154c73a228e380bb0866da5c84f08192406,21,1,0,0,0,0
TargetOnly,1,20260928,226,news,c45b0eff06db86efa4bafb956f1067864fd56b76b36070c495224c147bf4eafa,25,1,0,0,0,0
TargetOnly,1,20260928,227,news,1ddbfc8f4c1accec06540a7fb736a07af895a1c94a91a5e9859d26c91c9d6966,18,1,0,0,0,0
TargetOnly,1,20260928,228,news,6c3cad1556b7e83c07251cfa4de64c231d1ac17e5947bb5097ac3defb6a0647f,15,1,0,0,0,0
TargetOnly,1,20260928,229,news,c34774d56b228e4fc9c4f199ade1c835628d0738134b7bee7d00c169e6c716b3,36,0,0,0,0,0
TargetOnly,1,20260928,230,news,b7fc5d7c188768e544f34bfb6c778758335fe0c557d5aea0e9afa66e614d7441,28,1,0,0,0,0
TargetOnly,1,20260928,231,news,5da581c2742ad2fcd1e8419d98b57e7f05b774ca3117e5e31379e4122555fc90,7,1,0,0,0,0
TargetOnly,1,20260928,232,news,3716bd14c457d7c87865150d23fcfae71b98fe678b64bdfca1e916c6ba3d2967,25,0,0,0,0,0
TargetOnly,1,20260928,233,news,6bb9d51f8283f9bc67d71f02e3550bfe3b4898a1926a6c28621b624fbdbc5e72,31,0,0,0,0,0
TargetOnly,1,20260928,234,news,b37171009697f46f3e536bd1cd7b4f693bb79682e5bd19a4efee4a1ad47cf74a,7,1,0,1,0,1
TargetOnly,1,20260928,235,news,bdee0a11fda5eed2e0e46ef128d02422b536a091fa35255f6cf793b324f760f2,24,1,0,0,0,0
TargetOnly,1,20260928,236,news,3dbcba6a0e5c5ff8c8b61723f7a238e47f19bdf87f30208a7e00e311a9ccef29,49,1,0,1,0,1
TargetOnly,1,20260928,237,news,8c0fdc0b410bdac1604ab0393009f32bdcce20c061339f6695a3ae83322ccaea,8,0,0,0,0,0
TargetOnly,1,20260928,238,news,5671840d29f8ed528fa0b588f190b94036a96e5c8f3df2b2d143182821db9a5c,3,0,0,0,0,0
TargetOnly,1,20260928,239,news,7994ef125c9fa26c4ef445104acca367da1af670f36f62278bad67f2be0e5c2c,10,0,0,0,0,0
TargetOnly,1,20260928,240,news,4e719bb5eda6c6c6b49c93102ecf609b160317b5b276bb4ae02d172eb1fa7755,11,0,0,0,0,0
TargetOnly,1,20260928,241,news,cf6aefe72ec3b0a537a839b2c17d197c1babf6e73378f5c2524da5978ef3cf0e,7,1,0,0,0,0
TargetOnly,1,20260928,242,news,774cf0d15caa1b45c16bd688a862c35fa6198d73b69a784b5f5ada6343c8f8f8,27,0,0,0,0,0
TargetOnly,1,20260928,243,news,b3df094efdb01fd8c751037bf3bfa87d58cc6a009bb5fe59bd53d93e67848878,4,0,0,0,0,0
TargetOnly,1,20260928,244,news,4e1595f4a4005b7f2b28df5c15e2e26a19db54562fdd2539825d32654605af3e,7,1,0,1,0,1
TargetOnly,1,20260928,245,news,42b599e0bcf2d6a628c306cfaebd4343df6d6144bcd4b2d843612007f9c8e734,6,1,1,1,1,1
TargetOnly,1,20260928,246,news,cd2f346bd065aa18e6cfb84285bb7b8dbc10cb9cd84b750e58e3e7522d73cc4e,32,0,0,0,0,0
TargetOnly,1,20260928,247,news,f2f53e2249e1dfad8feea717d37e94e2e581dfc135135584259a1e616b879ed4,3,1,0,1,0,1
TargetOnly,1,20260928,248,news,4fc2f16b0fdc86b4be4e1d255ca818417a8ae2861aae8fe7bbf44959954e4b09,32,0,0,0,0,0
TargetOnly,1,20260928,249,news,12c8f76c7f8dc2f8b327d8664cec9e39c3eeff9f48d0893438db19881ca7a806,5,0,0,0,0,0
TargetOnly,1,20260928,250,news,78e68eb1bf28d10b5cc120a673dab18929a2e1f5c4b10c755f72b70fb33de64a,3,1,1,1,1,1
TargetOnly,1,20260928,251,news,1bdc2b39bd2b59782b1e047db91d07cc060213095d6624b1b218ec437b5a29dd,9,1,0,0,0,0
TargetOnly,1,20260928,252,news,ab3f5368470b8af96538041ca153f157191b36603b2c1839c3aa20cd2dd9c7af,10,0,0,0,0,0
TargetOnly,1,20260928,253,news,e1d3a9a2e2218a7dec19f789543169e2e3de735fe189fbeb92b3b8678976ba8e,70,1,0,0,0,0
TargetOnly,1,20260928,254,news,bb9ff2e5ee1c68c385818dee12530169ff1f64f97caaa5c9a11330c740a7e1cb,23,1,0,0,0,0
TargetOnly,1,20260928,255,news,30e043e791e0ec9367a3827077433d98bf5c9879c7b604a2226af614f7da9728,20,0,0,0,0,0
TargetOnly,1,20260928,256,news,0331fc2936e46ab649f06baed71821db53e7e44b69fd5d2267f6c72cdfab26f1,60,1,1,1,1,1
TargetOnly,1,20260928,257,news,f9cb0ccef9080b10d5f8c7e67a749935be30804298056361c663e78e5380d3e4,6,1,1,1,1,1
TargetOnly,1,20260928,258,news,459f3683c0af47d6b24df0aa3ae3c5d19ba8ca1f97915dabf46a3d5e9b10d67f,56,1,0,1,0,1
TargetOnly,1,20260928,259,news,4f070648b67f58eb808415dcc2ab1d2ddc63041070b4df6fd84d3d4e4246a7d6,8,0,0,0,0,0
TargetOnly,1,20260928,260,news,ed33a9ed9b76ba9439010243d04f123de12adfbe78ee243e0109975dca9a3e23,37,0,0,0,0,0
TargetOnly,1,20260928,261,news,56775191a039dbb699f1efe02cd92fc3f8317b370a6ce813b11d66a8f6a2887a,3,0,0,0,0,0
TargetOnly,1,20260928,262,news,a8e55d5d4606b80477a96fb831412ab2c33de776369983d30c42ba66aae4ba48,19,1,0,1,0,1
TargetOnly,1,20260928,263,news,e0e870c1c223833a2074950473e9b01112b66acd18d9504b14012ab08c095008,34,0,0,0,0,0
TargetOnly,1,20260928,264,news,058c7954af51e5e79f522eb5a501a9b19786174b03d31ddfb020ee3c8b9a2241,1,0,0,0,0,0
TargetOnly,1,20260928,265,news,b77f2c064cfa1a3389045c89d6dce3e9780cd33141457e776b78f2881f8a07d6,16,1,0,1,0,1
TargetOnly,1,20260928,266,news,f51c265bc6b6d9cd99d8c32d92de5d693e273b8c1131fc068fddfbdd0ad489b1,25,0,0,0,0,0
TargetOnly,1,20260928,267,news,3fde210eac279ef4508c6253126251fe376fb94671ed68c0b9035afb36b1a900,1,1,1,1,1,1
TargetOnly,1,20260928,268,news,af0eff7d74c50f90ce4380ad3b0b09dc2b1e85a9d773ce785645437d7e4c243d,12,0,0,0,0,0
TargetOnly,1,20260928,269,news,b24d75fccc88e23ebad8e6d5ffd98a5c90660f98c5de1d0a96a479ee3c414709,20,1,1,1,1,1
TargetOnly,1,20260928,270,news,e8431d7e2aca0c332bdb4fb12a3437627ea9bf8d3af729818166a5599e4e05dc,67,0,0,0,0,0
TargetOnly,1,20260928,271,news,2158c8ec63f910c2464e23c47eef690aef01bc75a2c0b28912de38d1eb72ff90,3,1,0,0,0,1
TargetOnly,1,20260928,272,news,fe70a797f900a43c80d0f6306a83eef1d349b1ab30fd4cec815bb5457ea3cbcc,7,1,0,0,0,0
TargetOnly,1,20260928,273,news,41015826a600daf9196a1aa0d162ad3c699954e16b886bdd40820c6cbe1f67be,11,1,0,0,0,1
TargetOnly,1,20260928,274,news,eb38b7bfb699d3c8aa31af7df2a403e183f02209b4279a14728cbe3fd617bcb8,14,0,0,0,0,0
TargetOnly,1,20260928,275,news,10ce4a884e0495a64aa4627e5edb3b2089d5fe54b0bbca86741f7dc94acdf3f8,2,0,0,0,0,0
TargetOnly,1,20260928,276,news,25a2744f7c7fe940870b7ef49440cb63437aa6be04505aec212e8a4626a3ab2c,24,1,1,1,1,1
TargetOnly,1,20260928,277,news,ae6a0271bbfcd565a855457e1d392aee06bc5a354e63e1d1d36b5e652f1110bb,1,0,0,0,0,0
TargetOnly,1,20260928,278,news,4c11b8777c73e9ce54766448a43fffb9ec2413b65bdd2440607dd8a5b92a7aac,15,1,0,0,0,1
TargetOnly,1,20260928,279,news,90d2061a65f5d0652113a62d18ebcd036fb99af8f38c0e8f0ea4e714307d3f76,1,1,1,1,1,1
TargetOnly,1,20260928,280,news,24942e614c5d526e7741bbd4b7965fced9d3b3479db57abb48a94712d2d35c90,25,1,0,0,0,0
TargetOnly,1,20260928,281,news,9fb28038c0781f639166bac66e6dd67672d78250f8e90eeae31bfb81dd8e6ace,3,1,0,1,0,1
TargetOnly,1,20260928,282,news,0c380c53b2851423fc5203119a957e4ed478c7f1fee32afae8887d79bd82c2ab,11,1,1,1,1,1
TargetOnly,1,20260928,283,news,3bd1b13f117dd481d63762770b22acc58100da8311ffb8e3f303a0599f8f45b1,21,1,0,0,0,0
TargetOnly,1,20260928,284,news,521877de27a539807a4a67e901a22757fbe8bcd95c0d282b19e4e0b6069c7f9c,19,0,0,0,0,0
TargetOnly,1,20260928,285,news,aa9e11819eeb739f488911ff9746c6d997eee7b02f413b2d346d3c4403ffcc11,1,0,0,0,0,0
TargetOnly,1,20260928,286,news,a71d4ea1b06a05c22fcf0e74ff7f98b5aac6a770133ad86ac9f09780dbda233e,31,1,0,0,0,0
TargetOnly,1,20260928,287,news,d52c8a2db321e01934e287ff413008837b3ca412a43430a1caf029000d3b8957,12,1,0,1,0,1
TargetOnly,1,20260928,288,news,50aed777704d8ad6b46a0884da82037c97dbb9853f0f087b15635e737c21b456,6,1,0,0,0,0
TargetOnly,1,20260928,289,news,b12490ca02ebb3223554d092b3366ecc308eaeb853ddbe996ba1197eb6a09d15,38,1,0,0,0,0
TargetOnly,1,20260928,290,news,744e3bf841548dce8f8cb6bc3d679db7501efc3fc1dfbbda6a0518237936d39e,23,1,0,0,0,0
TargetOnly,1,20260928,291,news,c60f2bbb0be3c8922e883ac3c9bf964b19f303027626a9632f18f84ab709098b,29,1,1,1,0,1
TargetOnly,1,20260928,292,news,8eacca2f0496df7ca99ad5c739232e3120454c8f34985a8837cb4a0c96128a82,36,0,0,0,0,0
TargetOnly,1,20260928,293,news,908241db5e3aa99ec85e6f06621a212a47cc434f44a2043fc901f50cf1ac5c5a,25,0,0,0,0,0
TargetOnly,1,20260928,294,news,8e999cc1b5d3c43fa017fb3d373d633adba728926a2d01eae0c05614e4b83e11,17,1,0,1,0,1
TargetOnly,1,20260928,295,news,1fe35ae8f55e3f01a97fbfe0f7969ea3e168bf8d331c0b2fab93446cda82b705,21,1,0,1,0,1
TargetOnly,1,20260928,296,news,e2c4266fcc6aab7b6d603c2ffbf7767e273ed22118debf3aa48ae832e5d050d9,3,1,1,1,0,1
TargetOnly,1,20260928,297,news,9181036b17982a4481215a72f27db6b306fbbfcb552af74b64b1b880485ff409,25,0,0,0,0,0
TargetOnly,1,20260928,298,news,7ce78cc37b45ac0e7ce2b3c02fc352c0a7c3733001f25945fbddddac49bca33e,26,1,0,0,0,0
TargetOnly,1,20260928,299,news,d03c55a68c2e0b83f9efc4cf6918536785a7839f6a281c6a219ced081c0558d1,17,1,0,1,1,1
TargetOnly,1,20260928,300,news,30f9c8bd931ee8b516a42e35a4cc5bdc081037f88dac1a28f55cb65b117f44be,5,0,0,0,0,0
TargetOnly,1,20260928,301,news,ecf67d80dd2b669b371d575896019d0f9c44815bc1cdaaebefb8fd73ab83a3a3,14,0,0,0,0,0
TargetOnly,1,20260928,302,news,6872a7585d41e0c343ed57560e83e9f9b3bbdadfa5716f127c9573b4f77e4f4a,16,1,0,0,0,0
TargetOnly,1,20260928,303,news,da005c11de5373fbd3c1b27950518656556e66c1fdececeee105b0de71f7183e,10,1,0,0,0,0
TargetOnly,1,20260928,304,news,7f9ed6116dc3ccca188b22bbd121848805e3e6c0280e9bf0faa4d0d72ea94eab,14,1,0,1,0,1
TargetOnly,1,20260928,305,news,098c69117b8881e56d058e8fc6b29d9c017f12ef3f55cdec9600fef0686337b7,1,0,0,0,0,0
TargetOnly,1,20260928,306,news,3e90153b6c55a74f72f4805d5b35e74a7176b561502cb6f601aa5c19555612ad,12,0,0,0,0,0
TargetOnly,1,20260928,307,news,4ea26a8abb5eb600ca358cdbb8d965a39b172db8a82187b9fdffc05078a04e6c,4,0,0,0,0,0
TargetOnly,1,20260928,308,news,9c7c01565b3472a352b333f8df678db211956321d35604d528fef38a494be67b,16,1,0,1,0,1
TargetOnly,1,20260928,309,news,bfce216ebb64ab7b37aaa1ad2ec6930d76944bddbb59599c7271e3235f76c5b1,2,0,0,0,0,0
TargetOnly,1,20260928,310,news,a637ac5d25eed8e246172972466e0d3912c04cd1727c1fbd187b04a39cec57f8,6,1,0,0,0,0
TargetOnly,1,20260928,311,news,871db16bb3649712406373bde33de2f9b2e70809cac90ab89aee8e7a8965007e,55,0,0,0,0,0
TargetOnly,1,20260928,312,news,04955e59e44c3d1fe568ad784c149fd27cb07c8951039910fe850170b3a5f7c9,2,1,0,0,0,0
TargetOnly,1,20260928,313,news,27d047ef104b9c698c32eb137aad6579d18acdef310b0d6e32cea34c114152cd,8,0,0,0,0,0
TargetOnly,1,20260928,314,news,a5a03e1b6dfaa5c72e856c47f83077d7bd8e9eee9b525d8b7d9b55d88c66a1bd,14,0,0,0,0,0
TargetOnly,1,20260928,315,news,282b3eb9a4a95f5bdaf1dea6cbcde775ec85edf2dde99b5e7976a6f3d5ed92f9,6,1,1,1,1,1
TargetOnly,1,20260928,316,news,f7a5ccdda258e974e83fe9f104198c9f5accd26baf72e040e130975e6992b5b7,10,0,0,0,0,0
TargetOnly,1,20260928,317,news,f6598d7e48476f99679c5f1f7c192238d0cd5429b44fa780c54477867db0e109,27,1,1,1,1,1
TargetOnly,1,20260928,318,news,359d4444be2889d954000a7ab74ac3dd0147a0f04c61fcd71435e6ea51a92728,4,0,0,0,0,0
TargetOnly,1,20260928,319,news,6e0bd811c023c67ac39a75d263bf61379bc87cda9c6d6e94b8bb64779c337af2,21,1,1,1,1,1
TargetOnly,1,20260928,320,news,aa24099cad7b67a065888d588754adaa691f018cc6689350f30653d56ce3d73f,20,0,0,0,0,0
TargetOnly,1,20260928,321,news,239259695c52c86465507b4ef59edf4c9a9c2f0395508cede1f19385724ebf60,26,0,0,0,0,0
TargetOnly,1,20260928,322,news,8b539b4fb5c53fd3c0710eb1b96869ec52862b093fa2697969d9175392c9f9fb,5,1,0,0,0,0
TargetOnly,1,20260928,323,news,84a5a50565049300800edc1acb556c2463c23040a7d89f3b0890b6812d339149,3,0,0,0,0,0
TargetOnly,1,20260928,324,news,46b859be6ee7509dd423d6040eb320b6f3527d819021d3bb31f0ce6145622138,43,0,0,0,0,0
TargetOnly,1,20260928,325,news,5741bc44e322a87b8a92fa9f6e1e67345186c2a2fe4cd2d146a026015f08f88c,7,0,0,0,0,0
TargetOnly,1,20260928,326,news,7aa3e7997cf19aeb21f2325f177d3ba95d637bca8bcac03720a8925eb530bbba,26,1,1,1,1,1
TargetOnly,1,20260928,327,news,ca9fd4227b451efa0901592488ca295a6246a1df18bf4969c7fe63db67bef064,10,1,1,1,0,1
TargetOnly,1,20260928,328,news,326ee4a1e2932b2fc5b804f37b674a354f113b7c75370272449b56ca4337d46a,2,1,0,1,0,1
TargetOnly,1,20260928,329,news,4a494f2ad85e8f721de807f3044c2c35a33a042c0e8337ec1fc1049662e6bdf9,13,1,1,1,1,1
TargetOnly,1,20260928,330,news,ec4a5af7a407d1e1083797269b92315f2943da4bda5c4ae8faf063d61f5193e9,27,0,0,0,0,0
TargetOnly,1,20260928,331,news,be1551997cd535f0fdb95b6f4c9ea852de6821b2e7019dc7ab31ed0629abfb5b,7,0,0,0,0,0
TargetOnly,1,20260928,332,news,2ab9093119e75ec17bc2b2e29930b84e0b148f9a6f3838d217aa1d69aaf3bc66,14,0,0,0,0,0
TargetOnly,1,20260928,333,news,a42d16131885950be14af6ff27a3c7efb3ff00e0a8fbd92f2858dcad75f1d560,29,1,1,1,0,1
TargetOnly,1,20260928,334,news,d3fba8e9f1b4cc752b0ab821a3434912789a307ecd7f5acd7ee6a3c07f3d31f9,1,0,0,0,0,0
TargetOnly,1,20260928,335,news,54606765b718f78152128075fc52868c39c213bd94b822a868d42dfb01b5bc2f,14,0,0,0,0,0
TargetOnly,1,20260928,336,news,3d5a72bc3f832a91487057e3d1a4bbb71493cb3e8939de994fb537223ac7245c,5,0,0,0,0,0
TargetOnly,1,20260928,337,news,56db48bbc02e1488cc6623b86bd8f31c1867aa5cc5e76cf66d1323ed89aa5f6f,19,0,0,0,0,0
TargetOnly,1,20260928,338,news,a1d91be882ba2ca416f10727852d629e1c2cb2db52bd8a9f4b6b48dc92081227,53,1,0,0,0,0
TargetOnly,1,20260928,339,news,a9de33bddac7a303fac0f61166a7a93eb2d9c832ed52c93c19014c40250942ab,15,0,0,0,0,0
TargetOnly,1,20260928,340,news,6e5fca00f1ae3f9a18e52f998ade26f0202971b21caf1d6c5ac5e72da8f2f358,28,0,0,0,0,0
TargetOnly,1,20260928,341,news,e84d7f07137c81199ceb14d3930fb7f712a1c46413c70ee1401aa557e2ba92b6,6,1,0,0,0,0
TargetOnly,1,20260928,342,news,b56cbfcb7ae80af748d0690193249ca39bb60d61522df623498dda785d151440,14,0,0,0,0,0
TargetOnly,1,20260928,343,news,ed1ceab8259a13d2ec375d58ced706564f999260f4686bf0be542acfb669e338,15,1,0,1,0,0
TargetOnly,1,20260928,344,news,d09e0e132e5c20cf282974ef756d4b00ebca153fd991da659c27a8667ff253e1,8,1,0,1,0,1
TargetOnly,1,20260928,345,news,5a1878d44cdfd752bda49b63a48529b18ff7c754da32e73e58cf214c1e6cd988,22,0,0,0,0,0
TargetOnly,1,20260928,346,news,255336bef0a5777e79a0dfbdeb91e8ddef900e280dd375f65e130b960c3848c5,5,1,0,0,0,0
TargetOnly,1,20260928,347,news,433393233fce9ceb95b581cad00c6e960ffe364364a8bdc6251088d5493b406e,13,1,1,1,1,1
TargetOnly,1,20260928,348,news,57d94905fad1678a861dfd95010ab2cd0eaf033a73bd388f99214b3c50901a93,24,0,0,0,0,0
TargetOnly,1,20260928,349,news,c1e43e0533e2849ea181116e5d599d709adda0f5c6858a6e75ccb5d14c5eecf1,10,1,0,0,0,0
TargetOnly,1,20260928,350,news,07f146942fd4f89aaadfa640ff86b28e878e572ff15834cec63f5ababe42a020,32,0,0,0,0,0
TargetOnly,1,20260928,351,news,2e075e9b5fddf44a34a0869d57a9420e0feef661a06d38c97261702d49686a0f,22,1,0,0,1,1
TargetOnly,1,20260928,352,news,c8d10be22d466d31056637c04dc569d87a1a9170d678f0292b333273c1dc5d83,11,1,0,1,0,1
TargetOnly,1,20260928,353,news,36ac85f0453c73fa5f2f0355eb882e92d1fc531ad42f4c3e29236498be475676,1,0,0,0,0,0
TargetOnly,1,20260928,354,news,1b615d4e9211a5670e08a0b77e88f95e58df65c15953200d7c8d3c7a6079a39c,8,1,1,1,1,1
TargetOnly,1,20260928,355,news,b271833adf6e606ecc00d7599e50846565465bdb39900e88b909d7ff98177005,10,1,0,1,0,1
TargetOnly,1,20260928,356,news,eb88a29ef37d63e94d103d32596a17756540558a0bcf8fb1a46b21042c45f98a,6,1,0,0,0,0
TargetOnly,1,20260928,357,news,88ebfbb1c53b99af5e32ddc5c1013ad143d2fe44ed4afd5c9aad468ba8a30737,2,1,0,0,0,0
TargetOnly,1,20260928,358,news,1af4e751b6c8b3708eb57c5a696639286c5cc8b4b48cde282fe7c4829def3dff,1,1,1,1,1,1
TargetOnly,1,20260928,359,news,8fe6ec8437c27cb0aee85ecfac83832269358a6ebd7c5c84e057269eb44e457d,23,0,0,0,0,0
TargetOnly,1,20260928,360,news,33f717ad8752ab87043eda3bf852f68119aecafbd6ed1e495a83b87edd839e58,23,0,0,0,0,0
TargetOnly,1,20260928,361,news,f86c6898db9e94f5324a7b3fabf6757cb32edb1bc4071e635a0aea61f46e4c5e,12,0,0,0,0,0
TargetOnly,1,20260928,362,news,e32253463a8348535c8c047764caa30ea92066fa252eee025a95f90900c9a3a2,35,0,0,0,0,0
TargetOnly,1,20260928,363,news,686d39d3049efad3a4c1d1276e3c97828cdc0ed431a02f04c14e2566111e6c8c,19,0,0,0,0,0
TargetOnly,1,20260928,364,news,85d0f5300ad457e0bc817cda083e3d15d80e7795382cc68523262089467a89d9,4,1,1,1,1,1
TargetOnly,1,20260928,365,news,0d6b71940dfd03b2e4325ff659ecc5682b2ec19c211af34cf704e88d089124cc,3,1,1,1,1,1
TargetOnly,1,20260928,366,news,29b02305f0712bc88c8c1261d4c87ea1bf5ba4e03bc3f8ba64f9fb3003c73853,3,0,0,0,0,0
TargetOnly,1,20260928,367,news,e74c1ea6cabae975f113e906efb668afea9aeaba8ba92dca189dc50dd014c2ba,3,0,0,0,0,0
TargetOnly,1,20260928,368,news,c42f645b0dca494476b9066cdce860105260306027efc4c39075f9e3d9563df4,8,1,0,0,0,0
TargetOnly,1,20260928,369,news,fc564631bebbda3cfa7a3627290093ab4a0f6b40ee48286780be872ae191e0fb,23,1,0,0,0,0
TargetOnly,1,20260928,370,news,ac9a1cbd4806de503c2f09f61741a66674c08ffe26151de782d0ec5a34aec06a,7,0,0,0,0,0
TargetOnly,1,20260928,371,news,c8b85cfc9bea2b281a6fb4d736b31e1ae09a21ce5fd9446ae208966b8eaa9fd3,2,1,1,1,1,1
TargetOnly,1,20260928,372,news,ab9fd156d7fca2d488ff69394f14580cb9f19094ab9362d5cf7fc739ebd95593,7,0,0,0,0,0
TargetOnly,1,20260928,373,news,86ef91a837f26c60a094b0f94a496fba30d09393ee01a1fab51aee4af7cca0d1,14,0,0,0,0,0
TargetOnly,1,20260928,374,news,c0b092feca32a6e5fccee245d1490df3337d12fbc9316a6b22a314829d2c91d2,21,1,0,1,0,0
TargetOnly,1,20260928,375,news,a634b5a0f50b7adb72c92bdb593386468a7274e809ae981207c6e64f2f801d36,23,0,0,0,0,0
TargetOnly,1,20260928,376,news,3dee073e693ec7cc66e83c22a7c70c75e16f85074882fa236bb9ffda291c1e39,22,0,0,0,0,0
TargetOnly,1,20260928,377,news,58bdb7708399bc629cf254f381ba55bc3a8e7adeea136de75440494b24cadf88,1,1,0,0,0,0
TargetOnly,1,20260928,378,news,c32ccd38d3685b6aed19f7d133e08d8a4bdbd6f81183fb50f759138fd92ba5ca,34,0,0,0,0,0
TargetOnly,1,20260928,379,news,8be47da154e2f9cd6d7d4457a565045d1c066df5ef74bf30b53c9fa0c7e88a03,3,0,0,0,0,0
TargetOnly,1,20260928,380,news,f9915c5a956811312db5d37823a700a2ae56756da3ec13538c2b673b48b77555,12,1,0,0,0,0
TargetOnly,1,20260928,381,news,1eb694dbe7867ce934be7c9b3587a71f361b7b8451e881f8e6b828b88333fd89,19,1,0,1,1,1
TargetOnly,1,20260928,382,news,88684643f90ef38fe7193f14c65ae5a718e484968c707a5ef25073f8dd68fce3,60,1,1,1,1,1
TargetOnly,1,20260928,383,news,a6825354d2eec97c8ec5af281c3e8ffb8d8d8d1b79fda38cf2d090111b929572,1,1,0,0,0,0
TargetOnly,1,20260928,384,news,fc31b76770d45bb6edf3a2d261bcd4e1e607a8cfdc6fa01042753364297e4907,3,1,1,1,1,1
TargetOnly,1,20260928,385,news,9f49b5c70ba25f6143128ae546aaccc82bb16458882334b8b31f2f4822e921e1,27,1,0,0,0,0
TargetOnly,1,20260928,386,news,cc4cac49b2fa3a54ad87d0bfe66e9af25ea6dff9593f772ada978367c9c2195b,19,0,0,0,0,0
TargetOnly,1,20260928,387,news,167a7a8d42de7964f3b67bce94140ce4c328a06ad649a91a4970945638056555,9,0,0,0,0,0
TargetOnly,1,20260928,388,news,93b7fa846956a2a6f0047c1160bf4b816ea84b328f324607005a86c7782e1510,9,1,0,0,0,1
TargetOnly,1,20260928,389,news,ca672140801740fa7e44ccb50cf3d62fedde66c3a5920ca1d5f3d8f7a911757a,5,1,1,1,1,1
TargetOnly,1,20260928,390,news,09104adbbf177a82e40cd474f07579ce08cddba2cc227bcd2cffa96f9f4d89e1,2,0,0,0,0,0
TargetOnly,1,20260928,391,news,d516d891abce8f32f976c0d236d0119d3febe3291cf8be64d26fb417d7592c85,5,0,0,0,0,0
TargetOnly,1,20260928,392,news,f3413e35de07bfd9f9076f1a158e5543ec7ac734d404122088009c8189ee8f9a,15,0,0,0,0,0
TargetOnly,1,20260928,393,news,de57ad01097c4cc7f5470453b943e6145ff69e2bf1b79d1e536d53d93b84b04f,2,0,0,0,0,0
TargetOnly,1,20260928,394,news,b5dc2f7788c74acce6e43c045174d96d2e7b70f4cfef5c47d92ee53874b5bb71,14,0,0,0,0,0
TargetOnly,1,20260928,395,news,1c5d35be79b538775e698f89355b94f0302377a7c61ce779379e95e859e707aa,17,0,0,0,0,0
TargetOnly,1,20260928,396,news,4e972432a73c7ae0453cb19a81e36627db0998bf107a674ddbec36741d6e64a4,20,0,0,0,0,0
TargetOnly,1,20260928,397,news,d059e8e226e0b25d55ccc60d3aa43a4e8a9b58cfcc56cf14632d0df3b6cfdcb9,7,1,0,0,0,0
TargetOnly,1,20260928,398,news,3ef46b5cb40d754b49c3295ee42a0e355a320570bb0d098bd2a3a3056b515030,2,1,0,0,0,0
TargetOnly,1,20260928,399,news,a874f75209440bb071a191dd05a161a87ccd784eda42e7e7de864f56b055ca0c,64,0,0,0,0,0
TargetOnly,1,20260928,400,news,f09f9938da425a316e51b810e49e8b3689991ed7ae8f56fbd0462d3181cab1d8,14,0,0,0,0,0
TargetOnly,1,20260928,401,twitter,0b47768892825fbb67c0fd7ef034fc3d9ca4f538935f2982b8cfa060bb474e07,1,0,0,0,0,0
TargetOnly,1,20260928,402,twitter,8fd775c6e85956b3f4a903f04670274c0ac7c81ec4c6a57ef1b32a479576eb28,3,1,0,0,0,0
TargetOnly,1,20260928,403,twitter,6d0eb2bc6cd35b877206783f8a9d46ce8e6854d59ffd3ea0ebc0f7f0c5d016d8,10,0,0,0,0,0
TargetOnly,1,20260928,404,twitter,a2f919a254bf1060d6ba5683957881bab5d921361f013c7ccf6bf0f3455a58bd,1,1,0,0,0,0
TargetOnly,1,20260928,405,twitter,6b223ce5d8317e398914df3c836084ec5fd28ec4e2b994983e61068124d5643e,4,0,0,0,0,0
TargetOnly,1,20260928,406,twitter,8dd3ec4c63741630d204ea20918c325247e8ecf771582957f344e17ab44c71f5,1,0,0,0,0,0
TargetOnly,1,20260928,407,twitter,5e899337393186e8ed1e694fbcfccf82c381e789269f0182772b15b23132d6b0,5,0,0,0,0,0
TargetOnly,1,20260928,408,twitter,5e5340f267f7ed5adb97466d7fe894182ef7d2ade66e21a8339b1da7787aa041,1,1,1,1,1,1
TargetOnly,1,20260928,409,twitter,8b05e8104c7cbcf50536ccd7809004fa0f0ef1341417388f897f0e9135117e15,4,1,0,0,0,0
TargetOnly,1,20260928,410,twitter,7a2c752e9e7b7d5e67149eb28068708a707147c15b85a36023a3abd9910c5bbc,2,0,0,0,0,0
TargetOnly,1,20260928,411,twitter,029f5c904bd5e63a18f20627dcf5260615e4af823d78a2714601241fa1d67eb4,16,1,0,0,0,0
TargetOnly,1,20260928,412,twitter,aef988fdbdaa2416fdbd6100ec3653760887823522b2e87f9fe15d6adf0f3e70,13,0,0,0,0,0
TargetOnly,1,20260928,413,twitter,47def72de0a8f62d1b4d368e445713a891bfecfd7f6ac8135f89bf88c8e23353,2,1,1,1,1,1
TargetOnly,1,20260928,414,twitter,c65112d871aeeb9cea3f2a2e3fd90a84222c76ff24372ed803ff78d07a20f438,2,0,0,0,0,0
TargetOnly,1,20260928,415,twitter,54b37275012c471849cf7d7455e478896528f847d9d1d32968f0de2b56dc83f5,1,0,0,0,0,0
TargetOnly,1,20260928,416,twitter,087ba0f7951cc7195bb4169f9c932fd5c8b5abecbc61fc278c24e00c9389c79c,4,1,0,1,0,1
TargetOnly,1,20260928,417,twitter,164a11f5c4eaadf5025afe2b2b8e69eb86e0f295b652be86b0a6180380a5add2,3,1,1,1,1,1
TargetOnly,1,20260928,418,twitter,de484d1a367742db5a086161221548330995b48009bfa01f7b349a31e6677e71,4,0,0,0,0,0
TargetOnly,1,20260928,419,twitter,e27d061a9966141efe574ee1ae8bb18f7318bea45a774d7aae95abecb6e66ab7,3,1,0,0,0,0
TargetOnly,1,20260928,420,twitter,4a6765978046e9c4850f7e8fb9d02132599e460f072aeed3e98bc7eab8e8435c,16,0,0,0,0,0
TargetOnly,1,20260928,421,twitter,1cc09e9cc0e35f18f40f3a44acb160180b3e4764cf1f5f5e79f382fb09bf87f8,5,1,0,0,0,0
TargetOnly,1,20260928,422,twitter,f0782c28633af696b2c95fdc39ac801ea6d0ed9974c2f42c3687f797f1bfd949,19,1,0,0,0,0
TargetOnly,1,20260928,423,twitter,907e30acec6c5233c0baceeb249232d72349f9428a46b0bad3d009aaeda3b3a1,2,1,1,1,1,1
TargetOnly,1,20260928,424,twitter,15a694e4ecbd03c6af7426bd2479b0387a9537518934f5fb783427718b9fd6e1,8,1,0,0,0,0
TargetOnly,1,20260928,425,twitter,32c967e2dddb9aadd1af7caa33cbdc9fbf0a4dbc33f86d6d621eff83ade288d6,10,1,0,0,0,0
TargetOnly,1,20260928,426,twitter,18d270872e130060a88fc80188c622b62e7707f8f87c1dce65c4c2a0a5e1bbc6,18,1,0,0,0,0
TargetOnly,1,20260928,427,twitter,6242214577b7b93e50ca579e4fa48ef52f8fdd602ba68e4f0995347e744d6c42,3,1,0,0,0,0
TargetOnly,1,20260928,428,twitter,5fab691f77dab0137f546ba241171d9d03b69686730374f0263a2f173e2c3fba,3,0,0,0,0,0
TargetOnly,1,20260928,429,twitter,e1cba0de4783d6012d270111f1191b9de9d61d7d2bec52c1f06d21e0850febd4,11,0,0,0,0,0
TargetOnly,1,20260928,430,twitter,715271246d5b36d0029a645b743b1a497f4009810e7f1e7e02c1442b04e60512,5,0,0,0,0,0
TargetOnly,1,20260928,431,twitter,0096640d99e82bedfd928a55f580fde2a62e08529d898101658ef36d8b1f5e61,8,1,0,0,0,0
TargetOnly,1,20260928,432,twitter,77072aef2a68cf6f7437596e2f59493519aa1d3a3d53770725713ccb2d701e99,4,1,1,1,1,1
TargetOnly,1,20260928,433,twitter,e92e0de20685f8d42a5e4b3a1e74cf3de49003fdf6a81a403bc0e7a56a318dc7,5,0,0,0,0,0
TargetOnly,1,20260928,434,twitter,69ceb18c129dc3fad662a352aaca19394fd4936989367a93b6de3aac1d02fba3,15,1,0,0,0,0
TargetOnly,1,20260928,435,twitter,c9dab0edc4e2e7d1a91c04c2747899eb19f3eace28c784b0d00bb55c950003a4,5,1,1,1,0,1
TargetOnly,1,20260928,436,twitter,849c1806bf1003397468bdd9be908d450e35ace05d6d4aa0a59539c638431891,5,1,0,1,0,0
TargetOnly,1,20260928,437,twitter,a9d12d98e173f7ee6f07cd2834c479412ed1de60886e89acd05745f10c5d76d9,9,0,0,0,0,0
TargetOnly,1,20260928,438,twitter,73446818523bcb270e7fc25fb89b4ec943787c839b487af464f18bbf4435cf0f,2,0,0,0,0,0
TargetOnly,1,20260928,439,twitter,e04ffb8d24175bc8b3982a774537945dea69da09acd3c7a4a7e6a112452df1b8,5,1,1,1,1,1
TargetOnly,1,20260928,440,twitter,9a50654db7add54463b163ffd2e9f9ae9b36dcf64f79f939dc5df57ee954860b,2,1,0,0,0,0
TargetOnly,1,20260928,441,twitter,596f8891b928fd990c3607aaffe8ff1c028c870dcd43bb2e6316a932fc973d60,3,1,0,0,0,0
TargetOnly,1,20260928,442,twitter,30f4b358af21cba366ce0b70738123c8e026f35ddfe92a89a8ae17b0d1a6370e,7,1,1,1,1,1
TargetOnly,1,20260928,443,twitter,e09f9b84f637d3f3f82d70b3dd25b31ceddecda3fe5f8458b54007b2ac7497d1,3,1,0,1,0,1
TargetOnly,1,20260928,444,twitter,1a59b452ab38e1e96e55849b11a4342460627a0cb7bc99786ead879bbe6ee5d1,5,0,0,0,0,0
TargetOnly,1,20260928,445,twitter,2e6c8e2e2bf78b35c331df3d1d94877d89e886579e82e1ac062a2f79e377f6c5,1,1,1,1,0,1
TargetOnly,1,20260928,446,twitter,8ce4fa11d077eda6a361995955957c6f9e4bb4af8c3ee36b9d435cbda6db3642,1,1,0,0,0,0
TargetOnly,1,20260928,447,twitter,b763d50745423912f217d11f5bf30bf666b1f222195bdd3c8d91ac8cd4357407,5,0,0,0,0,0
TargetOnly,1,20260928,448,twitter,27e9eedfbcbade73ba5ab6c12df81a3251a7e0a6f2c30f2287f0fd06ce80d85c,2,0,0,0,0,0
TargetOnly,1,20260928,449,twitter,6eb24b76a189948eb35c131de3337b1ea7012fed2bf47185b7988eed377a8c52,7,0,0,0,0,0
TargetOnly,1,20260928,450,twitter,20c7c7bc30bd60a01d2fd4a4d2de33852e9902ec01d99a328175b7c1971ae3b9,9,1,0,1,0,1
TargetOnly,1,20260928,451,twitter,ffd515ed396479c10f200d076f4fbf51cdf7cf9b89840f5d108d60b894e0ee4f,14,1,0,1,0,1
TargetOnly,1,20260928,452,twitter,c1b7df5e4e62b185eeac3e1fa9321cffb7c68347f97644314ff5fb6333b269cf,12,1,1,1,1,1
TargetOnly,1,20260928,453,twitter,7193190bd2c58c2dd45199aba8751257f0a4b568e0fc56e5edb7e43807a65839,2,1,0,0,0,0
TargetOnly,1,20260928,454,twitter,4bd8331747eb0c97c07dceab4cc049b10d06d426189d13c5dd4a0f0042b1e1ed,4,1,1,1,1,1
TargetOnly,1,20260928,455,twitter,8c884dff6169d2432657b44e4c7cfc6fe101db71a6a3d07c823ce59f380c1576,2,0,0,0,0,0
TargetOnly,1,20260928,456,twitter,2ebb6b9ab4bbf7a18d817d0c6902832d2005d7bcb58ba5915420fc8e4123eab6,3,0,0,0,0,0
TargetOnly,1,20260928,457,twitter,573d7b7581b6a512cf256304d98c5a7bb0d064806feeeb113ba2f7dd1684332b,6,0,0,0,0,0
TargetOnly,1,20260928,458,twitter,1c37da36a39985cb148ad33eb52a0db5dfaa7c6039edddbfc33abab431cc1185,4,0,0,0,0,0
TargetOnly,1,20260928,459,twitter,1232df9cf6c5d77f894526a90fa024f3f771b99e91d9db96b521b30b2bc5ed76,7,1,0,0,0,0
TargetOnly,1,20260928,460,twitter,4a15c246c8d18eaf83f76290ca735a86a419a9a451dcc68ed7f98d0fde488993,13,1,0,0,0,0
TargetOnly,1,20260928,461,twitter,b49c1c93243d63b1e694f9a778bf6a132e291af506a4c9c6facde4ad265c9160,1,0,0,0,0,0
TargetOnly,1,20260928,462,twitter,5edff1dc1c7844917052c1eec7994a3f418db36946c7e552b1d61fef0c7d4ffe,8,0,0,0,0,0
TargetOnly,1,20260928,463,twitter,0097402d392a71e678d1d1098ae0b8470961838f2ad5f78040aea1b23c7f8985,10,1,1,1,1,1
TargetOnly,1,20260928,464,twitter,4cd7e4c5d7ffe8f0863c8b4beb6876380f77ed01c16a144ccf73171b1704cc7e,6,1,1,1,1,1
TargetOnly,1,20260928,465,twitter,0e9ad447f1f34f842bcf450e067d21f8de1345d751fab1212b37fe7a13921916,8,1,0,1,1,1
TargetOnly,1,20260928,466,twitter,2ae021839b8040aa9e97ca5d5afcb1e39b0ed4ab15687a1062b2f49315cd52b0,3,1,0,0,0,0
TargetOnly,1,20260928,467,twitter,4ed0a5e8a75b31ecac6317f52d4f6e9cbd3b1232a34fa0c68866c127ec5fc8d6,20,0,0,0,0,0
TargetOnly,1,20260928,468,twitter,5648c1cf7abfbff23aa2bed46e62883d1f096af0836ae019033ef97071cadc90,9,1,0,0,0,0
TargetOnly,1,20260928,469,twitter,9f89ed27fefcdbb774707a5064550c3e1d74a22a437d3a976e43d4e4a85cd005,10,1,1,1,1,1
TargetOnly,1,20260928,470,twitter,844014e0d5cf653c9655e44c539c57a9b57b69b456b3f162cc18d010f6ddc3e3,20,1,0,0,0,0
TargetOnly,1,20260928,471,twitter,5456dfa2912bf9814134ba5e54a7ecf4abadb0c2f405b94e1cde65d43e84b727,12,1,0,1,0,1
TargetOnly,1,20260928,472,twitter,3b004760a9f5a5820611eccf11683979fb0edce7b97b3730182ec720651f45c3,12,1,0,0,0,0
TargetOnly,1,20260928,473,twitter,9a0b03c53e996a8462b25c035cbb2d91ae6c2658e2a1565552ea7d61193af8b6,9,0,0,0,0,0
TargetOnly,1,20260928,474,twitter,c03c05b1749b3705ce9aa552cd3045e7bac5c5acb8596b4a296e07e3c677a093,18,1,0,1,0,1
TargetOnly,1,20260928,475,twitter,edc2c7cace52cbd3b5b4487038f89727ab41a1842cc0a5e965c27af9b00a61f4,8,1,1,1,1,1
TargetOnly,1,20260928,476,twitter,776a2b80f2df32d8056da1dcd290b94e36fb5696d03a8da1899bd1271032d7cf,1,1,0,1,0,1
TargetOnly,1,20260928,477,twitter,62c0c31bd5486646650ce0673e187fcf397ecc3149f7f40d57dbc03c83207bd1,6,0,0,0,0,0
TargetOnly,1,20260928,478,twitter,f7c9f62d7b325db4e05fe08ebf3e215ab1d438021b9a05a39d28cb2b5b8089cf,18,0,0,0,0,0
TargetOnly,1,20260928,479,twitter,d155d301343f2b4fe16d9aea8fbd1126cfe3c6743efca89ea07cc4c389c75a66,2,0,0,0,0,0
TargetOnly,1,20260928,480,twitter,60e10f866dd869f20f3214be7f032fc25c87645c968ce40219f02772dba757b8,10,0,0,0,0,0
TargetOnly,1,20260928,481,twitter,ec985e4eb1f0f18f5f0c75ce7eb1faf2256034a00031582f6817b459d609ccee,5,1,0,0,0,0
TargetOnly,1,20260928,482,twitter,c4a135f43c2cc222abfa7581da354db3f8ef029b86c68fe961a0f724b85c024e,7,1,0,0,0,0
TargetOnly,1,20260928,483,twitter,a359c6fa23c3febf078d2ae7ac8e8f51b46223479f5985985cc1a4c62839858b,2,0,0,0,0,0
TargetOnly,1,20260928,484,twitter,81355f13ef38520a3fa175c45fccb1ebc2e82c7fcda5b5a05f217bfc294d8475,1,0,0,0,0,0
TargetOnly,1,20260928,485,twitter,a4bdd01162b17a2c16752bf7f219bdd51bc5fc5fe4f64aefe67c93797b3e71ef,2,0,0,0,0,0
TargetOnly,1,20260928,486,twitter,6db5dc9936c01346136cd881631e4b62649fd8b450f6fced13c36a352ac52d77,4,0,0,0,0,0
TargetOnly,1,20260928,487,twitter,2fad8a15418d25b22dec6baaf6889f0fc55101d26a0f2e5dbeaf138c3207bfb6,1,1,1,1,0,1
TargetOnly,1,20260928,488,twitter,8bbcdc15912ef984386f14a7da9d78a9c7d343749bc75174ed4e2dbee3e3193b,7,0,0,0,0,0
TargetOnly,1,20260928,489,twitter,8e6d2bd4724e2927294f5d7cc3560667f1cd8ab69c50db55c277d91dc684dedd,4,1,0,1,0,1
TargetOnly,1,20260928,490,twitter,2aeb67f9c66ec2016aaae4b7ef195e6d7e3e32e0d582fe1999cc89db9957c26c,19,1,0,0,0,0
TargetOnly,1,20260928,491,twitter,f6fe7cd69758db5f74fceae387d304d775aab0dd02693680a441bd4bdf70c4d7,9,0,0,0,0,0
TargetOnly,1,20260928,492,twitter,b5d038ee1d021fdb3e3fdb568923af29b0cae566fe01aacb8d38e8ff1588e712,1,1,1,1,0,1
TargetOnly,1,20260928,493,twitter,ca8eda6a19c613fdf790a05ad0ae945985b525cd0b76f8f7d4ee97510b7ab93b,10,1,0,0,0,0
TargetOnly,1,20260928,494,twitter,43173392e4d9887970a17559f031851046bb021f40fe65c66d4e7ab01f930b0a,1,1,0,0,0,0
TargetOnly,1,20260928,495,twitter,8db7e24b2544417634594a52281091052da8e582dc5dfc585db143110de765c7,3,1,0,1,0,1
TargetOnly,1,20260928,496,twitter,5d23efa303e9328c4721917665efb9b78e212583d6b4b9e6ce9291cefa985043,6,1,0,0,0,0
TargetOnly,1,20260928,497,twitter,a6af6422531a26b73cd526c789021a1880cfb6046d20c2326a8ed91fcd00def4,10,0,0,0,0,0
TargetOnly,1,20260928,498,twitter,ac829c81fe972e398922092ea11733f8848fd31646a9c71d42179f6f277973b3,5,1,1,1,1,1
TargetOnly,1,20260928,499,twitter,213bdde73989a9f3ed4bfa69b17716e231dd80000d8fbc6a52f261633d956afb,2,1,0,0,0,0
TargetOnly,1,20260928,500,twitter,bd33e6d883de2fcc643bbc003faf4df5bbf7636a56908319adeb2cbe64a93da5,10,1,0,0,0,1
TargetOnly,1,20260928,501,twitter,f27410e33b324619c296874c215e6fac43ba3f0f7e761cc95556f71fdcec111d,2,1,1,1,1,1
TargetOnly,1,20260928,502,twitter,c94404d008e17b7c25cfce6430a74d1d6126f8971c1fe59416e59b631bde4160,3,1,0,0,0,0
TargetOnly,1,20260928,503,twitter,285500729a4e2a6a2d2da10479c42f81391a9107a57bdf2cabf7faaef5b92076,3,1,1,1,1,1
TargetOnly,1,20260928,504,twitter,81ee1a6ba057033baac61937c5aa5ebe5db567dcbc1d6cdc1ffb0f75d97d07a6,7,1,0,0,0,0
TargetOnly,1,20260928,505,twitter,199d1f09a54eea11a3b242bf34abe38d8e9772bc0578bfde17869abe078d0974,5,1,0,0,0,0
TargetOnly,1,20260928,506,twitter,373407d9a381c0760c1c15ad0635c4c8eed5ed001f7b9a03a18a38b86981a2ee,1,0,0,0,0,0
TargetOnly,1,20260928,507,twitter,902a53b84eb9475b3d7ee8d68a522b3f738eb5da100aff7f7bb1f6763261afa0,6,0,0,0,0,0
TargetOnly,1,20260928,508,twitter,1998877dbefed5ddbb500723704541f7a48c148d6d7f1ff9755ccfca78647eea,2,0,0,0,0,0
TargetOnly,1,20260928,509,twitter,852d549c03e0bece7f94512b3aa895152e795e9da14d1bf1f51fe83bc4fd1358,4,0,0,0,0,0
TargetOnly,1,20260928,510,twitter,7e46f8a353f81ac241ec4ce43b1eb4f897a4dc4fb27070a67b87f0ba162adbe2,6,0,0,0,0,0
TargetOnly,1,20260928,511,twitter,ead5d850634654e9dfaaf39fc44be7c3c5d325402692f7294c4c1f6487043fa1,5,1,0,0,0,0
TargetOnly,1,20260928,512,twitter,47466196cec03da35d16b7fb818aa4737acfee31df16a0da00a9f27a75c97884,6,1,0,0,0,0
TargetOnly,1,20260928,513,twitter,a82e5755238a3d58ad57fa8c679400ea519673cf5475930905806fc2f3bf1f78,1,1,1,1,1,1
TargetOnly,1,20260928,514,twitter,46726648c6730dbd983b22f838f92ee33917036fc1462af7db2b6c142cdbad6d,1,1,0,0,1,1
TargetOnly,1,20260928,515,twitter,4bd4d66e4dab5afa7571d2d3e76eb4573903a97c29f417c3c8b4b7141b9def6a,21,0,0,0,0,0
TargetOnly,1,20260928,516,twitter,31ba39017ad7153b3cc9de47dbf5a7b071e48d9d83b293fbbb3500cbc7bcb835,18,0,0,0,0,0
TargetOnly,1,20260928,517,twitter,a65a90740755f4dc78afc8e1090b2fc2141126006c8c5713907147adc62144ce,2,0,0,0,0,0
TargetOnly,1,20260928,518,twitter,0477c7dce52fce657dfd40a3fbc5dc8cb5c8479e1449298b5f536a3161a72dfd,13,0,0,0,0,0
TargetOnly,1,20260928,519,twitter,deb6e618ead2a07270f3d145195f4e6cdb0eb0a094ed56e6dc5419904dc58470,21,1,0,0,0,0
TargetOnly,1,20260928,520,twitter,67faeb2b306e292e8770b1c04d8df55781b0d95443537b8add19d1960defbf86,24,1,0,1,0,0
TargetOnly,1,20260928,521,twitter,6d1e24c3edbe49ea6f526e615a679294616467ce9e8c1599232afb9013acc8b1,6,0,0,0,0,0
TargetOnly,1,20260928,522,twitter,921902a0a48b56c8ac2fb720f69d96499a321463b6efe39254dd6c8e70b2ea05,7,1,1,1,1,1
TargetOnly,1,20260928,523,twitter,7461d185d85fa4d987fed4cefea3ae41d7adc9b64d89e8daa2e65ed99ddbbd37,4,1,1,1,1,1
TargetOnly,1,20260928,524,twitter,5da4794e5d908d18fff019e405d814de8f53298fd38a72ead9eb521f9af0e1da,4,1,1,1,1,1
TargetOnly,1,20260928,525,twitter,11feebcaead082609623d2bd79b976689c010bcaa714db53ccbba5027db0244c,21,0,0,0,0,0
TargetOnly,1,20260928,526,twitter,6a7f0edc32ff3c62b62d379140f878c7a32602b8cc759ad334c478cd811e206f,8,0,0,0,0,0
TargetOnly,1,20260928,527,twitter,40378766252c3541dadcc2be4c3f1db80b86441a3f7c7b6821ccd55fe0f7688e,5,1,1,1,1,1
TargetOnly,1,20260928,528,twitter,93263e2696ca8851f6401c570e3067cd1f3fa90987b9d28782987a200b175dd7,5,1,1,1,1,1
TargetOnly,1,20260928,529,twitter,e547023248d55a72e5882a23afbbdb7ecb145abbc042972a5b4a1e7c286b5c97,1,1,0,0,0,0
TargetOnly,1,20260928,530,twitter,f74372cd86ff9aec6e797461e37336833e89628a7961cbc8e6db1035f2ccfa5a,2,1,1,1,0,1
TargetOnly,1,20260928,531,twitter,c292c5da0a8aa4090089d9d97845f09b373bd1a4fab39ac64c8b2d50e15433e8,2,0,0,0,0,0
TargetOnly,1,20260928,532,twitter,dcc14d16f7054c2c367dcd0c6a87c15f5f0c15ae78e541d1269e7f7aaec62a40,5,1,0,0,0,0
TargetOnly,1,20260928,533,twitter,79fc16f082a53b70dcb5823d8e767a8d278a31d5b930d16abbf2bc865ab87a29,5,0,0,0,0,0
TargetOnly,1,20260928,534,twitter,bbd51ba170f12ab70463d6f1ac422424a8de8a3cb4c2fba12ac0806ad653de14,12,0,0,0,0,0
TargetOnly,1,20260928,535,twitter,bf720fb323cabe569fc0c729246ba69e710e10bef5c41350135b40b005bd5cbc,21,0,0,0,0,0
TargetOnly,1,20260928,536,twitter,33176fac8eb3c5980c8ce7a3a079403a7a92d0c429d04ac276999d3b9efcc40e,3,1,1,1,1,1
TargetOnly,1,20260928,537,twitter,b0a3eb688a9ed1792d3270d8877c4fbcfa817a5647ca04c01822e2af6e47bce1,1,1,0,1,0,1
TargetOnly,1,20260928,538,twitter,f55392584b9aa853d858c78bd07b84787d804e61d9ed02f4fc3806012b13aab1,14,0,0,0,0,0
TargetOnly,1,20260928,539,twitter,809e0ee79efc2f3a759933e2c0ba6316af226c07596a7b090ba4ae1c3793ea16,8,1,0,1,0,0
TargetOnly,1,20260928,540,twitter,bb450818aa1a7aa0956a4594d032b48f69f193eabb07232a8b4f7e822e43b8f7,14,0,0,0,0,0
TargetOnly,1,20260928,541,twitter,fe9aea0725a9b4f7f77ee9ca321331930c68150c8d7586189e84dac83bc98527,2,0,0,0,0,0
TargetOnly,1,20260928,542,twitter,59c8013c1df2516be4e002d7ee5dc36ff478a31814f9f385375a62c2af9af28f,1,1,1,1,1,1
TargetOnly,1,20260928,543,twitter,c70e91e99cf2912963ae14ea563d7f6a0f2cc9f2dc6421716e822c023904f063,20,1,1,1,1,1
TargetOnly,1,20260928,544,twitter,9a47a95bc12f2aa1939db2722ece91281ed34bc3cb5dc78c7d8683ac6b54459e,4,1,1,1,1,1
TargetOnly,1,20260928,545,twitter,9f596c8b340e5579121fe3cbf4ed65a7f06281bb559da4fcd1609c70202daf55,5,1,1,1,1,1
TargetOnly,1,20260928,546,twitter,5845c97b3512784107edf2caa483973f1c25fa58f3016bdfc5c8cc5c5c371ec6,2,1,1,1,1,1
TargetOnly,1,20260928,547,twitter,b27b3d0377cbcd6718d8c822aaf77a17ef393d6a4fcb941374d69e544f0c3575,12,0,0,0,0,0
TargetOnly,1,20260928,548,twitter,9f79e8c5c80f3aba95ada2f4aef6041b37939f57129dd1db1f2181fbd04e5042,17,0,0,0,0,0
TargetOnly,1,20260928,549,twitter,22fae40bf33210d9d9182fc2e0d9fa6af181892540d70a85ac30761b004fae28,2,0,0,0,0,0
TargetOnly,1,20260928,550,twitter,32f268119de2bd12e0346c67a845729dc776f86303b39ccb717e78cd398507e8,10,0,0,0,0,0
TargetOnly,1,20260928,551,twitter,c5001b759d4255d9d99249504f5825f7270277a69eb98950c0c660367ff87f0f,8,1,0,0,0,0
TargetOnly,1,20260928,552,twitter,d891394d05c619ba0126116ccf0a162175f3c43d2a2b8ff9c6c487250edbdfa1,11,0,0,0,0,0
TargetOnly,1,20260928,553,twitter,b95b34d913c70639530352536a33f9bf9060015b2be2c88d7b5c1c845269d754,3,0,0,0,0,0
TargetOnly,1,20260928,554,twitter,ac89f2a7955950ec02599105a1614abb3f4104367afa142be93471c1ebcc3ecb,3,1,1,1,1,1
TargetOnly,1,20260928,555,twitter,ea9917e5f5a88e57a6617dcf19ddeaddd5efff6900c5a6534023908de52f068c,8,1,0,0,0,0
TargetOnly,1,20260928,556,twitter,5d833968865957ff0f6ffb3cc7614be6eef69123047bbc7eb21449c8e2397322,2,1,1,1,0,0
TargetOnly,1,20260928,557,twitter,375c1b92f7b6b45aa92f099cd69c5bec185e26923f28c7603a7729d2f454fd17,6,1,0,1,0,0
TargetOnly,1,20260928,558,twitter,387723458c66e408b808eea48466bd2a4491a21256a26dae9182cf3d44129cb6,3,0,0,0,0,0
TargetOnly,1,20260928,559,twitter,8518ff3fb26573151335180001388035d15db267be49fbedc8a536ff4ddf13d2,3,1,1,1,1,1
TargetOnly,1,20260928,560,twitter,ae3cb31e730e8d6ff4a36774656af36b1ca5e587f54a9d94d476e03228593dc4,7,0,0,0,0,0
TargetOnly,1,20260928,561,twitter,328c9209a3de3fdaf822820e1ee5de94478fd62dace121ea1a6a98e37716328e,4,0,0,0,0,0
TargetOnly,1,20260928,562,twitter,326f3b0b39b9dcaf1d2cf9f3e90992436dcbc926df8e1d2eab7b4632ca4a77a3,16,1,0,0,0,0
TargetOnly,1,20260928,563,twitter,46ed9093252d808efd080738ac8b971774ff65d4855f1e9b1d9a724053e99cac,12,1,1,1,1,1
TargetOnly,1,20260928,564,twitter,9f74c34eec961cc2b0b8ae65dfa4a05dfdfc6791418be9fac80637c0e15583d0,11,0,0,0,0,0
TargetOnly,1,20260928,565,twitter,ccfabe1eadc855ccace4c88a4917ef55de6a7f146cf1e30a4f57aa6132087ec3,4,0,0,0,0,0
TargetOnly,1,20260928,566,twitter,c51426101d1a758badb57e27958db81cf763686f20d96d0fbc3ffba043a39ad5,1,1,0,0,0,0
TargetOnly,1,20260928,567,twitter,1d3c212f340ef54aa374be0ca0fd4b2f88e9cf01d7d452a071f091d4b995f5f0,2,0,0,0,0,0
TargetOnly,1,20260928,568,twitter,4af22471a3d09c919657f196d9db3d6bea1f5070cb6fab3bf2a20aa9aef9980f,4,0,0,0,0,0
TargetOnly,1,20260928,569,twitter,4be446364a169c258e081d5428cb43451f6a3f949a3d375a50e8d861727ad131,10,0,0,0,0,0
TargetOnly,1,20260928,570,twitter,8cc119a2b38be5497a86a0580cb8a34be3e60c7b859c126885ede12522114106,4,1,0,0,0,0
TargetOnly,1,20260928,571,twitter,284c2400932f5997114bfeda6f0c04bf2b4a7d871d4ec8195c83649a8ca05d64,5,1,1,1,1,1
TargetOnly,1,20260928,572,twitter,699caf411cea0da0dd2295781eb4539818da2a949c7c1302681f6fe17b36202f,1,1,0,1,0,1
TargetOnly,1,20260928,573,twitter,9f707829bf840b5bfe458637b67ab793ab1417bcd7655f788cbafb872c287af3,6,1,0,0,0,0
TargetOnly,1,20260928,574,twitter,ea5a7b1f00a68fbfbd9f755d72ead415f5ce81e2cd9dfb5bd1b2edee69ceac63,19,1,0,0,0,0
TargetOnly,1,20260928,575,twitter,0e42cf2f38a7260c4b2092eca7220f5d546ecfcbefc6af0b1bbbde8d6557d88a,23,0,0,0,0,0
TargetOnly,1,20260928,576,twitter,272fdf2f54872e1fe6db26455e88f76916b1c93d5bcb2d449fe589e4c01db54b,2,0,0,0,0,0
TargetOnly,1,20260928,577,twitter,67901d6851532497872fd5d5c6972be60cb47a7d292d0e0d8603fa6c296cc2de,3,1,0,0,0,0
TargetOnly,1,20260928,578,twitter,b9ea7f780b30fe7c7b813eb89aab943c6dbc96b0b1162a88b4f0b6e0702a8dc8,12,1,0,0,0,0
TargetOnly,1,20260928,579,twitter,6da19ab67fc77b38f51b37f338f5d9ef1147a4744188288c31b6993aa1d8a9de,4,0,0,0,0,0
TargetOnly,1,20260928,580,twitter,d0f9ae922f59da6f898a5a3252caceb48b7cdbb5fd45272512db53bd20594006,6,0,0,0,0,0
TargetOnly,1,20260928,581,twitter,ccc3f53a5c2bf415f223d7d08f6c5d98b4210903b0a4e5004fac4034aeb0405d,5,1,0,0,0,0
TargetOnly,1,20260928,582,twitter,061989eb4b6f043e6b703c545a41434606597ee5a333ca6cb23a0817f0c1cad3,2,0,0,0,0,0
TargetOnly,1,20260928,583,twitter,0147524498f6dcb7f6c1df9732d3db5bdd194c1dbe51d591b8b3e5139ca943bf,1,0,0,0,0,0
TargetOnly,1,20260928,584,twitter,cc0c913577f11e97b3814b51feda487a2334d3d424406075bd0fc517c7f664a6,3,1,1,1,0,1
TargetOnly,1,20260928,585,twitter,a0bbdb92233059108829c0e28d980428e110f66a0e8ffd39ce7afa742d09c5f8,1,1,0,0,0,0
TargetOnly,1,20260928,586,twitter,741f2d626df4f575e6e7d696afde4686117f08a5f2c4249020ffcd8bfd7e4841,2,0,0,0,0,0
TargetOnly,1,20260928,587,twitter,90de0b9bf908cce0650179964fd20ed72d13a26eb1dda59215f3b606899e96b8,3,1,1,1,1,1
TargetOnly,1,20260928,588,twitter,83e20cc4f51e11e49a754eb6faea5d4888cc5f90c72dbe7e3dc7dbb0e3162c59,5,0,0,0,0,0
TargetOnly,1,20260928,589,twitter,b96d2800bb083eca035544b0bce72eb11b2a87d29603cde9ba1f402d620305e4,6,1,0,0,0,0
TargetOnly,1,20260928,590,twitter,fd6506494e3f316c3b2eda02245b6f4562329d9cba728cf97d781c9a1035e0c2,3,0,0,0,0,0
TargetOnly,1,20260928,591,twitter,c563b541beccb4e46375d7b78233b7b595c9a8709a9370cfe4c33c30f86e8534,5,1,0,0,0,0
TargetOnly,1,20260928,592,twitter,370616af8584db52e81e96e840a0ff24dc7c1376825dfaba821586a6ceaef0c7,15,1,0,0,0,0
TargetOnly,1,20260928,593,twitter,6a006bee7a8ef46994e698dab791821ae894519158bac09839b9c7720982447b,5,1,0,0,0,0
TargetOnly,1,20260928,594,twitter,0ff7cdb2a6d5207e493f159f4831ba1c9bb2f34ab75304c94333523c20d86c68,3,1,0,0,0,0
TargetOnly,1,20260928,595,twitter,15ef1bcd3c9bd82e8daf1f10d502977edec7ff2968ad5926e2110b7ce29fb769,4,0,0,0,0,0
TargetOnly,1,20260928,596,twitter,48654f6b05fb402f5989d578766c2dd54dc40403e9a190b13a1301030a08ad1f,7,1,1,1,0,1
TargetOnly,1,20260928,597,twitter,5ff210c8884d0102a275475473c5cba0c0f2db63e45b1be91cd5778b90e7d79e,6,0,0,0,0,0
TargetOnly,1,20260928,598,twitter,183c48d7a2aab033ccd20104e819d38f67433097750771e7821c6e7961c87ffd,10,0,0,0,0,0
TargetOnly,1,20260928,599,twitter,55ea2cb0b59a864f950473104cc288ed311999fe5b9c195d5edeb7479d4a9306,5,1,0,0,0,0
TargetOnly,1,20260928,600,twitter,f1b5e9e6d6f733f94f78785c7b3acb329a53a736ebbc27d870531a64250b02e9,3,0,0,0,0,0
ConditionalTeacher25,8,20260926,1,blogs,f27ea2d29c7104c919b3db28c6665a75f06509e20abfce2a096f6bd7fdee17a5,3,1,0,1,0,1
ConditionalTeacher25,8,20260926,2,blogs,2e33f63c7626dbc369773847be674268e62ff845811d0f1a707abb82d030fda8,4,0,0,0,0,0
ConditionalTeacher25,8,20260926,3,blogs,3a5c23d72140c92c25f4fbd08b9ac0feecee320dc88c6ee630121fbb1dc7ba3f,5,1,1,1,1,1
ConditionalTeacher25,8,20260926,4,blogs,150f418fb152be9cb918f6a5cddb03c13ba3de68e7a2ad474b9d73f9888b10db,32,1,0,0,0,0
ConditionalTeacher25,8,20260926,5,blogs,379382c7ed6229fb6a69c6e7589b03d3240417a25dc4be8d5bfa25a7d0e6a114,20,1,1,1,1,1
ConditionalTeacher25,8,20260926,6,blogs,1a3d0e172a1fcc90d98522daac9c53c1add1ae3f5e1b59bfafdbaf7f15ea7e13,15,1,0,0,0,0
ConditionalTeacher25,8,20260926,7,blogs,b1bdb15784994402f4445749c82f4d5fa4972fe0ae3f775cd198f3db707ed5c7,36,0,0,0,0,0
ConditionalTeacher25,8,20260926,8,blogs,75ec673b2b31cde02d81eb99e409f3c60f43ed1afdb8d3477a01196e43e64dc7,10,1,0,0,0,0
ConditionalTeacher25,8,20260926,9,blogs,640a825583d8a72a7cd2175016d14e07d28d2bdd55709dbc8634270dfaec9da5,5,0,0,0,0,0
ConditionalTeacher25,8,20260926,10,blogs,91507145be5cf1fad2815adf342860b6bdac455d8db048b0374aa8c35cea72ae,24,0,0,0,0,0
ConditionalTeacher25,8,20260926,11,blogs,b72474f50716169e9748a2eb8e76b7ab5e47c06dda75b8e74db7920d216f09bc,15,0,0,0,0,0
ConditionalTeacher25,8,20260926,12,blogs,4e8895ae50463f9bb1588854743dfddeff57c6d568879614efeb3e276882ab37,4,1,0,1,0,0
ConditionalTeacher25,8,20260926,13,blogs,8334b4540dfa719754aa0de65ed2e2986c1843ed87663872cd9a57a7753146d8,31,1,0,0,0,0
ConditionalTeacher25,8,20260926,14,blogs,c32c3e1300b8358f8bf7ec24bd106bbef01d3579e2c273272d5efc7b145fa792,8,1,1,1,1,1
ConditionalTeacher25,8,20260926,15,blogs,41b8bc114e6a873a647502ff550d0b54a9f7fdb2fdb10bff657a8df21d400073,11,0,0,0,0,0
ConditionalTeacher25,8,20260926,16,blogs,b57186493fa3a2c547d996aa77e54272d923628b38b4516aea24441809f9338e,91,1,0,0,0,0
ConditionalTeacher25,8,20260926,17,blogs,6fda27b4519c3b1f949aa789fafd4633a2f4715428108f635f869b6f6abb47e4,9,0,0,0,0,0
ConditionalTeacher25,8,20260926,18,blogs,8e31aa2486bd2af28e15adf7c3e90c3c5b00791a9a32397ade5784dc34970532,28,1,0,0,0,0
ConditionalTeacher25,8,20260926,19,blogs,7d7f9e354d8330b014d1ef7c7cb1d9701045bc373464c2dff27577df2203228f,25,0,0,0,0,0
ConditionalTeacher25,8,20260926,20,blogs,32cd52cb54a0a85df0b971cd8c0dec12b0e8fca77376c9ed9eed5d52992e76d9,2,0,0,0,0,0
ConditionalTeacher25,8,20260926,21,blogs,3f11bb930af28be6636d3b7d33c9d93c16b75c68d23c735cac8a5f410b6e3565,5,1,0,0,0,0
ConditionalTeacher25,8,20260926,22,blogs,c3c80837aa0856c9606e04dcab979b22143dbe7815d5c469b05d365064138398,2,0,0,0,0,0
ConditionalTeacher25,8,20260926,23,blogs,f9c18fac0730e3adf3d480213575a4cbb220eb2947050930de7197229981d9fd,21,1,1,1,1,1
ConditionalTeacher25,8,20260926,24,blogs,3de6e4df992e71eb825eca79e7a59069fc50a064448f89979e471bcc3c22ba75,2,0,0,0,0,0
ConditionalTeacher25,8,20260926,25,blogs,cd672f6d7025d9ad0026cbba9bb3fe3ed6e71093ac88175f8ac2bc4e94f32a5a,68,1,1,1,1,1
ConditionalTeacher25,8,20260926,26,blogs,ffffbefc9a109669ff1a3ad2756ffb1b534daee5f90fa1162e36b37538116f43,2,0,0,0,0,0
ConditionalTeacher25,8,20260926,27,blogs,bf42c863d826b55a8070e1b8271fe6f2e04ddbc417207c1f1eb541701a91196f,15,1,1,1,1,1
ConditionalTeacher25,8,20260926,28,blogs,d67f3e27829d44de0441ec7eed10ea7e2c56c932e9f84f5bd174bd098965c994,14,0,0,0,0,0
ConditionalTeacher25,8,20260926,29,blogs,0989b5237eb48e59cad83dca5762b211d7ce5641230183f24ce883fe76205abd,12,1,0,0,0,0
ConditionalTeacher25,8,20260926,30,blogs,5cd9b83ec4ed2b0d02e2007d2c0408dba6b5ac9fc94263f469660eb274c34f1b,23,0,0,0,0,0
ConditionalTeacher25,8,20260926,31,blogs,dce1fad10ecb15835e20e771fa9582bbfa84509f2029a76bc26617a09e82b6b4,46,1,0,0,0,0
ConditionalTeacher25,8,20260926,32,blogs,cf963c65aa4e6aec5caff27f73e21a65cd1c496deca38dead971f519caa4a10f,75,1,0,0,0,0
ConditionalTeacher25,8,20260926,33,blogs,eb9f5bb77c9a3c3e31f269b25b42f96b69b7430186e38f0867f9015ccaa73417,64,0,0,0,0,0
ConditionalTeacher25,8,20260926,34,blogs,bd8985b74110ad26e2fc4ca3546ed2b4395d03a592c0585c2d7de7e26f1fab49,5,1,0,0,0,0
ConditionalTeacher25,8,20260926,35,blogs,7cc50f2dcfa90fef70167174027dcc0a2745896138b6bca25927ca90a44949c9,28,1,0,0,0,0
ConditionalTeacher25,8,20260926,36,blogs,1c5951e89a7e0d1267c533d6451876a1334d82fe301be34c567c2f0ab8d99491,3,1,1,1,1,1
ConditionalTeacher25,8,20260926,37,blogs,b25f994e529814b9fdf2bb21c64f49575041399a9bbcac0b4eea0554023236f1,68,0,0,0,0,0
ConditionalTeacher25,8,20260926,38,blogs,7a3925616ed56a8b85d5847676ae5aa6555e924f9eafdd9a0c743f1a2e30b300,11,0,0,0,0,0
ConditionalTeacher25,8,20260926,39,blogs,7ed840123b75f79024bc8d1dc218fd0f321c243a4f61574d890d2d41b9ef8f5c,3,0,0,0,0,0
ConditionalTeacher25,8,20260926,40,blogs,352c4a5237c0f7936acfceaf5fcb6ad851c1ec3bec851f002f8f2afc631ec909,1,0,0,0,0,0
ConditionalTeacher25,8,20260926,41,blogs,d2060adc06b000c7a152cb9ebd9c97fc8482baccbb7d26a051b8c99ecedb0020,2,0,0,0,0,0
ConditionalTeacher25,8,20260926,42,blogs,48a8a3b3ef24a02d736f34936f68558dd17258253c096871ec4c33fd0feda660,1,1,0,0,0,0
ConditionalTeacher25,8,20260926,43,blogs,19d04f212bb0c9a83fc08d9844cccf7fa83000c4c8f5d5bf0bacd5a1bfdbcfe1,2,0,0,0,0,0
ConditionalTeacher25,8,20260926,44,blogs,7cc7aa0a9cd8c2f9e0ad4e8bdde615c25d284ba8b1ce1e13bc16ad6ea987bf57,2,1,0,0,0,0
ConditionalTeacher25,8,20260926,45,blogs,8af68e87d85431bd6bc7a862171855c16c0791857530d46d4dfec1deddc23696,2,0,0,0,0,0
ConditionalTeacher25,8,20260926,46,blogs,f4f91a0016cfe63d6bc462744ca56478e36afc5c906dfa42905d004ead7ac90a,33,0,0,0,0,0
ConditionalTeacher25,8,20260926,47,blogs,d5054b72c01dd6e1d22489654daa3ef8d380be567c39326fe54107968958b2e0,32,1,0,1,0,0
ConditionalTeacher25,8,20260926,48,blogs,bb30fe263c00366818d0e6d06bfd8e9569b764d3ccb1384e3a002358c31381ae,159,0,0,0,0,0
ConditionalTeacher25,8,20260926,49,blogs,d267074911573a6de4266cd018b5ff9d916c188df7e0bc04617ed99ed72e7548,3,1,0,1,0,1
ConditionalTeacher25,8,20260926,50,blogs,289ecbb05bd1df116b388dfce818a704ce3b45504536e71478dbb35484478a89,24,1,0,0,0,0
ConditionalTeacher25,8,20260926,51,blogs,27b71126ec92112afb54eb000137182029bfcd0ebc3d6dbd6cd6d9483e3a4234,1,0,0,0,0,0
ConditionalTeacher25,8,20260926,52,blogs,ddede43370fa553ae2705c278f52107fabdba65412378756953c6d27913bcf0a,5,0,0,0,0,0
ConditionalTeacher25,8,20260926,53,blogs,5918f37fca3c7089c9f83756790ef55fa02549c3383a53e67e7ec28401bb412b,46,1,0,0,0,0
ConditionalTeacher25,8,20260926,54,blogs,2a2c45f7d25bf1f3be66a95a02a88f42d3b03e2016e5bce15e735cc9c26910a8,43,1,0,1,0,1
ConditionalTeacher25,8,20260926,55,blogs,1b318a52a1fc587e9425cc21811759c771ea51381d41a018d6a4bd3d02cc45ae,21,1,0,0,0,0
ConditionalTeacher25,8,20260926,56,blogs,580589c89a508ed2f4b1766886ba623bec667f18bbb282189b3d36ecd412209c,2,1,0,0,0,1
ConditionalTeacher25,8,20260926,57,blogs,50b9d5391f73c1fe0c14b262ff5abeb64fa1e880491b3cdf9736900d8f29a7a3,9,1,0,1,1,1
ConditionalTeacher25,8,20260926,58,blogs,929846bf043468a80ab4f13004e997e29b18248e39cd61f60c2f2483e82ae9d9,2,0,0,0,0,0
ConditionalTeacher25,8,20260926,59,blogs,361aa83793b17e1cb64a7e78bebe2c9dde88d0751b7ef508242823501bf26cf1,8,1,0,1,0,0
ConditionalTeacher25,8,20260926,60,blogs,0ec1f7437566873287fb4ce2337545d15b04fc9859d7c9df732eaf3828b639ff,61,1,0,1,0,0
ConditionalTeacher25,8,20260926,61,blogs,8a408670d1fffe106c3249c50114ed0ee76b8aba4d1cea1ba97bbef380613c9a,26,0,0,0,0,0
ConditionalTeacher25,8,20260926,62,blogs,d3aa691ddc018a6d5fadf674929c511806af19a69aa261d8c173c0ea587b5c3f,48,1,0,0,0,0
ConditionalTeacher25,8,20260926,63,blogs,59d0f2409d827263bcda66b91fcabe32b1ef885a9550d6898df2a271a5ec034d,4,0,0,0,0,0
ConditionalTeacher25,8,20260926,64,blogs,c49d87c5affe4e36ae34217c03e51abadf80293b674c00e50068902705ba16ca,5,0,0,0,0,0
ConditionalTeacher25,8,20260926,65,blogs,769d17e744efc9f359f472b33b7eb105cfeacd41c8a520c02c0c4aadd552c805,31,1,0,0,0,0
ConditionalTeacher25,8,20260926,66,blogs,14fc8df07a8d53d992cd72761a6265695f6c1fdeced1febb4fa01fc775b2777e,67,1,1,1,1,1
ConditionalTeacher25,8,20260926,67,blogs,83a1203467cbe6489cac8a50d562ea477b423c9ebb81fd31272f9342e90ffc34,62,0,0,0,0,0
ConditionalTeacher25,8,20260926,68,blogs,6d5ed27525ca9d74933058c30ac43026dc1e3f55835b8ebe864d70b14add954c,20,1,0,0,0,0
ConditionalTeacher25,8,20260926,69,blogs,a84b2495026668563d2d2b80e26c295978500cb674de72c200fcd9aa5d99ab93,20,0,0,0,0,0
ConditionalTeacher25,8,20260926,70,blogs,f388cd77a4ea5c2114bec4dec6f7757e3b4fbae9eb400d8097f0d77d02748e35,185,1,1,1,1,1
ConditionalTeacher25,8,20260926,71,blogs,e950195b249e4732f401a15b796b714944447b9025203d3108daf112473e750e,19,0,0,0,0,0
ConditionalTeacher25,8,20260926,72,blogs,5ddc58f751c00ce74fe573241d6f045e9a5c1e0e56b5d4d43fb3f7a0556007a1,5,0,0,0,0,0
ConditionalTeacher25,8,20260926,73,blogs,3e691c6574767bc1494057f084358db0f018e395f8195813f147b4177033d5bf,67,0,0,0,0,0
ConditionalTeacher25,8,20260926,74,blogs,50c3f1c845a617b0e1552789043c90e959d925ed130f6f05de05d4c07d96a2b7,17,1,1,1,1,1
ConditionalTeacher25,8,20260926,75,blogs,4054deecb174f717e2fe6fe7bd4095a27d06200b8043af5b7d915eb985ef27a3,40,1,1,1,1,1
ConditionalTeacher25,8,20260926,76,blogs,e7e127780d035bd0c76f2ac65a8d93edc08d0bd8ee5b7014ad0f28d53b615cdd,4,1,0,0,0,0
ConditionalTeacher25,8,20260926,77,blogs,0999a671801d5c56c9233b675d4d7065e41fde5cde8dd4a5a64a1220029d3e22,29,1,0,0,0,0
ConditionalTeacher25,8,20260926,78,blogs,67220dc16dbbefd83c149fb4bd803213d89492cd5fc9f6acec32669b8f0253fe,19,1,1,1,1,1
ConditionalTeacher25,8,20260926,79,blogs,764597b8401ca8bd3f09abd8c82151731453da8f44bdc36f11bb4997b73165d2,25,0,0,0,0,0
ConditionalTeacher25,8,20260926,80,blogs,75fbc187e71ed80033bdace43c3626ab186cb429aaca32b6f08c9b1b0b8444b6,36,1,0,0,0,0
ConditionalTeacher25,8,20260926,81,blogs,cd15e561e7fc867b9c2e835e800154bd0be757e6d640fadc314f677476e5b7b5,11,1,0,0,0,0
ConditionalTeacher25,8,20260926,82,blogs,ae8bf5c69965afe9d176327f89b31a40337814b960d80ae01bc968dd46cc3349,1,1,0,0,0,0
ConditionalTeacher25,8,20260926,83,blogs,249ceba8002b87707e882c3b63b9feb25d5764164d7de7b50b6a4e442032994b,1,1,0,0,0,0
ConditionalTeacher25,8,20260926,84,blogs,088086dcb5715f8edea12bf99b220bd79151ef92d8d5639b9ce6ff2af750aa3c,17,1,0,0,0,0
ConditionalTeacher25,8,20260926,85,blogs,535e5a5dfe34014f1aa3060f920ac58e2b09d9acea67a8f520c8f578cbe60864,13,1,0,1,0,1
ConditionalTeacher25,8,20260926,86,blogs,69d90146172c7597139af760c5db39978c46da358088125d8d8018e407866988,26,1,0,0,0,0
ConditionalTeacher25,8,20260926,87,blogs,30a9f0776e80a74797c413ea192774c5b1e6e0e956f224b86e82f54713ec3e08,6,1,0,0,0,0
ConditionalTeacher25,8,20260926,88,blogs,f90f6dbdc4c899da2381c21acdcbcba25e82f0028d37b93e8e9c2b37b334b20b,11,0,0,0,0,0
ConditionalTeacher25,8,20260926,89,blogs,67a5c87095d7430d61a213350a487b0accdd17112ceed832ba93af6dc39b3e4d,3,1,1,1,1,1
ConditionalTeacher25,8,20260926,90,blogs,eb7d4242ad15e73cca7b4e53af9564d1a63b6a510e7a56c218d37b0d625547f8,65,1,0,0,0,0
ConditionalTeacher25,8,20260926,91,blogs,b8daf113cf9a3b6204e823218b188ffcbfa85bf1e8b8f9d229d75376f9be2ee5,48,1,0,0,0,0
ConditionalTeacher25,8,20260926,92,blogs,95124b3051baf8659f3adaebbdb44983593a0997272bee4d373b5bc38414521f,23,0,0,0,0,0
ConditionalTeacher25,8,20260926,93,blogs,282b497fbec0178811613bbdba5ff9eec0c1ee54a0094898833227e3195cc29c,12,0,0,0,0,0
ConditionalTeacher25,8,20260926,94,blogs,509296d7af69829fce10c4fd63587460123a0b8af109b6cb341c049eaba5f153,51,1,1,1,1,1
ConditionalTeacher25,8,20260926,95,blogs,a7b1855e998e5636d2a0ea7547dbefcac979b5cd94d74c0ecf03157e070feca3,6,1,0,1,0,0
ConditionalTeacher25,8,20260926,96,blogs,67a15e555ce8350272b10576f900f5bbf03ba45fcdc6732e5989f6021fd1c734,2,1,0,0,0,0
ConditionalTeacher25,8,20260926,97,blogs,ffc6a00a75bcc4917e4e5405de5b513c8567c6ff1c829ba5510ed5166a084c1b,100,1,1,1,1,1
ConditionalTeacher25,8,20260926,98,blogs,6bb422a226d7c6f7d2a40d30f944587021e16c54880bcf2b3e0743660ea40c56,23,1,0,0,0,0
ConditionalTeacher25,8,20260926,99,blogs,057f13ec60395b2844f2b28f3d1291cf3e85e1064f584ee4e0e2a85179a21d5e,52,1,1,1,1,1
ConditionalTeacher25,8,20260926,100,blogs,7313906fc7c18edc1cf436c1f991cd4fef7cf0778b3cd69a6e5b24f5aa353540,43,0,0,0,0,0
ConditionalTeacher25,8,20260926,101,blogs,97e5167a0cd7d3e8ca22727841a734bdb5bd80e62a3d8258538561178346eb78,32,0,0,0,0,0
ConditionalTeacher25,8,20260926,102,blogs,d79c04c6f0e22149c1c9006a42e3e9c7f9df76cb6e1390cfdcebabcbb51bb8a9,16,0,0,0,0,0
ConditionalTeacher25,8,20260926,103,blogs,4dd737184fc361b8cf976ef430f2dd21985f4e868137c42a996e8e3e695ccd95,14,1,0,1,0,1
ConditionalTeacher25,8,20260926,104,blogs,ac9a8a0d3cfe9c7bb2f3b752bf5c26ab3c69ed2f372c9839e4d8b1fbf6ed0331,2,1,1,1,1,1
ConditionalTeacher25,8,20260926,105,blogs,9dbee1eacb6a2dc2637f5fc3d44059ea4bcf626edc2c4f21d738ac16c883e40a,3,0,0,0,0,0
ConditionalTeacher25,8,20260926,106,blogs,62a099be03468391755a96421abbe0f9e5b0162d527f2962dcdadf8c95573dcd,16,0,0,0,0,0
ConditionalTeacher25,8,20260926,107,blogs,091877a1635d9a665633883b50bd5dc36bc5ca9e5585d0983bb1a29b4a8c3d1e,20,1,1,1,1,1
ConditionalTeacher25,8,20260926,108,blogs,9c8d9ad6fa9079fd13f306d57eee0dc27528927bc26c393dd88fe8a4394bd34b,56,0,0,0,0,0
ConditionalTeacher25,8,20260926,109,blogs,a891f0e31026aea17b7e618ecb1770f88745de47af609e61c3c463d370c1008d,39,0,0,0,0,0
ConditionalTeacher25,8,20260926,110,blogs,5d92b68393bbdb849fc1ebfad9c6b34cd6538758370ddc7ad3629fced60a5d7f,25,1,1,1,0,1
ConditionalTeacher25,8,20260926,111,blogs,74dfb95052a454d55132e41c8b4dcaef8477b01e8c7ab901d723b5f0e161b6e2,12,1,0,0,0,0
ConditionalTeacher25,8,20260926,112,blogs,8cd3930f92a0a8ebcb133d931ebe48117c56b2235e341a4583296c55f8c9e250,5,1,0,0,0,0
ConditionalTeacher25,8,20260926,113,blogs,30490f8f285188f117b5dc1339c3693c23a69819f1a0ee69322f604d9ec499eb,7,1,1,1,1,1
ConditionalTeacher25,8,20260926,114,blogs,24d039524a223ce53179db33269afa83fdae9e4d5d1e4ab8858082ff731c2a15,27,0,0,0,0,0
ConditionalTeacher25,8,20260926,115,blogs,f4d9e25f742070aec6a949d7197d30714a6a67b120226b3d1eaf85136351db0c,57,1,1,1,1,1
ConditionalTeacher25,8,20260926,116,blogs,6a4e3a33617c4fe6ab7ef6486f850708e32ea6014ca3d9c67dc608012463a971,1,1,0,0,0,0
ConditionalTeacher25,8,20260926,117,blogs,301733dbfab361290501489be559d8c81ed730e6b752acea9cfe4fcaf92b9900,3,1,1,1,1,1
ConditionalTeacher25,8,20260926,118,blogs,e9d59ebbbf86bfaf89c2a88befb5ab14401779a524e927d619a1ab87e0d8bba2,2,0,0,0,0,0
ConditionalTeacher25,8,20260926,119,blogs,5dbfe67d0d54de168c6c7693cf911b389b643c7605560d75c61dcc324cb7c9f9,39,0,0,0,0,0
ConditionalTeacher25,8,20260926,120,blogs,2bc6ee6e94906badea024b70b2aac8873e18f8f12396aa3e20a49321e0c12021,9,0,0,0,0,0
ConditionalTeacher25,8,20260926,121,blogs,ff60fd0c2b5a8c0d0e293887350048ce6489caf891ebef6202418289bce6e77b,7,0,0,0,0,0
ConditionalTeacher25,8,20260926,122,blogs,944a591a2802feee58d0ee711428ff20c4f16e702aa72d72ea4fc1c77057c67e,2,1,0,0,0,0
ConditionalTeacher25,8,20260926,123,blogs,beef00b6a3aa10e4e2713d2e117c6719e5cb12f4b8b0a792a21f714430ed2461,51,0,0,0,0,0
ConditionalTeacher25,8,20260926,124,blogs,19e0072349b355cd43d26b51eadf2572e236292a915cd0aa89f9925e0f5698ab,54,1,0,0,0,0
ConditionalTeacher25,8,20260926,125,blogs,8ef449862b952c2f06d7826273498842fcab93118caae140feddbdbe83c8041c,34,0,0,0,0,0
ConditionalTeacher25,8,20260926,126,blogs,320adf1e1f032ade513e367aced54481158d7c681490476bb74e6b441fbb3bab,9,1,0,0,0,0
ConditionalTeacher25,8,20260926,127,blogs,c6d4ce500ccf0dc7143630ddf7223fb8b6b76bfa002279192c3545fdb861acb6,2,1,0,0,0,0
ConditionalTeacher25,8,20260926,128,blogs,15f360109886ff0f2398f4d545d27e15c381c7503de8c07a802bdc9a087b07fc,5,1,1,1,1,1
ConditionalTeacher25,8,20260926,129,blogs,e3791dab62432b0c9d68c62beb88e6e1ccd7edd5db8d9e4ac1abd8c0702be29e,4,1,0,1,0,1
ConditionalTeacher25,8,20260926,130,blogs,43d332dee0b904d3c1628d681c718914a3a73d93364206589288c37e89b50d76,1,1,0,0,0,0
ConditionalTeacher25,8,20260926,131,blogs,5dd00d3232116b0907ceba5c43642c30d11be8c789c72e3f8564adffbc66023a,1,1,0,0,0,0
ConditionalTeacher25,8,20260926,132,blogs,c433dc10bed170d2610880bff6d5d7da9a684d3c8988c279672f97489717f38a,59,1,0,0,0,0
ConditionalTeacher25,8,20260926,133,blogs,451722abcc2bdcd0e5cb1f504d40f921e803606a0a2a01ae74a833a2677bfe21,27,0,0,0,0,0
ConditionalTeacher25,8,20260926,134,blogs,438dfe05145e2bfe0049ede47edccf11088ea8d06067ee48d0cc70c4cf10712e,26,0,0,0,0,0
ConditionalTeacher25,8,20260926,135,blogs,06a5c73a7734d956a1b27794f679da9667df483aca4d715063af2d78edb2095e,51,1,0,0,0,0
ConditionalTeacher25,8,20260926,136,blogs,da2ec48c8e7089305013b793d4e852d26eaddb6f08b1c9e52eea32c50b80818d,16,0,0,0,0,0
ConditionalTeacher25,8,20260926,137,blogs,a7e42b1871c48384f4c2dfb5293403f48ec9efc1cf0ca6c9b5d283a0ec871daa,85,1,0,0,0,0
ConditionalTeacher25,8,20260926,138,blogs,4b8c6b4cbab8492c1c03e6e11f89dc2fe2b4a48390af288c1a01e91b3a09706c,1,0,0,0,0,0
ConditionalTeacher25,8,20260926,139,blogs,81ab4d2a755bb70f92120ee3d8eb11095d8d9b27eb22b5c5faed15f0963db1c6,7,0,0,0,0,0
ConditionalTeacher25,8,20260926,140,blogs,a4330c45c8991563700271f6f8b8e220f41119f7eb838e5413b94b5a4a73e962,1,0,0,0,0,0
ConditionalTeacher25,8,20260926,141,blogs,76cedcf8ab9c21f8b1389d7ece4b23b7e7a2d05965cd0ae3862b9f74e3a62504,34,0,0,0,0,0
ConditionalTeacher25,8,20260926,142,blogs,179ec92938bfecceef666117b544d94386d97b6edd1f0a343cf1957f3a395bd8,20,0,0,0,0,0
ConditionalTeacher25,8,20260926,143,blogs,ae8ab4794661237a7a3384e23b25a1ed1045fa9c7ffb13456fbd63d1c3112065,17,1,0,1,0,1
ConditionalTeacher25,8,20260926,144,blogs,fd4b176499e87ac7ba1fd7ab79f3d65a409c50e2542a933c90a8d17c6acdfdf4,35,1,0,1,0,1
ConditionalTeacher25,8,20260926,145,blogs,05cd15e66d0926b7d521b824a542ddd09ad264d663e67ccbc53cd72f8a85a3c7,16,0,0,0,0,0
ConditionalTeacher25,8,20260926,146,blogs,cbdaf8d123838f408601324e84b4ca29b11ca226f400da1b2e7db52da552012a,8,1,0,1,0,1
ConditionalTeacher25,8,20260926,147,blogs,0ea53809eccb3a953b4e8be7cf5159b0b7a3653187b3d59177b599770d546c1c,24,1,0,1,1,1
ConditionalTeacher25,8,20260926,148,blogs,285c8d26edf037e359c00d0152bf525bced924549c300a89327df90b43ab0112,1,1,0,0,0,0
ConditionalTeacher25,8,20260926,149,blogs,dc0990e106cfefb238974b070a67cb06aa19ab22ca4c1d7b2568b2ac48840f55,5,0,0,0,0,0
ConditionalTeacher25,8,20260926,150,blogs,2310f9018f334d5cea26c51572604ee994ba0f75067ad4e55f60b051720eb666,33,1,1,1,1,1
ConditionalTeacher25,8,20260926,151,blogs,ed1730a70dd632b9c1f59f50100c1039da72f55f8cb9f7da3fdf1d49c9e04fb0,22,1,1,1,1,1
ConditionalTeacher25,8,20260926,152,blogs,b91c60eefa07efc8d8c766b76dd128ca4a516d7c24cf713f1b5f3064169935e2,1,1,0,0,0,0
ConditionalTeacher25,8,20260926,153,blogs,0c6dd475cb7252e558272ed5476de7ec6792bdc4fde6bbede235965bfe6f5080,14,1,0,0,0,0
ConditionalTeacher25,8,20260926,154,blogs,b04ed46d0f25dfef118ccab2a0ea2635e5d2c55ad0a77ed20858623e46b686ed,1,0,0,0,0,0
ConditionalTeacher25,8,20260926,155,blogs,d4b71e71cae5e44e4118081553ec5530ee80dce7a886c85749d9e45377fe699c,109,0,0,0,0,0
ConditionalTeacher25,8,20260926,156,blogs,819892f3f9c07c0b6ecc3bbfde5dc87757f4a7c446f8bf6430a38284ec3786f2,44,0,0,0,0,0
ConditionalTeacher25,8,20260926,157,blogs,b5b776f2980c8378cb1f2834e76e814863e4b7411f5de5b9493cbf1430db1fda,10,0,0,0,0,0
ConditionalTeacher25,8,20260926,158,blogs,181e694b77fc212dac9d06987bbeeffa7e9aaf649b8a06eb3cd97de3ecf0d4a2,2,0,0,0,0,0
ConditionalTeacher25,8,20260926,159,blogs,816866080550f09f99095e912c60005960caff3b6aeaeca9f6f643f77caf856e,21,1,0,1,0,1
ConditionalTeacher25,8,20260926,160,blogs,b40e9b17841eed5a6bf44e893dd5557121bd34ddea8bbfc9b36047d0f351938e,1,1,0,1,0,0
ConditionalTeacher25,8,20260926,161,blogs,2bde01ba2ca285280be21974bb2e818ec57704b1a06bd18594851fa19afa68f3,105,0,0,0,0,0
ConditionalTeacher25,8,20260926,162,blogs,0df4a64477ae5b424ff425316f9868d2cd3af3672519dbcb50a7eaec81655be2,21,0,0,0,0,0
ConditionalTeacher25,8,20260926,163,blogs,75b9bc23fa68a45c5cbb5357bdd745a44b141fe9cd1baca335426cb31bd26ac2,96,1,0,0,0,0
ConditionalTeacher25,8,20260926,164,blogs,41c11852c3d7f62f07a039d1a1353a98b852abb90e4cec23d5d062f5956925c3,25,1,0,0,0,0
ConditionalTeacher25,8,20260926,165,blogs,fe647385e8934d869c08d261ba262604a358a7082418ec109d6a3917992de0ce,9,0,0,0,0,0
ConditionalTeacher25,8,20260926,166,blogs,cabc98d4eebefe718f9bb866ac66dd8d3314f88b39d4c5a53ab8c13e188e5d42,13,1,0,0,0,0
ConditionalTeacher25,8,20260926,167,blogs,9134bc3a8054df8751179dad332786de55d8d30cc5836cc9f7cf5e2da9efa5df,2,1,0,0,0,0
ConditionalTeacher25,8,20260926,168,blogs,8a3a45ac9c16931b8304e58742820a06356dab7e3180d238153ad969014baf7b,18,1,0,0,0,0
ConditionalTeacher25,8,20260926,169,blogs,6ae9a8233ae0006692e733fab7dbe811f257308042e32824cb1f91a858c9b7ad,1,1,0,0,0,0
ConditionalTeacher25,8,20260926,170,blogs,c8239036c7ba0f97df365063fb3ff245075aedc7576879a800cb5ef00a5dcf57,23,1,1,1,1,1
ConditionalTeacher25,8,20260926,171,blogs,7d03b2aca820442d1dd4ed0758332bbf7c0221d6fc21adbdce3f3770b285ae6a,17,0,0,0,0,0
ConditionalTeacher25,8,20260926,172,blogs,834f59365e75020a10a53d47e8e8ad53d12910d3ee6d4b5ff3c7c32bcdfbf393,40,1,0,0,0,0
ConditionalTeacher25,8,20260926,173,blogs,c80f10ca557aefbfa87690f531b64b36706a0a3def3a7f273afe4fbde70f3e71,13,1,1,1,1,1
ConditionalTeacher25,8,20260926,174,blogs,85b823a7393ea003b8c1fd3cf03bcae450129384d78f6ebf341f48f63e33b66e,2,0,0,0,0,0
ConditionalTeacher25,8,20260926,175,blogs,8c62b466ff3e7bad679361a0c4a94c8e8d1c980db7d24f1a942c3cea49c9d9cd,3,0,0,0,0,0
ConditionalTeacher25,8,20260926,176,blogs,2225ec3cbc148f64c837bd4f0dfa7ca8d15d475f90d759ac9d6746e670f48b58,58,1,0,0,0,0
ConditionalTeacher25,8,20260926,177,blogs,78ce70ab8fcd0433ee30382fe3d07bfa99bcc9551dbaadaf1bce0ff3b72043d2,55,1,0,0,0,0
ConditionalTeacher25,8,20260926,178,blogs,87877f6b81280379d0fc181f082d80c0a7fc942a8038c03eb870ce02c115e670,32,0,0,0,0,0
ConditionalTeacher25,8,20260926,179,blogs,d58f95aac1deaa47a480250ca69c64722f6033cf98241eb12c54075b4e8c0cbf,2,0,0,0,0,0
ConditionalTeacher25,8,20260926,180,blogs,02822979e79f67ce6acf619f7ac6f6811666876fb03211931a0d22f5e2f357c9,3,1,1,1,1,1
ConditionalTeacher25,8,20260926,181,blogs,62398e7fe9510a2356e4ac9a0605e35d2f75d6537c9e5f6a0ef16a11df64f3c2,18,1,1,1,0,1
ConditionalTeacher25,8,20260926,182,blogs,125a21d647198b9a9b4e532e1c21173099b5b77a2505eca5d495dd18b38ee645,1,1,0,0,0,1
ConditionalTeacher25,8,20260926,183,blogs,4d0020fcf352e469a312236972f4d1d7fcc55128719c4b47a8c3279484cc2335,48,0,0,0,0,0
ConditionalTeacher25,8,20260926,184,blogs,ff506e4767af50216ac5a9b0569f13991d6dfa9ea57ac2e3a34de3687712c5ae,3,0,0,0,0,0
ConditionalTeacher25,8,20260926,185,blogs,94231909c40f07766cf97675658be0eb54956ef50a074d39a685824e15438b3d,16,1,1,1,1,1
ConditionalTeacher25,8,20260926,186,blogs,49a0ee2e414502b63d9df3d56c069e4f3895b41506ade52623cda2dacae3f022,4,1,0,0,0,0
ConditionalTeacher25,8,20260926,187,blogs,48c2d41352191f36f12cce7ff0364f45f7fe2c0830b9313412e361daa76b25cf,2,1,1,1,1,1
ConditionalTeacher25,8,20260926,188,blogs,c5dc16b9b66ed2581bfd3b55c3b434c368c281fe8da26099c3f65a756d49d2d3,11,0,0,0,0,0
ConditionalTeacher25,8,20260926,189,blogs,25bf1823372cac021e74991c577919cb77df32328e8310f6891118e46f7b0afe,2,0,0,0,0,0
ConditionalTeacher25,8,20260926,190,blogs,99297c1b0394f506185f5c7caf08666e663565bdd3b300b86e65fd4fff2bd1f7,35,0,0,0,0,0
ConditionalTeacher25,8,20260926,191,blogs,78b55d6b0f18438c47e60fce7e1b4234a0a7375c0f83b3afab4cb125ace2f96b,46,0,0,0,0,0
ConditionalTeacher25,8,20260926,192,blogs,4e56cdabed510a78bff69e4e7dd0386e670d803935709b84e3166dd1c4e2b39a,56,0,0,0,0,0
ConditionalTeacher25,8,20260926,193,blogs,81a2e1df0e2008e3c66562bcfbae4a8fce030a337c9503eaf7744a0ec5a3aeca,3,1,0,0,0,0
ConditionalTeacher25,8,20260926,194,blogs,21fc094822685d1b42829562e9b20fc04500bc9ffe43ac0caaf104448e242180,2,0,0,0,0,0
ConditionalTeacher25,8,20260926,195,blogs,99dba9a6a0e3d175783facc4da880a998e55a6ba3191f9e797e333df760e04c1,48,1,0,1,1,1
ConditionalTeacher25,8,20260926,196,blogs,9c80a57bf0374f50d9139dde80c889481b2fdf9f5e1f66e2f0dede2504e7fc11,33,0,0,0,0,0
ConditionalTeacher25,8,20260926,197,blogs,d6732e82c7c7c93932196cca218a17cc01d85c909e5c3a596ce816c8c176499b,3,1,0,0,0,0
ConditionalTeacher25,8,20260926,198,blogs,c329ccf68f3d1473f59497cd2ddeb670fa914c495cf411ba9cafb25a93a3d917,1,1,0,1,1,1
ConditionalTeacher25,8,20260926,199,blogs,3b84ebce6ba992d9e3dadeed4c7f7c006a25dbb0cc7d08f2d44fd0d71b97a2df,17,1,1,1,1,1
ConditionalTeacher25,8,20260926,200,blogs,c42b839afbb205b2384d1dd940a6e59e0a1f362d1c8ace78dddde19b54cf800d,48,1,0,0,0,0
ConditionalTeacher25,8,20260926,201,news,39689551a658251ab71594ed7115c7a6509428446424c987ef0334f4e1259cf2,41,0,0,0,0,0
ConditionalTeacher25,8,20260926,202,news,6c2ecc04f145627cf6e3af34bbf5fceab3446b954aeb6d2cd83bc149efeee194,12,1,0,0,0,0
ConditionalTeacher25,8,20260926,203,news,f294c79166f854531a597096235f35d4b90621bd2f1e6c1a36bfe2a7caa6c144,33,1,0,0,0,1
ConditionalTeacher25,8,20260926,204,news,1a66f0288092379e7c51f0169eb3e0aee0a661d07e1c3cae13f925c8e58ac0e4,14,1,1,1,0,1
ConditionalTeacher25,8,20260926,205,news,ca147c951ee4d9853546c34222eed78802527f4887856cd2889ec07a345d7ce5,15,0,0,0,0,0
ConditionalTeacher25,8,20260926,206,news,839e8f0cc656dd3309e4dd0144311fd085253962f1976a46ed9512608f19c2af,15,0,0,0,0,0
ConditionalTeacher25,8,20260926,207,news,37ad009ab98fd6a08ca9c0f908964a8e4d48070a2b1a95f160564e77129f44fa,8,1,1,1,1,1
ConditionalTeacher25,8,20260926,208,news,f78e73021a8caef1bc4e6c5f91f0e1da70aaf340c6b7934383b441f2acb63b44,5,1,1,1,1,1
ConditionalTeacher25,8,20260926,209,news,0e66323d8a74c4a0cbc1cc636b10af05c0e4b1d5f0c292d173d9ba8dd631f354,52,0,0,0,0,0
ConditionalTeacher25,8,20260926,210,news,d823d0c6826a6086c07837b8b036ff2d50385575f290b3819667e1a10f821493,20,0,0,0,0,0
ConditionalTeacher25,8,20260926,211,news,4fae3c1054dbe16a575cadd9751ac2f041699c12fcc82d694f84aecd55924d2d,12,1,1,1,1,1
ConditionalTeacher25,8,20260926,212,news,861cf299c1c71a57e4d6df354d502abb6a141bd5b898a80075a0061ed593626a,14,0,0,0,0,0
ConditionalTeacher25,8,20260926,213,news,2a1cfd24662a05e21a6c424c5596896e1e849e72e0350d176c4594c175ed6b3c,3,0,0,0,0,0
ConditionalTeacher25,8,20260926,214,news,02abbfee4ecb9712806b34f90968f8ca0bf1879fd88f601a90ae7adcb0e6712e,11,1,0,0,0,0
ConditionalTeacher25,8,20260926,215,news,4c44ce85b112b78e0dd597b040cfaeaba8389a76a5cbcd5d9cea8a2d9a76780b,6,0,0,0,0,0
ConditionalTeacher25,8,20260926,216,news,c8a428b6be6f1549d9a18da4fdb08bbd464801a9817516283c0d7f1630bbffe2,24,0,0,0,0,0
ConditionalTeacher25,8,20260926,217,news,646077b12ef792901090b66ed5252595010e1c765fed1db784bf60d80b2a88b7,4,1,0,0,0,0
ConditionalTeacher25,8,20260926,218,news,54584530ecb30860adbb367cc94c8b191e75dde863942b9140fe71b653393e20,10,0,0,0,0,0
ConditionalTeacher25,8,20260926,219,news,144ca05566dd24f560b15b10ca2c972157001d5edbca186ef1fe1282f095aa57,14,1,0,0,0,0
ConditionalTeacher25,8,20260926,220,news,e4928570ac166b05d2c0d2c972359b12530aa8a4a4c4a740ee7e0b47b9830f2a,39,1,0,1,0,1
ConditionalTeacher25,8,20260926,221,news,5f95e525324509c46723ab472dcf0774885b260f53ca88dcde746c4e4dbf6e13,31,1,1,1,0,1
ConditionalTeacher25,8,20260926,222,news,28eb0c6c3f4ca7829380954075933745835cafad3213297117ae208557e3a2b4,3,1,1,1,1,1
ConditionalTeacher25,8,20260926,223,news,116018768100217f6dd4602cbfe1bbc9f984a0995184125aaf534cc4e3c02ce6,5,0,0,0,0,0
ConditionalTeacher25,8,20260926,224,news,74afef640a8ed3d4f81b202dd5c709962ff35e59d64611c6a3664e958bd2657b,15,0,0,0,0,0
ConditionalTeacher25,8,20260926,225,news,fa5593f7c18481c876ea98d640194154c73a228e380bb0866da5c84f08192406,21,1,0,0,0,0
ConditionalTeacher25,8,20260926,226,news,c45b0eff06db86efa4bafb956f1067864fd56b76b36070c495224c147bf4eafa,25,1,0,0,0,0
ConditionalTeacher25,8,20260926,227,news,1ddbfc8f4c1accec06540a7fb736a07af895a1c94a91a5e9859d26c91c9d6966,18,1,0,0,0,0
ConditionalTeacher25,8,20260926,228,news,6c3cad1556b7e83c07251cfa4de64c231d1ac17e5947bb5097ac3defb6a0647f,15,1,0,0,0,0
ConditionalTeacher25,8,20260926,229,news,c34774d56b228e4fc9c4f199ade1c835628d0738134b7bee7d00c169e6c716b3,36,0,0,0,0,0
ConditionalTeacher25,8,20260926,230,news,b7fc5d7c188768e544f34bfb6c778758335fe0c557d5aea0e9afa66e614d7441,28,1,0,0,0,0
ConditionalTeacher25,8,20260926,231,news,5da581c2742ad2fcd1e8419d98b57e7f05b774ca3117e5e31379e4122555fc90,7,1,0,0,0,0
ConditionalTeacher25,8,20260926,232,news,3716bd14c457d7c87865150d23fcfae71b98fe678b64bdfca1e916c6ba3d2967,25,0,0,0,0,0
ConditionalTeacher25,8,20260926,233,news,6bb9d51f8283f9bc67d71f02e3550bfe3b4898a1926a6c28621b624fbdbc5e72,31,0,0,0,0,0
ConditionalTeacher25,8,20260926,234,news,b37171009697f46f3e536bd1cd7b4f693bb79682e5bd19a4efee4a1ad47cf74a,7,1,0,1,0,0
ConditionalTeacher25,8,20260926,235,news,bdee0a11fda5eed2e0e46ef128d02422b536a091fa35255f6cf793b324f760f2,24,1,0,0,0,0
ConditionalTeacher25,8,20260926,236,news,3dbcba6a0e5c5ff8c8b61723f7a238e47f19bdf87f30208a7e00e311a9ccef29,49,1,0,1,0,0
ConditionalTeacher25,8,20260926,237,news,8c0fdc0b410bdac1604ab0393009f32bdcce20c061339f6695a3ae83322ccaea,8,0,0,0,0,0
ConditionalTeacher25,8,20260926,238,news,5671840d29f8ed528fa0b588f190b94036a96e5c8f3df2b2d143182821db9a5c,3,0,0,0,0,0
ConditionalTeacher25,8,20260926,239,news,7994ef125c9fa26c4ef445104acca367da1af670f36f62278bad67f2be0e5c2c,10,0,0,0,0,0
ConditionalTeacher25,8,20260926,240,news,4e719bb5eda6c6c6b49c93102ecf609b160317b5b276bb4ae02d172eb1fa7755,11,0,0,0,0,0
ConditionalTeacher25,8,20260926,241,news,cf6aefe72ec3b0a537a839b2c17d197c1babf6e73378f5c2524da5978ef3cf0e,7,1,0,0,0,0
ConditionalTeacher25,8,20260926,242,news,774cf0d15caa1b45c16bd688a862c35fa6198d73b69a784b5f5ada6343c8f8f8,27,0,0,0,0,0
ConditionalTeacher25,8,20260926,243,news,b3df094efdb01fd8c751037bf3bfa87d58cc6a009bb5fe59bd53d93e67848878,4,0,0,0,0,0
ConditionalTeacher25,8,20260926,244,news,4e1595f4a4005b7f2b28df5c15e2e26a19db54562fdd2539825d32654605af3e,7,1,0,1,0,1
ConditionalTeacher25,8,20260926,245,news,42b599e0bcf2d6a628c306cfaebd4343df6d6144bcd4b2d843612007f9c8e734,6,1,1,1,1,1
ConditionalTeacher25,8,20260926,246,news,cd2f346bd065aa18e6cfb84285bb7b8dbc10cb9cd84b750e58e3e7522d73cc4e,32,0,0,0,0,0
ConditionalTeacher25,8,20260926,247,news,f2f53e2249e1dfad8feea717d37e94e2e581dfc135135584259a1e616b879ed4,3,1,0,1,1,1
ConditionalTeacher25,8,20260926,248,news,4fc2f16b0fdc86b4be4e1d255ca818417a8ae2861aae8fe7bbf44959954e4b09,32,0,0,0,0,0
ConditionalTeacher25,8,20260926,249,news,12c8f76c7f8dc2f8b327d8664cec9e39c3eeff9f48d0893438db19881ca7a806,5,0,0,0,0,0
ConditionalTeacher25,8,20260926,250,news,78e68eb1bf28d10b5cc120a673dab18929a2e1f5c4b10c755f72b70fb33de64a,3,1,1,1,1,1
ConditionalTeacher25,8,20260926,251,news,1bdc2b39bd2b59782b1e047db91d07cc060213095d6624b1b218ec437b5a29dd,9,1,0,0,0,0
ConditionalTeacher25,8,20260926,252,news,ab3f5368470b8af96538041ca153f157191b36603b2c1839c3aa20cd2dd9c7af,10,0,0,0,0,0
ConditionalTeacher25,8,20260926,253,news,e1d3a9a2e2218a7dec19f789543169e2e3de735fe189fbeb92b3b8678976ba8e,70,1,0,0,0,0
ConditionalTeacher25,8,20260926,254,news,bb9ff2e5ee1c68c385818dee12530169ff1f64f97caaa5c9a11330c740a7e1cb,23,1,0,0,0,0
ConditionalTeacher25,8,20260926,255,news,30e043e791e0ec9367a3827077433d98bf5c9879c7b604a2226af614f7da9728,20,0,0,0,0,0
ConditionalTeacher25,8,20260926,256,news,0331fc2936e46ab649f06baed71821db53e7e44b69fd5d2267f6c72cdfab26f1,60,1,1,1,1,1
ConditionalTeacher25,8,20260926,257,news,f9cb0ccef9080b10d5f8c7e67a749935be30804298056361c663e78e5380d3e4,6,1,1,1,1,1
ConditionalTeacher25,8,20260926,258,news,459f3683c0af47d6b24df0aa3ae3c5d19ba8ca1f97915dabf46a3d5e9b10d67f,56,1,0,1,1,1
ConditionalTeacher25,8,20260926,259,news,4f070648b67f58eb808415dcc2ab1d2ddc63041070b4df6fd84d3d4e4246a7d6,8,0,0,0,0,0
ConditionalTeacher25,8,20260926,260,news,ed33a9ed9b76ba9439010243d04f123de12adfbe78ee243e0109975dca9a3e23,37,0,0,0,0,0
ConditionalTeacher25,8,20260926,261,news,56775191a039dbb699f1efe02cd92fc3f8317b370a6ce813b11d66a8f6a2887a,3,0,0,0,0,0
ConditionalTeacher25,8,20260926,262,news,a8e55d5d4606b80477a96fb831412ab2c33de776369983d30c42ba66aae4ba48,19,1,0,1,0,1
ConditionalTeacher25,8,20260926,263,news,e0e870c1c223833a2074950473e9b01112b66acd18d9504b14012ab08c095008,34,0,0,0,0,0
ConditionalTeacher25,8,20260926,264,news,058c7954af51e5e79f522eb5a501a9b19786174b03d31ddfb020ee3c8b9a2241,1,0,0,0,0,0
ConditionalTeacher25,8,20260926,265,news,b77f2c064cfa1a3389045c89d6dce3e9780cd33141457e776b78f2881f8a07d6,16,1,0,1,0,0
ConditionalTeacher25,8,20260926,266,news,f51c265bc6b6d9cd99d8c32d92de5d693e273b8c1131fc068fddfbdd0ad489b1,25,0,0,0,0,0
ConditionalTeacher25,8,20260926,267,news,3fde210eac279ef4508c6253126251fe376fb94671ed68c0b9035afb36b1a900,1,1,1,1,1,1
ConditionalTeacher25,8,20260926,268,news,af0eff7d74c50f90ce4380ad3b0b09dc2b1e85a9d773ce785645437d7e4c243d,12,0,0,0,0,0
ConditionalTeacher25,8,20260926,269,news,b24d75fccc88e23ebad8e6d5ffd98a5c90660f98c5de1d0a96a479ee3c414709,20,1,1,1,1,1
ConditionalTeacher25,8,20260926,270,news,e8431d7e2aca0c332bdb4fb12a3437627ea9bf8d3af729818166a5599e4e05dc,67,0,0,0,0,0
ConditionalTeacher25,8,20260926,271,news,2158c8ec63f910c2464e23c47eef690aef01bc75a2c0b28912de38d1eb72ff90,3,1,0,0,0,1
ConditionalTeacher25,8,20260926,272,news,fe70a797f900a43c80d0f6306a83eef1d349b1ab30fd4cec815bb5457ea3cbcc,7,1,0,0,0,0
ConditionalTeacher25,8,20260926,273,news,41015826a600daf9196a1aa0d162ad3c699954e16b886bdd40820c6cbe1f67be,11,1,0,0,1,1
ConditionalTeacher25,8,20260926,274,news,eb38b7bfb699d3c8aa31af7df2a403e183f02209b4279a14728cbe3fd617bcb8,14,0,0,0,0,0
ConditionalTeacher25,8,20260926,275,news,10ce4a884e0495a64aa4627e5edb3b2089d5fe54b0bbca86741f7dc94acdf3f8,2,0,0,0,0,0
ConditionalTeacher25,8,20260926,276,news,25a2744f7c7fe940870b7ef49440cb63437aa6be04505aec212e8a4626a3ab2c,24,1,1,1,1,1
ConditionalTeacher25,8,20260926,277,news,ae6a0271bbfcd565a855457e1d392aee06bc5a354e63e1d1d36b5e652f1110bb,1,0,0,0,0,0
ConditionalTeacher25,8,20260926,278,news,4c11b8777c73e9ce54766448a43fffb9ec2413b65bdd2440607dd8a5b92a7aac,15,1,0,0,0,1
ConditionalTeacher25,8,20260926,279,news,90d2061a65f5d0652113a62d18ebcd036fb99af8f38c0e8f0ea4e714307d3f76,1,1,1,1,1,1
ConditionalTeacher25,8,20260926,280,news,24942e614c5d526e7741bbd4b7965fced9d3b3479db57abb48a94712d2d35c90,25,1,0,0,0,0
ConditionalTeacher25,8,20260926,281,news,9fb28038c0781f639166bac66e6dd67672d78250f8e90eeae31bfb81dd8e6ace,3,1,0,1,0,1
ConditionalTeacher25,8,20260926,282,news,0c380c53b2851423fc5203119a957e4ed478c7f1fee32afae8887d79bd82c2ab,11,1,1,1,1,1
ConditionalTeacher25,8,20260926,283,news,3bd1b13f117dd481d63762770b22acc58100da8311ffb8e3f303a0599f8f45b1,21,1,0,0,0,0
ConditionalTeacher25,8,20260926,284,news,521877de27a539807a4a67e901a22757fbe8bcd95c0d282b19e4e0b6069c7f9c,19,0,0,0,0,0
ConditionalTeacher25,8,20260926,285,news,aa9e11819eeb739f488911ff9746c6d997eee7b02f413b2d346d3c4403ffcc11,1,0,0,0,0,0
ConditionalTeacher25,8,20260926,286,news,a71d4ea1b06a05c22fcf0e74ff7f98b5aac6a770133ad86ac9f09780dbda233e,31,1,0,0,0,0
ConditionalTeacher25,8,20260926,287,news,d52c8a2db321e01934e287ff413008837b3ca412a43430a1caf029000d3b8957,12,1,0,1,0,1
ConditionalTeacher25,8,20260926,288,news,50aed777704d8ad6b46a0884da82037c97dbb9853f0f087b15635e737c21b456,6,1,0,0,0,0
ConditionalTeacher25,8,20260926,289,news,b12490ca02ebb3223554d092b3366ecc308eaeb853ddbe996ba1197eb6a09d15,38,1,0,0,0,0
ConditionalTeacher25,8,20260926,290,news,744e3bf841548dce8f8cb6bc3d679db7501efc3fc1dfbbda6a0518237936d39e,23,1,0,0,0,0
ConditionalTeacher25,8,20260926,291,news,c60f2bbb0be3c8922e883ac3c9bf964b19f303027626a9632f18f84ab709098b,29,1,1,1,0,1
ConditionalTeacher25,8,20260926,292,news,8eacca2f0496df7ca99ad5c739232e3120454c8f34985a8837cb4a0c96128a82,36,0,0,0,0,0
ConditionalTeacher25,8,20260926,293,news,908241db5e3aa99ec85e6f06621a212a47cc434f44a2043fc901f50cf1ac5c5a,25,0,0,0,0,0
ConditionalTeacher25,8,20260926,294,news,8e999cc1b5d3c43fa017fb3d373d633adba728926a2d01eae0c05614e4b83e11,17,1,0,1,1,1
ConditionalTeacher25,8,20260926,295,news,1fe35ae8f55e3f01a97fbfe0f7969ea3e168bf8d331c0b2fab93446cda82b705,21,1,0,1,0,1
ConditionalTeacher25,8,20260926,296,news,e2c4266fcc6aab7b6d603c2ffbf7767e273ed22118debf3aa48ae832e5d050d9,3,1,1,1,0,1
ConditionalTeacher25,8,20260926,297,news,9181036b17982a4481215a72f27db6b306fbbfcb552af74b64b1b880485ff409,25,0,0,0,0,0
ConditionalTeacher25,8,20260926,298,news,7ce78cc37b45ac0e7ce2b3c02fc352c0a7c3733001f25945fbddddac49bca33e,26,1,0,0,0,0
ConditionalTeacher25,8,20260926,299,news,d03c55a68c2e0b83f9efc4cf6918536785a7839f6a281c6a219ced081c0558d1,17,1,0,1,1,1
ConditionalTeacher25,8,20260926,300,news,30f9c8bd931ee8b516a42e35a4cc5bdc081037f88dac1a28f55cb65b117f44be,5,0,0,0,0,0
ConditionalTeacher25,8,20260926,301,news,ecf67d80dd2b669b371d575896019d0f9c44815bc1cdaaebefb8fd73ab83a3a3,14,0,0,0,0,0
ConditionalTeacher25,8,20260926,302,news,6872a7585d41e0c343ed57560e83e9f9b3bbdadfa5716f127c9573b4f77e4f4a,16,1,0,0,0,0
ConditionalTeacher25,8,20260926,303,news,da005c11de5373fbd3c1b27950518656556e66c1fdececeee105b0de71f7183e,10,1,0,0,0,0
ConditionalTeacher25,8,20260926,304,news,7f9ed6116dc3ccca188b22bbd121848805e3e6c0280e9bf0faa4d0d72ea94eab,14,1,0,1,0,1
ConditionalTeacher25,8,20260926,305,news,098c69117b8881e56d058e8fc6b29d9c017f12ef3f55cdec9600fef0686337b7,1,0,0,0,0,0
ConditionalTeacher25,8,20260926,306,news,3e90153b6c55a74f72f4805d5b35e74a7176b561502cb6f601aa5c19555612ad,12,0,0,0,0,0
ConditionalTeacher25,8,20260926,307,news,4ea26a8abb5eb600ca358cdbb8d965a39b172db8a82187b9fdffc05078a04e6c,4,0,0,0,0,0
ConditionalTeacher25,8,20260926,308,news,9c7c01565b3472a352b333f8df678db211956321d35604d528fef38a494be67b,16,1,0,1,1,1
ConditionalTeacher25,8,20260926,309,news,bfce216ebb64ab7b37aaa1ad2ec6930d76944bddbb59599c7271e3235f76c5b1,2,0,0,0,0,0
ConditionalTeacher25,8,20260926,310,news,a637ac5d25eed8e246172972466e0d3912c04cd1727c1fbd187b04a39cec57f8,6,1,0,0,0,0
ConditionalTeacher25,8,20260926,311,news,871db16bb3649712406373bde33de2f9b2e70809cac90ab89aee8e7a8965007e,55,0,0,0,0,0
ConditionalTeacher25,8,20260926,312,news,04955e59e44c3d1fe568ad784c149fd27cb07c8951039910fe850170b3a5f7c9,2,1,0,0,0,0
ConditionalTeacher25,8,20260926,313,news,27d047ef104b9c698c32eb137aad6579d18acdef310b0d6e32cea34c114152cd,8,0,0,0,0,0
ConditionalTeacher25,8,20260926,314,news,a5a03e1b6dfaa5c72e856c47f83077d7bd8e9eee9b525d8b7d9b55d88c66a1bd,14,0,0,0,0,0
ConditionalTeacher25,8,20260926,315,news,282b3eb9a4a95f5bdaf1dea6cbcde775ec85edf2dde99b5e7976a6f3d5ed92f9,6,1,1,1,1,1
ConditionalTeacher25,8,20260926,316,news,f7a5ccdda258e974e83fe9f104198c9f5accd26baf72e040e130975e6992b5b7,10,0,0,0,0,0
ConditionalTeacher25,8,20260926,317,news,f6598d7e48476f99679c5f1f7c192238d0cd5429b44fa780c54477867db0e109,27,1,1,1,0,1
ConditionalTeacher25,8,20260926,318,news,359d4444be2889d954000a7ab74ac3dd0147a0f04c61fcd71435e6ea51a92728,4,0,0,0,0,0
ConditionalTeacher25,8,20260926,319,news,6e0bd811c023c67ac39a75d263bf61379bc87cda9c6d6e94b8bb64779c337af2,21,1,1,1,1,1
ConditionalTeacher25,8,20260926,320,news,aa24099cad7b67a065888d588754adaa691f018cc6689350f30653d56ce3d73f,20,0,0,0,0,0
ConditionalTeacher25,8,20260926,321,news,239259695c52c86465507b4ef59edf4c9a9c2f0395508cede1f19385724ebf60,26,0,0,0,0,0
ConditionalTeacher25,8,20260926,322,news,8b539b4fb5c53fd3c0710eb1b96869ec52862b093fa2697969d9175392c9f9fb,5,1,0,0,0,0
ConditionalTeacher25,8,20260926,323,news,84a5a50565049300800edc1acb556c2463c23040a7d89f3b0890b6812d339149,3,0,0,0,0,0
ConditionalTeacher25,8,20260926,324,news,46b859be6ee7509dd423d6040eb320b6f3527d819021d3bb31f0ce6145622138,43,0,0,0,0,0
ConditionalTeacher25,8,20260926,325,news,5741bc44e322a87b8a92fa9f6e1e67345186c2a2fe4cd2d146a026015f08f88c,7,0,0,0,0,0
ConditionalTeacher25,8,20260926,326,news,7aa3e7997cf19aeb21f2325f177d3ba95d637bca8bcac03720a8925eb530bbba,26,1,1,1,1,1
ConditionalTeacher25,8,20260926,327,news,ca9fd4227b451efa0901592488ca295a6246a1df18bf4969c7fe63db67bef064,10,1,1,1,0,1
ConditionalTeacher25,8,20260926,328,news,326ee4a1e2932b2fc5b804f37b674a354f113b7c75370272449b56ca4337d46a,2,1,0,1,0,1
ConditionalTeacher25,8,20260926,329,news,4a494f2ad85e8f721de807f3044c2c35a33a042c0e8337ec1fc1049662e6bdf9,13,1,1,1,1,1
ConditionalTeacher25,8,20260926,330,news,ec4a5af7a407d1e1083797269b92315f2943da4bda5c4ae8faf063d61f5193e9,27,0,0,0,0,0
ConditionalTeacher25,8,20260926,331,news,be1551997cd535f0fdb95b6f4c9ea852de6821b2e7019dc7ab31ed0629abfb5b,7,0,0,0,0,0
ConditionalTeacher25,8,20260926,332,news,2ab9093119e75ec17bc2b2e29930b84e0b148f9a6f3838d217aa1d69aaf3bc66,14,0,0,0,0,0
ConditionalTeacher25,8,20260926,333,news,a42d16131885950be14af6ff27a3c7efb3ff00e0a8fbd92f2858dcad75f1d560,29,1,1,1,0,1
ConditionalTeacher25,8,20260926,334,news,d3fba8e9f1b4cc752b0ab821a3434912789a307ecd7f5acd7ee6a3c07f3d31f9,1,0,0,0,0,0
ConditionalTeacher25,8,20260926,335,news,54606765b718f78152128075fc52868c39c213bd94b822a868d42dfb01b5bc2f,14,0,0,0,0,0
ConditionalTeacher25,8,20260926,336,news,3d5a72bc3f832a91487057e3d1a4bbb71493cb3e8939de994fb537223ac7245c,5,0,0,0,0,0
ConditionalTeacher25,8,20260926,337,news,56db48bbc02e1488cc6623b86bd8f31c1867aa5cc5e76cf66d1323ed89aa5f6f,19,0,0,0,0,0
ConditionalTeacher25,8,20260926,338,news,a1d91be882ba2ca416f10727852d629e1c2cb2db52bd8a9f4b6b48dc92081227,53,1,0,0,0,0
ConditionalTeacher25,8,20260926,339,news,a9de33bddac7a303fac0f61166a7a93eb2d9c832ed52c93c19014c40250942ab,15,0,0,0,0,0
ConditionalTeacher25,8,20260926,340,news,6e5fca00f1ae3f9a18e52f998ade26f0202971b21caf1d6c5ac5e72da8f2f358,28,0,0,0,0,0
ConditionalTeacher25,8,20260926,341,news,e84d7f07137c81199ceb14d3930fb7f712a1c46413c70ee1401aa557e2ba92b6,6,1,0,0,0,0
ConditionalTeacher25,8,20260926,342,news,b56cbfcb7ae80af748d0690193249ca39bb60d61522df623498dda785d151440,14,0,0,0,0,0
ConditionalTeacher25,8,20260926,343,news,ed1ceab8259a13d2ec375d58ced706564f999260f4686bf0be542acfb669e338,15,1,0,1,0,0
ConditionalTeacher25,8,20260926,344,news,d09e0e132e5c20cf282974ef756d4b00ebca153fd991da659c27a8667ff253e1,8,1,0,1,0,0
ConditionalTeacher25,8,20260926,345,news,5a1878d44cdfd752bda49b63a48529b18ff7c754da32e73e58cf214c1e6cd988,22,0,0,0,0,0
ConditionalTeacher25,8,20260926,346,news,255336bef0a5777e79a0dfbdeb91e8ddef900e280dd375f65e130b960c3848c5,5,1,0,0,0,0
ConditionalTeacher25,8,20260926,347,news,433393233fce9ceb95b581cad00c6e960ffe364364a8bdc6251088d5493b406e,13,1,1,1,1,1
ConditionalTeacher25,8,20260926,348,news,57d94905fad1678a861dfd95010ab2cd0eaf033a73bd388f99214b3c50901a93,24,0,0,0,0,0
ConditionalTeacher25,8,20260926,349,news,c1e43e0533e2849ea181116e5d599d709adda0f5c6858a6e75ccb5d14c5eecf1,10,1,0,0,0,0
ConditionalTeacher25,8,20260926,350,news,07f146942fd4f89aaadfa640ff86b28e878e572ff15834cec63f5ababe42a020,32,0,0,0,0,0
ConditionalTeacher25,8,20260926,351,news,2e075e9b5fddf44a34a0869d57a9420e0feef661a06d38c97261702d49686a0f,22,1,0,0,1,1
ConditionalTeacher25,8,20260926,352,news,c8d10be22d466d31056637c04dc569d87a1a9170d678f0292b333273c1dc5d83,11,1,0,1,1,1
ConditionalTeacher25,8,20260926,353,news,36ac85f0453c73fa5f2f0355eb882e92d1fc531ad42f4c3e29236498be475676,1,0,0,0,0,0
ConditionalTeacher25,8,20260926,354,news,1b615d4e9211a5670e08a0b77e88f95e58df65c15953200d7c8d3c7a6079a39c,8,1,1,1,1,1
ConditionalTeacher25,8,20260926,355,news,b271833adf6e606ecc00d7599e50846565465bdb39900e88b909d7ff98177005,10,1,0,1,0,1
ConditionalTeacher25,8,20260926,356,news,eb88a29ef37d63e94d103d32596a17756540558a0bcf8fb1a46b21042c45f98a,6,1,0,0,0,0
ConditionalTeacher25,8,20260926,357,news,88ebfbb1c53b99af5e32ddc5c1013ad143d2fe44ed4afd5c9aad468ba8a30737,2,1,0,0,0,0
ConditionalTeacher25,8,20260926,358,news,1af4e751b6c8b3708eb57c5a696639286c5cc8b4b48cde282fe7c4829def3dff,1,1,1,1,1,1
ConditionalTeacher25,8,20260926,359,news,8fe6ec8437c27cb0aee85ecfac83832269358a6ebd7c5c84e057269eb44e457d,23,0,0,0,0,0
ConditionalTeacher25,8,20260926,360,news,33f717ad8752ab87043eda3bf852f68119aecafbd6ed1e495a83b87edd839e58,23,0,0,0,0,0
ConditionalTeacher25,8,20260926,361,news,f86c6898db9e94f5324a7b3fabf6757cb32edb1bc4071e635a0aea61f46e4c5e,12,0,0,0,0,0
ConditionalTeacher25,8,20260926,362,news,e32253463a8348535c8c047764caa30ea92066fa252eee025a95f90900c9a3a2,35,0,0,0,0,0
ConditionalTeacher25,8,20260926,363,news,686d39d3049efad3a4c1d1276e3c97828cdc0ed431a02f04c14e2566111e6c8c,19,0,0,0,0,0
ConditionalTeacher25,8,20260926,364,news,85d0f5300ad457e0bc817cda083e3d15d80e7795382cc68523262089467a89d9,4,1,1,1,1,1
ConditionalTeacher25,8,20260926,365,news,0d6b71940dfd03b2e4325ff659ecc5682b2ec19c211af34cf704e88d089124cc,3,1,1,1,1,1
ConditionalTeacher25,8,20260926,366,news,29b02305f0712bc88c8c1261d4c87ea1bf5ba4e03bc3f8ba64f9fb3003c73853,3,0,0,0,0,0
ConditionalTeacher25,8,20260926,367,news,e74c1ea6cabae975f113e906efb668afea9aeaba8ba92dca189dc50dd014c2ba,3,0,0,0,0,0
ConditionalTeacher25,8,20260926,368,news,c42f645b0dca494476b9066cdce860105260306027efc4c39075f9e3d9563df4,8,1,0,0,0,0
ConditionalTeacher25,8,20260926,369,news,fc564631bebbda3cfa7a3627290093ab4a0f6b40ee48286780be872ae191e0fb,23,1,0,0,0,0
ConditionalTeacher25,8,20260926,370,news,ac9a1cbd4806de503c2f09f61741a66674c08ffe26151de782d0ec5a34aec06a,7,0,0,0,0,0
ConditionalTeacher25,8,20260926,371,news,c8b85cfc9bea2b281a6fb4d736b31e1ae09a21ce5fd9446ae208966b8eaa9fd3,2,1,1,1,1,1
ConditionalTeacher25,8,20260926,372,news,ab9fd156d7fca2d488ff69394f14580cb9f19094ab9362d5cf7fc739ebd95593,7,0,0,0,0,0
ConditionalTeacher25,8,20260926,373,news,86ef91a837f26c60a094b0f94a496fba30d09393ee01a1fab51aee4af7cca0d1,14,0,0,0,0,0
ConditionalTeacher25,8,20260926,374,news,c0b092feca32a6e5fccee245d1490df3337d12fbc9316a6b22a314829d2c91d2,21,1,0,1,0,0
ConditionalTeacher25,8,20260926,375,news,a634b5a0f50b7adb72c92bdb593386468a7274e809ae981207c6e64f2f801d36,23,0,0,0,0,0
ConditionalTeacher25,8,20260926,376,news,3dee073e693ec7cc66e83c22a7c70c75e16f85074882fa236bb9ffda291c1e39,22,0,0,0,0,0
ConditionalTeacher25,8,20260926,377,news,58bdb7708399bc629cf254f381ba55bc3a8e7adeea136de75440494b24cadf88,1,1,0,0,0,0
ConditionalTeacher25,8,20260926,378,news,c32ccd38d3685b6aed19f7d133e08d8a4bdbd6f81183fb50f759138fd92ba5ca,34,0,0,0,0,0
ConditionalTeacher25,8,20260926,379,news,8be47da154e2f9cd6d7d4457a565045d1c066df5ef74bf30b53c9fa0c7e88a03,3,0,0,0,0,0
ConditionalTeacher25,8,20260926,380,news,f9915c5a956811312db5d37823a700a2ae56756da3ec13538c2b673b48b77555,12,1,0,0,0,0
ConditionalTeacher25,8,20260926,381,news,1eb694dbe7867ce934be7c9b3587a71f361b7b8451e881f8e6b828b88333fd89,19,1,0,1,0,0
ConditionalTeacher25,8,20260926,382,news,88684643f90ef38fe7193f14c65ae5a718e484968c707a5ef25073f8dd68fce3,60,1,1,1,0,1
ConditionalTeacher25,8,20260926,383,news,a6825354d2eec97c8ec5af281c3e8ffb8d8d8d1b79fda38cf2d090111b929572,1,1,0,0,0,0
ConditionalTeacher25,8,20260926,384,news,fc31b76770d45bb6edf3a2d261bcd4e1e607a8cfdc6fa01042753364297e4907,3,1,1,1,1,1
ConditionalTeacher25,8,20260926,385,news,9f49b5c70ba25f6143128ae546aaccc82bb16458882334b8b31f2f4822e921e1,27,1,0,0,0,0
ConditionalTeacher25,8,20260926,386,news,cc4cac49b2fa3a54ad87d0bfe66e9af25ea6dff9593f772ada978367c9c2195b,19,0,0,0,0,0
ConditionalTeacher25,8,20260926,387,news,167a7a8d42de7964f3b67bce94140ce4c328a06ad649a91a4970945638056555,9,0,0,0,0,0
ConditionalTeacher25,8,20260926,388,news,93b7fa846956a2a6f0047c1160bf4b816ea84b328f324607005a86c7782e1510,9,1,0,0,0,0
ConditionalTeacher25,8,20260926,389,news,ca672140801740fa7e44ccb50cf3d62fedde66c3a5920ca1d5f3d8f7a911757a,5,1,1,1,0,1
ConditionalTeacher25,8,20260926,390,news,09104adbbf177a82e40cd474f07579ce08cddba2cc227bcd2cffa96f9f4d89e1,2,0,0,0,0,0
ConditionalTeacher25,8,20260926,391,news,d516d891abce8f32f976c0d236d0119d3febe3291cf8be64d26fb417d7592c85,5,0,0,0,0,0
ConditionalTeacher25,8,20260926,392,news,f3413e35de07bfd9f9076f1a158e5543ec7ac734d404122088009c8189ee8f9a,15,0,0,0,0,0
ConditionalTeacher25,8,20260926,393,news,de57ad01097c4cc7f5470453b943e6145ff69e2bf1b79d1e536d53d93b84b04f,2,0,0,0,0,0
ConditionalTeacher25,8,20260926,394,news,b5dc2f7788c74acce6e43c045174d96d2e7b70f4cfef5c47d92ee53874b5bb71,14,0,0,0,0,0
ConditionalTeacher25,8,20260926,395,news,1c5d35be79b538775e698f89355b94f0302377a7c61ce779379e95e859e707aa,17,0,0,0,0,0
ConditionalTeacher25,8,20260926,396,news,4e972432a73c7ae0453cb19a81e36627db0998bf107a674ddbec36741d6e64a4,20,0,0,0,0,0
ConditionalTeacher25,8,20260926,397,news,d059e8e226e0b25d55ccc60d3aa43a4e8a9b58cfcc56cf14632d0df3b6cfdcb9,7,1,0,0,0,1
ConditionalTeacher25,8,20260926,398,news,3ef46b5cb40d754b49c3295ee42a0e355a320570bb0d098bd2a3a3056b515030,2,1,0,0,0,0
ConditionalTeacher25,8,20260926,399,news,a874f75209440bb071a191dd05a161a87ccd784eda42e7e7de864f56b055ca0c,64,0,0,0,0,0
ConditionalTeacher25,8,20260926,400,news,f09f9938da425a316e51b810e49e8b3689991ed7ae8f56fbd0462d3181cab1d8,14,0,0,0,0,0
ConditionalTeacher25,8,20260926,401,twitter,0b47768892825fbb67c0fd7ef034fc3d9ca4f538935f2982b8cfa060bb474e07,1,0,0,0,0,0
ConditionalTeacher25,8,20260926,402,twitter,8fd775c6e85956b3f4a903f04670274c0ac7c81ec4c6a57ef1b32a479576eb28,3,1,0,0,0,0
ConditionalTeacher25,8,20260926,403,twitter,6d0eb2bc6cd35b877206783f8a9d46ce8e6854d59ffd3ea0ebc0f7f0c5d016d8,10,0,0,0,0,0
ConditionalTeacher25,8,20260926,404,twitter,a2f919a254bf1060d6ba5683957881bab5d921361f013c7ccf6bf0f3455a58bd,1,1,0,0,0,0
ConditionalTeacher25,8,20260926,405,twitter,6b223ce5d8317e398914df3c836084ec5fd28ec4e2b994983e61068124d5643e,4,0,0,0,0,0
ConditionalTeacher25,8,20260926,406,twitter,8dd3ec4c63741630d204ea20918c325247e8ecf771582957f344e17ab44c71f5,1,0,0,0,0,0
ConditionalTeacher25,8,20260926,407,twitter,5e899337393186e8ed1e694fbcfccf82c381e789269f0182772b15b23132d6b0,5,0,0,0,0,0
ConditionalTeacher25,8,20260926,408,twitter,5e5340f267f7ed5adb97466d7fe894182ef7d2ade66e21a8339b1da7787aa041,1,1,1,1,1,1
ConditionalTeacher25,8,20260926,409,twitter,8b05e8104c7cbcf50536ccd7809004fa0f0ef1341417388f897f0e9135117e15,4,1,0,0,0,0
ConditionalTeacher25,8,20260926,410,twitter,7a2c752e9e7b7d5e67149eb28068708a707147c15b85a36023a3abd9910c5bbc,2,0,0,0,0,0
ConditionalTeacher25,8,20260926,411,twitter,029f5c904bd5e63a18f20627dcf5260615e4af823d78a2714601241fa1d67eb4,16,1,0,0,0,0
ConditionalTeacher25,8,20260926,412,twitter,aef988fdbdaa2416fdbd6100ec3653760887823522b2e87f9fe15d6adf0f3e70,13,0,0,0,0,0
ConditionalTeacher25,8,20260926,413,twitter,47def72de0a8f62d1b4d368e445713a891bfecfd7f6ac8135f89bf88c8e23353,2,1,1,1,1,1
ConditionalTeacher25,8,20260926,414,twitter,c65112d871aeeb9cea3f2a2e3fd90a84222c76ff24372ed803ff78d07a20f438,2,0,0,0,0,0
ConditionalTeacher25,8,20260926,415,twitter,54b37275012c471849cf7d7455e478896528f847d9d1d32968f0de2b56dc83f5,1,0,0,0,0,0
ConditionalTeacher25,8,20260926,416,twitter,087ba0f7951cc7195bb4169f9c932fd5c8b5abecbc61fc278c24e00c9389c79c,4,1,0,1,0,1
ConditionalTeacher25,8,20260926,417,twitter,164a11f5c4eaadf5025afe2b2b8e69eb86e0f295b652be86b0a6180380a5add2,3,1,1,1,1,1
ConditionalTeacher25,8,20260926,418,twitter,de484d1a367742db5a086161221548330995b48009bfa01f7b349a31e6677e71,4,0,0,0,0,0
ConditionalTeacher25,8,20260926,419,twitter,e27d061a9966141efe574ee1ae8bb18f7318bea45a774d7aae95abecb6e66ab7,3,1,0,0,0,0
ConditionalTeacher25,8,20260926,420,twitter,4a6765978046e9c4850f7e8fb9d02132599e460f072aeed3e98bc7eab8e8435c,16,0,0,0,0,0
ConditionalTeacher25,8,20260926,421,twitter,1cc09e9cc0e35f18f40f3a44acb160180b3e4764cf1f5f5e79f382fb09bf87f8,5,1,0,0,0,0
ConditionalTeacher25,8,20260926,422,twitter,f0782c28633af696b2c95fdc39ac801ea6d0ed9974c2f42c3687f797f1bfd949,19,1,0,0,0,0
ConditionalTeacher25,8,20260926,423,twitter,907e30acec6c5233c0baceeb249232d72349f9428a46b0bad3d009aaeda3b3a1,2,1,1,1,1,1
ConditionalTeacher25,8,20260926,424,twitter,15a694e4ecbd03c6af7426bd2479b0387a9537518934f5fb783427718b9fd6e1,8,1,0,0,0,0
ConditionalTeacher25,8,20260926,425,twitter,32c967e2dddb9aadd1af7caa33cbdc9fbf0a4dbc33f86d6d621eff83ade288d6,10,1,0,0,0,0
ConditionalTeacher25,8,20260926,426,twitter,18d270872e130060a88fc80188c622b62e7707f8f87c1dce65c4c2a0a5e1bbc6,18,1,0,0,0,0
ConditionalTeacher25,8,20260926,427,twitter,6242214577b7b93e50ca579e4fa48ef52f8fdd602ba68e4f0995347e744d6c42,3,1,0,0,0,0
ConditionalTeacher25,8,20260926,428,twitter,5fab691f77dab0137f546ba241171d9d03b69686730374f0263a2f173e2c3fba,3,0,0,0,0,0
ConditionalTeacher25,8,20260926,429,twitter,e1cba0de4783d6012d270111f1191b9de9d61d7d2bec52c1f06d21e0850febd4,11,0,0,0,0,0
ConditionalTeacher25,8,20260926,430,twitter,715271246d5b36d0029a645b743b1a497f4009810e7f1e7e02c1442b04e60512,5,0,0,0,0,0
ConditionalTeacher25,8,20260926,431,twitter,0096640d99e82bedfd928a55f580fde2a62e08529d898101658ef36d8b1f5e61,8,1,0,0,0,0
ConditionalTeacher25,8,20260926,432,twitter,77072aef2a68cf6f7437596e2f59493519aa1d3a3d53770725713ccb2d701e99,4,1,1,1,1,1
ConditionalTeacher25,8,20260926,433,twitter,e92e0de20685f8d42a5e4b3a1e74cf3de49003fdf6a81a403bc0e7a56a318dc7,5,0,0,0,0,0
ConditionalTeacher25,8,20260926,434,twitter,69ceb18c129dc3fad662a352aaca19394fd4936989367a93b6de3aac1d02fba3,15,1,0,0,0,0
ConditionalTeacher25,8,20260926,435,twitter,c9dab0edc4e2e7d1a91c04c2747899eb19f3eace28c784b0d00bb55c950003a4,5,1,1,1,1,1
ConditionalTeacher25,8,20260926,436,twitter,849c1806bf1003397468bdd9be908d450e35ace05d6d4aa0a59539c638431891,5,1,0,1,0,1
ConditionalTeacher25,8,20260926,437,twitter,a9d12d98e173f7ee6f07cd2834c479412ed1de60886e89acd05745f10c5d76d9,9,0,0,0,0,0
ConditionalTeacher25,8,20260926,438,twitter,73446818523bcb270e7fc25fb89b4ec943787c839b487af464f18bbf4435cf0f,2,0,0,0,0,0
ConditionalTeacher25,8,20260926,439,twitter,e04ffb8d24175bc8b3982a774537945dea69da09acd3c7a4a7e6a112452df1b8,5,1,1,1,0,1
ConditionalTeacher25,8,20260926,440,twitter,9a50654db7add54463b163ffd2e9f9ae9b36dcf64f79f939dc5df57ee954860b,2,1,0,0,0,1
ConditionalTeacher25,8,20260926,441,twitter,596f8891b928fd990c3607aaffe8ff1c028c870dcd43bb2e6316a932fc973d60,3,1,0,0,0,0
ConditionalTeacher25,8,20260926,442,twitter,30f4b358af21cba366ce0b70738123c8e026f35ddfe92a89a8ae17b0d1a6370e,7,1,1,1,1,1
ConditionalTeacher25,8,20260926,443,twitter,e09f9b84f637d3f3f82d70b3dd25b31ceddecda3fe5f8458b54007b2ac7497d1,3,1,0,1,0,1
ConditionalTeacher25,8,20260926,444,twitter,1a59b452ab38e1e96e55849b11a4342460627a0cb7bc99786ead879bbe6ee5d1,5,0,0,0,0,0
ConditionalTeacher25,8,20260926,445,twitter,2e6c8e2e2bf78b35c331df3d1d94877d89e886579e82e1ac062a2f79e377f6c5,1,1,1,1,0,0
ConditionalTeacher25,8,20260926,446,twitter,8ce4fa11d077eda6a361995955957c6f9e4bb4af8c3ee36b9d435cbda6db3642,1,1,0,0,0,0
ConditionalTeacher25,8,20260926,447,twitter,b763d50745423912f217d11f5bf30bf666b1f222195bdd3c8d91ac8cd4357407,5,0,0,0,0,0
ConditionalTeacher25,8,20260926,448,twitter,27e9eedfbcbade73ba5ab6c12df81a3251a7e0a6f2c30f2287f0fd06ce80d85c,2,0,0,0,0,0
ConditionalTeacher25,8,20260926,449,twitter,6eb24b76a189948eb35c131de3337b1ea7012fed2bf47185b7988eed377a8c52,7,0,0,0,0,0
ConditionalTeacher25,8,20260926,450,twitter,20c7c7bc30bd60a01d2fd4a4d2de33852e9902ec01d99a328175b7c1971ae3b9,9,1,0,1,0,1
ConditionalTeacher25,8,20260926,451,twitter,ffd515ed396479c10f200d076f4fbf51cdf7cf9b89840f5d108d60b894e0ee4f,14,1,0,1,0,1
ConditionalTeacher25,8,20260926,452,twitter,c1b7df5e4e62b185eeac3e1fa9321cffb7c68347f97644314ff5fb6333b269cf,12,1,1,1,1,1
ConditionalTeacher25,8,20260926,453,twitter,7193190bd2c58c2dd45199aba8751257f0a4b568e0fc56e5edb7e43807a65839,2,1,0,0,0,0
ConditionalTeacher25,8,20260926,454,twitter,4bd8331747eb0c97c07dceab4cc049b10d06d426189d13c5dd4a0f0042b1e1ed,4,1,1,1,1,1
ConditionalTeacher25,8,20260926,455,twitter,8c884dff6169d2432657b44e4c7cfc6fe101db71a6a3d07c823ce59f380c1576,2,0,0,0,0,0
ConditionalTeacher25,8,20260926,456,twitter,2ebb6b9ab4bbf7a18d817d0c6902832d2005d7bcb58ba5915420fc8e4123eab6,3,0,0,0,0,0
ConditionalTeacher25,8,20260926,457,twitter,573d7b7581b6a512cf256304d98c5a7bb0d064806feeeb113ba2f7dd1684332b,6,0,0,0,0,0
ConditionalTeacher25,8,20260926,458,twitter,1c37da36a39985cb148ad33eb52a0db5dfaa7c6039edddbfc33abab431cc1185,4,0,0,0,0,0
ConditionalTeacher25,8,20260926,459,twitter,1232df9cf6c5d77f894526a90fa024f3f771b99e91d9db96b521b30b2bc5ed76,7,1,0,0,0,0
ConditionalTeacher25,8,20260926,460,twitter,4a15c246c8d18eaf83f76290ca735a86a419a9a451dcc68ed7f98d0fde488993,13,1,0,0,0,0
ConditionalTeacher25,8,20260926,461,twitter,b49c1c93243d63b1e694f9a778bf6a132e291af506a4c9c6facde4ad265c9160,1,0,0,0,0,0
ConditionalTeacher25,8,20260926,462,twitter,5edff1dc1c7844917052c1eec7994a3f418db36946c7e552b1d61fef0c7d4ffe,8,0,0,0,0,0
ConditionalTeacher25,8,20260926,463,twitter,0097402d392a71e678d1d1098ae0b8470961838f2ad5f78040aea1b23c7f8985,10,1,1,1,1,1
ConditionalTeacher25,8,20260926,464,twitter,4cd7e4c5d7ffe8f0863c8b4beb6876380f77ed01c16a144ccf73171b1704cc7e,6,1,1,1,1,1
ConditionalTeacher25,8,20260926,465,twitter,0e9ad447f1f34f842bcf450e067d21f8de1345d751fab1212b37fe7a13921916,8,1,0,1,1,1
ConditionalTeacher25,8,20260926,466,twitter,2ae021839b8040aa9e97ca5d5afcb1e39b0ed4ab15687a1062b2f49315cd52b0,3,1,0,0,0,0
ConditionalTeacher25,8,20260926,467,twitter,4ed0a5e8a75b31ecac6317f52d4f6e9cbd3b1232a34fa0c68866c127ec5fc8d6,20,0,0,0,0,0
ConditionalTeacher25,8,20260926,468,twitter,5648c1cf7abfbff23aa2bed46e62883d1f096af0836ae019033ef97071cadc90,9,1,0,0,0,0
ConditionalTeacher25,8,20260926,469,twitter,9f89ed27fefcdbb774707a5064550c3e1d74a22a437d3a976e43d4e4a85cd005,10,1,1,1,1,1
ConditionalTeacher25,8,20260926,470,twitter,844014e0d5cf653c9655e44c539c57a9b57b69b456b3f162cc18d010f6ddc3e3,20,1,0,0,0,0
ConditionalTeacher25,8,20260926,471,twitter,5456dfa2912bf9814134ba5e54a7ecf4abadb0c2f405b94e1cde65d43e84b727,12,1,0,1,1,1
ConditionalTeacher25,8,20260926,472,twitter,3b004760a9f5a5820611eccf11683979fb0edce7b97b3730182ec720651f45c3,12,1,0,0,0,0
ConditionalTeacher25,8,20260926,473,twitter,9a0b03c53e996a8462b25c035cbb2d91ae6c2658e2a1565552ea7d61193af8b6,9,0,0,0,0,0
ConditionalTeacher25,8,20260926,474,twitter,c03c05b1749b3705ce9aa552cd3045e7bac5c5acb8596b4a296e07e3c677a093,18,1,0,1,0,1
ConditionalTeacher25,8,20260926,475,twitter,edc2c7cace52cbd3b5b4487038f89727ab41a1842cc0a5e965c27af9b00a61f4,8,1,1,1,0,0
ConditionalTeacher25,8,20260926,476,twitter,776a2b80f2df32d8056da1dcd290b94e36fb5696d03a8da1899bd1271032d7cf,1,1,0,1,1,1
ConditionalTeacher25,8,20260926,477,twitter,62c0c31bd5486646650ce0673e187fcf397ecc3149f7f40d57dbc03c83207bd1,6,0,0,0,0,0
ConditionalTeacher25,8,20260926,478,twitter,f7c9f62d7b325db4e05fe08ebf3e215ab1d438021b9a05a39d28cb2b5b8089cf,18,0,0,0,0,0
ConditionalTeacher25,8,20260926,479,twitter,d155d301343f2b4fe16d9aea8fbd1126cfe3c6743efca89ea07cc4c389c75a66,2,0,0,0,0,0
ConditionalTeacher25,8,20260926,480,twitter,60e10f866dd869f20f3214be7f032fc25c87645c968ce40219f02772dba757b8,10,0,0,0,0,0
ConditionalTeacher25,8,20260926,481,twitter,ec985e4eb1f0f18f5f0c75ce7eb1faf2256034a00031582f6817b459d609ccee,5,1,0,0,0,1
ConditionalTeacher25,8,20260926,482,twitter,c4a135f43c2cc222abfa7581da354db3f8ef029b86c68fe961a0f724b85c024e,7,1,0,0,0,0
ConditionalTeacher25,8,20260926,483,twitter,a359c6fa23c3febf078d2ae7ac8e8f51b46223479f5985985cc1a4c62839858b,2,0,0,0,0,0
ConditionalTeacher25,8,20260926,484,twitter,81355f13ef38520a3fa175c45fccb1ebc2e82c7fcda5b5a05f217bfc294d8475,1,0,0,0,0,0
ConditionalTeacher25,8,20260926,485,twitter,a4bdd01162b17a2c16752bf7f219bdd51bc5fc5fe4f64aefe67c93797b3e71ef,2,0,0,0,0,0
ConditionalTeacher25,8,20260926,486,twitter,6db5dc9936c01346136cd881631e4b62649fd8b450f6fced13c36a352ac52d77,4,0,0,0,0,0
ConditionalTeacher25,8,20260926,487,twitter,2fad8a15418d25b22dec6baaf6889f0fc55101d26a0f2e5dbeaf138c3207bfb6,1,1,1,1,1,1
ConditionalTeacher25,8,20260926,488,twitter,8bbcdc15912ef984386f14a7da9d78a9c7d343749bc75174ed4e2dbee3e3193b,7,0,0,0,0,0
ConditionalTeacher25,8,20260926,489,twitter,8e6d2bd4724e2927294f5d7cc3560667f1cd8ab69c50db55c277d91dc684dedd,4,1,0,1,0,1
ConditionalTeacher25,8,20260926,490,twitter,2aeb67f9c66ec2016aaae4b7ef195e6d7e3e32e0d582fe1999cc89db9957c26c,19,1,0,0,0,0
ConditionalTeacher25,8,20260926,491,twitter,f6fe7cd69758db5f74fceae387d304d775aab0dd02693680a441bd4bdf70c4d7,9,0,0,0,0,0
ConditionalTeacher25,8,20260926,492,twitter,b5d038ee1d021fdb3e3fdb568923af29b0cae566fe01aacb8d38e8ff1588e712,1,1,1,1,0,1
ConditionalTeacher25,8,20260926,493,twitter,ca8eda6a19c613fdf790a05ad0ae945985b525cd0b76f8f7d4ee97510b7ab93b,10,1,0,0,0,0
ConditionalTeacher25,8,20260926,494,twitter,43173392e4d9887970a17559f031851046bb021f40fe65c66d4e7ab01f930b0a,1,1,0,0,0,0
ConditionalTeacher25,8,20260926,495,twitter,8db7e24b2544417634594a52281091052da8e582dc5dfc585db143110de765c7,3,1,0,1,0,1
ConditionalTeacher25,8,20260926,496,twitter,5d23efa303e9328c4721917665efb9b78e212583d6b4b9e6ce9291cefa985043,6,1,0,0,0,0
ConditionalTeacher25,8,20260926,497,twitter,a6af6422531a26b73cd526c789021a1880cfb6046d20c2326a8ed91fcd00def4,10,0,0,0,0,0
ConditionalTeacher25,8,20260926,498,twitter,ac829c81fe972e398922092ea11733f8848fd31646a9c71d42179f6f277973b3,5,1,1,1,1,1
ConditionalTeacher25,8,20260926,499,twitter,213bdde73989a9f3ed4bfa69b17716e231dd80000d8fbc6a52f261633d956afb,2,1,0,0,0,0
ConditionalTeacher25,8,20260926,500,twitter,bd33e6d883de2fcc643bbc003faf4df5bbf7636a56908319adeb2cbe64a93da5,10,1,0,0,0,0
ConditionalTeacher25,8,20260926,501,twitter,f27410e33b324619c296874c215e6fac43ba3f0f7e761cc95556f71fdcec111d,2,1,1,1,1,1
ConditionalTeacher25,8,20260926,502,twitter,c94404d008e17b7c25cfce6430a74d1d6126f8971c1fe59416e59b631bde4160,3,1,0,0,0,0
ConditionalTeacher25,8,20260926,503,twitter,285500729a4e2a6a2d2da10479c42f81391a9107a57bdf2cabf7faaef5b92076,3,1,1,1,1,1
ConditionalTeacher25,8,20260926,504,twitter,81ee1a6ba057033baac61937c5aa5ebe5db567dcbc1d6cdc1ffb0f75d97d07a6,7,1,0,0,0,1
ConditionalTeacher25,8,20260926,505,twitter,199d1f09a54eea11a3b242bf34abe38d8e9772bc0578bfde17869abe078d0974,5,1,0,0,0,0
ConditionalTeacher25,8,20260926,506,twitter,373407d9a381c0760c1c15ad0635c4c8eed5ed001f7b9a03a18a38b86981a2ee,1,0,0,0,0,0
ConditionalTeacher25,8,20260926,507,twitter,902a53b84eb9475b3d7ee8d68a522b3f738eb5da100aff7f7bb1f6763261afa0,6,0,0,0,0,0
ConditionalTeacher25,8,20260926,508,twitter,1998877dbefed5ddbb500723704541f7a48c148d6d7f1ff9755ccfca78647eea,2,0,0,0,0,0
ConditionalTeacher25,8,20260926,509,twitter,852d549c03e0bece7f94512b3aa895152e795e9da14d1bf1f51fe83bc4fd1358,4,0,0,0,0,0
ConditionalTeacher25,8,20260926,510,twitter,7e46f8a353f81ac241ec4ce43b1eb4f897a4dc4fb27070a67b87f0ba162adbe2,6,0,0,0,0,0
ConditionalTeacher25,8,20260926,511,twitter,ead5d850634654e9dfaaf39fc44be7c3c5d325402692f7294c4c1f6487043fa1,5,1,0,0,0,0
ConditionalTeacher25,8,20260926,512,twitter,47466196cec03da35d16b7fb818aa4737acfee31df16a0da00a9f27a75c97884,6,1,0,0,0,0
ConditionalTeacher25,8,20260926,513,twitter,a82e5755238a3d58ad57fa8c679400ea519673cf5475930905806fc2f3bf1f78,1,1,1,1,1,1
ConditionalTeacher25,8,20260926,514,twitter,46726648c6730dbd983b22f838f92ee33917036fc1462af7db2b6c142cdbad6d,1,1,0,0,0,0
ConditionalTeacher25,8,20260926,515,twitter,4bd4d66e4dab5afa7571d2d3e76eb4573903a97c29f417c3c8b4b7141b9def6a,21,0,0,0,0,0
ConditionalTeacher25,8,20260926,516,twitter,31ba39017ad7153b3cc9de47dbf5a7b071e48d9d83b293fbbb3500cbc7bcb835,18,0,0,0,0,0
ConditionalTeacher25,8,20260926,517,twitter,a65a90740755f4dc78afc8e1090b2fc2141126006c8c5713907147adc62144ce,2,0,0,0,0,0
ConditionalTeacher25,8,20260926,518,twitter,0477c7dce52fce657dfd40a3fbc5dc8cb5c8479e1449298b5f536a3161a72dfd,13,0,0,0,0,0
ConditionalTeacher25,8,20260926,519,twitter,deb6e618ead2a07270f3d145195f4e6cdb0eb0a094ed56e6dc5419904dc58470,21,1,0,0,0,1
ConditionalTeacher25,8,20260926,520,twitter,67faeb2b306e292e8770b1c04d8df55781b0d95443537b8add19d1960defbf86,24,1,0,1,0,1
ConditionalTeacher25,8,20260926,521,twitter,6d1e24c3edbe49ea6f526e615a679294616467ce9e8c1599232afb9013acc8b1,6,0,0,0,0,0
ConditionalTeacher25,8,20260926,522,twitter,921902a0a48b56c8ac2fb720f69d96499a321463b6efe39254dd6c8e70b2ea05,7,1,1,1,1,1
ConditionalTeacher25,8,20260926,523,twitter,7461d185d85fa4d987fed4cefea3ae41d7adc9b64d89e8daa2e65ed99ddbbd37,4,1,1,1,1,1
ConditionalTeacher25,8,20260926,524,twitter,5da4794e5d908d18fff019e405d814de8f53298fd38a72ead9eb521f9af0e1da,4,1,1,1,1,1
ConditionalTeacher25,8,20260926,525,twitter,11feebcaead082609623d2bd79b976689c010bcaa714db53ccbba5027db0244c,21,0,0,0,0,0
ConditionalTeacher25,8,20260926,526,twitter,6a7f0edc32ff3c62b62d379140f878c7a32602b8cc759ad334c478cd811e206f,8,0,0,0,0,0
ConditionalTeacher25,8,20260926,527,twitter,40378766252c3541dadcc2be4c3f1db80b86441a3f7c7b6821ccd55fe0f7688e,5,1,1,1,1,1
ConditionalTeacher25,8,20260926,528,twitter,93263e2696ca8851f6401c570e3067cd1f3fa90987b9d28782987a200b175dd7,5,1,1,1,0,1
ConditionalTeacher25,8,20260926,529,twitter,e547023248d55a72e5882a23afbbdb7ecb145abbc042972a5b4a1e7c286b5c97,1,1,0,0,0,0
ConditionalTeacher25,8,20260926,530,twitter,f74372cd86ff9aec6e797461e37336833e89628a7961cbc8e6db1035f2ccfa5a,2,1,1,1,0,1
ConditionalTeacher25,8,20260926,531,twitter,c292c5da0a8aa4090089d9d97845f09b373bd1a4fab39ac64c8b2d50e15433e8,2,0,0,0,0,0
ConditionalTeacher25,8,20260926,532,twitter,dcc14d16f7054c2c367dcd0c6a87c15f5f0c15ae78e541d1269e7f7aaec62a40,5,1,0,0,0,0
ConditionalTeacher25,8,20260926,533,twitter,79fc16f082a53b70dcb5823d8e767a8d278a31d5b930d16abbf2bc865ab87a29,5,0,0,0,0,0
ConditionalTeacher25,8,20260926,534,twitter,bbd51ba170f12ab70463d6f1ac422424a8de8a3cb4c2fba12ac0806ad653de14,12,0,0,0,0,0
ConditionalTeacher25,8,20260926,535,twitter,bf720fb323cabe569fc0c729246ba69e710e10bef5c41350135b40b005bd5cbc,21,0,0,0,0,0
ConditionalTeacher25,8,20260926,536,twitter,33176fac8eb3c5980c8ce7a3a079403a7a92d0c429d04ac276999d3b9efcc40e,3,1,1,1,1,1
ConditionalTeacher25,8,20260926,537,twitter,b0a3eb688a9ed1792d3270d8877c4fbcfa817a5647ca04c01822e2af6e47bce1,1,1,0,1,0,0
ConditionalTeacher25,8,20260926,538,twitter,f55392584b9aa853d858c78bd07b84787d804e61d9ed02f4fc3806012b13aab1,14,0,0,0,0,0
ConditionalTeacher25,8,20260926,539,twitter,809e0ee79efc2f3a759933e2c0ba6316af226c07596a7b090ba4ae1c3793ea16,8,1,0,1,0,0
ConditionalTeacher25,8,20260926,540,twitter,bb450818aa1a7aa0956a4594d032b48f69f193eabb07232a8b4f7e822e43b8f7,14,0,0,0,0,0
ConditionalTeacher25,8,20260926,541,twitter,fe9aea0725a9b4f7f77ee9ca321331930c68150c8d7586189e84dac83bc98527,2,0,0,0,0,0
ConditionalTeacher25,8,20260926,542,twitter,59c8013c1df2516be4e002d7ee5dc36ff478a31814f9f385375a62c2af9af28f,1,1,1,1,1,1
ConditionalTeacher25,8,20260926,543,twitter,c70e91e99cf2912963ae14ea563d7f6a0f2cc9f2dc6421716e822c023904f063,20,1,1,1,1,1
ConditionalTeacher25,8,20260926,544,twitter,9a47a95bc12f2aa1939db2722ece91281ed34bc3cb5dc78c7d8683ac6b54459e,4,1,1,1,1,1
ConditionalTeacher25,8,20260926,545,twitter,9f596c8b340e5579121fe3cbf4ed65a7f06281bb559da4fcd1609c70202daf55,5,1,1,1,1,1
ConditionalTeacher25,8,20260926,546,twitter,5845c97b3512784107edf2caa483973f1c25fa58f3016bdfc5c8cc5c5c371ec6,2,1,1,1,1,1
ConditionalTeacher25,8,20260926,547,twitter,b27b3d0377cbcd6718d8c822aaf77a17ef393d6a4fcb941374d69e544f0c3575,12,0,0,0,0,0
ConditionalTeacher25,8,20260926,548,twitter,9f79e8c5c80f3aba95ada2f4aef6041b37939f57129dd1db1f2181fbd04e5042,17,0,0,0,0,0
ConditionalTeacher25,8,20260926,549,twitter,22fae40bf33210d9d9182fc2e0d9fa6af181892540d70a85ac30761b004fae28,2,0,0,0,0,0
ConditionalTeacher25,8,20260926,550,twitter,32f268119de2bd12e0346c67a845729dc776f86303b39ccb717e78cd398507e8,10,0,0,0,0,0
ConditionalTeacher25,8,20260926,551,twitter,c5001b759d4255d9d99249504f5825f7270277a69eb98950c0c660367ff87f0f,8,1,0,0,0,0
ConditionalTeacher25,8,20260926,552,twitter,d891394d05c619ba0126116ccf0a162175f3c43d2a2b8ff9c6c487250edbdfa1,11,0,0,0,0,0
ConditionalTeacher25,8,20260926,553,twitter,b95b34d913c70639530352536a33f9bf9060015b2be2c88d7b5c1c845269d754,3,0,0,0,0,0
ConditionalTeacher25,8,20260926,554,twitter,ac89f2a7955950ec02599105a1614abb3f4104367afa142be93471c1ebcc3ecb,3,1,1,1,1,1
ConditionalTeacher25,8,20260926,555,twitter,ea9917e5f5a88e57a6617dcf19ddeaddd5efff6900c5a6534023908de52f068c,8,1,0,0,0,1
ConditionalTeacher25,8,20260926,556,twitter,5d833968865957ff0f6ffb3cc7614be6eef69123047bbc7eb21449c8e2397322,2,1,1,1,1,1
ConditionalTeacher25,8,20260926,557,twitter,375c1b92f7b6b45aa92f099cd69c5bec185e26923f28c7603a7729d2f454fd17,6,1,0,1,0,1
ConditionalTeacher25,8,20260926,558,twitter,387723458c66e408b808eea48466bd2a4491a21256a26dae9182cf3d44129cb6,3,0,0,0,0,0
ConditionalTeacher25,8,20260926,559,twitter,8518ff3fb26573151335180001388035d15db267be49fbedc8a536ff4ddf13d2,3,1,1,1,1,1
ConditionalTeacher25,8,20260926,560,twitter,ae3cb31e730e8d6ff4a36774656af36b1ca5e587f54a9d94d476e03228593dc4,7,0,0,0,0,0
ConditionalTeacher25,8,20260926,561,twitter,328c9209a3de3fdaf822820e1ee5de94478fd62dace121ea1a6a98e37716328e,4,0,0,0,0,0
ConditionalTeacher25,8,20260926,562,twitter,326f3b0b39b9dcaf1d2cf9f3e90992436dcbc926df8e1d2eab7b4632ca4a77a3,16,1,0,0,0,0
ConditionalTeacher25,8,20260926,563,twitter,46ed9093252d808efd080738ac8b971774ff65d4855f1e9b1d9a724053e99cac,12,1,1,1,1,1
ConditionalTeacher25,8,20260926,564,twitter,9f74c34eec961cc2b0b8ae65dfa4a05dfdfc6791418be9fac80637c0e15583d0,11,0,0,0,0,0
ConditionalTeacher25,8,20260926,565,twitter,ccfabe1eadc855ccace4c88a4917ef55de6a7f146cf1e30a4f57aa6132087ec3,4,0,0,0,0,0
ConditionalTeacher25,8,20260926,566,twitter,c51426101d1a758badb57e27958db81cf763686f20d96d0fbc3ffba043a39ad5,1,1,0,0,0,0
ConditionalTeacher25,8,20260926,567,twitter,1d3c212f340ef54aa374be0ca0fd4b2f88e9cf01d7d452a071f091d4b995f5f0,2,0,0,0,0,0
ConditionalTeacher25,8,20260926,568,twitter,4af22471a3d09c919657f196d9db3d6bea1f5070cb6fab3bf2a20aa9aef9980f,4,0,0,0,0,0
ConditionalTeacher25,8,20260926,569,twitter,4be446364a169c258e081d5428cb43451f6a3f949a3d375a50e8d861727ad131,10,0,0,0,0,0
ConditionalTeacher25,8,20260926,570,twitter,8cc119a2b38be5497a86a0580cb8a34be3e60c7b859c126885ede12522114106,4,1,0,0,0,0
ConditionalTeacher25,8,20260926,571,twitter,284c2400932f5997114bfeda6f0c04bf2b4a7d871d4ec8195c83649a8ca05d64,5,1,1,1,1,1
ConditionalTeacher25,8,20260926,572,twitter,699caf411cea0da0dd2295781eb4539818da2a949c7c1302681f6fe17b36202f,1,1,0,1,0,1
ConditionalTeacher25,8,20260926,573,twitter,9f707829bf840b5bfe458637b67ab793ab1417bcd7655f788cbafb872c287af3,6,1,0,0,0,0
ConditionalTeacher25,8,20260926,574,twitter,ea5a7b1f00a68fbfbd9f755d72ead415f5ce81e2cd9dfb5bd1b2edee69ceac63,19,1,0,0,0,1
ConditionalTeacher25,8,20260926,575,twitter,0e42cf2f38a7260c4b2092eca7220f5d546ecfcbefc6af0b1bbbde8d6557d88a,23,0,0,0,0,0
ConditionalTeacher25,8,20260926,576,twitter,272fdf2f54872e1fe6db26455e88f76916b1c93d5bcb2d449fe589e4c01db54b,2,0,0,0,0,0
ConditionalTeacher25,8,20260926,577,twitter,67901d6851532497872fd5d5c6972be60cb47a7d292d0e0d8603fa6c296cc2de,3,1,0,0,0,0
ConditionalTeacher25,8,20260926,578,twitter,b9ea7f780b30fe7c7b813eb89aab943c6dbc96b0b1162a88b4f0b6e0702a8dc8,12,1,0,0,0,0
ConditionalTeacher25,8,20260926,579,twitter,6da19ab67fc77b38f51b37f338f5d9ef1147a4744188288c31b6993aa1d8a9de,4,0,0,0,0,0
ConditionalTeacher25,8,20260926,580,twitter,d0f9ae922f59da6f898a5a3252caceb48b7cdbb5fd45272512db53bd20594006,6,0,0,0,0,0
ConditionalTeacher25,8,20260926,581,twitter,ccc3f53a5c2bf415f223d7d08f6c5d98b4210903b0a4e5004fac4034aeb0405d,5,1,0,0,0,0
ConditionalTeacher25,8,20260926,582,twitter,061989eb4b6f043e6b703c545a41434606597ee5a333ca6cb23a0817f0c1cad3,2,0,0,0,0,0
ConditionalTeacher25,8,20260926,583,twitter,0147524498f6dcb7f6c1df9732d3db5bdd194c1dbe51d591b8b3e5139ca943bf,1,0,0,0,0,0
ConditionalTeacher25,8,20260926,584,twitter,cc0c913577f11e97b3814b51feda487a2334d3d424406075bd0fc517c7f664a6,3,1,1,1,1,1
ConditionalTeacher25,8,20260926,585,twitter,a0bbdb92233059108829c0e28d980428e110f66a0e8ffd39ce7afa742d09c5f8,1,1,0,0,0,0
ConditionalTeacher25,8,20260926,586,twitter,741f2d626df4f575e6e7d696afde4686117f08a5f2c4249020ffcd8bfd7e4841,2,0,0,0,0,0
ConditionalTeacher25,8,20260926,587,twitter,90de0b9bf908cce0650179964fd20ed72d13a26eb1dda59215f3b606899e96b8,3,1,1,1,1,1
ConditionalTeacher25,8,20260926,588,twitter,83e20cc4f51e11e49a754eb6faea5d4888cc5f90c72dbe7e3dc7dbb0e3162c59,5,0,0,0,0,0
ConditionalTeacher25,8,20260926,589,twitter,b96d2800bb083eca035544b0bce72eb11b2a87d29603cde9ba1f402d620305e4,6,1,0,0,0,0
ConditionalTeacher25,8,20260926,590,twitter,fd6506494e3f316c3b2eda02245b6f4562329d9cba728cf97d781c9a1035e0c2,3,0,0,0,0,0
ConditionalTeacher25,8,20260926,591,twitter,c563b541beccb4e46375d7b78233b7b595c9a8709a9370cfe4c33c30f86e8534,5,1,0,0,0,0
ConditionalTeacher25,8,20260926,592,twitter,370616af8584db52e81e96e840a0ff24dc7c1376825dfaba821586a6ceaef0c7,15,1,0,0,0,0
ConditionalTeacher25,8,20260926,593,twitter,6a006bee7a8ef46994e698dab791821ae894519158bac09839b9c7720982447b,5,1,0,0,0,0
ConditionalTeacher25,8,20260926,594,twitter,0ff7cdb2a6d5207e493f159f4831ba1c9bb2f34ab75304c94333523c20d86c68,3,1,0,0,0,0
ConditionalTeacher25,8,20260926,595,twitter,15ef1bcd3c9bd82e8daf1f10d502977edec7ff2968ad5926e2110b7ce29fb769,4,0,0,0,0,0
ConditionalTeacher25,8,20260926,596,twitter,48654f6b05fb402f5989d578766c2dd54dc40403e9a190b13a1301030a08ad1f,7,1,1,1,0,1
ConditionalTeacher25,8,20260926,597,twitter,5ff210c8884d0102a275475473c5cba0c0f2db63e45b1be91cd5778b90e7d79e,6,0,0,0,0,0
ConditionalTeacher25,8,20260926,598,twitter,183c48d7a2aab033ccd20104e819d38f67433097750771e7821c6e7961c87ffd,10,0,0,0,0,0
ConditionalTeacher25,8,20260926,599,twitter,55ea2cb0b59a864f950473104cc288ed311999fe5b9c195d5edeb7479d4a9306,5,1,0,0,0,0
ConditionalTeacher25,8,20260926,600,twitter,f1b5e9e6d6f733f94f78785c7b3acb329a53a736ebbc27d870531a64250b02e9,3,0,0,0,0,0
ConditionalTeacher25,8,20260927,1,blogs,f27ea2d29c7104c919b3db28c6665a75f06509e20abfce2a096f6bd7fdee17a5,3,1,0,1,0,1
ConditionalTeacher25,8,20260927,2,blogs,2e33f63c7626dbc369773847be674268e62ff845811d0f1a707abb82d030fda8,4,0,0,0,0,0
ConditionalTeacher25,8,20260927,3,blogs,3a5c23d72140c92c25f4fbd08b9ac0feecee320dc88c6ee630121fbb1dc7ba3f,5,1,1,1,1,1
ConditionalTeacher25,8,20260927,4,blogs,150f418fb152be9cb918f6a5cddb03c13ba3de68e7a2ad474b9d73f9888b10db,32,1,0,0,0,0
ConditionalTeacher25,8,20260927,5,blogs,379382c7ed6229fb6a69c6e7589b03d3240417a25dc4be8d5bfa25a7d0e6a114,20,1,1,1,1,1
ConditionalTeacher25,8,20260927,6,blogs,1a3d0e172a1fcc90d98522daac9c53c1add1ae3f5e1b59bfafdbaf7f15ea7e13,15,1,0,0,0,0
ConditionalTeacher25,8,20260927,7,blogs,b1bdb15784994402f4445749c82f4d5fa4972fe0ae3f775cd198f3db707ed5c7,36,0,0,0,0,0
ConditionalTeacher25,8,20260927,8,blogs,75ec673b2b31cde02d81eb99e409f3c60f43ed1afdb8d3477a01196e43e64dc7,10,1,0,0,0,0
ConditionalTeacher25,8,20260927,9,blogs,640a825583d8a72a7cd2175016d14e07d28d2bdd55709dbc8634270dfaec9da5,5,0,0,0,0,0
ConditionalTeacher25,8,20260927,10,blogs,91507145be5cf1fad2815adf342860b6bdac455d8db048b0374aa8c35cea72ae,24,0,0,0,0,0
ConditionalTeacher25,8,20260927,11,blogs,b72474f50716169e9748a2eb8e76b7ab5e47c06dda75b8e74db7920d216f09bc,15,0,0,0,0,0
ConditionalTeacher25,8,20260927,12,blogs,4e8895ae50463f9bb1588854743dfddeff57c6d568879614efeb3e276882ab37,4,1,0,1,0,0
ConditionalTeacher25,8,20260927,13,blogs,8334b4540dfa719754aa0de65ed2e2986c1843ed87663872cd9a57a7753146d8,31,1,0,0,0,0
ConditionalTeacher25,8,20260927,14,blogs,c32c3e1300b8358f8bf7ec24bd106bbef01d3579e2c273272d5efc7b145fa792,8,1,1,1,1,1
ConditionalTeacher25,8,20260927,15,blogs,41b8bc114e6a873a647502ff550d0b54a9f7fdb2fdb10bff657a8df21d400073,11,0,0,0,0,0
ConditionalTeacher25,8,20260927,16,blogs,b57186493fa3a2c547d996aa77e54272d923628b38b4516aea24441809f9338e,91,1,0,0,0,0
ConditionalTeacher25,8,20260927,17,blogs,6fda27b4519c3b1f949aa789fafd4633a2f4715428108f635f869b6f6abb47e4,9,0,0,0,0,0
ConditionalTeacher25,8,20260927,18,blogs,8e31aa2486bd2af28e15adf7c3e90c3c5b00791a9a32397ade5784dc34970532,28,1,0,0,0,0
ConditionalTeacher25,8,20260927,19,blogs,7d7f9e354d8330b014d1ef7c7cb1d9701045bc373464c2dff27577df2203228f,25,0,0,0,0,0
ConditionalTeacher25,8,20260927,20,blogs,32cd52cb54a0a85df0b971cd8c0dec12b0e8fca77376c9ed9eed5d52992e76d9,2,0,0,0,0,0
ConditionalTeacher25,8,20260927,21,blogs,3f11bb930af28be6636d3b7d33c9d93c16b75c68d23c735cac8a5f410b6e3565,5,1,0,0,0,0
ConditionalTeacher25,8,20260927,22,blogs,c3c80837aa0856c9606e04dcab979b22143dbe7815d5c469b05d365064138398,2,0,0,0,0,0
ConditionalTeacher25,8,20260927,23,blogs,f9c18fac0730e3adf3d480213575a4cbb220eb2947050930de7197229981d9fd,21,1,1,1,1,1
ConditionalTeacher25,8,20260927,24,blogs,3de6e4df992e71eb825eca79e7a59069fc50a064448f89979e471bcc3c22ba75,2,0,0,0,0,0
ConditionalTeacher25,8,20260927,25,blogs,cd672f6d7025d9ad0026cbba9bb3fe3ed6e71093ac88175f8ac2bc4e94f32a5a,68,1,1,1,1,1
ConditionalTeacher25,8,20260927,26,blogs,ffffbefc9a109669ff1a3ad2756ffb1b534daee5f90fa1162e36b37538116f43,2,0,0,0,0,0
ConditionalTeacher25,8,20260927,27,blogs,bf42c863d826b55a8070e1b8271fe6f2e04ddbc417207c1f1eb541701a91196f,15,1,1,1,0,1
ConditionalTeacher25,8,20260927,28,blogs,d67f3e27829d44de0441ec7eed10ea7e2c56c932e9f84f5bd174bd098965c994,14,0,0,0,0,0
ConditionalTeacher25,8,20260927,29,blogs,0989b5237eb48e59cad83dca5762b211d7ce5641230183f24ce883fe76205abd,12,1,0,0,0,0
ConditionalTeacher25,8,20260927,30,blogs,5cd9b83ec4ed2b0d02e2007d2c0408dba6b5ac9fc94263f469660eb274c34f1b,23,0,0,0,0,0
ConditionalTeacher25,8,20260927,31,blogs,dce1fad10ecb15835e20e771fa9582bbfa84509f2029a76bc26617a09e82b6b4,46,1,0,0,0,0
ConditionalTeacher25,8,20260927,32,blogs,cf963c65aa4e6aec5caff27f73e21a65cd1c496deca38dead971f519caa4a10f,75,1,0,0,0,0
ConditionalTeacher25,8,20260927,33,blogs,eb9f5bb77c9a3c3e31f269b25b42f96b69b7430186e38f0867f9015ccaa73417,64,0,0,0,0,0
ConditionalTeacher25,8,20260927,34,blogs,bd8985b74110ad26e2fc4ca3546ed2b4395d03a592c0585c2d7de7e26f1fab49,5,1,0,0,0,0
ConditionalTeacher25,8,20260927,35,blogs,7cc50f2dcfa90fef70167174027dcc0a2745896138b6bca25927ca90a44949c9,28,1,0,0,0,0
ConditionalTeacher25,8,20260927,36,blogs,1c5951e89a7e0d1267c533d6451876a1334d82fe301be34c567c2f0ab8d99491,3,1,1,1,1,1
ConditionalTeacher25,8,20260927,37,blogs,b25f994e529814b9fdf2bb21c64f49575041399a9bbcac0b4eea0554023236f1,68,0,0,0,0,0
ConditionalTeacher25,8,20260927,38,blogs,7a3925616ed56a8b85d5847676ae5aa6555e924f9eafdd9a0c743f1a2e30b300,11,0,0,0,0,0
ConditionalTeacher25,8,20260927,39,blogs,7ed840123b75f79024bc8d1dc218fd0f321c243a4f61574d890d2d41b9ef8f5c,3,0,0,0,0,0
ConditionalTeacher25,8,20260927,40,blogs,352c4a5237c0f7936acfceaf5fcb6ad851c1ec3bec851f002f8f2afc631ec909,1,0,0,0,0,0
ConditionalTeacher25,8,20260927,41,blogs,d2060adc06b000c7a152cb9ebd9c97fc8482baccbb7d26a051b8c99ecedb0020,2,0,0,0,0,0
ConditionalTeacher25,8,20260927,42,blogs,48a8a3b3ef24a02d736f34936f68558dd17258253c096871ec4c33fd0feda660,1,1,0,0,0,0
ConditionalTeacher25,8,20260927,43,blogs,19d04f212bb0c9a83fc08d9844cccf7fa83000c4c8f5d5bf0bacd5a1bfdbcfe1,2,0,0,0,0,0
ConditionalTeacher25,8,20260927,44,blogs,7cc7aa0a9cd8c2f9e0ad4e8bdde615c25d284ba8b1ce1e13bc16ad6ea987bf57,2,1,0,0,0,0
ConditionalTeacher25,8,20260927,45,blogs,8af68e87d85431bd6bc7a862171855c16c0791857530d46d4dfec1deddc23696,2,0,0,0,0,0
ConditionalTeacher25,8,20260927,46,blogs,f4f91a0016cfe63d6bc462744ca56478e36afc5c906dfa42905d004ead7ac90a,33,0,0,0,0,0
ConditionalTeacher25,8,20260927,47,blogs,d5054b72c01dd6e1d22489654daa3ef8d380be567c39326fe54107968958b2e0,32,1,0,1,0,0
ConditionalTeacher25,8,20260927,48,blogs,bb30fe263c00366818d0e6d06bfd8e9569b764d3ccb1384e3a002358c31381ae,159,0,0,0,0,0
ConditionalTeacher25,8,20260927,49,blogs,d267074911573a6de4266cd018b5ff9d916c188df7e0bc04617ed99ed72e7548,3,1,0,1,0,0
ConditionalTeacher25,8,20260927,50,blogs,289ecbb05bd1df116b388dfce818a704ce3b45504536e71478dbb35484478a89,24,1,0,0,0,0
ConditionalTeacher25,8,20260927,51,blogs,27b71126ec92112afb54eb000137182029bfcd0ebc3d6dbd6cd6d9483e3a4234,1,0,0,0,0,0
ConditionalTeacher25,8,20260927,52,blogs,ddede43370fa553ae2705c278f52107fabdba65412378756953c6d27913bcf0a,5,0,0,0,0,0
ConditionalTeacher25,8,20260927,53,blogs,5918f37fca3c7089c9f83756790ef55fa02549c3383a53e67e7ec28401bb412b,46,1,0,0,0,0
ConditionalTeacher25,8,20260927,54,blogs,2a2c45f7d25bf1f3be66a95a02a88f42d3b03e2016e5bce15e735cc9c26910a8,43,1,0,1,0,1
ConditionalTeacher25,8,20260927,55,blogs,1b318a52a1fc587e9425cc21811759c771ea51381d41a018d6a4bd3d02cc45ae,21,1,0,0,0,0
ConditionalTeacher25,8,20260927,56,blogs,580589c89a508ed2f4b1766886ba623bec667f18bbb282189b3d36ecd412209c,2,1,0,0,0,0
ConditionalTeacher25,8,20260927,57,blogs,50b9d5391f73c1fe0c14b262ff5abeb64fa1e880491b3cdf9736900d8f29a7a3,9,1,0,1,1,1
ConditionalTeacher25,8,20260927,58,blogs,929846bf043468a80ab4f13004e997e29b18248e39cd61f60c2f2483e82ae9d9,2,0,0,0,0,0
ConditionalTeacher25,8,20260927,59,blogs,361aa83793b17e1cb64a7e78bebe2c9dde88d0751b7ef508242823501bf26cf1,8,1,0,1,0,1
ConditionalTeacher25,8,20260927,60,blogs,0ec1f7437566873287fb4ce2337545d15b04fc9859d7c9df732eaf3828b639ff,61,1,0,1,0,0
ConditionalTeacher25,8,20260927,61,blogs,8a408670d1fffe106c3249c50114ed0ee76b8aba4d1cea1ba97bbef380613c9a,26,0,0,0,0,0
ConditionalTeacher25,8,20260927,62,blogs,d3aa691ddc018a6d5fadf674929c511806af19a69aa261d8c173c0ea587b5c3f,48,1,0,0,0,0
ConditionalTeacher25,8,20260927,63,blogs,59d0f2409d827263bcda66b91fcabe32b1ef885a9550d6898df2a271a5ec034d,4,0,0,0,0,0
ConditionalTeacher25,8,20260927,64,blogs,c49d87c5affe4e36ae34217c03e51abadf80293b674c00e50068902705ba16ca,5,0,0,0,0,0
ConditionalTeacher25,8,20260927,65,blogs,769d17e744efc9f359f472b33b7eb105cfeacd41c8a520c02c0c4aadd552c805,31,1,0,0,0,0
ConditionalTeacher25,8,20260927,66,blogs,14fc8df07a8d53d992cd72761a6265695f6c1fdeced1febb4fa01fc775b2777e,67,1,1,1,1,1
ConditionalTeacher25,8,20260927,67,blogs,83a1203467cbe6489cac8a50d562ea477b423c9ebb81fd31272f9342e90ffc34,62,0,0,0,0,0
ConditionalTeacher25,8,20260927,68,blogs,6d5ed27525ca9d74933058c30ac43026dc1e3f55835b8ebe864d70b14add954c,20,1,0,0,0,0
ConditionalTeacher25,8,20260927,69,blogs,a84b2495026668563d2d2b80e26c295978500cb674de72c200fcd9aa5d99ab93,20,0,0,0,0,0
ConditionalTeacher25,8,20260927,70,blogs,f388cd77a4ea5c2114bec4dec6f7757e3b4fbae9eb400d8097f0d77d02748e35,185,1,1,1,1,1
ConditionalTeacher25,8,20260927,71,blogs,e950195b249e4732f401a15b796b714944447b9025203d3108daf112473e750e,19,0,0,0,0,0
ConditionalTeacher25,8,20260927,72,blogs,5ddc58f751c00ce74fe573241d6f045e9a5c1e0e56b5d4d43fb3f7a0556007a1,5,0,0,0,0,0
ConditionalTeacher25,8,20260927,73,blogs,3e691c6574767bc1494057f084358db0f018e395f8195813f147b4177033d5bf,67,0,0,0,0,0
ConditionalTeacher25,8,20260927,74,blogs,50c3f1c845a617b0e1552789043c90e959d925ed130f6f05de05d4c07d96a2b7,17,1,1,1,1,1
ConditionalTeacher25,8,20260927,75,blogs,4054deecb174f717e2fe6fe7bd4095a27d06200b8043af5b7d915eb985ef27a3,40,1,1,1,1,1
ConditionalTeacher25,8,20260927,76,blogs,e7e127780d035bd0c76f2ac65a8d93edc08d0bd8ee5b7014ad0f28d53b615cdd,4,1,0,0,0,0
ConditionalTeacher25,8,20260927,77,blogs,0999a671801d5c56c9233b675d4d7065e41fde5cde8dd4a5a64a1220029d3e22,29,1,0,0,0,0
ConditionalTeacher25,8,20260927,78,blogs,67220dc16dbbefd83c149fb4bd803213d89492cd5fc9f6acec32669b8f0253fe,19,1,1,1,1,1
ConditionalTeacher25,8,20260927,79,blogs,764597b8401ca8bd3f09abd8c82151731453da8f44bdc36f11bb4997b73165d2,25,0,0,0,0,0
ConditionalTeacher25,8,20260927,80,blogs,75fbc187e71ed80033bdace43c3626ab186cb429aaca32b6f08c9b1b0b8444b6,36,1,0,0,0,1
ConditionalTeacher25,8,20260927,81,blogs,cd15e561e7fc867b9c2e835e800154bd0be757e6d640fadc314f677476e5b7b5,11,1,0,0,0,0
ConditionalTeacher25,8,20260927,82,blogs,ae8bf5c69965afe9d176327f89b31a40337814b960d80ae01bc968dd46cc3349,1,1,0,0,0,0
ConditionalTeacher25,8,20260927,83,blogs,249ceba8002b87707e882c3b63b9feb25d5764164d7de7b50b6a4e442032994b,1,1,0,0,0,0
ConditionalTeacher25,8,20260927,84,blogs,088086dcb5715f8edea12bf99b220bd79151ef92d8d5639b9ce6ff2af750aa3c,17,1,0,0,0,0
ConditionalTeacher25,8,20260927,85,blogs,535e5a5dfe34014f1aa3060f920ac58e2b09d9acea67a8f520c8f578cbe60864,13,1,0,1,0,1
ConditionalTeacher25,8,20260927,86,blogs,69d90146172c7597139af760c5db39978c46da358088125d8d8018e407866988,26,1,0,0,0,0
ConditionalTeacher25,8,20260927,87,blogs,30a9f0776e80a74797c413ea192774c5b1e6e0e956f224b86e82f54713ec3e08,6,1,0,0,0,0
ConditionalTeacher25,8,20260927,88,blogs,f90f6dbdc4c899da2381c21acdcbcba25e82f0028d37b93e8e9c2b37b334b20b,11,0,0,0,0,0
ConditionalTeacher25,8,20260927,89,blogs,67a5c87095d7430d61a213350a487b0accdd17112ceed832ba93af6dc39b3e4d,3,1,1,1,1,1
ConditionalTeacher25,8,20260927,90,blogs,eb7d4242ad15e73cca7b4e53af9564d1a63b6a510e7a56c218d37b0d625547f8,65,1,0,0,0,0
ConditionalTeacher25,8,20260927,91,blogs,b8daf113cf9a3b6204e823218b188ffcbfa85bf1e8b8f9d229d75376f9be2ee5,48,1,0,0,0,0
ConditionalTeacher25,8,20260927,92,blogs,95124b3051baf8659f3adaebbdb44983593a0997272bee4d373b5bc38414521f,23,0,0,0,0,0
ConditionalTeacher25,8,20260927,93,blogs,282b497fbec0178811613bbdba5ff9eec0c1ee54a0094898833227e3195cc29c,12,0,0,0,0,0
ConditionalTeacher25,8,20260927,94,blogs,509296d7af69829fce10c4fd63587460123a0b8af109b6cb341c049eaba5f153,51,1,1,1,1,1
ConditionalTeacher25,8,20260927,95,blogs,a7b1855e998e5636d2a0ea7547dbefcac979b5cd94d74c0ecf03157e070feca3,6,1,0,1,0,0
ConditionalTeacher25,8,20260927,96,blogs,67a15e555ce8350272b10576f900f5bbf03ba45fcdc6732e5989f6021fd1c734,2,1,0,0,0,0
ConditionalTeacher25,8,20260927,97,blogs,ffc6a00a75bcc4917e4e5405de5b513c8567c6ff1c829ba5510ed5166a084c1b,100,1,1,1,1,1
ConditionalTeacher25,8,20260927,98,blogs,6bb422a226d7c6f7d2a40d30f944587021e16c54880bcf2b3e0743660ea40c56,23,1,0,0,0,0
ConditionalTeacher25,8,20260927,99,blogs,057f13ec60395b2844f2b28f3d1291cf3e85e1064f584ee4e0e2a85179a21d5e,52,1,1,1,1,1
ConditionalTeacher25,8,20260927,100,blogs,7313906fc7c18edc1cf436c1f991cd4fef7cf0778b3cd69a6e5b24f5aa353540,43,0,0,0,0,0
ConditionalTeacher25,8,20260927,101,blogs,97e5167a0cd7d3e8ca22727841a734bdb5bd80e62a3d8258538561178346eb78,32,0,0,0,0,0
ConditionalTeacher25,8,20260927,102,blogs,d79c04c6f0e22149c1c9006a42e3e9c7f9df76cb6e1390cfdcebabcbb51bb8a9,16,0,0,0,0,0
ConditionalTeacher25,8,20260927,103,blogs,4dd737184fc361b8cf976ef430f2dd21985f4e868137c42a996e8e3e695ccd95,14,1,0,1,0,1
ConditionalTeacher25,8,20260927,104,blogs,ac9a8a0d3cfe9c7bb2f3b752bf5c26ab3c69ed2f372c9839e4d8b1fbf6ed0331,2,1,1,1,1,1
ConditionalTeacher25,8,20260927,105,blogs,9dbee1eacb6a2dc2637f5fc3d44059ea4bcf626edc2c4f21d738ac16c883e40a,3,0,0,0,0,0
ConditionalTeacher25,8,20260927,106,blogs,62a099be03468391755a96421abbe0f9e5b0162d527f2962dcdadf8c95573dcd,16,0,0,0,0,0
ConditionalTeacher25,8,20260927,107,blogs,091877a1635d9a665633883b50bd5dc36bc5ca9e5585d0983bb1a29b4a8c3d1e,20,1,1,1,1,1
ConditionalTeacher25,8,20260927,108,blogs,9c8d9ad6fa9079fd13f306d57eee0dc27528927bc26c393dd88fe8a4394bd34b,56,0,0,0,0,0
ConditionalTeacher25,8,20260927,109,blogs,a891f0e31026aea17b7e618ecb1770f88745de47af609e61c3c463d370c1008d,39,0,0,0,0,0
ConditionalTeacher25,8,20260927,110,blogs,5d92b68393bbdb849fc1ebfad9c6b34cd6538758370ddc7ad3629fced60a5d7f,25,1,1,1,0,1
ConditionalTeacher25,8,20260927,111,blogs,74dfb95052a454d55132e41c8b4dcaef8477b01e8c7ab901d723b5f0e161b6e2,12,1,0,0,0,0
ConditionalTeacher25,8,20260927,112,blogs,8cd3930f92a0a8ebcb133d931ebe48117c56b2235e341a4583296c55f8c9e250,5,1,0,0,0,0
ConditionalTeacher25,8,20260927,113,blogs,30490f8f285188f117b5dc1339c3693c23a69819f1a0ee69322f604d9ec499eb,7,1,1,1,1,1
ConditionalTeacher25,8,20260927,114,blogs,24d039524a223ce53179db33269afa83fdae9e4d5d1e4ab8858082ff731c2a15,27,0,0,0,0,0
ConditionalTeacher25,8,20260927,115,blogs,f4d9e25f742070aec6a949d7197d30714a6a67b120226b3d1eaf85136351db0c,57,1,1,1,1,1
ConditionalTeacher25,8,20260927,116,blogs,6a4e3a33617c4fe6ab7ef6486f850708e32ea6014ca3d9c67dc608012463a971,1,1,0,0,0,0
ConditionalTeacher25,8,20260927,117,blogs,301733dbfab361290501489be559d8c81ed730e6b752acea9cfe4fcaf92b9900,3,1,1,1,1,1
ConditionalTeacher25,8,20260927,118,blogs,e9d59ebbbf86bfaf89c2a88befb5ab14401779a524e927d619a1ab87e0d8bba2,2,0,0,0,0,0
ConditionalTeacher25,8,20260927,119,blogs,5dbfe67d0d54de168c6c7693cf911b389b643c7605560d75c61dcc324cb7c9f9,39,0,0,0,0,0
ConditionalTeacher25,8,20260927,120,blogs,2bc6ee6e94906badea024b70b2aac8873e18f8f12396aa3e20a49321e0c12021,9,0,0,0,0,0
ConditionalTeacher25,8,20260927,121,blogs,ff60fd0c2b5a8c0d0e293887350048ce6489caf891ebef6202418289bce6e77b,7,0,0,0,0,0
ConditionalTeacher25,8,20260927,122,blogs,944a591a2802feee58d0ee711428ff20c4f16e702aa72d72ea4fc1c77057c67e,2,1,0,0,0,0
ConditionalTeacher25,8,20260927,123,blogs,beef00b6a3aa10e4e2713d2e117c6719e5cb12f4b8b0a792a21f714430ed2461,51,0,0,0,0,0
ConditionalTeacher25,8,20260927,124,blogs,19e0072349b355cd43d26b51eadf2572e236292a915cd0aa89f9925e0f5698ab,54,1,0,0,0,0
ConditionalTeacher25,8,20260927,125,blogs,8ef449862b952c2f06d7826273498842fcab93118caae140feddbdbe83c8041c,34,0,0,0,0,0
ConditionalTeacher25,8,20260927,126,blogs,320adf1e1f032ade513e367aced54481158d7c681490476bb74e6b441fbb3bab,9,1,0,0,0,0
ConditionalTeacher25,8,20260927,127,blogs,c6d4ce500ccf0dc7143630ddf7223fb8b6b76bfa002279192c3545fdb861acb6,2,1,0,0,0,0
ConditionalTeacher25,8,20260927,128,blogs,15f360109886ff0f2398f4d545d27e15c381c7503de8c07a802bdc9a087b07fc,5,1,1,1,1,1
ConditionalTeacher25,8,20260927,129,blogs,e3791dab62432b0c9d68c62beb88e6e1ccd7edd5db8d9e4ac1abd8c0702be29e,4,1,0,1,0,1
ConditionalTeacher25,8,20260927,130,blogs,43d332dee0b904d3c1628d681c718914a3a73d93364206589288c37e89b50d76,1,1,0,0,0,0
ConditionalTeacher25,8,20260927,131,blogs,5dd00d3232116b0907ceba5c43642c30d11be8c789c72e3f8564adffbc66023a,1,1,0,0,0,0
ConditionalTeacher25,8,20260927,132,blogs,c433dc10bed170d2610880bff6d5d7da9a684d3c8988c279672f97489717f38a,59,1,0,0,0,0
ConditionalTeacher25,8,20260927,133,blogs,451722abcc2bdcd0e5cb1f504d40f921e803606a0a2a01ae74a833a2677bfe21,27,0,0,0,0,0
ConditionalTeacher25,8,20260927,134,blogs,438dfe05145e2bfe0049ede47edccf11088ea8d06067ee48d0cc70c4cf10712e,26,0,0,0,0,0
ConditionalTeacher25,8,20260927,135,blogs,06a5c73a7734d956a1b27794f679da9667df483aca4d715063af2d78edb2095e,51,1,0,0,0,0
ConditionalTeacher25,8,20260927,136,blogs,da2ec48c8e7089305013b793d4e852d26eaddb6f08b1c9e52eea32c50b80818d,16,0,0,0,0,0
ConditionalTeacher25,8,20260927,137,blogs,a7e42b1871c48384f4c2dfb5293403f48ec9efc1cf0ca6c9b5d283a0ec871daa,85,1,0,0,0,0
ConditionalTeacher25,8,20260927,138,blogs,4b8c6b4cbab8492c1c03e6e11f89dc2fe2b4a48390af288c1a01e91b3a09706c,1,0,0,0,0,0
ConditionalTeacher25,8,20260927,139,blogs,81ab4d2a755bb70f92120ee3d8eb11095d8d9b27eb22b5c5faed15f0963db1c6,7,0,0,0,0,0
ConditionalTeacher25,8,20260927,140,blogs,a4330c45c8991563700271f6f8b8e220f41119f7eb838e5413b94b5a4a73e962,1,0,0,0,0,0
ConditionalTeacher25,8,20260927,141,blogs,76cedcf8ab9c21f8b1389d7ece4b23b7e7a2d05965cd0ae3862b9f74e3a62504,34,0,0,0,0,0
ConditionalTeacher25,8,20260927,142,blogs,179ec92938bfecceef666117b544d94386d97b6edd1f0a343cf1957f3a395bd8,20,0,0,0,0,0
ConditionalTeacher25,8,20260927,143,blogs,ae8ab4794661237a7a3384e23b25a1ed1045fa9c7ffb13456fbd63d1c3112065,17,1,0,1,0,1
ConditionalTeacher25,8,20260927,144,blogs,fd4b176499e87ac7ba1fd7ab79f3d65a409c50e2542a933c90a8d17c6acdfdf4,35,1,0,1,0,1
ConditionalTeacher25,8,20260927,145,blogs,05cd15e66d0926b7d521b824a542ddd09ad264d663e67ccbc53cd72f8a85a3c7,16,0,0,0,0,0
ConditionalTeacher25,8,20260927,146,blogs,cbdaf8d123838f408601324e84b4ca29b11ca226f400da1b2e7db52da552012a,8,1,0,1,0,1
ConditionalTeacher25,8,20260927,147,blogs,0ea53809eccb3a953b4e8be7cf5159b0b7a3653187b3d59177b599770d546c1c,24,1,0,1,0,1
ConditionalTeacher25,8,20260927,148,blogs,285c8d26edf037e359c00d0152bf525bced924549c300a89327df90b43ab0112,1,1,0,0,0,0
ConditionalTeacher25,8,20260927,149,blogs,dc0990e106cfefb238974b070a67cb06aa19ab22ca4c1d7b2568b2ac48840f55,5,0,0,0,0,0
ConditionalTeacher25,8,20260927,150,blogs,2310f9018f334d5cea26c51572604ee994ba0f75067ad4e55f60b051720eb666,33,1,1,1,1,1
ConditionalTeacher25,8,20260927,151,blogs,ed1730a70dd632b9c1f59f50100c1039da72f55f8cb9f7da3fdf1d49c9e04fb0,22,1,1,1,1,1
ConditionalTeacher25,8,20260927,152,blogs,b91c60eefa07efc8d8c766b76dd128ca4a516d7c24cf713f1b5f3064169935e2,1,1,0,0,0,0
ConditionalTeacher25,8,20260927,153,blogs,0c6dd475cb7252e558272ed5476de7ec6792bdc4fde6bbede235965bfe6f5080,14,1,0,0,0,0
ConditionalTeacher25,8,20260927,154,blogs,b04ed46d0f25dfef118ccab2a0ea2635e5d2c55ad0a77ed20858623e46b686ed,1,0,0,0,0,0
ConditionalTeacher25,8,20260927,155,blogs,d4b71e71cae5e44e4118081553ec5530ee80dce7a886c85749d9e45377fe699c,109,0,0,0,0,0
ConditionalTeacher25,8,20260927,156,blogs,819892f3f9c07c0b6ecc3bbfde5dc87757f4a7c446f8bf6430a38284ec3786f2,44,0,0,0,0,0
ConditionalTeacher25,8,20260927,157,blogs,b5b776f2980c8378cb1f2834e76e814863e4b7411f5de5b9493cbf1430db1fda,10,0,0,0,0,0
ConditionalTeacher25,8,20260927,158,blogs,181e694b77fc212dac9d06987bbeeffa7e9aaf649b8a06eb3cd97de3ecf0d4a2,2,0,0,0,0,0
ConditionalTeacher25,8,20260927,159,blogs,816866080550f09f99095e912c60005960caff3b6aeaeca9f6f643f77caf856e,21,1,0,1,0,1
ConditionalTeacher25,8,20260927,160,blogs,b40e9b17841eed5a6bf44e893dd5557121bd34ddea8bbfc9b36047d0f351938e,1,1,0,1,0,0
ConditionalTeacher25,8,20260927,161,blogs,2bde01ba2ca285280be21974bb2e818ec57704b1a06bd18594851fa19afa68f3,105,0,0,0,0,0
ConditionalTeacher25,8,20260927,162,blogs,0df4a64477ae5b424ff425316f9868d2cd3af3672519dbcb50a7eaec81655be2,21,0,0,0,0,0
ConditionalTeacher25,8,20260927,163,blogs,75b9bc23fa68a45c5cbb5357bdd745a44b141fe9cd1baca335426cb31bd26ac2,96,1,0,0,0,0
ConditionalTeacher25,8,20260927,164,blogs,41c11852c3d7f62f07a039d1a1353a98b852abb90e4cec23d5d062f5956925c3,25,1,0,0,0,0
ConditionalTeacher25,8,20260927,165,blogs,fe647385e8934d869c08d261ba262604a358a7082418ec109d6a3917992de0ce,9,0,0,0,0,0
ConditionalTeacher25,8,20260927,166,blogs,cabc98d4eebefe718f9bb866ac66dd8d3314f88b39d4c5a53ab8c13e188e5d42,13,1,0,0,0,0
ConditionalTeacher25,8,20260927,167,blogs,9134bc3a8054df8751179dad332786de55d8d30cc5836cc9f7cf5e2da9efa5df,2,1,0,0,0,0
ConditionalTeacher25,8,20260927,168,blogs,8a3a45ac9c16931b8304e58742820a06356dab7e3180d238153ad969014baf7b,18,1,0,0,0,0
ConditionalTeacher25,8,20260927,169,blogs,6ae9a8233ae0006692e733fab7dbe811f257308042e32824cb1f91a858c9b7ad,1,1,0,0,0,0
ConditionalTeacher25,8,20260927,170,blogs,c8239036c7ba0f97df365063fb3ff245075aedc7576879a800cb5ef00a5dcf57,23,1,1,1,1,1
ConditionalTeacher25,8,20260927,171,blogs,7d03b2aca820442d1dd4ed0758332bbf7c0221d6fc21adbdce3f3770b285ae6a,17,0,0,0,0,0
ConditionalTeacher25,8,20260927,172,blogs,834f59365e75020a10a53d47e8e8ad53d12910d3ee6d4b5ff3c7c32bcdfbf393,40,1,0,0,0,0
ConditionalTeacher25,8,20260927,173,blogs,c80f10ca557aefbfa87690f531b64b36706a0a3def3a7f273afe4fbde70f3e71,13,1,1,1,1,1
ConditionalTeacher25,8,20260927,174,blogs,85b823a7393ea003b8c1fd3cf03bcae450129384d78f6ebf341f48f63e33b66e,2,0,0,0,0,0
ConditionalTeacher25,8,20260927,175,blogs,8c62b466ff3e7bad679361a0c4a94c8e8d1c980db7d24f1a942c3cea49c9d9cd,3,0,0,0,0,0
ConditionalTeacher25,8,20260927,176,blogs,2225ec3cbc148f64c837bd4f0dfa7ca8d15d475f90d759ac9d6746e670f48b58,58,1,0,0,0,0
ConditionalTeacher25,8,20260927,177,blogs,78ce70ab8fcd0433ee30382fe3d07bfa99bcc9551dbaadaf1bce0ff3b72043d2,55,1,0,0,0,0
ConditionalTeacher25,8,20260927,178,blogs,87877f6b81280379d0fc181f082d80c0a7fc942a8038c03eb870ce02c115e670,32,0,0,0,0,0
ConditionalTeacher25,8,20260927,179,blogs,d58f95aac1deaa47a480250ca69c64722f6033cf98241eb12c54075b4e8c0cbf,2,0,0,0,0,0
ConditionalTeacher25,8,20260927,180,blogs,02822979e79f67ce6acf619f7ac6f6811666876fb03211931a0d22f5e2f357c9,3,1,1,1,1,1
ConditionalTeacher25,8,20260927,181,blogs,62398e7fe9510a2356e4ac9a0605e35d2f75d6537c9e5f6a0ef16a11df64f3c2,18,1,1,1,0,0
ConditionalTeacher25,8,20260927,182,blogs,125a21d647198b9a9b4e532e1c21173099b5b77a2505eca5d495dd18b38ee645,1,1,0,0,0,1
ConditionalTeacher25,8,20260927,183,blogs,4d0020fcf352e469a312236972f4d1d7fcc55128719c4b47a8c3279484cc2335,48,0,0,0,0,0
ConditionalTeacher25,8,20260927,184,blogs,ff506e4767af50216ac5a9b0569f13991d6dfa9ea57ac2e3a34de3687712c5ae,3,0,0,0,0,0
ConditionalTeacher25,8,20260927,185,blogs,94231909c40f07766cf97675658be0eb54956ef50a074d39a685824e15438b3d,16,1,1,1,1,1
ConditionalTeacher25,8,20260927,186,blogs,49a0ee2e414502b63d9df3d56c069e4f3895b41506ade52623cda2dacae3f022,4,1,0,0,0,0
ConditionalTeacher25,8,20260927,187,blogs,48c2d41352191f36f12cce7ff0364f45f7fe2c0830b9313412e361daa76b25cf,2,1,1,1,1,1
ConditionalTeacher25,8,20260927,188,blogs,c5dc16b9b66ed2581bfd3b55c3b434c368c281fe8da26099c3f65a756d49d2d3,11,0,0,0,0,0
ConditionalTeacher25,8,20260927,189,blogs,25bf1823372cac021e74991c577919cb77df32328e8310f6891118e46f7b0afe,2,0,0,0,0,0
ConditionalTeacher25,8,20260927,190,blogs,99297c1b0394f506185f5c7caf08666e663565bdd3b300b86e65fd4fff2bd1f7,35,0,0,0,0,0
ConditionalTeacher25,8,20260927,191,blogs,78b55d6b0f18438c47e60fce7e1b4234a0a7375c0f83b3afab4cb125ace2f96b,46,0,0,0,0,0
ConditionalTeacher25,8,20260927,192,blogs,4e56cdabed510a78bff69e4e7dd0386e670d803935709b84e3166dd1c4e2b39a,56,0,0,0,0,0
ConditionalTeacher25,8,20260927,193,blogs,81a2e1df0e2008e3c66562bcfbae4a8fce030a337c9503eaf7744a0ec5a3aeca,3,1,0,0,0,0
ConditionalTeacher25,8,20260927,194,blogs,21fc094822685d1b42829562e9b20fc04500bc9ffe43ac0caaf104448e242180,2,0,0,0,0,0
ConditionalTeacher25,8,20260927,195,blogs,99dba9a6a0e3d175783facc4da880a998e55a6ba3191f9e797e333df760e04c1,48,1,0,1,1,1
ConditionalTeacher25,8,20260927,196,blogs,9c80a57bf0374f50d9139dde80c889481b2fdf9f5e1f66e2f0dede2504e7fc11,33,0,0,0,0,0
ConditionalTeacher25,8,20260927,197,blogs,d6732e82c7c7c93932196cca218a17cc01d85c909e5c3a596ce816c8c176499b,3,1,0,0,0,0
ConditionalTeacher25,8,20260927,198,blogs,c329ccf68f3d1473f59497cd2ddeb670fa914c495cf411ba9cafb25a93a3d917,1,1,0,1,1,1
ConditionalTeacher25,8,20260927,199,blogs,3b84ebce6ba992d9e3dadeed4c7f7c006a25dbb0cc7d08f2d44fd0d71b97a2df,17,1,1,1,1,1
ConditionalTeacher25,8,20260927,200,blogs,c42b839afbb205b2384d1dd940a6e59e0a1f362d1c8ace78dddde19b54cf800d,48,1,0,0,0,0
ConditionalTeacher25,8,20260927,201,news,39689551a658251ab71594ed7115c7a6509428446424c987ef0334f4e1259cf2,41,0,0,0,0,0
ConditionalTeacher25,8,20260927,202,news,6c2ecc04f145627cf6e3af34bbf5fceab3446b954aeb6d2cd83bc149efeee194,12,1,0,0,0,0
ConditionalTeacher25,8,20260927,203,news,f294c79166f854531a597096235f35d4b90621bd2f1e6c1a36bfe2a7caa6c144,33,1,0,0,0,1
ConditionalTeacher25,8,20260927,204,news,1a66f0288092379e7c51f0169eb3e0aee0a661d07e1c3cae13f925c8e58ac0e4,14,1,1,1,0,1
ConditionalTeacher25,8,20260927,205,news,ca147c951ee4d9853546c34222eed78802527f4887856cd2889ec07a345d7ce5,15,0,0,0,0,0
ConditionalTeacher25,8,20260927,206,news,839e8f0cc656dd3309e4dd0144311fd085253962f1976a46ed9512608f19c2af,15,0,0,0,0,0
ConditionalTeacher25,8,20260927,207,news,37ad009ab98fd6a08ca9c0f908964a8e4d48070a2b1a95f160564e77129f44fa,8,1,1,1,1,1
ConditionalTeacher25,8,20260927,208,news,f78e73021a8caef1bc4e6c5f91f0e1da70aaf340c6b7934383b441f2acb63b44,5,1,1,1,1,1
ConditionalTeacher25,8,20260927,209,news,0e66323d8a74c4a0cbc1cc636b10af05c0e4b1d5f0c292d173d9ba8dd631f354,52,0,0,0,0,0
ConditionalTeacher25,8,20260927,210,news,d823d0c6826a6086c07837b8b036ff2d50385575f290b3819667e1a10f821493,20,0,0,0,0,0
ConditionalTeacher25,8,20260927,211,news,4fae3c1054dbe16a575cadd9751ac2f041699c12fcc82d694f84aecd55924d2d,12,1,1,1,1,1
ConditionalTeacher25,8,20260927,212,news,861cf299c1c71a57e4d6df354d502abb6a141bd5b898a80075a0061ed593626a,14,0,0,0,0,0
ConditionalTeacher25,8,20260927,213,news,2a1cfd24662a05e21a6c424c5596896e1e849e72e0350d176c4594c175ed6b3c,3,0,0,0,0,0
ConditionalTeacher25,8,20260927,214,news,02abbfee4ecb9712806b34f90968f8ca0bf1879fd88f601a90ae7adcb0e6712e,11,1,0,0,0,0
ConditionalTeacher25,8,20260927,215,news,4c44ce85b112b78e0dd597b040cfaeaba8389a76a5cbcd5d9cea8a2d9a76780b,6,0,0,0,0,0
ConditionalTeacher25,8,20260927,216,news,c8a428b6be6f1549d9a18da4fdb08bbd464801a9817516283c0d7f1630bbffe2,24,0,0,0,0,0
ConditionalTeacher25,8,20260927,217,news,646077b12ef792901090b66ed5252595010e1c765fed1db784bf60d80b2a88b7,4,1,0,0,0,0
ConditionalTeacher25,8,20260927,218,news,54584530ecb30860adbb367cc94c8b191e75dde863942b9140fe71b653393e20,10,0,0,0,0,0
ConditionalTeacher25,8,20260927,219,news,144ca05566dd24f560b15b10ca2c972157001d5edbca186ef1fe1282f095aa57,14,1,0,0,0,0
ConditionalTeacher25,8,20260927,220,news,e4928570ac166b05d2c0d2c972359b12530aa8a4a4c4a740ee7e0b47b9830f2a,39,1,0,1,0,1
ConditionalTeacher25,8,20260927,221,news,5f95e525324509c46723ab472dcf0774885b260f53ca88dcde746c4e4dbf6e13,31,1,1,1,0,1
ConditionalTeacher25,8,20260927,222,news,28eb0c6c3f4ca7829380954075933745835cafad3213297117ae208557e3a2b4,3,1,1,1,1,1
ConditionalTeacher25,8,20260927,223,news,116018768100217f6dd4602cbfe1bbc9f984a0995184125aaf534cc4e3c02ce6,5,0,0,0,0,0
ConditionalTeacher25,8,20260927,224,news,74afef640a8ed3d4f81b202dd5c709962ff35e59d64611c6a3664e958bd2657b,15,0,0,0,0,0
ConditionalTeacher25,8,20260927,225,news,fa5593f7c18481c876ea98d640194154c73a228e380bb0866da5c84f08192406,21,1,0,0,0,0
ConditionalTeacher25,8,20260927,226,news,c45b0eff06db86efa4bafb956f1067864fd56b76b36070c495224c147bf4eafa,25,1,0,0,0,0
ConditionalTeacher25,8,20260927,227,news,1ddbfc8f4c1accec06540a7fb736a07af895a1c94a91a5e9859d26c91c9d6966,18,1,0,0,0,0
ConditionalTeacher25,8,20260927,228,news,6c3cad1556b7e83c07251cfa4de64c231d1ac17e5947bb5097ac3defb6a0647f,15,1,0,0,0,0
ConditionalTeacher25,8,20260927,229,news,c34774d56b228e4fc9c4f199ade1c835628d0738134b7bee7d00c169e6c716b3,36,0,0,0,0,0
ConditionalTeacher25,8,20260927,230,news,b7fc5d7c188768e544f34bfb6c778758335fe0c557d5aea0e9afa66e614d7441,28,1,0,0,0,0
ConditionalTeacher25,8,20260927,231,news,5da581c2742ad2fcd1e8419d98b57e7f05b774ca3117e5e31379e4122555fc90,7,1,0,0,0,0
ConditionalTeacher25,8,20260927,232,news,3716bd14c457d7c87865150d23fcfae71b98fe678b64bdfca1e916c6ba3d2967,25,0,0,0,0,0
ConditionalTeacher25,8,20260927,233,news,6bb9d51f8283f9bc67d71f02e3550bfe3b4898a1926a6c28621b624fbdbc5e72,31,0,0,0,0,0
ConditionalTeacher25,8,20260927,234,news,b37171009697f46f3e536bd1cd7b4f693bb79682e5bd19a4efee4a1ad47cf74a,7,1,0,1,0,0
ConditionalTeacher25,8,20260927,235,news,bdee0a11fda5eed2e0e46ef128d02422b536a091fa35255f6cf793b324f760f2,24,1,0,0,0,0
ConditionalTeacher25,8,20260927,236,news,3dbcba6a0e5c5ff8c8b61723f7a238e47f19bdf87f30208a7e00e311a9ccef29,49,1,0,1,0,1
ConditionalTeacher25,8,20260927,237,news,8c0fdc0b410bdac1604ab0393009f32bdcce20c061339f6695a3ae83322ccaea,8,0,0,0,0,0
ConditionalTeacher25,8,20260927,238,news,5671840d29f8ed528fa0b588f190b94036a96e5c8f3df2b2d143182821db9a5c,3,0,0,0,0,0
ConditionalTeacher25,8,20260927,239,news,7994ef125c9fa26c4ef445104acca367da1af670f36f62278bad67f2be0e5c2c,10,0,0,0,0,0
ConditionalTeacher25,8,20260927,240,news,4e719bb5eda6c6c6b49c93102ecf609b160317b5b276bb4ae02d172eb1fa7755,11,0,0,0,0,0
ConditionalTeacher25,8,20260927,241,news,cf6aefe72ec3b0a537a839b2c17d197c1babf6e73378f5c2524da5978ef3cf0e,7,1,0,0,0,0
ConditionalTeacher25,8,20260927,242,news,774cf0d15caa1b45c16bd688a862c35fa6198d73b69a784b5f5ada6343c8f8f8,27,0,0,0,0,0
ConditionalTeacher25,8,20260927,243,news,b3df094efdb01fd8c751037bf3bfa87d58cc6a009bb5fe59bd53d93e67848878,4,0,0,0,0,0
ConditionalTeacher25,8,20260927,244,news,4e1595f4a4005b7f2b28df5c15e2e26a19db54562fdd2539825d32654605af3e,7,1,0,1,0,1
ConditionalTeacher25,8,20260927,245,news,42b599e0bcf2d6a628c306cfaebd4343df6d6144bcd4b2d843612007f9c8e734,6,1,1,1,1,1
ConditionalTeacher25,8,20260927,246,news,cd2f346bd065aa18e6cfb84285bb7b8dbc10cb9cd84b750e58e3e7522d73cc4e,32,0,0,0,0,0
ConditionalTeacher25,8,20260927,247,news,f2f53e2249e1dfad8feea717d37e94e2e581dfc135135584259a1e616b879ed4,3,1,0,1,1,1
ConditionalTeacher25,8,20260927,248,news,4fc2f16b0fdc86b4be4e1d255ca818417a8ae2861aae8fe7bbf44959954e4b09,32,0,0,0,0,0
ConditionalTeacher25,8,20260927,249,news,12c8f76c7f8dc2f8b327d8664cec9e39c3eeff9f48d0893438db19881ca7a806,5,0,0,0,0,0
ConditionalTeacher25,8,20260927,250,news,78e68eb1bf28d10b5cc120a673dab18929a2e1f5c4b10c755f72b70fb33de64a,3,1,1,1,1,1
ConditionalTeacher25,8,20260927,251,news,1bdc2b39bd2b59782b1e047db91d07cc060213095d6624b1b218ec437b5a29dd,9,1,0,0,0,0
ConditionalTeacher25,8,20260927,252,news,ab3f5368470b8af96538041ca153f157191b36603b2c1839c3aa20cd2dd9c7af,10,0,0,0,0,0
ConditionalTeacher25,8,20260927,253,news,e1d3a9a2e2218a7dec19f789543169e2e3de735fe189fbeb92b3b8678976ba8e,70,1,0,0,0,0
ConditionalTeacher25,8,20260927,254,news,bb9ff2e5ee1c68c385818dee12530169ff1f64f97caaa5c9a11330c740a7e1cb,23,1,0,0,0,0
ConditionalTeacher25,8,20260927,255,news,30e043e791e0ec9367a3827077433d98bf5c9879c7b604a2226af614f7da9728,20,0,0,0,0,0
ConditionalTeacher25,8,20260927,256,news,0331fc2936e46ab649f06baed71821db53e7e44b69fd5d2267f6c72cdfab26f1,60,1,1,1,1,1
ConditionalTeacher25,8,20260927,257,news,f9cb0ccef9080b10d5f8c7e67a749935be30804298056361c663e78e5380d3e4,6,1,1,1,1,1
ConditionalTeacher25,8,20260927,258,news,459f3683c0af47d6b24df0aa3ae3c5d19ba8ca1f97915dabf46a3d5e9b10d67f,56,1,0,1,0,1
ConditionalTeacher25,8,20260927,259,news,4f070648b67f58eb808415dcc2ab1d2ddc63041070b4df6fd84d3d4e4246a7d6,8,0,0,0,0,0
ConditionalTeacher25,8,20260927,260,news,ed33a9ed9b76ba9439010243d04f123de12adfbe78ee243e0109975dca9a3e23,37,0,0,0,0,0
ConditionalTeacher25,8,20260927,261,news,56775191a039dbb699f1efe02cd92fc3f8317b370a6ce813b11d66a8f6a2887a,3,0,0,0,0,0
ConditionalTeacher25,8,20260927,262,news,a8e55d5d4606b80477a96fb831412ab2c33de776369983d30c42ba66aae4ba48,19,1,0,1,0,1
ConditionalTeacher25,8,20260927,263,news,e0e870c1c223833a2074950473e9b01112b66acd18d9504b14012ab08c095008,34,0,0,0,0,0
ConditionalTeacher25,8,20260927,264,news,058c7954af51e5e79f522eb5a501a9b19786174b03d31ddfb020ee3c8b9a2241,1,0,0,0,0,0
ConditionalTeacher25,8,20260927,265,news,b77f2c064cfa1a3389045c89d6dce3e9780cd33141457e776b78f2881f8a07d6,16,1,0,1,0,0
ConditionalTeacher25,8,20260927,266,news,f51c265bc6b6d9cd99d8c32d92de5d693e273b8c1131fc068fddfbdd0ad489b1,25,0,0,0,0,0
ConditionalTeacher25,8,20260927,267,news,3fde210eac279ef4508c6253126251fe376fb94671ed68c0b9035afb36b1a900,1,1,1,1,1,1
ConditionalTeacher25,8,20260927,268,news,af0eff7d74c50f90ce4380ad3b0b09dc2b1e85a9d773ce785645437d7e4c243d,12,0,0,0,0,0
ConditionalTeacher25,8,20260927,269,news,b24d75fccc88e23ebad8e6d5ffd98a5c90660f98c5de1d0a96a479ee3c414709,20,1,1,1,1,1
ConditionalTeacher25,8,20260927,270,news,e8431d7e2aca0c332bdb4fb12a3437627ea9bf8d3af729818166a5599e4e05dc,67,0,0,0,0,0
ConditionalTeacher25,8,20260927,271,news,2158c8ec63f910c2464e23c47eef690aef01bc75a2c0b28912de38d1eb72ff90,3,1,0,0,0,1
ConditionalTeacher25,8,20260927,272,news,fe70a797f900a43c80d0f6306a83eef1d349b1ab30fd4cec815bb5457ea3cbcc,7,1,0,0,0,0
ConditionalTeacher25,8,20260927,273,news,41015826a600daf9196a1aa0d162ad3c699954e16b886bdd40820c6cbe1f67be,11,1,0,0,1,1
ConditionalTeacher25,8,20260927,274,news,eb38b7bfb699d3c8aa31af7df2a403e183f02209b4279a14728cbe3fd617bcb8,14,0,0,0,0,0
ConditionalTeacher25,8,20260927,275,news,10ce4a884e0495a64aa4627e5edb3b2089d5fe54b0bbca86741f7dc94acdf3f8,2,0,0,0,0,0
ConditionalTeacher25,8,20260927,276,news,25a2744f7c7fe940870b7ef49440cb63437aa6be04505aec212e8a4626a3ab2c,24,1,1,1,1,1
ConditionalTeacher25,8,20260927,277,news,ae6a0271bbfcd565a855457e1d392aee06bc5a354e63e1d1d36b5e652f1110bb,1,0,0,0,0,0
ConditionalTeacher25,8,20260927,278,news,4c11b8777c73e9ce54766448a43fffb9ec2413b65bdd2440607dd8a5b92a7aac,15,1,0,0,0,1
ConditionalTeacher25,8,20260927,279,news,90d2061a65f5d0652113a62d18ebcd036fb99af8f38c0e8f0ea4e714307d3f76,1,1,1,1,1,1
ConditionalTeacher25,8,20260927,280,news,24942e614c5d526e7741bbd4b7965fced9d3b3479db57abb48a94712d2d35c90,25,1,0,0,0,0
ConditionalTeacher25,8,20260927,281,news,9fb28038c0781f639166bac66e6dd67672d78250f8e90eeae31bfb81dd8e6ace,3,1,0,1,0,1
ConditionalTeacher25,8,20260927,282,news,0c380c53b2851423fc5203119a957e4ed478c7f1fee32afae8887d79bd82c2ab,11,1,1,1,1,1
ConditionalTeacher25,8,20260927,283,news,3bd1b13f117dd481d63762770b22acc58100da8311ffb8e3f303a0599f8f45b1,21,1,0,0,0,0
ConditionalTeacher25,8,20260927,284,news,521877de27a539807a4a67e901a22757fbe8bcd95c0d282b19e4e0b6069c7f9c,19,0,0,0,0,0
ConditionalTeacher25,8,20260927,285,news,aa9e11819eeb739f488911ff9746c6d997eee7b02f413b2d346d3c4403ffcc11,1,0,0,0,0,0
ConditionalTeacher25,8,20260927,286,news,a71d4ea1b06a05c22fcf0e74ff7f98b5aac6a770133ad86ac9f09780dbda233e,31,1,0,0,0,0
ConditionalTeacher25,8,20260927,287,news,d52c8a2db321e01934e287ff413008837b3ca412a43430a1caf029000d3b8957,12,1,0,1,1,1
ConditionalTeacher25,8,20260927,288,news,50aed777704d8ad6b46a0884da82037c97dbb9853f0f087b15635e737c21b456,6,1,0,0,0,0
ConditionalTeacher25,8,20260927,289,news,b12490ca02ebb3223554d092b3366ecc308eaeb853ddbe996ba1197eb6a09d15,38,1,0,0,0,0
ConditionalTeacher25,8,20260927,290,news,744e3bf841548dce8f8cb6bc3d679db7501efc3fc1dfbbda6a0518237936d39e,23,1,0,0,0,1
ConditionalTeacher25,8,20260927,291,news,c60f2bbb0be3c8922e883ac3c9bf964b19f303027626a9632f18f84ab709098b,29,1,1,1,0,1
ConditionalTeacher25,8,20260927,292,news,8eacca2f0496df7ca99ad5c739232e3120454c8f34985a8837cb4a0c96128a82,36,0,0,0,0,0
ConditionalTeacher25,8,20260927,293,news,908241db5e3aa99ec85e6f06621a212a47cc434f44a2043fc901f50cf1ac5c5a,25,0,0,0,0,0
ConditionalTeacher25,8,20260927,294,news,8e999cc1b5d3c43fa017fb3d373d633adba728926a2d01eae0c05614e4b83e11,17,1,0,1,1,1
ConditionalTeacher25,8,20260927,295,news,1fe35ae8f55e3f01a97fbfe0f7969ea3e168bf8d331c0b2fab93446cda82b705,21,1,0,1,0,1
ConditionalTeacher25,8,20260927,296,news,e2c4266fcc6aab7b6d603c2ffbf7767e273ed22118debf3aa48ae832e5d050d9,3,1,1,1,0,1
ConditionalTeacher25,8,20260927,297,news,9181036b17982a4481215a72f27db6b306fbbfcb552af74b64b1b880485ff409,25,0,0,0,0,0
ConditionalTeacher25,8,20260927,298,news,7ce78cc37b45ac0e7ce2b3c02fc352c0a7c3733001f25945fbddddac49bca33e,26,1,0,0,0,0
ConditionalTeacher25,8,20260927,299,news,d03c55a68c2e0b83f9efc4cf6918536785a7839f6a281c6a219ced081c0558d1,17,1,0,1,1,1
ConditionalTeacher25,8,20260927,300,news,30f9c8bd931ee8b516a42e35a4cc5bdc081037f88dac1a28f55cb65b117f44be,5,0,0,0,0,0
ConditionalTeacher25,8,20260927,301,news,ecf67d80dd2b669b371d575896019d0f9c44815bc1cdaaebefb8fd73ab83a3a3,14,0,0,0,0,0
ConditionalTeacher25,8,20260927,302,news,6872a7585d41e0c343ed57560e83e9f9b3bbdadfa5716f127c9573b4f77e4f4a,16,1,0,0,0,0
ConditionalTeacher25,8,20260927,303,news,da005c11de5373fbd3c1b27950518656556e66c1fdececeee105b0de71f7183e,10,1,0,0,0,0
ConditionalTeacher25,8,20260927,304,news,7f9ed6116dc3ccca188b22bbd121848805e3e6c0280e9bf0faa4d0d72ea94eab,14,1,0,1,0,1
ConditionalTeacher25,8,20260927,305,news,098c69117b8881e56d058e8fc6b29d9c017f12ef3f55cdec9600fef0686337b7,1,0,0,0,0,0
ConditionalTeacher25,8,20260927,306,news,3e90153b6c55a74f72f4805d5b35e74a7176b561502cb6f601aa5c19555612ad,12,0,0,0,0,0
ConditionalTeacher25,8,20260927,307,news,4ea26a8abb5eb600ca358cdbb8d965a39b172db8a82187b9fdffc05078a04e6c,4,0,0,0,0,0
ConditionalTeacher25,8,20260927,308,news,9c7c01565b3472a352b333f8df678db211956321d35604d528fef38a494be67b,16,1,0,1,0,1
ConditionalTeacher25,8,20260927,309,news,bfce216ebb64ab7b37aaa1ad2ec6930d76944bddbb59599c7271e3235f76c5b1,2,0,0,0,0,0
ConditionalTeacher25,8,20260927,310,news,a637ac5d25eed8e246172972466e0d3912c04cd1727c1fbd187b04a39cec57f8,6,1,0,0,0,0
ConditionalTeacher25,8,20260927,311,news,871db16bb3649712406373bde33de2f9b2e70809cac90ab89aee8e7a8965007e,55,0,0,0,0,0
ConditionalTeacher25,8,20260927,312,news,04955e59e44c3d1fe568ad784c149fd27cb07c8951039910fe850170b3a5f7c9,2,1,0,0,0,0
ConditionalTeacher25,8,20260927,313,news,27d047ef104b9c698c32eb137aad6579d18acdef310b0d6e32cea34c114152cd,8,0,0,0,0,0
ConditionalTeacher25,8,20260927,314,news,a5a03e1b6dfaa5c72e856c47f83077d7bd8e9eee9b525d8b7d9b55d88c66a1bd,14,0,0,0,0,0
ConditionalTeacher25,8,20260927,315,news,282b3eb9a4a95f5bdaf1dea6cbcde775ec85edf2dde99b5e7976a6f3d5ed92f9,6,1,1,1,1,1
ConditionalTeacher25,8,20260927,316,news,f7a5ccdda258e974e83fe9f104198c9f5accd26baf72e040e130975e6992b5b7,10,0,0,0,0,0
ConditionalTeacher25,8,20260927,317,news,f6598d7e48476f99679c5f1f7c192238d0cd5429b44fa780c54477867db0e109,27,1,1,1,0,1
ConditionalTeacher25,8,20260927,318,news,359d4444be2889d954000a7ab74ac3dd0147a0f04c61fcd71435e6ea51a92728,4,0,0,0,0,0
ConditionalTeacher25,8,20260927,319,news,6e0bd811c023c67ac39a75d263bf61379bc87cda9c6d6e94b8bb64779c337af2,21,1,1,1,1,1
ConditionalTeacher25,8,20260927,320,news,aa24099cad7b67a065888d588754adaa691f018cc6689350f30653d56ce3d73f,20,0,0,0,0,0
ConditionalTeacher25,8,20260927,321,news,239259695c52c86465507b4ef59edf4c9a9c2f0395508cede1f19385724ebf60,26,0,0,0,0,0
ConditionalTeacher25,8,20260927,322,news,8b539b4fb5c53fd3c0710eb1b96869ec52862b093fa2697969d9175392c9f9fb,5,1,0,0,0,0
ConditionalTeacher25,8,20260927,323,news,84a5a50565049300800edc1acb556c2463c23040a7d89f3b0890b6812d339149,3,0,0,0,0,0
ConditionalTeacher25,8,20260927,324,news,46b859be6ee7509dd423d6040eb320b6f3527d819021d3bb31f0ce6145622138,43,0,0,0,0,0
ConditionalTeacher25,8,20260927,325,news,5741bc44e322a87b8a92fa9f6e1e67345186c2a2fe4cd2d146a026015f08f88c,7,0,0,0,0,0
ConditionalTeacher25,8,20260927,326,news,7aa3e7997cf19aeb21f2325f177d3ba95d637bca8bcac03720a8925eb530bbba,26,1,1,1,1,1
ConditionalTeacher25,8,20260927,327,news,ca9fd4227b451efa0901592488ca295a6246a1df18bf4969c7fe63db67bef064,10,1,1,1,0,1
ConditionalTeacher25,8,20260927,328,news,326ee4a1e2932b2fc5b804f37b674a354f113b7c75370272449b56ca4337d46a,2,1,0,1,1,1
ConditionalTeacher25,8,20260927,329,news,4a494f2ad85e8f721de807f3044c2c35a33a042c0e8337ec1fc1049662e6bdf9,13,1,1,1,1,1
ConditionalTeacher25,8,20260927,330,news,ec4a5af7a407d1e1083797269b92315f2943da4bda5c4ae8faf063d61f5193e9,27,0,0,0,0,0
ConditionalTeacher25,8,20260927,331,news,be1551997cd535f0fdb95b6f4c9ea852de6821b2e7019dc7ab31ed0629abfb5b,7,0,0,0,0,0
ConditionalTeacher25,8,20260927,332,news,2ab9093119e75ec17bc2b2e29930b84e0b148f9a6f3838d217aa1d69aaf3bc66,14,0,0,0,0,0
ConditionalTeacher25,8,20260927,333,news,a42d16131885950be14af6ff27a3c7efb3ff00e0a8fbd92f2858dcad75f1d560,29,1,1,1,0,1
ConditionalTeacher25,8,20260927,334,news,d3fba8e9f1b4cc752b0ab821a3434912789a307ecd7f5acd7ee6a3c07f3d31f9,1,0,0,0,0,0
ConditionalTeacher25,8,20260927,335,news,54606765b718f78152128075fc52868c39c213bd94b822a868d42dfb01b5bc2f,14,0,0,0,0,0
ConditionalTeacher25,8,20260927,336,news,3d5a72bc3f832a91487057e3d1a4bbb71493cb3e8939de994fb537223ac7245c,5,0,0,0,0,0
ConditionalTeacher25,8,20260927,337,news,56db48bbc02e1488cc6623b86bd8f31c1867aa5cc5e76cf66d1323ed89aa5f6f,19,0,0,0,0,0
ConditionalTeacher25,8,20260927,338,news,a1d91be882ba2ca416f10727852d629e1c2cb2db52bd8a9f4b6b48dc92081227,53,1,0,0,0,0
ConditionalTeacher25,8,20260927,339,news,a9de33bddac7a303fac0f61166a7a93eb2d9c832ed52c93c19014c40250942ab,15,0,0,0,0,0
ConditionalTeacher25,8,20260927,340,news,6e5fca00f1ae3f9a18e52f998ade26f0202971b21caf1d6c5ac5e72da8f2f358,28,0,0,0,0,0
ConditionalTeacher25,8,20260927,341,news,e84d7f07137c81199ceb14d3930fb7f712a1c46413c70ee1401aa557e2ba92b6,6,1,0,0,0,0
ConditionalTeacher25,8,20260927,342,news,b56cbfcb7ae80af748d0690193249ca39bb60d61522df623498dda785d151440,14,0,0,0,0,0
ConditionalTeacher25,8,20260927,343,news,ed1ceab8259a13d2ec375d58ced706564f999260f4686bf0be542acfb669e338,15,1,0,1,0,0
ConditionalTeacher25,8,20260927,344,news,d09e0e132e5c20cf282974ef756d4b00ebca153fd991da659c27a8667ff253e1,8,1,0,1,0,0
ConditionalTeacher25,8,20260927,345,news,5a1878d44cdfd752bda49b63a48529b18ff7c754da32e73e58cf214c1e6cd988,22,0,0,0,0,0
ConditionalTeacher25,8,20260927,346,news,255336bef0a5777e79a0dfbdeb91e8ddef900e280dd375f65e130b960c3848c5,5,1,0,0,0,0
ConditionalTeacher25,8,20260927,347,news,433393233fce9ceb95b581cad00c6e960ffe364364a8bdc6251088d5493b406e,13,1,1,1,1,1
ConditionalTeacher25,8,20260927,348,news,57d94905fad1678a861dfd95010ab2cd0eaf033a73bd388f99214b3c50901a93,24,0,0,0,0,0
ConditionalTeacher25,8,20260927,349,news,c1e43e0533e2849ea181116e5d599d709adda0f5c6858a6e75ccb5d14c5eecf1,10,1,0,0,0,0
ConditionalTeacher25,8,20260927,350,news,07f146942fd4f89aaadfa640ff86b28e878e572ff15834cec63f5ababe42a020,32,0,0,0,0,0
ConditionalTeacher25,8,20260927,351,news,2e075e9b5fddf44a34a0869d57a9420e0feef661a06d38c97261702d49686a0f,22,1,0,0,1,1
ConditionalTeacher25,8,20260927,352,news,c8d10be22d466d31056637c04dc569d87a1a9170d678f0292b333273c1dc5d83,11,1,0,1,1,1
ConditionalTeacher25,8,20260927,353,news,36ac85f0453c73fa5f2f0355eb882e92d1fc531ad42f4c3e29236498be475676,1,0,0,0,0,0
ConditionalTeacher25,8,20260927,354,news,1b615d4e9211a5670e08a0b77e88f95e58df65c15953200d7c8d3c7a6079a39c,8,1,1,1,1,1
ConditionalTeacher25,8,20260927,355,news,b271833adf6e606ecc00d7599e50846565465bdb39900e88b909d7ff98177005,10,1,0,1,0,1
ConditionalTeacher25,8,20260927,356,news,eb88a29ef37d63e94d103d32596a17756540558a0bcf8fb1a46b21042c45f98a,6,1,0,0,0,0
ConditionalTeacher25,8,20260927,357,news,88ebfbb1c53b99af5e32ddc5c1013ad143d2fe44ed4afd5c9aad468ba8a30737,2,1,0,0,0,0
ConditionalTeacher25,8,20260927,358,news,1af4e751b6c8b3708eb57c5a696639286c5cc8b4b48cde282fe7c4829def3dff,1,1,1,1,1,1
ConditionalTeacher25,8,20260927,359,news,8fe6ec8437c27cb0aee85ecfac83832269358a6ebd7c5c84e057269eb44e457d,23,0,0,0,0,0
ConditionalTeacher25,8,20260927,360,news,33f717ad8752ab87043eda3bf852f68119aecafbd6ed1e495a83b87edd839e58,23,0,0,0,0,0
ConditionalTeacher25,8,20260927,361,news,f86c6898db9e94f5324a7b3fabf6757cb32edb1bc4071e635a0aea61f46e4c5e,12,0,0,0,0,0
ConditionalTeacher25,8,20260927,362,news,e32253463a8348535c8c047764caa30ea92066fa252eee025a95f90900c9a3a2,35,0,0,0,0,0
ConditionalTeacher25,8,20260927,363,news,686d39d3049efad3a4c1d1276e3c97828cdc0ed431a02f04c14e2566111e6c8c,19,0,0,0,0,0
ConditionalTeacher25,8,20260927,364,news,85d0f5300ad457e0bc817cda083e3d15d80e7795382cc68523262089467a89d9,4,1,1,1,1,1
ConditionalTeacher25,8,20260927,365,news,0d6b71940dfd03b2e4325ff659ecc5682b2ec19c211af34cf704e88d089124cc,3,1,1,1,1,1
ConditionalTeacher25,8,20260927,366,news,29b02305f0712bc88c8c1261d4c87ea1bf5ba4e03bc3f8ba64f9fb3003c73853,3,0,0,0,0,0
ConditionalTeacher25,8,20260927,367,news,e74c1ea6cabae975f113e906efb668afea9aeaba8ba92dca189dc50dd014c2ba,3,0,0,0,0,0
ConditionalTeacher25,8,20260927,368,news,c42f645b0dca494476b9066cdce860105260306027efc4c39075f9e3d9563df4,8,1,0,0,0,0
ConditionalTeacher25,8,20260927,369,news,fc564631bebbda3cfa7a3627290093ab4a0f6b40ee48286780be872ae191e0fb,23,1,0,0,0,0
ConditionalTeacher25,8,20260927,370,news,ac9a1cbd4806de503c2f09f61741a66674c08ffe26151de782d0ec5a34aec06a,7,0,0,0,0,0
ConditionalTeacher25,8,20260927,371,news,c8b85cfc9bea2b281a6fb4d736b31e1ae09a21ce5fd9446ae208966b8eaa9fd3,2,1,1,1,1,1
ConditionalTeacher25,8,20260927,372,news,ab9fd156d7fca2d488ff69394f14580cb9f19094ab9362d5cf7fc739ebd95593,7,0,0,0,0,0
ConditionalTeacher25,8,20260927,373,news,86ef91a837f26c60a094b0f94a496fba30d09393ee01a1fab51aee4af7cca0d1,14,0,0,0,0,0
ConditionalTeacher25,8,20260927,374,news,c0b092feca32a6e5fccee245d1490df3337d12fbc9316a6b22a314829d2c91d2,21,1,0,1,0,0
ConditionalTeacher25,8,20260927,375,news,a634b5a0f50b7adb72c92bdb593386468a7274e809ae981207c6e64f2f801d36,23,0,0,0,0,0
ConditionalTeacher25,8,20260927,376,news,3dee073e693ec7cc66e83c22a7c70c75e16f85074882fa236bb9ffda291c1e39,22,0,0,0,0,0
ConditionalTeacher25,8,20260927,377,news,58bdb7708399bc629cf254f381ba55bc3a8e7adeea136de75440494b24cadf88,1,1,0,0,0,0
ConditionalTeacher25,8,20260927,378,news,c32ccd38d3685b6aed19f7d133e08d8a4bdbd6f81183fb50f759138fd92ba5ca,34,0,0,0,0,0
ConditionalTeacher25,8,20260927,379,news,8be47da154e2f9cd6d7d4457a565045d1c066df5ef74bf30b53c9fa0c7e88a03,3,0,0,0,0,0
ConditionalTeacher25,8,20260927,380,news,f9915c5a956811312db5d37823a700a2ae56756da3ec13538c2b673b48b77555,12,1,0,0,0,0
ConditionalTeacher25,8,20260927,381,news,1eb694dbe7867ce934be7c9b3587a71f361b7b8451e881f8e6b828b88333fd89,19,1,0,1,0,0
ConditionalTeacher25,8,20260927,382,news,88684643f90ef38fe7193f14c65ae5a718e484968c707a5ef25073f8dd68fce3,60,1,1,1,0,1
ConditionalTeacher25,8,20260927,383,news,a6825354d2eec97c8ec5af281c3e8ffb8d8d8d1b79fda38cf2d090111b929572,1,1,0,0,0,0
ConditionalTeacher25,8,20260927,384,news,fc31b76770d45bb6edf3a2d261bcd4e1e607a8cfdc6fa01042753364297e4907,3,1,1,1,1,1
ConditionalTeacher25,8,20260927,385,news,9f49b5c70ba25f6143128ae546aaccc82bb16458882334b8b31f2f4822e921e1,27,1,0,0,0,0
ConditionalTeacher25,8,20260927,386,news,cc4cac49b2fa3a54ad87d0bfe66e9af25ea6dff9593f772ada978367c9c2195b,19,0,0,0,0,0
ConditionalTeacher25,8,20260927,387,news,167a7a8d42de7964f3b67bce94140ce4c328a06ad649a91a4970945638056555,9,0,0,0,0,0
ConditionalTeacher25,8,20260927,388,news,93b7fa846956a2a6f0047c1160bf4b816ea84b328f324607005a86c7782e1510,9,1,0,0,0,0
ConditionalTeacher25,8,20260927,389,news,ca672140801740fa7e44ccb50cf3d62fedde66c3a5920ca1d5f3d8f7a911757a,5,1,1,1,1,1
ConditionalTeacher25,8,20260927,390,news,09104adbbf177a82e40cd474f07579ce08cddba2cc227bcd2cffa96f9f4d89e1,2,0,0,0,0,0
ConditionalTeacher25,8,20260927,391,news,d516d891abce8f32f976c0d236d0119d3febe3291cf8be64d26fb417d7592c85,5,0,0,0,0,0
ConditionalTeacher25,8,20260927,392,news,f3413e35de07bfd9f9076f1a158e5543ec7ac734d404122088009c8189ee8f9a,15,0,0,0,0,0
ConditionalTeacher25,8,20260927,393,news,de57ad01097c4cc7f5470453b943e6145ff69e2bf1b79d1e536d53d93b84b04f,2,0,0,0,0,0
ConditionalTeacher25,8,20260927,394,news,b5dc2f7788c74acce6e43c045174d96d2e7b70f4cfef5c47d92ee53874b5bb71,14,0,0,0,0,0
ConditionalTeacher25,8,20260927,395,news,1c5d35be79b538775e698f89355b94f0302377a7c61ce779379e95e859e707aa,17,0,0,0,0,0
ConditionalTeacher25,8,20260927,396,news,4e972432a73c7ae0453cb19a81e36627db0998bf107a674ddbec36741d6e64a4,20,0,0,0,0,0
ConditionalTeacher25,8,20260927,397,news,d059e8e226e0b25d55ccc60d3aa43a4e8a9b58cfcc56cf14632d0df3b6cfdcb9,7,1,0,0,0,1
ConditionalTeacher25,8,20260927,398,news,3ef46b5cb40d754b49c3295ee42a0e355a320570bb0d098bd2a3a3056b515030,2,1,0,0,0,0
ConditionalTeacher25,8,20260927,399,news,a874f75209440bb071a191dd05a161a87ccd784eda42e7e7de864f56b055ca0c,64,0,0,0,0,0
ConditionalTeacher25,8,20260927,400,news,f09f9938da425a316e51b810e49e8b3689991ed7ae8f56fbd0462d3181cab1d8,14,0,0,0,0,0
ConditionalTeacher25,8,20260927,401,twitter,0b47768892825fbb67c0fd7ef034fc3d9ca4f538935f2982b8cfa060bb474e07,1,0,0,0,0,0
ConditionalTeacher25,8,20260927,402,twitter,8fd775c6e85956b3f4a903f04670274c0ac7c81ec4c6a57ef1b32a479576eb28,3,1,0,0,0,0
ConditionalTeacher25,8,20260927,403,twitter,6d0eb2bc6cd35b877206783f8a9d46ce8e6854d59ffd3ea0ebc0f7f0c5d016d8,10,0,0,0,0,0
ConditionalTeacher25,8,20260927,404,twitter,a2f919a254bf1060d6ba5683957881bab5d921361f013c7ccf6bf0f3455a58bd,1,1,0,0,0,0
ConditionalTeacher25,8,20260927,405,twitter,6b223ce5d8317e398914df3c836084ec5fd28ec4e2b994983e61068124d5643e,4,0,0,0,0,0
ConditionalTeacher25,8,20260927,406,twitter,8dd3ec4c63741630d204ea20918c325247e8ecf771582957f344e17ab44c71f5,1,0,0,0,0,0
ConditionalTeacher25,8,20260927,407,twitter,5e899337393186e8ed1e694fbcfccf82c381e789269f0182772b15b23132d6b0,5,0,0,0,0,0
ConditionalTeacher25,8,20260927,408,twitter,5e5340f267f7ed5adb97466d7fe894182ef7d2ade66e21a8339b1da7787aa041,1,1,1,1,1,1
ConditionalTeacher25,8,20260927,409,twitter,8b05e8104c7cbcf50536ccd7809004fa0f0ef1341417388f897f0e9135117e15,4,1,0,0,0,0
ConditionalTeacher25,8,20260927,410,twitter,7a2c752e9e7b7d5e67149eb28068708a707147c15b85a36023a3abd9910c5bbc,2,0,0,0,0,0
ConditionalTeacher25,8,20260927,411,twitter,029f5c904bd5e63a18f20627dcf5260615e4af823d78a2714601241fa1d67eb4,16,1,0,0,0,0
ConditionalTeacher25,8,20260927,412,twitter,aef988fdbdaa2416fdbd6100ec3653760887823522b2e87f9fe15d6adf0f3e70,13,0,0,0,0,0
ConditionalTeacher25,8,20260927,413,twitter,47def72de0a8f62d1b4d368e445713a891bfecfd7f6ac8135f89bf88c8e23353,2,1,1,1,1,1
ConditionalTeacher25,8,20260927,414,twitter,c65112d871aeeb9cea3f2a2e3fd90a84222c76ff24372ed803ff78d07a20f438,2,0,0,0,0,0
ConditionalTeacher25,8,20260927,415,twitter,54b37275012c471849cf7d7455e478896528f847d9d1d32968f0de2b56dc83f5,1,0,0,0,0,0
ConditionalTeacher25,8,20260927,416,twitter,087ba0f7951cc7195bb4169f9c932fd5c8b5abecbc61fc278c24e00c9389c79c,4,1,0,1,0,1
ConditionalTeacher25,8,20260927,417,twitter,164a11f5c4eaadf5025afe2b2b8e69eb86e0f295b652be86b0a6180380a5add2,3,1,1,1,1,1
ConditionalTeacher25,8,20260927,418,twitter,de484d1a367742db5a086161221548330995b48009bfa01f7b349a31e6677e71,4,0,0,0,0,0
ConditionalTeacher25,8,20260927,419,twitter,e27d061a9966141efe574ee1ae8bb18f7318bea45a774d7aae95abecb6e66ab7,3,1,0,0,0,0
ConditionalTeacher25,8,20260927,420,twitter,4a6765978046e9c4850f7e8fb9d02132599e460f072aeed3e98bc7eab8e8435c,16,0,0,0,0,0
ConditionalTeacher25,8,20260927,421,twitter,1cc09e9cc0e35f18f40f3a44acb160180b3e4764cf1f5f5e79f382fb09bf87f8,5,1,0,0,0,0
ConditionalTeacher25,8,20260927,422,twitter,f0782c28633af696b2c95fdc39ac801ea6d0ed9974c2f42c3687f797f1bfd949,19,1,0,0,0,0
ConditionalTeacher25,8,20260927,423,twitter,907e30acec6c5233c0baceeb249232d72349f9428a46b0bad3d009aaeda3b3a1,2,1,1,1,1,1
ConditionalTeacher25,8,20260927,424,twitter,15a694e4ecbd03c6af7426bd2479b0387a9537518934f5fb783427718b9fd6e1,8,1,0,0,0,0
ConditionalTeacher25,8,20260927,425,twitter,32c967e2dddb9aadd1af7caa33cbdc9fbf0a4dbc33f86d6d621eff83ade288d6,10,1,0,0,0,0
ConditionalTeacher25,8,20260927,426,twitter,18d270872e130060a88fc80188c622b62e7707f8f87c1dce65c4c2a0a5e1bbc6,18,1,0,0,0,0
ConditionalTeacher25,8,20260927,427,twitter,6242214577b7b93e50ca579e4fa48ef52f8fdd602ba68e4f0995347e744d6c42,3,1,0,0,0,0
ConditionalTeacher25,8,20260927,428,twitter,5fab691f77dab0137f546ba241171d9d03b69686730374f0263a2f173e2c3fba,3,0,0,0,0,0
ConditionalTeacher25,8,20260927,429,twitter,e1cba0de4783d6012d270111f1191b9de9d61d7d2bec52c1f06d21e0850febd4,11,0,0,0,0,0
ConditionalTeacher25,8,20260927,430,twitter,715271246d5b36d0029a645b743b1a497f4009810e7f1e7e02c1442b04e60512,5,0,0,0,0,0
ConditionalTeacher25,8,20260927,431,twitter,0096640d99e82bedfd928a55f580fde2a62e08529d898101658ef36d8b1f5e61,8,1,0,0,0,0
ConditionalTeacher25,8,20260927,432,twitter,77072aef2a68cf6f7437596e2f59493519aa1d3a3d53770725713ccb2d701e99,4,1,1,1,1,1
ConditionalTeacher25,8,20260927,433,twitter,e92e0de20685f8d42a5e4b3a1e74cf3de49003fdf6a81a403bc0e7a56a318dc7,5,0,0,0,0,0
ConditionalTeacher25,8,20260927,434,twitter,69ceb18c129dc3fad662a352aaca19394fd4936989367a93b6de3aac1d02fba3,15,1,0,0,0,0
ConditionalTeacher25,8,20260927,435,twitter,c9dab0edc4e2e7d1a91c04c2747899eb19f3eace28c784b0d00bb55c950003a4,5,1,1,1,0,1
ConditionalTeacher25,8,20260927,436,twitter,849c1806bf1003397468bdd9be908d450e35ace05d6d4aa0a59539c638431891,5,1,0,1,0,1
ConditionalTeacher25,8,20260927,437,twitter,a9d12d98e173f7ee6f07cd2834c479412ed1de60886e89acd05745f10c5d76d9,9,0,0,0,0,0
ConditionalTeacher25,8,20260927,438,twitter,73446818523bcb270e7fc25fb89b4ec943787c839b487af464f18bbf4435cf0f,2,0,0,0,0,0
ConditionalTeacher25,8,20260927,439,twitter,e04ffb8d24175bc8b3982a774537945dea69da09acd3c7a4a7e6a112452df1b8,5,1,1,1,0,1
ConditionalTeacher25,8,20260927,440,twitter,9a50654db7add54463b163ffd2e9f9ae9b36dcf64f79f939dc5df57ee954860b,2,1,0,0,1,1
ConditionalTeacher25,8,20260927,441,twitter,596f8891b928fd990c3607aaffe8ff1c028c870dcd43bb2e6316a932fc973d60,3,1,0,0,0,0
ConditionalTeacher25,8,20260927,442,twitter,30f4b358af21cba366ce0b70738123c8e026f35ddfe92a89a8ae17b0d1a6370e,7,1,1,1,1,1
ConditionalTeacher25,8,20260927,443,twitter,e09f9b84f637d3f3f82d70b3dd25b31ceddecda3fe5f8458b54007b2ac7497d1,3,1,0,1,0,1
ConditionalTeacher25,8,20260927,444,twitter,1a59b452ab38e1e96e55849b11a4342460627a0cb7bc99786ead879bbe6ee5d1,5,0,0,0,0,0
ConditionalTeacher25,8,20260927,445,twitter,2e6c8e2e2bf78b35c331df3d1d94877d89e886579e82e1ac062a2f79e377f6c5,1,1,1,1,0,0
ConditionalTeacher25,8,20260927,446,twitter,8ce4fa11d077eda6a361995955957c6f9e4bb4af8c3ee36b9d435cbda6db3642,1,1,0,0,0,0
ConditionalTeacher25,8,20260927,447,twitter,b763d50745423912f217d11f5bf30bf666b1f222195bdd3c8d91ac8cd4357407,5,0,0,0,0,0
ConditionalTeacher25,8,20260927,448,twitter,27e9eedfbcbade73ba5ab6c12df81a3251a7e0a6f2c30f2287f0fd06ce80d85c,2,0,0,0,0,0
ConditionalTeacher25,8,20260927,449,twitter,6eb24b76a189948eb35c131de3337b1ea7012fed2bf47185b7988eed377a8c52,7,0,0,0,0,0
ConditionalTeacher25,8,20260927,450,twitter,20c7c7bc30bd60a01d2fd4a4d2de33852e9902ec01d99a328175b7c1971ae3b9,9,1,0,1,0,1
ConditionalTeacher25,8,20260927,451,twitter,ffd515ed396479c10f200d076f4fbf51cdf7cf9b89840f5d108d60b894e0ee4f,14,1,0,1,0,1
ConditionalTeacher25,8,20260927,452,twitter,c1b7df5e4e62b185eeac3e1fa9321cffb7c68347f97644314ff5fb6333b269cf,12,1,1,1,1,1
ConditionalTeacher25,8,20260927,453,twitter,7193190bd2c58c2dd45199aba8751257f0a4b568e0fc56e5edb7e43807a65839,2,1,0,0,0,0
ConditionalTeacher25,8,20260927,454,twitter,4bd8331747eb0c97c07dceab4cc049b10d06d426189d13c5dd4a0f0042b1e1ed,4,1,1,1,1,1
ConditionalTeacher25,8,20260927,455,twitter,8c884dff6169d2432657b44e4c7cfc6fe101db71a6a3d07c823ce59f380c1576,2,0,0,0,0,0
ConditionalTeacher25,8,20260927,456,twitter,2ebb6b9ab4bbf7a18d817d0c6902832d2005d7bcb58ba5915420fc8e4123eab6,3,0,0,0,0,0
ConditionalTeacher25,8,20260927,457,twitter,573d7b7581b6a512cf256304d98c5a7bb0d064806feeeb113ba2f7dd1684332b,6,0,0,0,0,0
ConditionalTeacher25,8,20260927,458,twitter,1c37da36a39985cb148ad33eb52a0db5dfaa7c6039edddbfc33abab431cc1185,4,0,0,0,0,0
ConditionalTeacher25,8,20260927,459,twitter,1232df9cf6c5d77f894526a90fa024f3f771b99e91d9db96b521b30b2bc5ed76,7,1,0,0,0,0
ConditionalTeacher25,8,20260927,460,twitter,4a15c246c8d18eaf83f76290ca735a86a419a9a451dcc68ed7f98d0fde488993,13,1,0,0,0,0
ConditionalTeacher25,8,20260927,461,twitter,b49c1c93243d63b1e694f9a778bf6a132e291af506a4c9c6facde4ad265c9160,1,0,0,0,0,0
ConditionalTeacher25,8,20260927,462,twitter,5edff1dc1c7844917052c1eec7994a3f418db36946c7e552b1d61fef0c7d4ffe,8,0,0,0,0,0
ConditionalTeacher25,8,20260927,463,twitter,0097402d392a71e678d1d1098ae0b8470961838f2ad5f78040aea1b23c7f8985,10,1,1,1,1,1
ConditionalTeacher25,8,20260927,464,twitter,4cd7e4c5d7ffe8f0863c8b4beb6876380f77ed01c16a144ccf73171b1704cc7e,6,1,1,1,1,1
ConditionalTeacher25,8,20260927,465,twitter,0e9ad447f1f34f842bcf450e067d21f8de1345d751fab1212b37fe7a13921916,8,1,0,1,1,1
ConditionalTeacher25,8,20260927,466,twitter,2ae021839b8040aa9e97ca5d5afcb1e39b0ed4ab15687a1062b2f49315cd52b0,3,1,0,0,0,0
ConditionalTeacher25,8,20260927,467,twitter,4ed0a5e8a75b31ecac6317f52d4f6e9cbd3b1232a34fa0c68866c127ec5fc8d6,20,0,0,0,0,0
ConditionalTeacher25,8,20260927,468,twitter,5648c1cf7abfbff23aa2bed46e62883d1f096af0836ae019033ef97071cadc90,9,1,0,0,0,0
ConditionalTeacher25,8,20260927,469,twitter,9f89ed27fefcdbb774707a5064550c3e1d74a22a437d3a976e43d4e4a85cd005,10,1,1,1,1,1
ConditionalTeacher25,8,20260927,470,twitter,844014e0d5cf653c9655e44c539c57a9b57b69b456b3f162cc18d010f6ddc3e3,20,1,0,0,0,0
ConditionalTeacher25,8,20260927,471,twitter,5456dfa2912bf9814134ba5e54a7ecf4abadb0c2f405b94e1cde65d43e84b727,12,1,0,1,0,1
ConditionalTeacher25,8,20260927,472,twitter,3b004760a9f5a5820611eccf11683979fb0edce7b97b3730182ec720651f45c3,12,1,0,0,0,0
ConditionalTeacher25,8,20260927,473,twitter,9a0b03c53e996a8462b25c035cbb2d91ae6c2658e2a1565552ea7d61193af8b6,9,0,0,0,0,0
ConditionalTeacher25,8,20260927,474,twitter,c03c05b1749b3705ce9aa552cd3045e7bac5c5acb8596b4a296e07e3c677a093,18,1,0,1,0,1
ConditionalTeacher25,8,20260927,475,twitter,edc2c7cace52cbd3b5b4487038f89727ab41a1842cc0a5e965c27af9b00a61f4,8,1,1,1,0,0
ConditionalTeacher25,8,20260927,476,twitter,776a2b80f2df32d8056da1dcd290b94e36fb5696d03a8da1899bd1271032d7cf,1,1,0,1,1,1
ConditionalTeacher25,8,20260927,477,twitter,62c0c31bd5486646650ce0673e187fcf397ecc3149f7f40d57dbc03c83207bd1,6,0,0,0,0,0
ConditionalTeacher25,8,20260927,478,twitter,f7c9f62d7b325db4e05fe08ebf3e215ab1d438021b9a05a39d28cb2b5b8089cf,18,0,0,0,0,0
ConditionalTeacher25,8,20260927,479,twitter,d155d301343f2b4fe16d9aea8fbd1126cfe3c6743efca89ea07cc4c389c75a66,2,0,0,0,0,0
ConditionalTeacher25,8,20260927,480,twitter,60e10f866dd869f20f3214be7f032fc25c87645c968ce40219f02772dba757b8,10,0,0,0,0,0
ConditionalTeacher25,8,20260927,481,twitter,ec985e4eb1f0f18f5f0c75ce7eb1faf2256034a00031582f6817b459d609ccee,5,1,0,0,0,1
ConditionalTeacher25,8,20260927,482,twitter,c4a135f43c2cc222abfa7581da354db3f8ef029b86c68fe961a0f724b85c024e,7,1,0,0,0,0
ConditionalTeacher25,8,20260927,483,twitter,a359c6fa23c3febf078d2ae7ac8e8f51b46223479f5985985cc1a4c62839858b,2,0,0,0,0,0
ConditionalTeacher25,8,20260927,484,twitter,81355f13ef38520a3fa175c45fccb1ebc2e82c7fcda5b5a05f217bfc294d8475,1,0,0,0,0,0
ConditionalTeacher25,8,20260927,485,twitter,a4bdd01162b17a2c16752bf7f219bdd51bc5fc5fe4f64aefe67c93797b3e71ef,2,0,0,0,0,0
ConditionalTeacher25,8,20260927,486,twitter,6db5dc9936c01346136cd881631e4b62649fd8b450f6fced13c36a352ac52d77,4,0,0,0,0,0
ConditionalTeacher25,8,20260927,487,twitter,2fad8a15418d25b22dec6baaf6889f0fc55101d26a0f2e5dbeaf138c3207bfb6,1,1,1,1,1,1
ConditionalTeacher25,8,20260927,488,twitter,8bbcdc15912ef984386f14a7da9d78a9c7d343749bc75174ed4e2dbee3e3193b,7,0,0,0,0,0
ConditionalTeacher25,8,20260927,489,twitter,8e6d2bd4724e2927294f5d7cc3560667f1cd8ab69c50db55c277d91dc684dedd,4,1,0,1,0,1
ConditionalTeacher25,8,20260927,490,twitter,2aeb67f9c66ec2016aaae4b7ef195e6d7e3e32e0d582fe1999cc89db9957c26c,19,1,0,0,0,0
ConditionalTeacher25,8,20260927,491,twitter,f6fe7cd69758db5f74fceae387d304d775aab0dd02693680a441bd4bdf70c4d7,9,0,0,0,0,0
ConditionalTeacher25,8,20260927,492,twitter,b5d038ee1d021fdb3e3fdb568923af29b0cae566fe01aacb8d38e8ff1588e712,1,1,1,1,0,1
ConditionalTeacher25,8,20260927,493,twitter,ca8eda6a19c613fdf790a05ad0ae945985b525cd0b76f8f7d4ee97510b7ab93b,10,1,0,0,0,0
ConditionalTeacher25,8,20260927,494,twitter,43173392e4d9887970a17559f031851046bb021f40fe65c66d4e7ab01f930b0a,1,1,0,0,0,0
ConditionalTeacher25,8,20260927,495,twitter,8db7e24b2544417634594a52281091052da8e582dc5dfc585db143110de765c7,3,1,0,1,0,1
ConditionalTeacher25,8,20260927,496,twitter,5d23efa303e9328c4721917665efb9b78e212583d6b4b9e6ce9291cefa985043,6,1,0,0,0,0
ConditionalTeacher25,8,20260927,497,twitter,a6af6422531a26b73cd526c789021a1880cfb6046d20c2326a8ed91fcd00def4,10,0,0,0,0,0
ConditionalTeacher25,8,20260927,498,twitter,ac829c81fe972e398922092ea11733f8848fd31646a9c71d42179f6f277973b3,5,1,1,1,1,1
ConditionalTeacher25,8,20260927,499,twitter,213bdde73989a9f3ed4bfa69b17716e231dd80000d8fbc6a52f261633d956afb,2,1,0,0,0,0
ConditionalTeacher25,8,20260927,500,twitter,bd33e6d883de2fcc643bbc003faf4df5bbf7636a56908319adeb2cbe64a93da5,10,1,0,0,0,0
ConditionalTeacher25,8,20260927,501,twitter,f27410e33b324619c296874c215e6fac43ba3f0f7e761cc95556f71fdcec111d,2,1,1,1,1,1
ConditionalTeacher25,8,20260927,502,twitter,c94404d008e17b7c25cfce6430a74d1d6126f8971c1fe59416e59b631bde4160,3,1,0,0,0,0
ConditionalTeacher25,8,20260927,503,twitter,285500729a4e2a6a2d2da10479c42f81391a9107a57bdf2cabf7faaef5b92076,3,1,1,1,1,1
ConditionalTeacher25,8,20260927,504,twitter,81ee1a6ba057033baac61937c5aa5ebe5db567dcbc1d6cdc1ffb0f75d97d07a6,7,1,0,0,0,1
ConditionalTeacher25,8,20260927,505,twitter,199d1f09a54eea11a3b242bf34abe38d8e9772bc0578bfde17869abe078d0974,5,1,0,0,0,0
ConditionalTeacher25,8,20260927,506,twitter,373407d9a381c0760c1c15ad0635c4c8eed5ed001f7b9a03a18a38b86981a2ee,1,0,0,0,0,0
ConditionalTeacher25,8,20260927,507,twitter,902a53b84eb9475b3d7ee8d68a522b3f738eb5da100aff7f7bb1f6763261afa0,6,0,0,0,0,0
ConditionalTeacher25,8,20260927,508,twitter,1998877dbefed5ddbb500723704541f7a48c148d6d7f1ff9755ccfca78647eea,2,0,0,0,0,0
ConditionalTeacher25,8,20260927,509,twitter,852d549c03e0bece7f94512b3aa895152e795e9da14d1bf1f51fe83bc4fd1358,4,0,0,0,0,0
ConditionalTeacher25,8,20260927,510,twitter,7e46f8a353f81ac241ec4ce43b1eb4f897a4dc4fb27070a67b87f0ba162adbe2,6,0,0,0,0,0
ConditionalTeacher25,8,20260927,511,twitter,ead5d850634654e9dfaaf39fc44be7c3c5d325402692f7294c4c1f6487043fa1,5,1,0,0,0,0
ConditionalTeacher25,8,20260927,512,twitter,47466196cec03da35d16b7fb818aa4737acfee31df16a0da00a9f27a75c97884,6,1,0,0,0,0
ConditionalTeacher25,8,20260927,513,twitter,a82e5755238a3d58ad57fa8c679400ea519673cf5475930905806fc2f3bf1f78,1,1,1,1,1,1
ConditionalTeacher25,8,20260927,514,twitter,46726648c6730dbd983b22f838f92ee33917036fc1462af7db2b6c142cdbad6d,1,1,0,0,0,0
ConditionalTeacher25,8,20260927,515,twitter,4bd4d66e4dab5afa7571d2d3e76eb4573903a97c29f417c3c8b4b7141b9def6a,21,0,0,0,0,0
ConditionalTeacher25,8,20260927,516,twitter,31ba39017ad7153b3cc9de47dbf5a7b071e48d9d83b293fbbb3500cbc7bcb835,18,0,0,0,0,0
ConditionalTeacher25,8,20260927,517,twitter,a65a90740755f4dc78afc8e1090b2fc2141126006c8c5713907147adc62144ce,2,0,0,0,0,0
ConditionalTeacher25,8,20260927,518,twitter,0477c7dce52fce657dfd40a3fbc5dc8cb5c8479e1449298b5f536a3161a72dfd,13,0,0,0,0,0
ConditionalTeacher25,8,20260927,519,twitter,deb6e618ead2a07270f3d145195f4e6cdb0eb0a094ed56e6dc5419904dc58470,21,1,0,0,0,1
ConditionalTeacher25,8,20260927,520,twitter,67faeb2b306e292e8770b1c04d8df55781b0d95443537b8add19d1960defbf86,24,1,0,1,0,0
ConditionalTeacher25,8,20260927,521,twitter,6d1e24c3edbe49ea6f526e615a679294616467ce9e8c1599232afb9013acc8b1,6,0,0,0,0,0
ConditionalTeacher25,8,20260927,522,twitter,921902a0a48b56c8ac2fb720f69d96499a321463b6efe39254dd6c8e70b2ea05,7,1,1,1,1,1
ConditionalTeacher25,8,20260927,523,twitter,7461d185d85fa4d987fed4cefea3ae41d7adc9b64d89e8daa2e65ed99ddbbd37,4,1,1,1,0,1
ConditionalTeacher25,8,20260927,524,twitter,5da4794e5d908d18fff019e405d814de8f53298fd38a72ead9eb521f9af0e1da,4,1,1,1,1,1
ConditionalTeacher25,8,20260927,525,twitter,11feebcaead082609623d2bd79b976689c010bcaa714db53ccbba5027db0244c,21,0,0,0,0,0
ConditionalTeacher25,8,20260927,526,twitter,6a7f0edc32ff3c62b62d379140f878c7a32602b8cc759ad334c478cd811e206f,8,0,0,0,0,0
ConditionalTeacher25,8,20260927,527,twitter,40378766252c3541dadcc2be4c3f1db80b86441a3f7c7b6821ccd55fe0f7688e,5,1,1,1,1,1
ConditionalTeacher25,8,20260927,528,twitter,93263e2696ca8851f6401c570e3067cd1f3fa90987b9d28782987a200b175dd7,5,1,1,1,0,1
ConditionalTeacher25,8,20260927,529,twitter,e547023248d55a72e5882a23afbbdb7ecb145abbc042972a5b4a1e7c286b5c97,1,1,0,0,0,0
ConditionalTeacher25,8,20260927,530,twitter,f74372cd86ff9aec6e797461e37336833e89628a7961cbc8e6db1035f2ccfa5a,2,1,1,1,0,1
ConditionalTeacher25,8,20260927,531,twitter,c292c5da0a8aa4090089d9d97845f09b373bd1a4fab39ac64c8b2d50e15433e8,2,0,0,0,0,0
ConditionalTeacher25,8,20260927,532,twitter,dcc14d16f7054c2c367dcd0c6a87c15f5f0c15ae78e541d1269e7f7aaec62a40,5,1,0,0,0,0
ConditionalTeacher25,8,20260927,533,twitter,79fc16f082a53b70dcb5823d8e767a8d278a31d5b930d16abbf2bc865ab87a29,5,0,0,0,0,0
ConditionalTeacher25,8,20260927,534,twitter,bbd51ba170f12ab70463d6f1ac422424a8de8a3cb4c2fba12ac0806ad653de14,12,0,0,0,0,0
ConditionalTeacher25,8,20260927,535,twitter,bf720fb323cabe569fc0c729246ba69e710e10bef5c41350135b40b005bd5cbc,21,0,0,0,0,0
ConditionalTeacher25,8,20260927,536,twitter,33176fac8eb3c5980c8ce7a3a079403a7a92d0c429d04ac276999d3b9efcc40e,3,1,1,1,1,1
ConditionalTeacher25,8,20260927,537,twitter,b0a3eb688a9ed1792d3270d8877c4fbcfa817a5647ca04c01822e2af6e47bce1,1,1,0,1,0,1
ConditionalTeacher25,8,20260927,538,twitter,f55392584b9aa853d858c78bd07b84787d804e61d9ed02f4fc3806012b13aab1,14,0,0,0,0,0
ConditionalTeacher25,8,20260927,539,twitter,809e0ee79efc2f3a759933e2c0ba6316af226c07596a7b090ba4ae1c3793ea16,8,1,0,1,0,0
ConditionalTeacher25,8,20260927,540,twitter,bb450818aa1a7aa0956a4594d032b48f69f193eabb07232a8b4f7e822e43b8f7,14,0,0,0,0,0
ConditionalTeacher25,8,20260927,541,twitter,fe9aea0725a9b4f7f77ee9ca321331930c68150c8d7586189e84dac83bc98527,2,0,0,0,0,0
ConditionalTeacher25,8,20260927,542,twitter,59c8013c1df2516be4e002d7ee5dc36ff478a31814f9f385375a62c2af9af28f,1,1,1,1,1,1
ConditionalTeacher25,8,20260927,543,twitter,c70e91e99cf2912963ae14ea563d7f6a0f2cc9f2dc6421716e822c023904f063,20,1,1,1,1,1
ConditionalTeacher25,8,20260927,544,twitter,9a47a95bc12f2aa1939db2722ece91281ed34bc3cb5dc78c7d8683ac6b54459e,4,1,1,1,1,1
ConditionalTeacher25,8,20260927,545,twitter,9f596c8b340e5579121fe3cbf4ed65a7f06281bb559da4fcd1609c70202daf55,5,1,1,1,1,1
ConditionalTeacher25,8,20260927,546,twitter,5845c97b3512784107edf2caa483973f1c25fa58f3016bdfc5c8cc5c5c371ec6,2,1,1,1,1,1
ConditionalTeacher25,8,20260927,547,twitter,b27b3d0377cbcd6718d8c822aaf77a17ef393d6a4fcb941374d69e544f0c3575,12,0,0,0,0,0
ConditionalTeacher25,8,20260927,548,twitter,9f79e8c5c80f3aba95ada2f4aef6041b37939f57129dd1db1f2181fbd04e5042,17,0,0,0,0,0
ConditionalTeacher25,8,20260927,549,twitter,22fae40bf33210d9d9182fc2e0d9fa6af181892540d70a85ac30761b004fae28,2,0,0,0,0,0
ConditionalTeacher25,8,20260927,550,twitter,32f268119de2bd12e0346c67a845729dc776f86303b39ccb717e78cd398507e8,10,0,0,0,0,0
ConditionalTeacher25,8,20260927,551,twitter,c5001b759d4255d9d99249504f5825f7270277a69eb98950c0c660367ff87f0f,8,1,0,0,0,0
ConditionalTeacher25,8,20260927,552,twitter,d891394d05c619ba0126116ccf0a162175f3c43d2a2b8ff9c6c487250edbdfa1,11,0,0,0,0,0
ConditionalTeacher25,8,20260927,553,twitter,b95b34d913c70639530352536a33f9bf9060015b2be2c88d7b5c1c845269d754,3,0,0,0,0,0
ConditionalTeacher25,8,20260927,554,twitter,ac89f2a7955950ec02599105a1614abb3f4104367afa142be93471c1ebcc3ecb,3,1,1,1,1,1
ConditionalTeacher25,8,20260927,555,twitter,ea9917e5f5a88e57a6617dcf19ddeaddd5efff6900c5a6534023908de52f068c,8,1,0,0,0,1
ConditionalTeacher25,8,20260927,556,twitter,5d833968865957ff0f6ffb3cc7614be6eef69123047bbc7eb21449c8e2397322,2,1,1,1,1,1
ConditionalTeacher25,8,20260927,557,twitter,375c1b92f7b6b45aa92f099cd69c5bec185e26923f28c7603a7729d2f454fd17,6,1,0,1,0,0
ConditionalTeacher25,8,20260927,558,twitter,387723458c66e408b808eea48466bd2a4491a21256a26dae9182cf3d44129cb6,3,0,0,0,0,0
ConditionalTeacher25,8,20260927,559,twitter,8518ff3fb26573151335180001388035d15db267be49fbedc8a536ff4ddf13d2,3,1,1,1,1,1
ConditionalTeacher25,8,20260927,560,twitter,ae3cb31e730e8d6ff4a36774656af36b1ca5e587f54a9d94d476e03228593dc4,7,0,0,0,0,0
ConditionalTeacher25,8,20260927,561,twitter,328c9209a3de3fdaf822820e1ee5de94478fd62dace121ea1a6a98e37716328e,4,0,0,0,0,0
ConditionalTeacher25,8,20260927,562,twitter,326f3b0b39b9dcaf1d2cf9f3e90992436dcbc926df8e1d2eab7b4632ca4a77a3,16,1,0,0,0,0
ConditionalTeacher25,8,20260927,563,twitter,46ed9093252d808efd080738ac8b971774ff65d4855f1e9b1d9a724053e99cac,12,1,1,1,0,1
ConditionalTeacher25,8,20260927,564,twitter,9f74c34eec961cc2b0b8ae65dfa4a05dfdfc6791418be9fac80637c0e15583d0,11,0,0,0,0,0
ConditionalTeacher25,8,20260927,565,twitter,ccfabe1eadc855ccace4c88a4917ef55de6a7f146cf1e30a4f57aa6132087ec3,4,0,0,0,0,0
ConditionalTeacher25,8,20260927,566,twitter,c51426101d1a758badb57e27958db81cf763686f20d96d0fbc3ffba043a39ad5,1,1,0,0,0,0
ConditionalTeacher25,8,20260927,567,twitter,1d3c212f340ef54aa374be0ca0fd4b2f88e9cf01d7d452a071f091d4b995f5f0,2,0,0,0,0,0
ConditionalTeacher25,8,20260927,568,twitter,4af22471a3d09c919657f196d9db3d6bea1f5070cb6fab3bf2a20aa9aef9980f,4,0,0,0,0,0
ConditionalTeacher25,8,20260927,569,twitter,4be446364a169c258e081d5428cb43451f6a3f949a3d375a50e8d861727ad131,10,0,0,0,0,0
ConditionalTeacher25,8,20260927,570,twitter,8cc119a2b38be5497a86a0580cb8a34be3e60c7b859c126885ede12522114106,4,1,0,0,0,0
ConditionalTeacher25,8,20260927,571,twitter,284c2400932f5997114bfeda6f0c04bf2b4a7d871d4ec8195c83649a8ca05d64,5,1,1,1,1,1
ConditionalTeacher25,8,20260927,572,twitter,699caf411cea0da0dd2295781eb4539818da2a949c7c1302681f6fe17b36202f,1,1,0,1,0,1
ConditionalTeacher25,8,20260927,573,twitter,9f707829bf840b5bfe458637b67ab793ab1417bcd7655f788cbafb872c287af3,6,1,0,0,0,0
ConditionalTeacher25,8,20260927,574,twitter,ea5a7b1f00a68fbfbd9f755d72ead415f5ce81e2cd9dfb5bd1b2edee69ceac63,19,1,0,0,0,1
ConditionalTeacher25,8,20260927,575,twitter,0e42cf2f38a7260c4b2092eca7220f5d546ecfcbefc6af0b1bbbde8d6557d88a,23,0,0,0,0,0
ConditionalTeacher25,8,20260927,576,twitter,272fdf2f54872e1fe6db26455e88f76916b1c93d5bcb2d449fe589e4c01db54b,2,0,0,0,0,0
ConditionalTeacher25,8,20260927,577,twitter,67901d6851532497872fd5d5c6972be60cb47a7d292d0e0d8603fa6c296cc2de,3,1,0,0,0,0
ConditionalTeacher25,8,20260927,578,twitter,b9ea7f780b30fe7c7b813eb89aab943c6dbc96b0b1162a88b4f0b6e0702a8dc8,12,1,0,0,0,0
ConditionalTeacher25,8,20260927,579,twitter,6da19ab67fc77b38f51b37f338f5d9ef1147a4744188288c31b6993aa1d8a9de,4,0,0,0,0,0
ConditionalTeacher25,8,20260927,580,twitter,d0f9ae922f59da6f898a5a3252caceb48b7cdbb5fd45272512db53bd20594006,6,0,0,0,0,0
ConditionalTeacher25,8,20260927,581,twitter,ccc3f53a5c2bf415f223d7d08f6c5d98b4210903b0a4e5004fac4034aeb0405d,5,1,0,0,0,0
ConditionalTeacher25,8,20260927,582,twitter,061989eb4b6f043e6b703c545a41434606597ee5a333ca6cb23a0817f0c1cad3,2,0,0,0,0,0
ConditionalTeacher25,8,20260927,583,twitter,0147524498f6dcb7f6c1df9732d3db5bdd194c1dbe51d591b8b3e5139ca943bf,1,0,0,0,0,0
ConditionalTeacher25,8,20260927,584,twitter,cc0c913577f11e97b3814b51feda487a2334d3d424406075bd0fc517c7f664a6,3,1,1,1,1,1
ConditionalTeacher25,8,20260927,585,twitter,a0bbdb92233059108829c0e28d980428e110f66a0e8ffd39ce7afa742d09c5f8,1,1,0,0,0,0
ConditionalTeacher25,8,20260927,586,twitter,741f2d626df4f575e6e7d696afde4686117f08a5f2c4249020ffcd8bfd7e4841,2,0,0,0,0,0
ConditionalTeacher25,8,20260927,587,twitter,90de0b9bf908cce0650179964fd20ed72d13a26eb1dda59215f3b606899e96b8,3,1,1,1,1,1
ConditionalTeacher25,8,20260927,588,twitter,83e20cc4f51e11e49a754eb6faea5d4888cc5f90c72dbe7e3dc7dbb0e3162c59,5,0,0,0,0,0
ConditionalTeacher25,8,20260927,589,twitter,b96d2800bb083eca035544b0bce72eb11b2a87d29603cde9ba1f402d620305e4,6,1,0,0,0,0
ConditionalTeacher25,8,20260927,590,twitter,fd6506494e3f316c3b2eda02245b6f4562329d9cba728cf97d781c9a1035e0c2,3,0,0,0,0,0
ConditionalTeacher25,8,20260927,591,twitter,c563b541beccb4e46375d7b78233b7b595c9a8709a9370cfe4c33c30f86e8534,5,1,0,0,0,0
ConditionalTeacher25,8,20260927,592,twitter,370616af8584db52e81e96e840a0ff24dc7c1376825dfaba821586a6ceaef0c7,15,1,0,0,0,0
ConditionalTeacher25,8,20260927,593,twitter,6a006bee7a8ef46994e698dab791821ae894519158bac09839b9c7720982447b,5,1,0,0,0,0
ConditionalTeacher25,8,20260927,594,twitter,0ff7cdb2a6d5207e493f159f4831ba1c9bb2f34ab75304c94333523c20d86c68,3,1,0,0,0,0
ConditionalTeacher25,8,20260927,595,twitter,15ef1bcd3c9bd82e8daf1f10d502977edec7ff2968ad5926e2110b7ce29fb769,4,0,0,0,0,0
ConditionalTeacher25,8,20260927,596,twitter,48654f6b05fb402f5989d578766c2dd54dc40403e9a190b13a1301030a08ad1f,7,1,1,1,0,1
ConditionalTeacher25,8,20260927,597,twitter,5ff210c8884d0102a275475473c5cba0c0f2db63e45b1be91cd5778b90e7d79e,6,0,0,0,0,0
ConditionalTeacher25,8,20260927,598,twitter,183c48d7a2aab033ccd20104e819d38f67433097750771e7821c6e7961c87ffd,10,0,0,0,0,0
ConditionalTeacher25,8,20260927,599,twitter,55ea2cb0b59a864f950473104cc288ed311999fe5b9c195d5edeb7479d4a9306,5,1,0,0,0,0
ConditionalTeacher25,8,20260927,600,twitter,f1b5e9e6d6f733f94f78785c7b3acb329a53a736ebbc27d870531a64250b02e9,3,0,0,0,0,0
ConditionalTeacher25,8,20260928,1,blogs,f27ea2d29c7104c919b3db28c6665a75f06509e20abfce2a096f6bd7fdee17a5,3,1,0,1,0,1
ConditionalTeacher25,8,20260928,2,blogs,2e33f63c7626dbc369773847be674268e62ff845811d0f1a707abb82d030fda8,4,0,0,0,0,0
ConditionalTeacher25,8,20260928,3,blogs,3a5c23d72140c92c25f4fbd08b9ac0feecee320dc88c6ee630121fbb1dc7ba3f,5,1,1,1,1,1
ConditionalTeacher25,8,20260928,4,blogs,150f418fb152be9cb918f6a5cddb03c13ba3de68e7a2ad474b9d73f9888b10db,32,1,0,0,0,0
ConditionalTeacher25,8,20260928,5,blogs,379382c7ed6229fb6a69c6e7589b03d3240417a25dc4be8d5bfa25a7d0e6a114,20,1,1,1,1,1
ConditionalTeacher25,8,20260928,6,blogs,1a3d0e172a1fcc90d98522daac9c53c1add1ae3f5e1b59bfafdbaf7f15ea7e13,15,1,0,0,0,0
ConditionalTeacher25,8,20260928,7,blogs,b1bdb15784994402f4445749c82f4d5fa4972fe0ae3f775cd198f3db707ed5c7,36,0,0,0,0,0
ConditionalTeacher25,8,20260928,8,blogs,75ec673b2b31cde02d81eb99e409f3c60f43ed1afdb8d3477a01196e43e64dc7,10,1,0,0,0,0
ConditionalTeacher25,8,20260928,9,blogs,640a825583d8a72a7cd2175016d14e07d28d2bdd55709dbc8634270dfaec9da5,5,0,0,0,0,0
ConditionalTeacher25,8,20260928,10,blogs,91507145be5cf1fad2815adf342860b6bdac455d8db048b0374aa8c35cea72ae,24,0,0,0,0,0
ConditionalTeacher25,8,20260928,11,blogs,b72474f50716169e9748a2eb8e76b7ab5e47c06dda75b8e74db7920d216f09bc,15,0,0,0,0,0
ConditionalTeacher25,8,20260928,12,blogs,4e8895ae50463f9bb1588854743dfddeff57c6d568879614efeb3e276882ab37,4,1,0,1,0,0
ConditionalTeacher25,8,20260928,13,blogs,8334b4540dfa719754aa0de65ed2e2986c1843ed87663872cd9a57a7753146d8,31,1,0,0,0,0
ConditionalTeacher25,8,20260928,14,blogs,c32c3e1300b8358f8bf7ec24bd106bbef01d3579e2c273272d5efc7b145fa792,8,1,1,1,1,1
ConditionalTeacher25,8,20260928,15,blogs,41b8bc114e6a873a647502ff550d0b54a9f7fdb2fdb10bff657a8df21d400073,11,0,0,0,0,0
ConditionalTeacher25,8,20260928,16,blogs,b57186493fa3a2c547d996aa77e54272d923628b38b4516aea24441809f9338e,91,1,0,0,0,0
ConditionalTeacher25,8,20260928,17,blogs,6fda27b4519c3b1f949aa789fafd4633a2f4715428108f635f869b6f6abb47e4,9,0,0,0,0,0
ConditionalTeacher25,8,20260928,18,blogs,8e31aa2486bd2af28e15adf7c3e90c3c5b00791a9a32397ade5784dc34970532,28,1,0,0,0,0
ConditionalTeacher25,8,20260928,19,blogs,7d7f9e354d8330b014d1ef7c7cb1d9701045bc373464c2dff27577df2203228f,25,0,0,0,0,0
ConditionalTeacher25,8,20260928,20,blogs,32cd52cb54a0a85df0b971cd8c0dec12b0e8fca77376c9ed9eed5d52992e76d9,2,0,0,0,0,0
ConditionalTeacher25,8,20260928,21,blogs,3f11bb930af28be6636d3b7d33c9d93c16b75c68d23c735cac8a5f410b6e3565,5,1,0,0,0,0
ConditionalTeacher25,8,20260928,22,blogs,c3c80837aa0856c9606e04dcab979b22143dbe7815d5c469b05d365064138398,2,0,0,0,0,0
ConditionalTeacher25,8,20260928,23,blogs,f9c18fac0730e3adf3d480213575a4cbb220eb2947050930de7197229981d9fd,21,1,1,1,1,1
ConditionalTeacher25,8,20260928,24,blogs,3de6e4df992e71eb825eca79e7a59069fc50a064448f89979e471bcc3c22ba75,2,0,0,0,0,0
ConditionalTeacher25,8,20260928,25,blogs,cd672f6d7025d9ad0026cbba9bb3fe3ed6e71093ac88175f8ac2bc4e94f32a5a,68,1,1,1,1,1
ConditionalTeacher25,8,20260928,26,blogs,ffffbefc9a109669ff1a3ad2756ffb1b534daee5f90fa1162e36b37538116f43,2,0,0,0,0,0
ConditionalTeacher25,8,20260928,27,blogs,bf42c863d826b55a8070e1b8271fe6f2e04ddbc417207c1f1eb541701a91196f,15,1,1,1,0,1
ConditionalTeacher25,8,20260928,28,blogs,d67f3e27829d44de0441ec7eed10ea7e2c56c932e9f84f5bd174bd098965c994,14,0,0,0,0,0
ConditionalTeacher25,8,20260928,29,blogs,0989b5237eb48e59cad83dca5762b211d7ce5641230183f24ce883fe76205abd,12,1,0,0,0,0
ConditionalTeacher25,8,20260928,30,blogs,5cd9b83ec4ed2b0d02e2007d2c0408dba6b5ac9fc94263f469660eb274c34f1b,23,0,0,0,0,0
ConditionalTeacher25,8,20260928,31,blogs,dce1fad10ecb15835e20e771fa9582bbfa84509f2029a76bc26617a09e82b6b4,46,1,0,0,0,0
ConditionalTeacher25,8,20260928,32,blogs,cf963c65aa4e6aec5caff27f73e21a65cd1c496deca38dead971f519caa4a10f,75,1,0,0,0,0
ConditionalTeacher25,8,20260928,33,blogs,eb9f5bb77c9a3c3e31f269b25b42f96b69b7430186e38f0867f9015ccaa73417,64,0,0,0,0,0
ConditionalTeacher25,8,20260928,34,blogs,bd8985b74110ad26e2fc4ca3546ed2b4395d03a592c0585c2d7de7e26f1fab49,5,1,0,0,0,0
ConditionalTeacher25,8,20260928,35,blogs,7cc50f2dcfa90fef70167174027dcc0a2745896138b6bca25927ca90a44949c9,28,1,0,0,0,0
ConditionalTeacher25,8,20260928,36,blogs,1c5951e89a7e0d1267c533d6451876a1334d82fe301be34c567c2f0ab8d99491,3,1,1,1,1,1
ConditionalTeacher25,8,20260928,37,blogs,b25f994e529814b9fdf2bb21c64f49575041399a9bbcac0b4eea0554023236f1,68,0,0,0,0,0
ConditionalTeacher25,8,20260928,38,blogs,7a3925616ed56a8b85d5847676ae5aa6555e924f9eafdd9a0c743f1a2e30b300,11,0,0,0,0,0
ConditionalTeacher25,8,20260928,39,blogs,7ed840123b75f79024bc8d1dc218fd0f321c243a4f61574d890d2d41b9ef8f5c,3,0,0,0,0,0
ConditionalTeacher25,8,20260928,40,blogs,352c4a5237c0f7936acfceaf5fcb6ad851c1ec3bec851f002f8f2afc631ec909,1,0,0,0,0,0
ConditionalTeacher25,8,20260928,41,blogs,d2060adc06b000c7a152cb9ebd9c97fc8482baccbb7d26a051b8c99ecedb0020,2,0,0,0,0,0
ConditionalTeacher25,8,20260928,42,blogs,48a8a3b3ef24a02d736f34936f68558dd17258253c096871ec4c33fd0feda660,1,1,0,0,0,0
ConditionalTeacher25,8,20260928,43,blogs,19d04f212bb0c9a83fc08d9844cccf7fa83000c4c8f5d5bf0bacd5a1bfdbcfe1,2,0,0,0,0,0
ConditionalTeacher25,8,20260928,44,blogs,7cc7aa0a9cd8c2f9e0ad4e8bdde615c25d284ba8b1ce1e13bc16ad6ea987bf57,2,1,0,0,0,0
ConditionalTeacher25,8,20260928,45,blogs,8af68e87d85431bd6bc7a862171855c16c0791857530d46d4dfec1deddc23696,2,0,0,0,0,0
ConditionalTeacher25,8,20260928,46,blogs,f4f91a0016cfe63d6bc462744ca56478e36afc5c906dfa42905d004ead7ac90a,33,0,0,0,0,0
ConditionalTeacher25,8,20260928,47,blogs,d5054b72c01dd6e1d22489654daa3ef8d380be567c39326fe54107968958b2e0,32,1,0,1,0,0
ConditionalTeacher25,8,20260928,48,blogs,bb30fe263c00366818d0e6d06bfd8e9569b764d3ccb1384e3a002358c31381ae,159,0,0,0,0,0
ConditionalTeacher25,8,20260928,49,blogs,d267074911573a6de4266cd018b5ff9d916c188df7e0bc04617ed99ed72e7548,3,1,0,1,0,1
ConditionalTeacher25,8,20260928,50,blogs,289ecbb05bd1df116b388dfce818a704ce3b45504536e71478dbb35484478a89,24,1,0,0,0,0
ConditionalTeacher25,8,20260928,51,blogs,27b71126ec92112afb54eb000137182029bfcd0ebc3d6dbd6cd6d9483e3a4234,1,0,0,0,0,0
ConditionalTeacher25,8,20260928,52,blogs,ddede43370fa553ae2705c278f52107fabdba65412378756953c6d27913bcf0a,5,0,0,0,0,0
ConditionalTeacher25,8,20260928,53,blogs,5918f37fca3c7089c9f83756790ef55fa02549c3383a53e67e7ec28401bb412b,46,1,0,0,0,0
ConditionalTeacher25,8,20260928,54,blogs,2a2c45f7d25bf1f3be66a95a02a88f42d3b03e2016e5bce15e735cc9c26910a8,43,1,0,1,0,1
ConditionalTeacher25,8,20260928,55,blogs,1b318a52a1fc587e9425cc21811759c771ea51381d41a018d6a4bd3d02cc45ae,21,1,0,0,0,0
ConditionalTeacher25,8,20260928,56,blogs,580589c89a508ed2f4b1766886ba623bec667f18bbb282189b3d36ecd412209c,2,1,0,0,0,0
ConditionalTeacher25,8,20260928,57,blogs,50b9d5391f73c1fe0c14b262ff5abeb64fa1e880491b3cdf9736900d8f29a7a3,9,1,0,1,1,1
ConditionalTeacher25,8,20260928,58,blogs,929846bf043468a80ab4f13004e997e29b18248e39cd61f60c2f2483e82ae9d9,2,0,0,0,0,0
ConditionalTeacher25,8,20260928,59,blogs,361aa83793b17e1cb64a7e78bebe2c9dde88d0751b7ef508242823501bf26cf1,8,1,0,1,0,1
ConditionalTeacher25,8,20260928,60,blogs,0ec1f7437566873287fb4ce2337545d15b04fc9859d7c9df732eaf3828b639ff,61,1,0,1,0,0
ConditionalTeacher25,8,20260928,61,blogs,8a408670d1fffe106c3249c50114ed0ee76b8aba4d1cea1ba97bbef380613c9a,26,0,0,0,0,0
ConditionalTeacher25,8,20260928,62,blogs,d3aa691ddc018a6d5fadf674929c511806af19a69aa261d8c173c0ea587b5c3f,48,1,0,0,0,0
ConditionalTeacher25,8,20260928,63,blogs,59d0f2409d827263bcda66b91fcabe32b1ef885a9550d6898df2a271a5ec034d,4,0,0,0,0,0
ConditionalTeacher25,8,20260928,64,blogs,c49d87c5affe4e36ae34217c03e51abadf80293b674c00e50068902705ba16ca,5,0,0,0,0,0
ConditionalTeacher25,8,20260928,65,blogs,769d17e744efc9f359f472b33b7eb105cfeacd41c8a520c02c0c4aadd552c805,31,1,0,0,0,0
ConditionalTeacher25,8,20260928,66,blogs,14fc8df07a8d53d992cd72761a6265695f6c1fdeced1febb4fa01fc775b2777e,67,1,1,1,1,1
ConditionalTeacher25,8,20260928,67,blogs,83a1203467cbe6489cac8a50d562ea477b423c9ebb81fd31272f9342e90ffc34,62,0,0,0,0,0
ConditionalTeacher25,8,20260928,68,blogs,6d5ed27525ca9d74933058c30ac43026dc1e3f55835b8ebe864d70b14add954c,20,1,0,0,0,0
ConditionalTeacher25,8,20260928,69,blogs,a84b2495026668563d2d2b80e26c295978500cb674de72c200fcd9aa5d99ab93,20,0,0,0,0,0
ConditionalTeacher25,8,20260928,70,blogs,f388cd77a4ea5c2114bec4dec6f7757e3b4fbae9eb400d8097f0d77d02748e35,185,1,1,1,1,1
ConditionalTeacher25,8,20260928,71,blogs,e950195b249e4732f401a15b796b714944447b9025203d3108daf112473e750e,19,0,0,0,0,0
ConditionalTeacher25,8,20260928,72,blogs,5ddc58f751c00ce74fe573241d6f045e9a5c1e0e56b5d4d43fb3f7a0556007a1,5,0,0,0,0,0
ConditionalTeacher25,8,20260928,73,blogs,3e691c6574767bc1494057f084358db0f018e395f8195813f147b4177033d5bf,67,0,0,0,0,0
ConditionalTeacher25,8,20260928,74,blogs,50c3f1c845a617b0e1552789043c90e959d925ed130f6f05de05d4c07d96a2b7,17,1,1,1,1,1
ConditionalTeacher25,8,20260928,75,blogs,4054deecb174f717e2fe6fe7bd4095a27d06200b8043af5b7d915eb985ef27a3,40,1,1,1,1,1
ConditionalTeacher25,8,20260928,76,blogs,e7e127780d035bd0c76f2ac65a8d93edc08d0bd8ee5b7014ad0f28d53b615cdd,4,1,0,0,0,0
ConditionalTeacher25,8,20260928,77,blogs,0999a671801d5c56c9233b675d4d7065e41fde5cde8dd4a5a64a1220029d3e22,29,1,0,0,0,0
ConditionalTeacher25,8,20260928,78,blogs,67220dc16dbbefd83c149fb4bd803213d89492cd5fc9f6acec32669b8f0253fe,19,1,1,1,1,1
ConditionalTeacher25,8,20260928,79,blogs,764597b8401ca8bd3f09abd8c82151731453da8f44bdc36f11bb4997b73165d2,25,0,0,0,0,0
ConditionalTeacher25,8,20260928,80,blogs,75fbc187e71ed80033bdace43c3626ab186cb429aaca32b6f08c9b1b0b8444b6,36,1,0,0,1,1
ConditionalTeacher25,8,20260928,81,blogs,cd15e561e7fc867b9c2e835e800154bd0be757e6d640fadc314f677476e5b7b5,11,1,0,0,0,0
ConditionalTeacher25,8,20260928,82,blogs,ae8bf5c69965afe9d176327f89b31a40337814b960d80ae01bc968dd46cc3349,1,1,0,0,0,0
ConditionalTeacher25,8,20260928,83,blogs,249ceba8002b87707e882c3b63b9feb25d5764164d7de7b50b6a4e442032994b,1,1,0,0,0,0
ConditionalTeacher25,8,20260928,84,blogs,088086dcb5715f8edea12bf99b220bd79151ef92d8d5639b9ce6ff2af750aa3c,17,1,0,0,0,0
ConditionalTeacher25,8,20260928,85,blogs,535e5a5dfe34014f1aa3060f920ac58e2b09d9acea67a8f520c8f578cbe60864,13,1,0,1,0,1
ConditionalTeacher25,8,20260928,86,blogs,69d90146172c7597139af760c5db39978c46da358088125d8d8018e407866988,26,1,0,0,0,0
ConditionalTeacher25,8,20260928,87,blogs,30a9f0776e80a74797c413ea192774c5b1e6e0e956f224b86e82f54713ec3e08,6,1,0,0,0,0
ConditionalTeacher25,8,20260928,88,blogs,f90f6dbdc4c899da2381c21acdcbcba25e82f0028d37b93e8e9c2b37b334b20b,11,0,0,0,0,0
ConditionalTeacher25,8,20260928,89,blogs,67a5c87095d7430d61a213350a487b0accdd17112ceed832ba93af6dc39b3e4d,3,1,1,1,1,1
ConditionalTeacher25,8,20260928,90,blogs,eb7d4242ad15e73cca7b4e53af9564d1a63b6a510e7a56c218d37b0d625547f8,65,1,0,0,0,0
ConditionalTeacher25,8,20260928,91,blogs,b8daf113cf9a3b6204e823218b188ffcbfa85bf1e8b8f9d229d75376f9be2ee5,48,1,0,0,0,0
ConditionalTeacher25,8,20260928,92,blogs,95124b3051baf8659f3adaebbdb44983593a0997272bee4d373b5bc38414521f,23,0,0,0,0,0
ConditionalTeacher25,8,20260928,93,blogs,282b497fbec0178811613bbdba5ff9eec0c1ee54a0094898833227e3195cc29c,12,0,0,0,0,0
ConditionalTeacher25,8,20260928,94,blogs,509296d7af69829fce10c4fd63587460123a0b8af109b6cb341c049eaba5f153,51,1,1,1,1,1
ConditionalTeacher25,8,20260928,95,blogs,a7b1855e998e5636d2a0ea7547dbefcac979b5cd94d74c0ecf03157e070feca3,6,1,0,1,0,0
ConditionalTeacher25,8,20260928,96,blogs,67a15e555ce8350272b10576f900f5bbf03ba45fcdc6732e5989f6021fd1c734,2,1,0,0,0,0
ConditionalTeacher25,8,20260928,97,blogs,ffc6a00a75bcc4917e4e5405de5b513c8567c6ff1c829ba5510ed5166a084c1b,100,1,1,1,1,1
ConditionalTeacher25,8,20260928,98,blogs,6bb422a226d7c6f7d2a40d30f944587021e16c54880bcf2b3e0743660ea40c56,23,1,0,0,0,0
ConditionalTeacher25,8,20260928,99,blogs,057f13ec60395b2844f2b28f3d1291cf3e85e1064f584ee4e0e2a85179a21d5e,52,1,1,1,1,1
ConditionalTeacher25,8,20260928,100,blogs,7313906fc7c18edc1cf436c1f991cd4fef7cf0778b3cd69a6e5b24f5aa353540,43,0,0,0,0,0
ConditionalTeacher25,8,20260928,101,blogs,97e5167a0cd7d3e8ca22727841a734bdb5bd80e62a3d8258538561178346eb78,32,0,0,0,0,0
ConditionalTeacher25,8,20260928,102,blogs,d79c04c6f0e22149c1c9006a42e3e9c7f9df76cb6e1390cfdcebabcbb51bb8a9,16,0,0,0,0,0
ConditionalTeacher25,8,20260928,103,blogs,4dd737184fc361b8cf976ef430f2dd21985f4e868137c42a996e8e3e695ccd95,14,1,0,1,0,1
ConditionalTeacher25,8,20260928,104,blogs,ac9a8a0d3cfe9c7bb2f3b752bf5c26ab3c69ed2f372c9839e4d8b1fbf6ed0331,2,1,1,1,1,1
ConditionalTeacher25,8,20260928,105,blogs,9dbee1eacb6a2dc2637f5fc3d44059ea4bcf626edc2c4f21d738ac16c883e40a,3,0,0,0,0,0
ConditionalTeacher25,8,20260928,106,blogs,62a099be03468391755a96421abbe0f9e5b0162d527f2962dcdadf8c95573dcd,16,0,0,0,0,0
ConditionalTeacher25,8,20260928,107,blogs,091877a1635d9a665633883b50bd5dc36bc5ca9e5585d0983bb1a29b4a8c3d1e,20,1,1,1,1,1
ConditionalTeacher25,8,20260928,108,blogs,9c8d9ad6fa9079fd13f306d57eee0dc27528927bc26c393dd88fe8a4394bd34b,56,0,0,0,0,0
ConditionalTeacher25,8,20260928,109,blogs,a891f0e31026aea17b7e618ecb1770f88745de47af609e61c3c463d370c1008d,39,0,0,0,0,0
ConditionalTeacher25,8,20260928,110,blogs,5d92b68393bbdb849fc1ebfad9c6b34cd6538758370ddc7ad3629fced60a5d7f,25,1,1,1,1,1
ConditionalTeacher25,8,20260928,111,blogs,74dfb95052a454d55132e41c8b4dcaef8477b01e8c7ab901d723b5f0e161b6e2,12,1,0,0,0,0
ConditionalTeacher25,8,20260928,112,blogs,8cd3930f92a0a8ebcb133d931ebe48117c56b2235e341a4583296c55f8c9e250,5,1,0,0,0,0
ConditionalTeacher25,8,20260928,113,blogs,30490f8f285188f117b5dc1339c3693c23a69819f1a0ee69322f604d9ec499eb,7,1,1,1,1,1
ConditionalTeacher25,8,20260928,114,blogs,24d039524a223ce53179db33269afa83fdae9e4d5d1e4ab8858082ff731c2a15,27,0,0,0,0,0
ConditionalTeacher25,8,20260928,115,blogs,f4d9e25f742070aec6a949d7197d30714a6a67b120226b3d1eaf85136351db0c,57,1,1,1,1,1
ConditionalTeacher25,8,20260928,116,blogs,6a4e3a33617c4fe6ab7ef6486f850708e32ea6014ca3d9c67dc608012463a971,1,1,0,0,0,0
ConditionalTeacher25,8,20260928,117,blogs,301733dbfab361290501489be559d8c81ed730e6b752acea9cfe4fcaf92b9900,3,1,1,1,1,1
ConditionalTeacher25,8,20260928,118,blogs,e9d59ebbbf86bfaf89c2a88befb5ab14401779a524e927d619a1ab87e0d8bba2,2,0,0,0,0,0
ConditionalTeacher25,8,20260928,119,blogs,5dbfe67d0d54de168c6c7693cf911b389b643c7605560d75c61dcc324cb7c9f9,39,0,0,0,0,0
ConditionalTeacher25,8,20260928,120,blogs,2bc6ee6e94906badea024b70b2aac8873e18f8f12396aa3e20a49321e0c12021,9,0,0,0,0,0
ConditionalTeacher25,8,20260928,121,blogs,ff60fd0c2b5a8c0d0e293887350048ce6489caf891ebef6202418289bce6e77b,7,0,0,0,0,0
ConditionalTeacher25,8,20260928,122,blogs,944a591a2802feee58d0ee711428ff20c4f16e702aa72d72ea4fc1c77057c67e,2,1,0,0,0,0
ConditionalTeacher25,8,20260928,123,blogs,beef00b6a3aa10e4e2713d2e117c6719e5cb12f4b8b0a792a21f714430ed2461,51,0,0,0,0,0
ConditionalTeacher25,8,20260928,124,blogs,19e0072349b355cd43d26b51eadf2572e236292a915cd0aa89f9925e0f5698ab,54,1,0,0,0,0
ConditionalTeacher25,8,20260928,125,blogs,8ef449862b952c2f06d7826273498842fcab93118caae140feddbdbe83c8041c,34,0,0,0,0,0
ConditionalTeacher25,8,20260928,126,blogs,320adf1e1f032ade513e367aced54481158d7c681490476bb74e6b441fbb3bab,9,1,0,0,0,0
ConditionalTeacher25,8,20260928,127,blogs,c6d4ce500ccf0dc7143630ddf7223fb8b6b76bfa002279192c3545fdb861acb6,2,1,0,0,0,0
ConditionalTeacher25,8,20260928,128,blogs,15f360109886ff0f2398f4d545d27e15c381c7503de8c07a802bdc9a087b07fc,5,1,1,1,1,1
ConditionalTeacher25,8,20260928,129,blogs,e3791dab62432b0c9d68c62beb88e6e1ccd7edd5db8d9e4ac1abd8c0702be29e,4,1,0,1,0,1
ConditionalTeacher25,8,20260928,130,blogs,43d332dee0b904d3c1628d681c718914a3a73d93364206589288c37e89b50d76,1,1,0,0,0,0
ConditionalTeacher25,8,20260928,131,blogs,5dd00d3232116b0907ceba5c43642c30d11be8c789c72e3f8564adffbc66023a,1,1,0,0,0,0
ConditionalTeacher25,8,20260928,132,blogs,c433dc10bed170d2610880bff6d5d7da9a684d3c8988c279672f97489717f38a,59,1,0,0,0,0
ConditionalTeacher25,8,20260928,133,blogs,451722abcc2bdcd0e5cb1f504d40f921e803606a0a2a01ae74a833a2677bfe21,27,0,0,0,0,0
ConditionalTeacher25,8,20260928,134,blogs,438dfe05145e2bfe0049ede47edccf11088ea8d06067ee48d0cc70c4cf10712e,26,0,0,0,0,0
ConditionalTeacher25,8,20260928,135,blogs,06a5c73a7734d956a1b27794f679da9667df483aca4d715063af2d78edb2095e,51,1,0,0,0,0
ConditionalTeacher25,8,20260928,136,blogs,da2ec48c8e7089305013b793d4e852d26eaddb6f08b1c9e52eea32c50b80818d,16,0,0,0,0,0
ConditionalTeacher25,8,20260928,137,blogs,a7e42b1871c48384f4c2dfb5293403f48ec9efc1cf0ca6c9b5d283a0ec871daa,85,1,0,0,0,0
ConditionalTeacher25,8,20260928,138,blogs,4b8c6b4cbab8492c1c03e6e11f89dc2fe2b4a48390af288c1a01e91b3a09706c,1,0,0,0,0,0
ConditionalTeacher25,8,20260928,139,blogs,81ab4d2a755bb70f92120ee3d8eb11095d8d9b27eb22b5c5faed15f0963db1c6,7,0,0,0,0,0
ConditionalTeacher25,8,20260928,140,blogs,a4330c45c8991563700271f6f8b8e220f41119f7eb838e5413b94b5a4a73e962,1,0,0,0,0,0
ConditionalTeacher25,8,20260928,141,blogs,76cedcf8ab9c21f8b1389d7ece4b23b7e7a2d05965cd0ae3862b9f74e3a62504,34,0,0,0,0,0
ConditionalTeacher25,8,20260928,142,blogs,179ec92938bfecceef666117b544d94386d97b6edd1f0a343cf1957f3a395bd8,20,0,0,0,0,0
ConditionalTeacher25,8,20260928,143,blogs,ae8ab4794661237a7a3384e23b25a1ed1045fa9c7ffb13456fbd63d1c3112065,17,1,0,1,0,1
ConditionalTeacher25,8,20260928,144,blogs,fd4b176499e87ac7ba1fd7ab79f3d65a409c50e2542a933c90a8d17c6acdfdf4,35,1,0,1,0,1
ConditionalTeacher25,8,20260928,145,blogs,05cd15e66d0926b7d521b824a542ddd09ad264d663e67ccbc53cd72f8a85a3c7,16,0,0,0,0,0
ConditionalTeacher25,8,20260928,146,blogs,cbdaf8d123838f408601324e84b4ca29b11ca226f400da1b2e7db52da552012a,8,1,0,1,0,1
ConditionalTeacher25,8,20260928,147,blogs,0ea53809eccb3a953b4e8be7cf5159b0b7a3653187b3d59177b599770d546c1c,24,1,0,1,1,1
ConditionalTeacher25,8,20260928,148,blogs,285c8d26edf037e359c00d0152bf525bced924549c300a89327df90b43ab0112,1,1,0,0,0,0
ConditionalTeacher25,8,20260928,149,blogs,dc0990e106cfefb238974b070a67cb06aa19ab22ca4c1d7b2568b2ac48840f55,5,0,0,0,0,0
ConditionalTeacher25,8,20260928,150,blogs,2310f9018f334d5cea26c51572604ee994ba0f75067ad4e55f60b051720eb666,33,1,1,1,1,1
ConditionalTeacher25,8,20260928,151,blogs,ed1730a70dd632b9c1f59f50100c1039da72f55f8cb9f7da3fdf1d49c9e04fb0,22,1,1,1,1,1
ConditionalTeacher25,8,20260928,152,blogs,b91c60eefa07efc8d8c766b76dd128ca4a516d7c24cf713f1b5f3064169935e2,1,1,0,0,0,0
ConditionalTeacher25,8,20260928,153,blogs,0c6dd475cb7252e558272ed5476de7ec6792bdc4fde6bbede235965bfe6f5080,14,1,0,0,0,0
ConditionalTeacher25,8,20260928,154,blogs,b04ed46d0f25dfef118ccab2a0ea2635e5d2c55ad0a77ed20858623e46b686ed,1,0,0,0,0,0
ConditionalTeacher25,8,20260928,155,blogs,d4b71e71cae5e44e4118081553ec5530ee80dce7a886c85749d9e45377fe699c,109,0,0,0,0,0
ConditionalTeacher25,8,20260928,156,blogs,819892f3f9c07c0b6ecc3bbfde5dc87757f4a7c446f8bf6430a38284ec3786f2,44,0,0,0,0,0
ConditionalTeacher25,8,20260928,157,blogs,b5b776f2980c8378cb1f2834e76e814863e4b7411f5de5b9493cbf1430db1fda,10,0,0,0,0,0
ConditionalTeacher25,8,20260928,158,blogs,181e694b77fc212dac9d06987bbeeffa7e9aaf649b8a06eb3cd97de3ecf0d4a2,2,0,0,0,0,0
ConditionalTeacher25,8,20260928,159,blogs,816866080550f09f99095e912c60005960caff3b6aeaeca9f6f643f77caf856e,21,1,0,1,0,1
ConditionalTeacher25,8,20260928,160,blogs,b40e9b17841eed5a6bf44e893dd5557121bd34ddea8bbfc9b36047d0f351938e,1,1,0,1,0,0
ConditionalTeacher25,8,20260928,161,blogs,2bde01ba2ca285280be21974bb2e818ec57704b1a06bd18594851fa19afa68f3,105,0,0,0,0,0
ConditionalTeacher25,8,20260928,162,blogs,0df4a64477ae5b424ff425316f9868d2cd3af3672519dbcb50a7eaec81655be2,21,0,0,0,0,0
ConditionalTeacher25,8,20260928,163,blogs,75b9bc23fa68a45c5cbb5357bdd745a44b141fe9cd1baca335426cb31bd26ac2,96,1,0,0,0,0
ConditionalTeacher25,8,20260928,164,blogs,41c11852c3d7f62f07a039d1a1353a98b852abb90e4cec23d5d062f5956925c3,25,1,0,0,0,0
ConditionalTeacher25,8,20260928,165,blogs,fe647385e8934d869c08d261ba262604a358a7082418ec109d6a3917992de0ce,9,0,0,0,0,0
ConditionalTeacher25,8,20260928,166,blogs,cabc98d4eebefe718f9bb866ac66dd8d3314f88b39d4c5a53ab8c13e188e5d42,13,1,0,0,0,0
ConditionalTeacher25,8,20260928,167,blogs,9134bc3a8054df8751179dad332786de55d8d30cc5836cc9f7cf5e2da9efa5df,2,1,0,0,0,0
ConditionalTeacher25,8,20260928,168,blogs,8a3a45ac9c16931b8304e58742820a06356dab7e3180d238153ad969014baf7b,18,1,0,0,0,0
ConditionalTeacher25,8,20260928,169,blogs,6ae9a8233ae0006692e733fab7dbe811f257308042e32824cb1f91a858c9b7ad,1,1,0,0,0,0
ConditionalTeacher25,8,20260928,170,blogs,c8239036c7ba0f97df365063fb3ff245075aedc7576879a800cb5ef00a5dcf57,23,1,1,1,1,1
ConditionalTeacher25,8,20260928,171,blogs,7d03b2aca820442d1dd4ed0758332bbf7c0221d6fc21adbdce3f3770b285ae6a,17,0,0,0,0,0
ConditionalTeacher25,8,20260928,172,blogs,834f59365e75020a10a53d47e8e8ad53d12910d3ee6d4b5ff3c7c32bcdfbf393,40,1,0,0,0,0
ConditionalTeacher25,8,20260928,173,blogs,c80f10ca557aefbfa87690f531b64b36706a0a3def3a7f273afe4fbde70f3e71,13,1,1,1,1,1
ConditionalTeacher25,8,20260928,174,blogs,85b823a7393ea003b8c1fd3cf03bcae450129384d78f6ebf341f48f63e33b66e,2,0,0,0,0,0
ConditionalTeacher25,8,20260928,175,blogs,8c62b466ff3e7bad679361a0c4a94c8e8d1c980db7d24f1a942c3cea49c9d9cd,3,0,0,0,0,0
ConditionalTeacher25,8,20260928,176,blogs,2225ec3cbc148f64c837bd4f0dfa7ca8d15d475f90d759ac9d6746e670f48b58,58,1,0,0,0,0
ConditionalTeacher25,8,20260928,177,blogs,78ce70ab8fcd0433ee30382fe3d07bfa99bcc9551dbaadaf1bce0ff3b72043d2,55,1,0,0,0,0
ConditionalTeacher25,8,20260928,178,blogs,87877f6b81280379d0fc181f082d80c0a7fc942a8038c03eb870ce02c115e670,32,0,0,0,0,0
ConditionalTeacher25,8,20260928,179,blogs,d58f95aac1deaa47a480250ca69c64722f6033cf98241eb12c54075b4e8c0cbf,2,0,0,0,0,0
ConditionalTeacher25,8,20260928,180,blogs,02822979e79f67ce6acf619f7ac6f6811666876fb03211931a0d22f5e2f357c9,3,1,1,1,1,1
ConditionalTeacher25,8,20260928,181,blogs,62398e7fe9510a2356e4ac9a0605e35d2f75d6537c9e5f6a0ef16a11df64f3c2,18,1,1,1,0,1
ConditionalTeacher25,8,20260928,182,blogs,125a21d647198b9a9b4e532e1c21173099b5b77a2505eca5d495dd18b38ee645,1,1,0,0,0,1
ConditionalTeacher25,8,20260928,183,blogs,4d0020fcf352e469a312236972f4d1d7fcc55128719c4b47a8c3279484cc2335,48,0,0,0,0,0
ConditionalTeacher25,8,20260928,184,blogs,ff506e4767af50216ac5a9b0569f13991d6dfa9ea57ac2e3a34de3687712c5ae,3,0,0,0,0,0
ConditionalTeacher25,8,20260928,185,blogs,94231909c40f07766cf97675658be0eb54956ef50a074d39a685824e15438b3d,16,1,1,1,1,1
ConditionalTeacher25,8,20260928,186,blogs,49a0ee2e414502b63d9df3d56c069e4f3895b41506ade52623cda2dacae3f022,4,1,0,0,0,0
ConditionalTeacher25,8,20260928,187,blogs,48c2d41352191f36f12cce7ff0364f45f7fe2c0830b9313412e361daa76b25cf,2,1,1,1,1,1
ConditionalTeacher25,8,20260928,188,blogs,c5dc16b9b66ed2581bfd3b55c3b434c368c281fe8da26099c3f65a756d49d2d3,11,0,0,0,0,0
ConditionalTeacher25,8,20260928,189,blogs,25bf1823372cac021e74991c577919cb77df32328e8310f6891118e46f7b0afe,2,0,0,0,0,0
ConditionalTeacher25,8,20260928,190,blogs,99297c1b0394f506185f5c7caf08666e663565bdd3b300b86e65fd4fff2bd1f7,35,0,0,0,0,0
ConditionalTeacher25,8,20260928,191,blogs,78b55d6b0f18438c47e60fce7e1b4234a0a7375c0f83b3afab4cb125ace2f96b,46,0,0,0,0,0
ConditionalTeacher25,8,20260928,192,blogs,4e56cdabed510a78bff69e4e7dd0386e670d803935709b84e3166dd1c4e2b39a,56,0,0,0,0,0
ConditionalTeacher25,8,20260928,193,blogs,81a2e1df0e2008e3c66562bcfbae4a8fce030a337c9503eaf7744a0ec5a3aeca,3,1,0,0,0,0
ConditionalTeacher25,8,20260928,194,blogs,21fc094822685d1b42829562e9b20fc04500bc9ffe43ac0caaf104448e242180,2,0,0,0,0,0
ConditionalTeacher25,8,20260928,195,blogs,99dba9a6a0e3d175783facc4da880a998e55a6ba3191f9e797e333df760e04c1,48,1,0,1,1,1
ConditionalTeacher25,8,20260928,196,blogs,9c80a57bf0374f50d9139dde80c889481b2fdf9f5e1f66e2f0dede2504e7fc11,33,0,0,0,0,0
ConditionalTeacher25,8,20260928,197,blogs,d6732e82c7c7c93932196cca218a17cc01d85c909e5c3a596ce816c8c176499b,3,1,0,0,0,0
ConditionalTeacher25,8,20260928,198,blogs,c329ccf68f3d1473f59497cd2ddeb670fa914c495cf411ba9cafb25a93a3d917,1,1,0,1,1,1
ConditionalTeacher25,8,20260928,199,blogs,3b84ebce6ba992d9e3dadeed4c7f7c006a25dbb0cc7d08f2d44fd0d71b97a2df,17,1,1,1,1,1
ConditionalTeacher25,8,20260928,200,blogs,c42b839afbb205b2384d1dd940a6e59e0a1f362d1c8ace78dddde19b54cf800d,48,1,0,0,0,0
ConditionalTeacher25,8,20260928,201,news,39689551a658251ab71594ed7115c7a6509428446424c987ef0334f4e1259cf2,41,0,0,0,0,0
ConditionalTeacher25,8,20260928,202,news,6c2ecc04f145627cf6e3af34bbf5fceab3446b954aeb6d2cd83bc149efeee194,12,1,0,0,0,0
ConditionalTeacher25,8,20260928,203,news,f294c79166f854531a597096235f35d4b90621bd2f1e6c1a36bfe2a7caa6c144,33,1,0,0,0,1
ConditionalTeacher25,8,20260928,204,news,1a66f0288092379e7c51f0169eb3e0aee0a661d07e1c3cae13f925c8e58ac0e4,14,1,1,1,1,1
ConditionalTeacher25,8,20260928,205,news,ca147c951ee4d9853546c34222eed78802527f4887856cd2889ec07a345d7ce5,15,0,0,0,0,0
ConditionalTeacher25,8,20260928,206,news,839e8f0cc656dd3309e4dd0144311fd085253962f1976a46ed9512608f19c2af,15,0,0,0,0,0
ConditionalTeacher25,8,20260928,207,news,37ad009ab98fd6a08ca9c0f908964a8e4d48070a2b1a95f160564e77129f44fa,8,1,1,1,1,1
ConditionalTeacher25,8,20260928,208,news,f78e73021a8caef1bc4e6c5f91f0e1da70aaf340c6b7934383b441f2acb63b44,5,1,1,1,1,1
ConditionalTeacher25,8,20260928,209,news,0e66323d8a74c4a0cbc1cc636b10af05c0e4b1d5f0c292d173d9ba8dd631f354,52,0,0,0,0,0
ConditionalTeacher25,8,20260928,210,news,d823d0c6826a6086c07837b8b036ff2d50385575f290b3819667e1a10f821493,20,0,0,0,0,0
ConditionalTeacher25,8,20260928,211,news,4fae3c1054dbe16a575cadd9751ac2f041699c12fcc82d694f84aecd55924d2d,12,1,1,1,1,1
ConditionalTeacher25,8,20260928,212,news,861cf299c1c71a57e4d6df354d502abb6a141bd5b898a80075a0061ed593626a,14,0,0,0,0,0
ConditionalTeacher25,8,20260928,213,news,2a1cfd24662a05e21a6c424c5596896e1e849e72e0350d176c4594c175ed6b3c,3,0,0,0,0,0
ConditionalTeacher25,8,20260928,214,news,02abbfee4ecb9712806b34f90968f8ca0bf1879fd88f601a90ae7adcb0e6712e,11,1,0,0,0,0
ConditionalTeacher25,8,20260928,215,news,4c44ce85b112b78e0dd597b040cfaeaba8389a76a5cbcd5d9cea8a2d9a76780b,6,0,0,0,0,0
ConditionalTeacher25,8,20260928,216,news,c8a428b6be6f1549d9a18da4fdb08bbd464801a9817516283c0d7f1630bbffe2,24,0,0,0,0,0
ConditionalTeacher25,8,20260928,217,news,646077b12ef792901090b66ed5252595010e1c765fed1db784bf60d80b2a88b7,4,1,0,0,0,0
ConditionalTeacher25,8,20260928,218,news,54584530ecb30860adbb367cc94c8b191e75dde863942b9140fe71b653393e20,10,0,0,0,0,0
ConditionalTeacher25,8,20260928,219,news,144ca05566dd24f560b15b10ca2c972157001d5edbca186ef1fe1282f095aa57,14,1,0,0,0,0
ConditionalTeacher25,8,20260928,220,news,e4928570ac166b05d2c0d2c972359b12530aa8a4a4c4a740ee7e0b47b9830f2a,39,1,0,1,0,1
ConditionalTeacher25,8,20260928,221,news,5f95e525324509c46723ab472dcf0774885b260f53ca88dcde746c4e4dbf6e13,31,1,1,1,0,1
ConditionalTeacher25,8,20260928,222,news,28eb0c6c3f4ca7829380954075933745835cafad3213297117ae208557e3a2b4,3,1,1,1,1,1
ConditionalTeacher25,8,20260928,223,news,116018768100217f6dd4602cbfe1bbc9f984a0995184125aaf534cc4e3c02ce6,5,0,0,0,0,0
ConditionalTeacher25,8,20260928,224,news,74afef640a8ed3d4f81b202dd5c709962ff35e59d64611c6a3664e958bd2657b,15,0,0,0,0,0
ConditionalTeacher25,8,20260928,225,news,fa5593f7c18481c876ea98d640194154c73a228e380bb0866da5c84f08192406,21,1,0,0,0,0
ConditionalTeacher25,8,20260928,226,news,c45b0eff06db86efa4bafb956f1067864fd56b76b36070c495224c147bf4eafa,25,1,0,0,0,0
ConditionalTeacher25,8,20260928,227,news,1ddbfc8f4c1accec06540a7fb736a07af895a1c94a91a5e9859d26c91c9d6966,18,1,0,0,0,0
ConditionalTeacher25,8,20260928,228,news,6c3cad1556b7e83c07251cfa4de64c231d1ac17e5947bb5097ac3defb6a0647f,15,1,0,0,0,0
ConditionalTeacher25,8,20260928,229,news,c34774d56b228e4fc9c4f199ade1c835628d0738134b7bee7d00c169e6c716b3,36,0,0,0,0,0
ConditionalTeacher25,8,20260928,230,news,b7fc5d7c188768e544f34bfb6c778758335fe0c557d5aea0e9afa66e614d7441,28,1,0,0,0,0
ConditionalTeacher25,8,20260928,231,news,5da581c2742ad2fcd1e8419d98b57e7f05b774ca3117e5e31379e4122555fc90,7,1,0,0,0,0
ConditionalTeacher25,8,20260928,232,news,3716bd14c457d7c87865150d23fcfae71b98fe678b64bdfca1e916c6ba3d2967,25,0,0,0,0,0
ConditionalTeacher25,8,20260928,233,news,6bb9d51f8283f9bc67d71f02e3550bfe3b4898a1926a6c28621b624fbdbc5e72,31,0,0,0,0,0
ConditionalTeacher25,8,20260928,234,news,b37171009697f46f3e536bd1cd7b4f693bb79682e5bd19a4efee4a1ad47cf74a,7,1,0,1,0,0
ConditionalTeacher25,8,20260928,235,news,bdee0a11fda5eed2e0e46ef128d02422b536a091fa35255f6cf793b324f760f2,24,1,0,0,0,0
ConditionalTeacher25,8,20260928,236,news,3dbcba6a0e5c5ff8c8b61723f7a238e47f19bdf87f30208a7e00e311a9ccef29,49,1,0,1,0,1
ConditionalTeacher25,8,20260928,237,news,8c0fdc0b410bdac1604ab0393009f32bdcce20c061339f6695a3ae83322ccaea,8,0,0,0,0,0
ConditionalTeacher25,8,20260928,238,news,5671840d29f8ed528fa0b588f190b94036a96e5c8f3df2b2d143182821db9a5c,3,0,0,0,0,0
ConditionalTeacher25,8,20260928,239,news,7994ef125c9fa26c4ef445104acca367da1af670f36f62278bad67f2be0e5c2c,10,0,0,0,0,0
ConditionalTeacher25,8,20260928,240,news,4e719bb5eda6c6c6b49c93102ecf609b160317b5b276bb4ae02d172eb1fa7755,11,0,0,0,0,0
ConditionalTeacher25,8,20260928,241,news,cf6aefe72ec3b0a537a839b2c17d197c1babf6e73378f5c2524da5978ef3cf0e,7,1,0,0,0,0
ConditionalTeacher25,8,20260928,242,news,774cf0d15caa1b45c16bd688a862c35fa6198d73b69a784b5f5ada6343c8f8f8,27,0,0,0,0,0
ConditionalTeacher25,8,20260928,243,news,b3df094efdb01fd8c751037bf3bfa87d58cc6a009bb5fe59bd53d93e67848878,4,0,0,0,0,0
ConditionalTeacher25,8,20260928,244,news,4e1595f4a4005b7f2b28df5c15e2e26a19db54562fdd2539825d32654605af3e,7,1,0,1,0,1
ConditionalTeacher25,8,20260928,245,news,42b599e0bcf2d6a628c306cfaebd4343df6d6144bcd4b2d843612007f9c8e734,6,1,1,1,1,1
ConditionalTeacher25,8,20260928,246,news,cd2f346bd065aa18e6cfb84285bb7b8dbc10cb9cd84b750e58e3e7522d73cc4e,32,0,0,0,0,0
ConditionalTeacher25,8,20260928,247,news,f2f53e2249e1dfad8feea717d37e94e2e581dfc135135584259a1e616b879ed4,3,1,0,1,1,1
ConditionalTeacher25,8,20260928,248,news,4fc2f16b0fdc86b4be4e1d255ca818417a8ae2861aae8fe7bbf44959954e4b09,32,0,0,0,0,0
ConditionalTeacher25,8,20260928,249,news,12c8f76c7f8dc2f8b327d8664cec9e39c3eeff9f48d0893438db19881ca7a806,5,0,0,0,0,0
ConditionalTeacher25,8,20260928,250,news,78e68eb1bf28d10b5cc120a673dab18929a2e1f5c4b10c755f72b70fb33de64a,3,1,1,1,1,1
ConditionalTeacher25,8,20260928,251,news,1bdc2b39bd2b59782b1e047db91d07cc060213095d6624b1b218ec437b5a29dd,9,1,0,0,0,0
ConditionalTeacher25,8,20260928,252,news,ab3f5368470b8af96538041ca153f157191b36603b2c1839c3aa20cd2dd9c7af,10,0,0,0,0,0
ConditionalTeacher25,8,20260928,253,news,e1d3a9a2e2218a7dec19f789543169e2e3de735fe189fbeb92b3b8678976ba8e,70,1,0,0,0,0
ConditionalTeacher25,8,20260928,254,news,bb9ff2e5ee1c68c385818dee12530169ff1f64f97caaa5c9a11330c740a7e1cb,23,1,0,0,0,0
ConditionalTeacher25,8,20260928,255,news,30e043e791e0ec9367a3827077433d98bf5c9879c7b604a2226af614f7da9728,20,0,0,0,0,0
ConditionalTeacher25,8,20260928,256,news,0331fc2936e46ab649f06baed71821db53e7e44b69fd5d2267f6c72cdfab26f1,60,1,1,1,1,1
ConditionalTeacher25,8,20260928,257,news,f9cb0ccef9080b10d5f8c7e67a749935be30804298056361c663e78e5380d3e4,6,1,1,1,1,1
ConditionalTeacher25,8,20260928,258,news,459f3683c0af47d6b24df0aa3ae3c5d19ba8ca1f97915dabf46a3d5e9b10d67f,56,1,0,1,0,1
ConditionalTeacher25,8,20260928,259,news,4f070648b67f58eb808415dcc2ab1d2ddc63041070b4df6fd84d3d4e4246a7d6,8,0,0,0,0,0
ConditionalTeacher25,8,20260928,260,news,ed33a9ed9b76ba9439010243d04f123de12adfbe78ee243e0109975dca9a3e23,37,0,0,0,0,0
ConditionalTeacher25,8,20260928,261,news,56775191a039dbb699f1efe02cd92fc3f8317b370a6ce813b11d66a8f6a2887a,3,0,0,0,0,0
ConditionalTeacher25,8,20260928,262,news,a8e55d5d4606b80477a96fb831412ab2c33de776369983d30c42ba66aae4ba48,19,1,0,1,0,1
ConditionalTeacher25,8,20260928,263,news,e0e870c1c223833a2074950473e9b01112b66acd18d9504b14012ab08c095008,34,0,0,0,0,0
ConditionalTeacher25,8,20260928,264,news,058c7954af51e5e79f522eb5a501a9b19786174b03d31ddfb020ee3c8b9a2241,1,0,0,0,0,0
ConditionalTeacher25,8,20260928,265,news,b77f2c064cfa1a3389045c89d6dce3e9780cd33141457e776b78f2881f8a07d6,16,1,0,1,0,0
ConditionalTeacher25,8,20260928,266,news,f51c265bc6b6d9cd99d8c32d92de5d693e273b8c1131fc068fddfbdd0ad489b1,25,0,0,0,0,0
ConditionalTeacher25,8,20260928,267,news,3fde210eac279ef4508c6253126251fe376fb94671ed68c0b9035afb36b1a900,1,1,1,1,1,1
ConditionalTeacher25,8,20260928,268,news,af0eff7d74c50f90ce4380ad3b0b09dc2b1e85a9d773ce785645437d7e4c243d,12,0,0,0,0,0
ConditionalTeacher25,8,20260928,269,news,b24d75fccc88e23ebad8e6d5ffd98a5c90660f98c5de1d0a96a479ee3c414709,20,1,1,1,1,1
ConditionalTeacher25,8,20260928,270,news,e8431d7e2aca0c332bdb4fb12a3437627ea9bf8d3af729818166a5599e4e05dc,67,0,0,0,0,0
ConditionalTeacher25,8,20260928,271,news,2158c8ec63f910c2464e23c47eef690aef01bc75a2c0b28912de38d1eb72ff90,3,1,0,0,0,1
ConditionalTeacher25,8,20260928,272,news,fe70a797f900a43c80d0f6306a83eef1d349b1ab30fd4cec815bb5457ea3cbcc,7,1,0,0,0,0
ConditionalTeacher25,8,20260928,273,news,41015826a600daf9196a1aa0d162ad3c699954e16b886bdd40820c6cbe1f67be,11,1,0,0,0,1
ConditionalTeacher25,8,20260928,274,news,eb38b7bfb699d3c8aa31af7df2a403e183f02209b4279a14728cbe3fd617bcb8,14,0,0,0,0,0
ConditionalTeacher25,8,20260928,275,news,10ce4a884e0495a64aa4627e5edb3b2089d5fe54b0bbca86741f7dc94acdf3f8,2,0,0,0,0,0
ConditionalTeacher25,8,20260928,276,news,25a2744f7c7fe940870b7ef49440cb63437aa6be04505aec212e8a4626a3ab2c,24,1,1,1,1,1
ConditionalTeacher25,8,20260928,277,news,ae6a0271bbfcd565a855457e1d392aee06bc5a354e63e1d1d36b5e652f1110bb,1,0,0,0,0,0
ConditionalTeacher25,8,20260928,278,news,4c11b8777c73e9ce54766448a43fffb9ec2413b65bdd2440607dd8a5b92a7aac,15,1,0,0,0,1
ConditionalTeacher25,8,20260928,279,news,90d2061a65f5d0652113a62d18ebcd036fb99af8f38c0e8f0ea4e714307d3f76,1,1,1,1,1,1
ConditionalTeacher25,8,20260928,280,news,24942e614c5d526e7741bbd4b7965fced9d3b3479db57abb48a94712d2d35c90,25,1,0,0,0,0
ConditionalTeacher25,8,20260928,281,news,9fb28038c0781f639166bac66e6dd67672d78250f8e90eeae31bfb81dd8e6ace,3,1,0,1,0,1
ConditionalTeacher25,8,20260928,282,news,0c380c53b2851423fc5203119a957e4ed478c7f1fee32afae8887d79bd82c2ab,11,1,1,1,1,1
ConditionalTeacher25,8,20260928,283,news,3bd1b13f117dd481d63762770b22acc58100da8311ffb8e3f303a0599f8f45b1,21,1,0,0,0,0
ConditionalTeacher25,8,20260928,284,news,521877de27a539807a4a67e901a22757fbe8bcd95c0d282b19e4e0b6069c7f9c,19,0,0,0,0,0
ConditionalTeacher25,8,20260928,285,news,aa9e11819eeb739f488911ff9746c6d997eee7b02f413b2d346d3c4403ffcc11,1,0,0,0,0,0
ConditionalTeacher25,8,20260928,286,news,a71d4ea1b06a05c22fcf0e74ff7f98b5aac6a770133ad86ac9f09780dbda233e,31,1,0,0,0,0
ConditionalTeacher25,8,20260928,287,news,d52c8a2db321e01934e287ff413008837b3ca412a43430a1caf029000d3b8957,12,1,0,1,1,1
ConditionalTeacher25,8,20260928,288,news,50aed777704d8ad6b46a0884da82037c97dbb9853f0f087b15635e737c21b456,6,1,0,0,0,0
ConditionalTeacher25,8,20260928,289,news,b12490ca02ebb3223554d092b3366ecc308eaeb853ddbe996ba1197eb6a09d15,38,1,0,0,0,0
ConditionalTeacher25,8,20260928,290,news,744e3bf841548dce8f8cb6bc3d679db7501efc3fc1dfbbda6a0518237936d39e,23,1,0,0,0,0
ConditionalTeacher25,8,20260928,291,news,c60f2bbb0be3c8922e883ac3c9bf964b19f303027626a9632f18f84ab709098b,29,1,1,1,0,1
ConditionalTeacher25,8,20260928,292,news,8eacca2f0496df7ca99ad5c739232e3120454c8f34985a8837cb4a0c96128a82,36,0,0,0,0,0
ConditionalTeacher25,8,20260928,293,news,908241db5e3aa99ec85e6f06621a212a47cc434f44a2043fc901f50cf1ac5c5a,25,0,0,0,0,0
ConditionalTeacher25,8,20260928,294,news,8e999cc1b5d3c43fa017fb3d373d633adba728926a2d01eae0c05614e4b83e11,17,1,0,1,1,1
ConditionalTeacher25,8,20260928,295,news,1fe35ae8f55e3f01a97fbfe0f7969ea3e168bf8d331c0b2fab93446cda82b705,21,1,0,1,0,1
ConditionalTeacher25,8,20260928,296,news,e2c4266fcc6aab7b6d603c2ffbf7767e273ed22118debf3aa48ae832e5d050d9,3,1,1,1,0,1
ConditionalTeacher25,8,20260928,297,news,9181036b17982a4481215a72f27db6b306fbbfcb552af74b64b1b880485ff409,25,0,0,0,0,0
ConditionalTeacher25,8,20260928,298,news,7ce78cc37b45ac0e7ce2b3c02fc352c0a7c3733001f25945fbddddac49bca33e,26,1,0,0,0,0
ConditionalTeacher25,8,20260928,299,news,d03c55a68c2e0b83f9efc4cf6918536785a7839f6a281c6a219ced081c0558d1,17,1,0,1,1,1
ConditionalTeacher25,8,20260928,300,news,30f9c8bd931ee8b516a42e35a4cc5bdc081037f88dac1a28f55cb65b117f44be,5,0,0,0,0,0
ConditionalTeacher25,8,20260928,301,news,ecf67d80dd2b669b371d575896019d0f9c44815bc1cdaaebefb8fd73ab83a3a3,14,0,0,0,0,0
ConditionalTeacher25,8,20260928,302,news,6872a7585d41e0c343ed57560e83e9f9b3bbdadfa5716f127c9573b4f77e4f4a,16,1,0,0,0,0
ConditionalTeacher25,8,20260928,303,news,da005c11de5373fbd3c1b27950518656556e66c1fdececeee105b0de71f7183e,10,1,0,0,0,0
ConditionalTeacher25,8,20260928,304,news,7f9ed6116dc3ccca188b22bbd121848805e3e6c0280e9bf0faa4d0d72ea94eab,14,1,0,1,0,1
ConditionalTeacher25,8,20260928,305,news,098c69117b8881e56d058e8fc6b29d9c017f12ef3f55cdec9600fef0686337b7,1,0,0,0,0,0
ConditionalTeacher25,8,20260928,306,news,3e90153b6c55a74f72f4805d5b35e74a7176b561502cb6f601aa5c19555612ad,12,0,0,0,0,0
ConditionalTeacher25,8,20260928,307,news,4ea26a8abb5eb600ca358cdbb8d965a39b172db8a82187b9fdffc05078a04e6c,4,0,0,0,0,0
ConditionalTeacher25,8,20260928,308,news,9c7c01565b3472a352b333f8df678db211956321d35604d528fef38a494be67b,16,1,0,1,0,1
ConditionalTeacher25,8,20260928,309,news,bfce216ebb64ab7b37aaa1ad2ec6930d76944bddbb59599c7271e3235f76c5b1,2,0,0,0,0,0
ConditionalTeacher25,8,20260928,310,news,a637ac5d25eed8e246172972466e0d3912c04cd1727c1fbd187b04a39cec57f8,6,1,0,0,0,0
ConditionalTeacher25,8,20260928,311,news,871db16bb3649712406373bde33de2f9b2e70809cac90ab89aee8e7a8965007e,55,0,0,0,0,0
ConditionalTeacher25,8,20260928,312,news,04955e59e44c3d1fe568ad784c149fd27cb07c8951039910fe850170b3a5f7c9,2,1,0,0,0,0
ConditionalTeacher25,8,20260928,313,news,27d047ef104b9c698c32eb137aad6579d18acdef310b0d6e32cea34c114152cd,8,0,0,0,0,0
ConditionalTeacher25,8,20260928,314,news,a5a03e1b6dfaa5c72e856c47f83077d7bd8e9eee9b525d8b7d9b55d88c66a1bd,14,0,0,0,0,0
ConditionalTeacher25,8,20260928,315,news,282b3eb9a4a95f5bdaf1dea6cbcde775ec85edf2dde99b5e7976a6f3d5ed92f9,6,1,1,1,1,1
ConditionalTeacher25,8,20260928,316,news,f7a5ccdda258e974e83fe9f104198c9f5accd26baf72e040e130975e6992b5b7,10,0,0,0,0,0
ConditionalTeacher25,8,20260928,317,news,f6598d7e48476f99679c5f1f7c192238d0cd5429b44fa780c54477867db0e109,27,1,1,1,0,1
ConditionalTeacher25,8,20260928,318,news,359d4444be2889d954000a7ab74ac3dd0147a0f04c61fcd71435e6ea51a92728,4,0,0,0,0,0
ConditionalTeacher25,8,20260928,319,news,6e0bd811c023c67ac39a75d263bf61379bc87cda9c6d6e94b8bb64779c337af2,21,1,1,1,1,1
ConditionalTeacher25,8,20260928,320,news,aa24099cad7b67a065888d588754adaa691f018cc6689350f30653d56ce3d73f,20,0,0,0,0,0
ConditionalTeacher25,8,20260928,321,news,239259695c52c86465507b4ef59edf4c9a9c2f0395508cede1f19385724ebf60,26,0,0,0,0,0
ConditionalTeacher25,8,20260928,322,news,8b539b4fb5c53fd3c0710eb1b96869ec52862b093fa2697969d9175392c9f9fb,5,1,0,0,0,0
ConditionalTeacher25,8,20260928,323,news,84a5a50565049300800edc1acb556c2463c23040a7d89f3b0890b6812d339149,3,0,0,0,0,0
ConditionalTeacher25,8,20260928,324,news,46b859be6ee7509dd423d6040eb320b6f3527d819021d3bb31f0ce6145622138,43,0,0,0,0,0
ConditionalTeacher25,8,20260928,325,news,5741bc44e322a87b8a92fa9f6e1e67345186c2a2fe4cd2d146a026015f08f88c,7,0,0,0,0,0
ConditionalTeacher25,8,20260928,326,news,7aa3e7997cf19aeb21f2325f177d3ba95d637bca8bcac03720a8925eb530bbba,26,1,1,1,1,1
ConditionalTeacher25,8,20260928,327,news,ca9fd4227b451efa0901592488ca295a6246a1df18bf4969c7fe63db67bef064,10,1,1,1,0,1
ConditionalTeacher25,8,20260928,328,news,326ee4a1e2932b2fc5b804f37b674a354f113b7c75370272449b56ca4337d46a,2,1,0,1,0,1
ConditionalTeacher25,8,20260928,329,news,4a494f2ad85e8f721de807f3044c2c35a33a042c0e8337ec1fc1049662e6bdf9,13,1,1,1,1,1
ConditionalTeacher25,8,20260928,330,news,ec4a5af7a407d1e1083797269b92315f2943da4bda5c4ae8faf063d61f5193e9,27,0,0,0,0,0
ConditionalTeacher25,8,20260928,331,news,be1551997cd535f0fdb95b6f4c9ea852de6821b2e7019dc7ab31ed0629abfb5b,7,0,0,0,0,0
ConditionalTeacher25,8,20260928,332,news,2ab9093119e75ec17bc2b2e29930b84e0b148f9a6f3838d217aa1d69aaf3bc66,14,0,0,0,0,0
ConditionalTeacher25,8,20260928,333,news,a42d16131885950be14af6ff27a3c7efb3ff00e0a8fbd92f2858dcad75f1d560,29,1,1,1,0,0
ConditionalTeacher25,8,20260928,334,news,d3fba8e9f1b4cc752b0ab821a3434912789a307ecd7f5acd7ee6a3c07f3d31f9,1,0,0,0,0,0
ConditionalTeacher25,8,20260928,335,news,54606765b718f78152128075fc52868c39c213bd94b822a868d42dfb01b5bc2f,14,0,0,0,0,0
ConditionalTeacher25,8,20260928,336,news,3d5a72bc3f832a91487057e3d1a4bbb71493cb3e8939de994fb537223ac7245c,5,0,0,0,0,0
ConditionalTeacher25,8,20260928,337,news,56db48bbc02e1488cc6623b86bd8f31c1867aa5cc5e76cf66d1323ed89aa5f6f,19,0,0,0,0,0
ConditionalTeacher25,8,20260928,338,news,a1d91be882ba2ca416f10727852d629e1c2cb2db52bd8a9f4b6b48dc92081227,53,1,0,0,0,0
ConditionalTeacher25,8,20260928,339,news,a9de33bddac7a303fac0f61166a7a93eb2d9c832ed52c93c19014c40250942ab,15,0,0,0,0,0
ConditionalTeacher25,8,20260928,340,news,6e5fca00f1ae3f9a18e52f998ade26f0202971b21caf1d6c5ac5e72da8f2f358,28,0,0,0,0,0
ConditionalTeacher25,8,20260928,341,news,e84d7f07137c81199ceb14d3930fb7f712a1c46413c70ee1401aa557e2ba92b6,6,1,0,0,0,0
ConditionalTeacher25,8,20260928,342,news,b56cbfcb7ae80af748d0690193249ca39bb60d61522df623498dda785d151440,14,0,0,0,0,0
ConditionalTeacher25,8,20260928,343,news,ed1ceab8259a13d2ec375d58ced706564f999260f4686bf0be542acfb669e338,15,1,0,1,0,0
ConditionalTeacher25,8,20260928,344,news,d09e0e132e5c20cf282974ef756d4b00ebca153fd991da659c27a8667ff253e1,8,1,0,1,0,0
ConditionalTeacher25,8,20260928,345,news,5a1878d44cdfd752bda49b63a48529b18ff7c754da32e73e58cf214c1e6cd988,22,0,0,0,0,0
ConditionalTeacher25,8,20260928,346,news,255336bef0a5777e79a0dfbdeb91e8ddef900e280dd375f65e130b960c3848c5,5,1,0,0,0,0
ConditionalTeacher25,8,20260928,347,news,433393233fce9ceb95b581cad00c6e960ffe364364a8bdc6251088d5493b406e,13,1,1,1,1,1
ConditionalTeacher25,8,20260928,348,news,57d94905fad1678a861dfd95010ab2cd0eaf033a73bd388f99214b3c50901a93,24,0,0,0,0,0
ConditionalTeacher25,8,20260928,349,news,c1e43e0533e2849ea181116e5d599d709adda0f5c6858a6e75ccb5d14c5eecf1,10,1,0,0,0,0
ConditionalTeacher25,8,20260928,350,news,07f146942fd4f89aaadfa640ff86b28e878e572ff15834cec63f5ababe42a020,32,0,0,0,0,0
ConditionalTeacher25,8,20260928,351,news,2e075e9b5fddf44a34a0869d57a9420e0feef661a06d38c97261702d49686a0f,22,1,0,0,1,1
ConditionalTeacher25,8,20260928,352,news,c8d10be22d466d31056637c04dc569d87a1a9170d678f0292b333273c1dc5d83,11,1,0,1,1,1
ConditionalTeacher25,8,20260928,353,news,36ac85f0453c73fa5f2f0355eb882e92d1fc531ad42f4c3e29236498be475676,1,0,0,0,0,0
ConditionalTeacher25,8,20260928,354,news,1b615d4e9211a5670e08a0b77e88f95e58df65c15953200d7c8d3c7a6079a39c,8,1,1,1,1,1
ConditionalTeacher25,8,20260928,355,news,b271833adf6e606ecc00d7599e50846565465bdb39900e88b909d7ff98177005,10,1,0,1,0,1
ConditionalTeacher25,8,20260928,356,news,eb88a29ef37d63e94d103d32596a17756540558a0bcf8fb1a46b21042c45f98a,6,1,0,0,0,0
ConditionalTeacher25,8,20260928,357,news,88ebfbb1c53b99af5e32ddc5c1013ad143d2fe44ed4afd5c9aad468ba8a30737,2,1,0,0,0,0
ConditionalTeacher25,8,20260928,358,news,1af4e751b6c8b3708eb57c5a696639286c5cc8b4b48cde282fe7c4829def3dff,1,1,1,1,1,1
ConditionalTeacher25,8,20260928,359,news,8fe6ec8437c27cb0aee85ecfac83832269358a6ebd7c5c84e057269eb44e457d,23,0,0,0,0,0
ConditionalTeacher25,8,20260928,360,news,33f717ad8752ab87043eda3bf852f68119aecafbd6ed1e495a83b87edd839e58,23,0,0,0,0,0
ConditionalTeacher25,8,20260928,361,news,f86c6898db9e94f5324a7b3fabf6757cb32edb1bc4071e635a0aea61f46e4c5e,12,0,0,0,0,0
ConditionalTeacher25,8,20260928,362,news,e32253463a8348535c8c047764caa30ea92066fa252eee025a95f90900c9a3a2,35,0,0,0,0,0
ConditionalTeacher25,8,20260928,363,news,686d39d3049efad3a4c1d1276e3c97828cdc0ed431a02f04c14e2566111e6c8c,19,0,0,0,0,0
ConditionalTeacher25,8,20260928,364,news,85d0f5300ad457e0bc817cda083e3d15d80e7795382cc68523262089467a89d9,4,1,1,1,1,1
ConditionalTeacher25,8,20260928,365,news,0d6b71940dfd03b2e4325ff659ecc5682b2ec19c211af34cf704e88d089124cc,3,1,1,1,1,1
ConditionalTeacher25,8,20260928,366,news,29b02305f0712bc88c8c1261d4c87ea1bf5ba4e03bc3f8ba64f9fb3003c73853,3,0,0,0,0,0
ConditionalTeacher25,8,20260928,367,news,e74c1ea6cabae975f113e906efb668afea9aeaba8ba92dca189dc50dd014c2ba,3,0,0,0,0,0
ConditionalTeacher25,8,20260928,368,news,c42f645b0dca494476b9066cdce860105260306027efc4c39075f9e3d9563df4,8,1,0,0,0,0
ConditionalTeacher25,8,20260928,369,news,fc564631bebbda3cfa7a3627290093ab4a0f6b40ee48286780be872ae191e0fb,23,1,0,0,0,0
ConditionalTeacher25,8,20260928,370,news,ac9a1cbd4806de503c2f09f61741a66674c08ffe26151de782d0ec5a34aec06a,7,0,0,0,0,0
ConditionalTeacher25,8,20260928,371,news,c8b85cfc9bea2b281a6fb4d736b31e1ae09a21ce5fd9446ae208966b8eaa9fd3,2,1,1,1,1,1
ConditionalTeacher25,8,20260928,372,news,ab9fd156d7fca2d488ff69394f14580cb9f19094ab9362d5cf7fc739ebd95593,7,0,0,0,0,0
ConditionalTeacher25,8,20260928,373,news,86ef91a837f26c60a094b0f94a496fba30d09393ee01a1fab51aee4af7cca0d1,14,0,0,0,0,0
ConditionalTeacher25,8,20260928,374,news,c0b092feca32a6e5fccee245d1490df3337d12fbc9316a6b22a314829d2c91d2,21,1,0,1,0,1
ConditionalTeacher25,8,20260928,375,news,a634b5a0f50b7adb72c92bdb593386468a7274e809ae981207c6e64f2f801d36,23,0,0,0,0,0
ConditionalTeacher25,8,20260928,376,news,3dee073e693ec7cc66e83c22a7c70c75e16f85074882fa236bb9ffda291c1e39,22,0,0,0,0,0
ConditionalTeacher25,8,20260928,377,news,58bdb7708399bc629cf254f381ba55bc3a8e7adeea136de75440494b24cadf88,1,1,0,0,0,0
ConditionalTeacher25,8,20260928,378,news,c32ccd38d3685b6aed19f7d133e08d8a4bdbd6f81183fb50f759138fd92ba5ca,34,0,0,0,0,0
ConditionalTeacher25,8,20260928,379,news,8be47da154e2f9cd6d7d4457a565045d1c066df5ef74bf30b53c9fa0c7e88a03,3,0,0,0,0,0
ConditionalTeacher25,8,20260928,380,news,f9915c5a956811312db5d37823a700a2ae56756da3ec13538c2b673b48b77555,12,1,0,0,0,0
ConditionalTeacher25,8,20260928,381,news,1eb694dbe7867ce934be7c9b3587a71f361b7b8451e881f8e6b828b88333fd89,19,1,0,1,0,0
ConditionalTeacher25,8,20260928,382,news,88684643f90ef38fe7193f14c65ae5a718e484968c707a5ef25073f8dd68fce3,60,1,1,1,0,1
ConditionalTeacher25,8,20260928,383,news,a6825354d2eec97c8ec5af281c3e8ffb8d8d8d1b79fda38cf2d090111b929572,1,1,0,0,0,0
ConditionalTeacher25,8,20260928,384,news,fc31b76770d45bb6edf3a2d261bcd4e1e607a8cfdc6fa01042753364297e4907,3,1,1,1,1,1
ConditionalTeacher25,8,20260928,385,news,9f49b5c70ba25f6143128ae546aaccc82bb16458882334b8b31f2f4822e921e1,27,1,0,0,0,0
ConditionalTeacher25,8,20260928,386,news,cc4cac49b2fa3a54ad87d0bfe66e9af25ea6dff9593f772ada978367c9c2195b,19,0,0,0,0,0
ConditionalTeacher25,8,20260928,387,news,167a7a8d42de7964f3b67bce94140ce4c328a06ad649a91a4970945638056555,9,0,0,0,0,0
ConditionalTeacher25,8,20260928,388,news,93b7fa846956a2a6f0047c1160bf4b816ea84b328f324607005a86c7782e1510,9,1,0,0,0,0
ConditionalTeacher25,8,20260928,389,news,ca672140801740fa7e44ccb50cf3d62fedde66c3a5920ca1d5f3d8f7a911757a,5,1,1,1,1,1
ConditionalTeacher25,8,20260928,390,news,09104adbbf177a82e40cd474f07579ce08cddba2cc227bcd2cffa96f9f4d89e1,2,0,0,0,0,0
ConditionalTeacher25,8,20260928,391,news,d516d891abce8f32f976c0d236d0119d3febe3291cf8be64d26fb417d7592c85,5,0,0,0,0,0
ConditionalTeacher25,8,20260928,392,news,f3413e35de07bfd9f9076f1a158e5543ec7ac734d404122088009c8189ee8f9a,15,0,0,0,0,0
ConditionalTeacher25,8,20260928,393,news,de57ad01097c4cc7f5470453b943e6145ff69e2bf1b79d1e536d53d93b84b04f,2,0,0,0,0,0
ConditionalTeacher25,8,20260928,394,news,b5dc2f7788c74acce6e43c045174d96d2e7b70f4cfef5c47d92ee53874b5bb71,14,0,0,0,0,0
ConditionalTeacher25,8,20260928,395,news,1c5d35be79b538775e698f89355b94f0302377a7c61ce779379e95e859e707aa,17,0,0,0,0,0
ConditionalTeacher25,8,20260928,396,news,4e972432a73c7ae0453cb19a81e36627db0998bf107a674ddbec36741d6e64a4,20,0,0,0,0,0
ConditionalTeacher25,8,20260928,397,news,d059e8e226e0b25d55ccc60d3aa43a4e8a9b58cfcc56cf14632d0df3b6cfdcb9,7,1,0,0,0,0
ConditionalTeacher25,8,20260928,398,news,3ef46b5cb40d754b49c3295ee42a0e355a320570bb0d098bd2a3a3056b515030,2,1,0,0,0,0
ConditionalTeacher25,8,20260928,399,news,a874f75209440bb071a191dd05a161a87ccd784eda42e7e7de864f56b055ca0c,64,0,0,0,0,0
ConditionalTeacher25,8,20260928,400,news,f09f9938da425a316e51b810e49e8b3689991ed7ae8f56fbd0462d3181cab1d8,14,0,0,0,0,0
ConditionalTeacher25,8,20260928,401,twitter,0b47768892825fbb67c0fd7ef034fc3d9ca4f538935f2982b8cfa060bb474e07,1,0,0,0,0,0
ConditionalTeacher25,8,20260928,402,twitter,8fd775c6e85956b3f4a903f04670274c0ac7c81ec4c6a57ef1b32a479576eb28,3,1,0,0,0,0
ConditionalTeacher25,8,20260928,403,twitter,6d0eb2bc6cd35b877206783f8a9d46ce8e6854d59ffd3ea0ebc0f7f0c5d016d8,10,0,0,0,0,0
ConditionalTeacher25,8,20260928,404,twitter,a2f919a254bf1060d6ba5683957881bab5d921361f013c7ccf6bf0f3455a58bd,1,1,0,0,0,0
ConditionalTeacher25,8,20260928,405,twitter,6b223ce5d8317e398914df3c836084ec5fd28ec4e2b994983e61068124d5643e,4,0,0,0,0,0
ConditionalTeacher25,8,20260928,406,twitter,8dd3ec4c63741630d204ea20918c325247e8ecf771582957f344e17ab44c71f5,1,0,0,0,0,0
ConditionalTeacher25,8,20260928,407,twitter,5e899337393186e8ed1e694fbcfccf82c381e789269f0182772b15b23132d6b0,5,0,0,0,0,0
ConditionalTeacher25,8,20260928,408,twitter,5e5340f267f7ed5adb97466d7fe894182ef7d2ade66e21a8339b1da7787aa041,1,1,1,1,1,1
ConditionalTeacher25,8,20260928,409,twitter,8b05e8104c7cbcf50536ccd7809004fa0f0ef1341417388f897f0e9135117e15,4,1,0,0,0,0
ConditionalTeacher25,8,20260928,410,twitter,7a2c752e9e7b7d5e67149eb28068708a707147c15b85a36023a3abd9910c5bbc,2,0,0,0,0,0
ConditionalTeacher25,8,20260928,411,twitter,029f5c904bd5e63a18f20627dcf5260615e4af823d78a2714601241fa1d67eb4,16,1,0,0,0,0
ConditionalTeacher25,8,20260928,412,twitter,aef988fdbdaa2416fdbd6100ec3653760887823522b2e87f9fe15d6adf0f3e70,13,0,0,0,0,0
ConditionalTeacher25,8,20260928,413,twitter,47def72de0a8f62d1b4d368e445713a891bfecfd7f6ac8135f89bf88c8e23353,2,1,1,1,1,1
ConditionalTeacher25,8,20260928,414,twitter,c65112d871aeeb9cea3f2a2e3fd90a84222c76ff24372ed803ff78d07a20f438,2,0,0,0,0,0
ConditionalTeacher25,8,20260928,415,twitter,54b37275012c471849cf7d7455e478896528f847d9d1d32968f0de2b56dc83f5,1,0,0,0,0,0
ConditionalTeacher25,8,20260928,416,twitter,087ba0f7951cc7195bb4169f9c932fd5c8b5abecbc61fc278c24e00c9389c79c,4,1,0,1,0,1
ConditionalTeacher25,8,20260928,417,twitter,164a11f5c4eaadf5025afe2b2b8e69eb86e0f295b652be86b0a6180380a5add2,3,1,1,1,1,1
ConditionalTeacher25,8,20260928,418,twitter,de484d1a367742db5a086161221548330995b48009bfa01f7b349a31e6677e71,4,0,0,0,0,0
ConditionalTeacher25,8,20260928,419,twitter,e27d061a9966141efe574ee1ae8bb18f7318bea45a774d7aae95abecb6e66ab7,3,1,0,0,0,0
ConditionalTeacher25,8,20260928,420,twitter,4a6765978046e9c4850f7e8fb9d02132599e460f072aeed3e98bc7eab8e8435c,16,0,0,0,0,0
ConditionalTeacher25,8,20260928,421,twitter,1cc09e9cc0e35f18f40f3a44acb160180b3e4764cf1f5f5e79f382fb09bf87f8,5,1,0,0,0,0
ConditionalTeacher25,8,20260928,422,twitter,f0782c28633af696b2c95fdc39ac801ea6d0ed9974c2f42c3687f797f1bfd949,19,1,0,0,0,0
ConditionalTeacher25,8,20260928,423,twitter,907e30acec6c5233c0baceeb249232d72349f9428a46b0bad3d009aaeda3b3a1,2,1,1,1,1,1
ConditionalTeacher25,8,20260928,424,twitter,15a694e4ecbd03c6af7426bd2479b0387a9537518934f5fb783427718b9fd6e1,8,1,0,0,0,0
ConditionalTeacher25,8,20260928,425,twitter,32c967e2dddb9aadd1af7caa33cbdc9fbf0a4dbc33f86d6d621eff83ade288d6,10,1,0,0,0,0
ConditionalTeacher25,8,20260928,426,twitter,18d270872e130060a88fc80188c622b62e7707f8f87c1dce65c4c2a0a5e1bbc6,18,1,0,0,0,0
ConditionalTeacher25,8,20260928,427,twitter,6242214577b7b93e50ca579e4fa48ef52f8fdd602ba68e4f0995347e744d6c42,3,1,0,0,0,0
ConditionalTeacher25,8,20260928,428,twitter,5fab691f77dab0137f546ba241171d9d03b69686730374f0263a2f173e2c3fba,3,0,0,0,0,0
ConditionalTeacher25,8,20260928,429,twitter,e1cba0de4783d6012d270111f1191b9de9d61d7d2bec52c1f06d21e0850febd4,11,0,0,0,0,0
ConditionalTeacher25,8,20260928,430,twitter,715271246d5b36d0029a645b743b1a497f4009810e7f1e7e02c1442b04e60512,5,0,0,0,0,0
ConditionalTeacher25,8,20260928,431,twitter,0096640d99e82bedfd928a55f580fde2a62e08529d898101658ef36d8b1f5e61,8,1,0,0,0,0
ConditionalTeacher25,8,20260928,432,twitter,77072aef2a68cf6f7437596e2f59493519aa1d3a3d53770725713ccb2d701e99,4,1,1,1,1,1
ConditionalTeacher25,8,20260928,433,twitter,e92e0de20685f8d42a5e4b3a1e74cf3de49003fdf6a81a403bc0e7a56a318dc7,5,0,0,0,0,0
ConditionalTeacher25,8,20260928,434,twitter,69ceb18c129dc3fad662a352aaca19394fd4936989367a93b6de3aac1d02fba3,15,1,0,0,0,0
ConditionalTeacher25,8,20260928,435,twitter,c9dab0edc4e2e7d1a91c04c2747899eb19f3eace28c784b0d00bb55c950003a4,5,1,1,1,0,1
ConditionalTeacher25,8,20260928,436,twitter,849c1806bf1003397468bdd9be908d450e35ace05d6d4aa0a59539c638431891,5,1,0,1,0,0
ConditionalTeacher25,8,20260928,437,twitter,a9d12d98e173f7ee6f07cd2834c479412ed1de60886e89acd05745f10c5d76d9,9,0,0,0,0,0
ConditionalTeacher25,8,20260928,438,twitter,73446818523bcb270e7fc25fb89b4ec943787c839b487af464f18bbf4435cf0f,2,0,0,0,0,0
ConditionalTeacher25,8,20260928,439,twitter,e04ffb8d24175bc8b3982a774537945dea69da09acd3c7a4a7e6a112452df1b8,5,1,1,1,0,1
ConditionalTeacher25,8,20260928,440,twitter,9a50654db7add54463b163ffd2e9f9ae9b36dcf64f79f939dc5df57ee954860b,2,1,0,0,0,1
ConditionalTeacher25,8,20260928,441,twitter,596f8891b928fd990c3607aaffe8ff1c028c870dcd43bb2e6316a932fc973d60,3,1,0,0,0,0
ConditionalTeacher25,8,20260928,442,twitter,30f4b358af21cba366ce0b70738123c8e026f35ddfe92a89a8ae17b0d1a6370e,7,1,1,1,1,1
ConditionalTeacher25,8,20260928,443,twitter,e09f9b84f637d3f3f82d70b3dd25b31ceddecda3fe5f8458b54007b2ac7497d1,3,1,0,1,0,1
ConditionalTeacher25,8,20260928,444,twitter,1a59b452ab38e1e96e55849b11a4342460627a0cb7bc99786ead879bbe6ee5d1,5,0,0,0,0,0
ConditionalTeacher25,8,20260928,445,twitter,2e6c8e2e2bf78b35c331df3d1d94877d89e886579e82e1ac062a2f79e377f6c5,1,1,1,1,0,0
ConditionalTeacher25,8,20260928,446,twitter,8ce4fa11d077eda6a361995955957c6f9e4bb4af8c3ee36b9d435cbda6db3642,1,1,0,0,0,0
ConditionalTeacher25,8,20260928,447,twitter,b763d50745423912f217d11f5bf30bf666b1f222195bdd3c8d91ac8cd4357407,5,0,0,0,0,0
ConditionalTeacher25,8,20260928,448,twitter,27e9eedfbcbade73ba5ab6c12df81a3251a7e0a6f2c30f2287f0fd06ce80d85c,2,0,0,0,0,0
ConditionalTeacher25,8,20260928,449,twitter,6eb24b76a189948eb35c131de3337b1ea7012fed2bf47185b7988eed377a8c52,7,0,0,0,0,0
ConditionalTeacher25,8,20260928,450,twitter,20c7c7bc30bd60a01d2fd4a4d2de33852e9902ec01d99a328175b7c1971ae3b9,9,1,0,1,0,1
ConditionalTeacher25,8,20260928,451,twitter,ffd515ed396479c10f200d076f4fbf51cdf7cf9b89840f5d108d60b894e0ee4f,14,1,0,1,0,1
ConditionalTeacher25,8,20260928,452,twitter,c1b7df5e4e62b185eeac3e1fa9321cffb7c68347f97644314ff5fb6333b269cf,12,1,1,1,1,1
ConditionalTeacher25,8,20260928,453,twitter,7193190bd2c58c2dd45199aba8751257f0a4b568e0fc56e5edb7e43807a65839,2,1,0,0,0,0
ConditionalTeacher25,8,20260928,454,twitter,4bd8331747eb0c97c07dceab4cc049b10d06d426189d13c5dd4a0f0042b1e1ed,4,1,1,1,1,1
ConditionalTeacher25,8,20260928,455,twitter,8c884dff6169d2432657b44e4c7cfc6fe101db71a6a3d07c823ce59f380c1576,2,0,0,0,0,0
ConditionalTeacher25,8,20260928,456,twitter,2ebb6b9ab4bbf7a18d817d0c6902832d2005d7bcb58ba5915420fc8e4123eab6,3,0,0,0,0,0
ConditionalTeacher25,8,20260928,457,twitter,573d7b7581b6a512cf256304d98c5a7bb0d064806feeeb113ba2f7dd1684332b,6,0,0,0,0,0
ConditionalTeacher25,8,20260928,458,twitter,1c37da36a39985cb148ad33eb52a0db5dfaa7c6039edddbfc33abab431cc1185,4,0,0,0,0,0
ConditionalTeacher25,8,20260928,459,twitter,1232df9cf6c5d77f894526a90fa024f3f771b99e91d9db96b521b30b2bc5ed76,7,1,0,0,0,0
ConditionalTeacher25,8,20260928,460,twitter,4a15c246c8d18eaf83f76290ca735a86a419a9a451dcc68ed7f98d0fde488993,13,1,0,0,0,0
ConditionalTeacher25,8,20260928,461,twitter,b49c1c93243d63b1e694f9a778bf6a132e291af506a4c9c6facde4ad265c9160,1,0,0,0,0,0
ConditionalTeacher25,8,20260928,462,twitter,5edff1dc1c7844917052c1eec7994a3f418db36946c7e552b1d61fef0c7d4ffe,8,0,0,0,0,0
ConditionalTeacher25,8,20260928,463,twitter,0097402d392a71e678d1d1098ae0b8470961838f2ad5f78040aea1b23c7f8985,10,1,1,1,1,1
ConditionalTeacher25,8,20260928,464,twitter,4cd7e4c5d7ffe8f0863c8b4beb6876380f77ed01c16a144ccf73171b1704cc7e,6,1,1,1,1,1
ConditionalTeacher25,8,20260928,465,twitter,0e9ad447f1f34f842bcf450e067d21f8de1345d751fab1212b37fe7a13921916,8,1,0,1,1,1
ConditionalTeacher25,8,20260928,466,twitter,2ae021839b8040aa9e97ca5d5afcb1e39b0ed4ab15687a1062b2f49315cd52b0,3,1,0,0,0,0
ConditionalTeacher25,8,20260928,467,twitter,4ed0a5e8a75b31ecac6317f52d4f6e9cbd3b1232a34fa0c68866c127ec5fc8d6,20,0,0,0,0,0
ConditionalTeacher25,8,20260928,468,twitter,5648c1cf7abfbff23aa2bed46e62883d1f096af0836ae019033ef97071cadc90,9,1,0,0,0,0
ConditionalTeacher25,8,20260928,469,twitter,9f89ed27fefcdbb774707a5064550c3e1d74a22a437d3a976e43d4e4a85cd005,10,1,1,1,1,1
ConditionalTeacher25,8,20260928,470,twitter,844014e0d5cf653c9655e44c539c57a9b57b69b456b3f162cc18d010f6ddc3e3,20,1,0,0,0,0
ConditionalTeacher25,8,20260928,471,twitter,5456dfa2912bf9814134ba5e54a7ecf4abadb0c2f405b94e1cde65d43e84b727,12,1,0,1,0,1
ConditionalTeacher25,8,20260928,472,twitter,3b004760a9f5a5820611eccf11683979fb0edce7b97b3730182ec720651f45c3,12,1,0,0,0,0
ConditionalTeacher25,8,20260928,473,twitter,9a0b03c53e996a8462b25c035cbb2d91ae6c2658e2a1565552ea7d61193af8b6,9,0,0,0,0,0
ConditionalTeacher25,8,20260928,474,twitter,c03c05b1749b3705ce9aa552cd3045e7bac5c5acb8596b4a296e07e3c677a093,18,1,0,1,0,1
ConditionalTeacher25,8,20260928,475,twitter,edc2c7cace52cbd3b5b4487038f89727ab41a1842cc0a5e965c27af9b00a61f4,8,1,1,1,0,1
ConditionalTeacher25,8,20260928,476,twitter,776a2b80f2df32d8056da1dcd290b94e36fb5696d03a8da1899bd1271032d7cf,1,1,0,1,1,1
ConditionalTeacher25,8,20260928,477,twitter,62c0c31bd5486646650ce0673e187fcf397ecc3149f7f40d57dbc03c83207bd1,6,0,0,0,0,0
ConditionalTeacher25,8,20260928,478,twitter,f7c9f62d7b325db4e05fe08ebf3e215ab1d438021b9a05a39d28cb2b5b8089cf,18,0,0,0,0,0
ConditionalTeacher25,8,20260928,479,twitter,d155d301343f2b4fe16d9aea8fbd1126cfe3c6743efca89ea07cc4c389c75a66,2,0,0,0,0,0
ConditionalTeacher25,8,20260928,480,twitter,60e10f866dd869f20f3214be7f032fc25c87645c968ce40219f02772dba757b8,10,0,0,0,0,0
ConditionalTeacher25,8,20260928,481,twitter,ec985e4eb1f0f18f5f0c75ce7eb1faf2256034a00031582f6817b459d609ccee,5,1,0,0,0,1
ConditionalTeacher25,8,20260928,482,twitter,c4a135f43c2cc222abfa7581da354db3f8ef029b86c68fe961a0f724b85c024e,7,1,0,0,0,0
ConditionalTeacher25,8,20260928,483,twitter,a359c6fa23c3febf078d2ae7ac8e8f51b46223479f5985985cc1a4c62839858b,2,0,0,0,0,0
ConditionalTeacher25,8,20260928,484,twitter,81355f13ef38520a3fa175c45fccb1ebc2e82c7fcda5b5a05f217bfc294d8475,1,0,0,0,0,0
ConditionalTeacher25,8,20260928,485,twitter,a4bdd01162b17a2c16752bf7f219bdd51bc5fc5fe4f64aefe67c93797b3e71ef,2,0,0,0,0,0
ConditionalTeacher25,8,20260928,486,twitter,6db5dc9936c01346136cd881631e4b62649fd8b450f6fced13c36a352ac52d77,4,0,0,0,0,0
ConditionalTeacher25,8,20260928,487,twitter,2fad8a15418d25b22dec6baaf6889f0fc55101d26a0f2e5dbeaf138c3207bfb6,1,1,1,1,1,1
ConditionalTeacher25,8,20260928,488,twitter,8bbcdc15912ef984386f14a7da9d78a9c7d343749bc75174ed4e2dbee3e3193b,7,0,0,0,0,0
ConditionalTeacher25,8,20260928,489,twitter,8e6d2bd4724e2927294f5d7cc3560667f1cd8ab69c50db55c277d91dc684dedd,4,1,0,1,0,1
ConditionalTeacher25,8,20260928,490,twitter,2aeb67f9c66ec2016aaae4b7ef195e6d7e3e32e0d582fe1999cc89db9957c26c,19,1,0,0,0,0
ConditionalTeacher25,8,20260928,491,twitter,f6fe7cd69758db5f74fceae387d304d775aab0dd02693680a441bd4bdf70c4d7,9,0,0,0,0,0
ConditionalTeacher25,8,20260928,492,twitter,b5d038ee1d021fdb3e3fdb568923af29b0cae566fe01aacb8d38e8ff1588e712,1,1,1,1,0,1
ConditionalTeacher25,8,20260928,493,twitter,ca8eda6a19c613fdf790a05ad0ae945985b525cd0b76f8f7d4ee97510b7ab93b,10,1,0,0,0,0
ConditionalTeacher25,8,20260928,494,twitter,43173392e4d9887970a17559f031851046bb021f40fe65c66d4e7ab01f930b0a,1,1,0,0,0,0
ConditionalTeacher25,8,20260928,495,twitter,8db7e24b2544417634594a52281091052da8e582dc5dfc585db143110de765c7,3,1,0,1,0,1
ConditionalTeacher25,8,20260928,496,twitter,5d23efa303e9328c4721917665efb9b78e212583d6b4b9e6ce9291cefa985043,6,1,0,0,0,0
ConditionalTeacher25,8,20260928,497,twitter,a6af6422531a26b73cd526c789021a1880cfb6046d20c2326a8ed91fcd00def4,10,0,0,0,0,0
ConditionalTeacher25,8,20260928,498,twitter,ac829c81fe972e398922092ea11733f8848fd31646a9c71d42179f6f277973b3,5,1,1,1,1,1
ConditionalTeacher25,8,20260928,499,twitter,213bdde73989a9f3ed4bfa69b17716e231dd80000d8fbc6a52f261633d956afb,2,1,0,0,0,0
ConditionalTeacher25,8,20260928,500,twitter,bd33e6d883de2fcc643bbc003faf4df5bbf7636a56908319adeb2cbe64a93da5,10,1,0,0,0,0
ConditionalTeacher25,8,20260928,501,twitter,f27410e33b324619c296874c215e6fac43ba3f0f7e761cc95556f71fdcec111d,2,1,1,1,1,1
ConditionalTeacher25,8,20260928,502,twitter,c94404d008e17b7c25cfce6430a74d1d6126f8971c1fe59416e59b631bde4160,3,1,0,0,0,0
ConditionalTeacher25,8,20260928,503,twitter,285500729a4e2a6a2d2da10479c42f81391a9107a57bdf2cabf7faaef5b92076,3,1,1,1,1,1
ConditionalTeacher25,8,20260928,504,twitter,81ee1a6ba057033baac61937c5aa5ebe5db567dcbc1d6cdc1ffb0f75d97d07a6,7,1,0,0,0,1
ConditionalTeacher25,8,20260928,505,twitter,199d1f09a54eea11a3b242bf34abe38d8e9772bc0578bfde17869abe078d0974,5,1,0,0,0,0
ConditionalTeacher25,8,20260928,506,twitter,373407d9a381c0760c1c15ad0635c4c8eed5ed001f7b9a03a18a38b86981a2ee,1,0,0,0,0,0
ConditionalTeacher25,8,20260928,507,twitter,902a53b84eb9475b3d7ee8d68a522b3f738eb5da100aff7f7bb1f6763261afa0,6,0,0,0,0,0
ConditionalTeacher25,8,20260928,508,twitter,1998877dbefed5ddbb500723704541f7a48c148d6d7f1ff9755ccfca78647eea,2,0,0,0,0,0
ConditionalTeacher25,8,20260928,509,twitter,852d549c03e0bece7f94512b3aa895152e795e9da14d1bf1f51fe83bc4fd1358,4,0,0,0,0,0
ConditionalTeacher25,8,20260928,510,twitter,7e46f8a353f81ac241ec4ce43b1eb4f897a4dc4fb27070a67b87f0ba162adbe2,6,0,0,0,0,0
ConditionalTeacher25,8,20260928,511,twitter,ead5d850634654e9dfaaf39fc44be7c3c5d325402692f7294c4c1f6487043fa1,5,1,0,0,0,0
ConditionalTeacher25,8,20260928,512,twitter,47466196cec03da35d16b7fb818aa4737acfee31df16a0da00a9f27a75c97884,6,1,0,0,0,0
ConditionalTeacher25,8,20260928,513,twitter,a82e5755238a3d58ad57fa8c679400ea519673cf5475930905806fc2f3bf1f78,1,1,1,1,1,1
ConditionalTeacher25,8,20260928,514,twitter,46726648c6730dbd983b22f838f92ee33917036fc1462af7db2b6c142cdbad6d,1,1,0,0,0,0
ConditionalTeacher25,8,20260928,515,twitter,4bd4d66e4dab5afa7571d2d3e76eb4573903a97c29f417c3c8b4b7141b9def6a,21,0,0,0,0,0
ConditionalTeacher25,8,20260928,516,twitter,31ba39017ad7153b3cc9de47dbf5a7b071e48d9d83b293fbbb3500cbc7bcb835,18,0,0,0,0,0
ConditionalTeacher25,8,20260928,517,twitter,a65a90740755f4dc78afc8e1090b2fc2141126006c8c5713907147adc62144ce,2,0,0,0,0,0
ConditionalTeacher25,8,20260928,518,twitter,0477c7dce52fce657dfd40a3fbc5dc8cb5c8479e1449298b5f536a3161a72dfd,13,0,0,0,0,0
ConditionalTeacher25,8,20260928,519,twitter,deb6e618ead2a07270f3d145195f4e6cdb0eb0a094ed56e6dc5419904dc58470,21,1,0,0,0,1
ConditionalTeacher25,8,20260928,520,twitter,67faeb2b306e292e8770b1c04d8df55781b0d95443537b8add19d1960defbf86,24,1,0,1,0,0
ConditionalTeacher25,8,20260928,521,twitter,6d1e24c3edbe49ea6f526e615a679294616467ce9e8c1599232afb9013acc8b1,6,0,0,0,0,0
ConditionalTeacher25,8,20260928,522,twitter,921902a0a48b56c8ac2fb720f69d96499a321463b6efe39254dd6c8e70b2ea05,7,1,1,1,1,1
ConditionalTeacher25,8,20260928,523,twitter,7461d185d85fa4d987fed4cefea3ae41d7adc9b64d89e8daa2e65ed99ddbbd37,4,1,1,1,0,1
ConditionalTeacher25,8,20260928,524,twitter,5da4794e5d908d18fff019e405d814de8f53298fd38a72ead9eb521f9af0e1da,4,1,1,1,1,1
ConditionalTeacher25,8,20260928,525,twitter,11feebcaead082609623d2bd79b976689c010bcaa714db53ccbba5027db0244c,21,0,0,0,0,0
ConditionalTeacher25,8,20260928,526,twitter,6a7f0edc32ff3c62b62d379140f878c7a32602b8cc759ad334c478cd811e206f,8,0,0,0,0,0
ConditionalTeacher25,8,20260928,527,twitter,40378766252c3541dadcc2be4c3f1db80b86441a3f7c7b6821ccd55fe0f7688e,5,1,1,1,1,1
ConditionalTeacher25,8,20260928,528,twitter,93263e2696ca8851f6401c570e3067cd1f3fa90987b9d28782987a200b175dd7,5,1,1,1,0,1
ConditionalTeacher25,8,20260928,529,twitter,e547023248d55a72e5882a23afbbdb7ecb145abbc042972a5b4a1e7c286b5c97,1,1,0,0,0,0
ConditionalTeacher25,8,20260928,530,twitter,f74372cd86ff9aec6e797461e37336833e89628a7961cbc8e6db1035f2ccfa5a,2,1,1,1,0,1
ConditionalTeacher25,8,20260928,531,twitter,c292c5da0a8aa4090089d9d97845f09b373bd1a4fab39ac64c8b2d50e15433e8,2,0,0,0,0,0
ConditionalTeacher25,8,20260928,532,twitter,dcc14d16f7054c2c367dcd0c6a87c15f5f0c15ae78e541d1269e7f7aaec62a40,5,1,0,0,0,0
ConditionalTeacher25,8,20260928,533,twitter,79fc16f082a53b70dcb5823d8e767a8d278a31d5b930d16abbf2bc865ab87a29,5,0,0,0,0,0
ConditionalTeacher25,8,20260928,534,twitter,bbd51ba170f12ab70463d6f1ac422424a8de8a3cb4c2fba12ac0806ad653de14,12,0,0,0,0,0
ConditionalTeacher25,8,20260928,535,twitter,bf720fb323cabe569fc0c729246ba69e710e10bef5c41350135b40b005bd5cbc,21,0,0,0,0,0
ConditionalTeacher25,8,20260928,536,twitter,33176fac8eb3c5980c8ce7a3a079403a7a92d0c429d04ac276999d3b9efcc40e,3,1,1,1,1,1
ConditionalTeacher25,8,20260928,537,twitter,b0a3eb688a9ed1792d3270d8877c4fbcfa817a5647ca04c01822e2af6e47bce1,1,1,0,1,0,1
ConditionalTeacher25,8,20260928,538,twitter,f55392584b9aa853d858c78bd07b84787d804e61d9ed02f4fc3806012b13aab1,14,0,0,0,0,0
ConditionalTeacher25,8,20260928,539,twitter,809e0ee79efc2f3a759933e2c0ba6316af226c07596a7b090ba4ae1c3793ea16,8,1,0,1,0,0
ConditionalTeacher25,8,20260928,540,twitter,bb450818aa1a7aa0956a4594d032b48f69f193eabb07232a8b4f7e822e43b8f7,14,0,0,0,0,0
ConditionalTeacher25,8,20260928,541,twitter,fe9aea0725a9b4f7f77ee9ca321331930c68150c8d7586189e84dac83bc98527,2,0,0,0,0,0
ConditionalTeacher25,8,20260928,542,twitter,59c8013c1df2516be4e002d7ee5dc36ff478a31814f9f385375a62c2af9af28f,1,1,1,1,1,1
ConditionalTeacher25,8,20260928,543,twitter,c70e91e99cf2912963ae14ea563d7f6a0f2cc9f2dc6421716e822c023904f063,20,1,1,1,1,1
ConditionalTeacher25,8,20260928,544,twitter,9a47a95bc12f2aa1939db2722ece91281ed34bc3cb5dc78c7d8683ac6b54459e,4,1,1,1,1,1
ConditionalTeacher25,8,20260928,545,twitter,9f596c8b340e5579121fe3cbf4ed65a7f06281bb559da4fcd1609c70202daf55,5,1,1,1,1,1
ConditionalTeacher25,8,20260928,546,twitter,5845c97b3512784107edf2caa483973f1c25fa58f3016bdfc5c8cc5c5c371ec6,2,1,1,1,1,1
ConditionalTeacher25,8,20260928,547,twitter,b27b3d0377cbcd6718d8c822aaf77a17ef393d6a4fcb941374d69e544f0c3575,12,0,0,0,0,0
ConditionalTeacher25,8,20260928,548,twitter,9f79e8c5c80f3aba95ada2f4aef6041b37939f57129dd1db1f2181fbd04e5042,17,0,0,0,0,0
ConditionalTeacher25,8,20260928,549,twitter,22fae40bf33210d9d9182fc2e0d9fa6af181892540d70a85ac30761b004fae28,2,0,0,0,0,0
ConditionalTeacher25,8,20260928,550,twitter,32f268119de2bd12e0346c67a845729dc776f86303b39ccb717e78cd398507e8,10,0,0,0,0,0
ConditionalTeacher25,8,20260928,551,twitter,c5001b759d4255d9d99249504f5825f7270277a69eb98950c0c660367ff87f0f,8,1,0,0,0,0
ConditionalTeacher25,8,20260928,552,twitter,d891394d05c619ba0126116ccf0a162175f3c43d2a2b8ff9c6c487250edbdfa1,11,0,0,0,0,0
ConditionalTeacher25,8,20260928,553,twitter,b95b34d913c70639530352536a33f9bf9060015b2be2c88d7b5c1c845269d754,3,0,0,0,0,0
ConditionalTeacher25,8,20260928,554,twitter,ac89f2a7955950ec02599105a1614abb3f4104367afa142be93471c1ebcc3ecb,3,1,1,1,1,1
ConditionalTeacher25,8,20260928,555,twitter,ea9917e5f5a88e57a6617dcf19ddeaddd5efff6900c5a6534023908de52f068c,8,1,0,0,0,1
ConditionalTeacher25,8,20260928,556,twitter,5d833968865957ff0f6ffb3cc7614be6eef69123047bbc7eb21449c8e2397322,2,1,1,1,1,1
ConditionalTeacher25,8,20260928,557,twitter,375c1b92f7b6b45aa92f099cd69c5bec185e26923f28c7603a7729d2f454fd17,6,1,0,1,0,0
ConditionalTeacher25,8,20260928,558,twitter,387723458c66e408b808eea48466bd2a4491a21256a26dae9182cf3d44129cb6,3,0,0,0,0,0
ConditionalTeacher25,8,20260928,559,twitter,8518ff3fb26573151335180001388035d15db267be49fbedc8a536ff4ddf13d2,3,1,1,1,1,1
ConditionalTeacher25,8,20260928,560,twitter,ae3cb31e730e8d6ff4a36774656af36b1ca5e587f54a9d94d476e03228593dc4,7,0,0,0,0,0
ConditionalTeacher25,8,20260928,561,twitter,328c9209a3de3fdaf822820e1ee5de94478fd62dace121ea1a6a98e37716328e,4,0,0,0,0,0
ConditionalTeacher25,8,20260928,562,twitter,326f3b0b39b9dcaf1d2cf9f3e90992436dcbc926df8e1d2eab7b4632ca4a77a3,16,1,0,0,0,0
ConditionalTeacher25,8,20260928,563,twitter,46ed9093252d808efd080738ac8b971774ff65d4855f1e9b1d9a724053e99cac,12,1,1,1,0,1
ConditionalTeacher25,8,20260928,564,twitter,9f74c34eec961cc2b0b8ae65dfa4a05dfdfc6791418be9fac80637c0e15583d0,11,0,0,0,0,0
ConditionalTeacher25,8,20260928,565,twitter,ccfabe1eadc855ccace4c88a4917ef55de6a7f146cf1e30a4f57aa6132087ec3,4,0,0,0,0,0
ConditionalTeacher25,8,20260928,566,twitter,c51426101d1a758badb57e27958db81cf763686f20d96d0fbc3ffba043a39ad5,1,1,0,0,0,0
ConditionalTeacher25,8,20260928,567,twitter,1d3c212f340ef54aa374be0ca0fd4b2f88e9cf01d7d452a071f091d4b995f5f0,2,0,0,0,0,0
ConditionalTeacher25,8,20260928,568,twitter,4af22471a3d09c919657f196d9db3d6bea1f5070cb6fab3bf2a20aa9aef9980f,4,0,0,0,0,0
ConditionalTeacher25,8,20260928,569,twitter,4be446364a169c258e081d5428cb43451f6a3f949a3d375a50e8d861727ad131,10,0,0,0,0,0
ConditionalTeacher25,8,20260928,570,twitter,8cc119a2b38be5497a86a0580cb8a34be3e60c7b859c126885ede12522114106,4,1,0,0,0,0
ConditionalTeacher25,8,20260928,571,twitter,284c2400932f5997114bfeda6f0c04bf2b4a7d871d4ec8195c83649a8ca05d64,5,1,1,1,1,1
ConditionalTeacher25,8,20260928,572,twitter,699caf411cea0da0dd2295781eb4539818da2a949c7c1302681f6fe17b36202f,1,1,0,1,0,1
ConditionalTeacher25,8,20260928,573,twitter,9f707829bf840b5bfe458637b67ab793ab1417bcd7655f788cbafb872c287af3,6,1,0,0,0,0
ConditionalTeacher25,8,20260928,574,twitter,ea5a7b1f00a68fbfbd9f755d72ead415f5ce81e2cd9dfb5bd1b2edee69ceac63,19,1,0,0,0,1
ConditionalTeacher25,8,20260928,575,twitter,0e42cf2f38a7260c4b2092eca7220f5d546ecfcbefc6af0b1bbbde8d6557d88a,23,0,0,0,0,0
ConditionalTeacher25,8,20260928,576,twitter,272fdf2f54872e1fe6db26455e88f76916b1c93d5bcb2d449fe589e4c01db54b,2,0,0,0,0,0
ConditionalTeacher25,8,20260928,577,twitter,67901d6851532497872fd5d5c6972be60cb47a7d292d0e0d8603fa6c296cc2de,3,1,0,0,0,1
ConditionalTeacher25,8,20260928,578,twitter,b9ea7f780b30fe7c7b813eb89aab943c6dbc96b0b1162a88b4f0b6e0702a8dc8,12,1,0,0,0,0
ConditionalTeacher25,8,20260928,579,twitter,6da19ab67fc77b38f51b37f338f5d9ef1147a4744188288c31b6993aa1d8a9de,4,0,0,0,0,0
ConditionalTeacher25,8,20260928,580,twitter,d0f9ae922f59da6f898a5a3252caceb48b7cdbb5fd45272512db53bd20594006,6,0,0,0,0,0
ConditionalTeacher25,8,20260928,581,twitter,ccc3f53a5c2bf415f223d7d08f6c5d98b4210903b0a4e5004fac4034aeb0405d,5,1,0,0,0,0
ConditionalTeacher25,8,20260928,582,twitter,061989eb4b6f043e6b703c545a41434606597ee5a333ca6cb23a0817f0c1cad3,2,0,0,0,0,0
ConditionalTeacher25,8,20260928,583,twitter,0147524498f6dcb7f6c1df9732d3db5bdd194c1dbe51d591b8b3e5139ca943bf,1,0,0,0,0,0
ConditionalTeacher25,8,20260928,584,twitter,cc0c913577f11e97b3814b51feda487a2334d3d424406075bd0fc517c7f664a6,3,1,1,1,1,1
ConditionalTeacher25,8,20260928,585,twitter,a0bbdb92233059108829c0e28d980428e110f66a0e8ffd39ce7afa742d09c5f8,1,1,0,0,0,0
ConditionalTeacher25,8,20260928,586,twitter,741f2d626df4f575e6e7d696afde4686117f08a5f2c4249020ffcd8bfd7e4841,2,0,0,0,0,0
ConditionalTeacher25,8,20260928,587,twitter,90de0b9bf908cce0650179964fd20ed72d13a26eb1dda59215f3b606899e96b8,3,1,1,1,1,1
ConditionalTeacher25,8,20260928,588,twitter,83e20cc4f51e11e49a754eb6faea5d4888cc5f90c72dbe7e3dc7dbb0e3162c59,5,0,0,0,0,0
ConditionalTeacher25,8,20260928,589,twitter,b96d2800bb083eca035544b0bce72eb11b2a87d29603cde9ba1f402d620305e4,6,1,0,0,0,0
ConditionalTeacher25,8,20260928,590,twitter,fd6506494e3f316c3b2eda02245b6f4562329d9cba728cf97d781c9a1035e0c2,3,0,0,0,0,0
ConditionalTeacher25,8,20260928,591,twitter,c563b541beccb4e46375d7b78233b7b595c9a8709a9370cfe4c33c30f86e8534,5,1,0,0,0,0
ConditionalTeacher25,8,20260928,592,twitter,370616af8584db52e81e96e840a0ff24dc7c1376825dfaba821586a6ceaef0c7,15,1,0,0,0,0
ConditionalTeacher25,8,20260928,593,twitter,6a006bee7a8ef46994e698dab791821ae894519158bac09839b9c7720982447b,5,1,0,0,0,0
ConditionalTeacher25,8,20260928,594,twitter,0ff7cdb2a6d5207e493f159f4831ba1c9bb2f34ab75304c94333523c20d86c68,3,1,0,0,0,0
ConditionalTeacher25,8,20260928,595,twitter,15ef1bcd3c9bd82e8daf1f10d502977edec7ff2968ad5926e2110b7ce29fb769,4,0,0,0,0,0
ConditionalTeacher25,8,20260928,596,twitter,48654f6b05fb402f5989d578766c2dd54dc40403e9a190b13a1301030a08ad1f,7,1,1,1,0,1
ConditionalTeacher25,8,20260928,597,twitter,5ff210c8884d0102a275475473c5cba0c0f2db63e45b1be91cd5778b90e7d79e,6,0,0,0,0,0
ConditionalTeacher25,8,20260928,598,twitter,183c48d7a2aab033ccd20104e819d38f67433097750771e7821c6e7961c87ffd,10,0,0,0,0,0
ConditionalTeacher25,8,20260928,599,twitter,55ea2cb0b59a864f950473104cc288ed311999fe5b9c195d5edeb7479d4a9306,5,1,0,0,0,0
ConditionalTeacher25,8,20260928,600,twitter,f1b5e9e6d6f733f94f78785c7b3acb329a53a736ebbc27d870531a64250b02e9,3,0,0,0,0,0
