case_id,source,line_hash,cpu_rank,in_vocabulary,context_words,cpu_ms
1,blogs,105d972834ddfe0e084b44bd7486b4ab08b0b1689b5e1f796e23960fead7d82f,4,TRUE,11,30.8740139007568
2,blogs,0a2e3b9647159efcef5c34ebe75c233a4d2dc57f1f000592fd6c8eb91dd110a5,1,TRUE,4,0.735998153686523
3,blogs,52a30fdfe798e978c1ef370b2564bf948c377f51c6155aa60153220c2a11ab1d,0,TRUE,21,0.694990158081055
4,blogs,52c60ad13761e0a0ff1b96e2eb9305f22ad8d915eb5a26174dd7c260cc8bf017,11,TRUE,5,0.703811645507813
5,blogs,daa1180e6dac95e8cfd0bcaa4f47b4b2f47f67fa99d15aea1a5c4b6289ed190e,0,TRUE,17,0.706911087036133
6,blogs,a38a299e8a74d1926ae1699880eec099ba10ccd440ca25d34cd9bd73ed213027,0,TRUE,27,0.685930252075195
7,blogs,be7a6545f18a7283b3f98e7745b46d473b714fcf50725b9760c09b9ee60f8b19,2,TRUE,94,0.97203254699707
8,blogs,4bfe03437493a5c0a6cb3d3e2f4f13c80da85402432fd14990ef1351220bd648,8,TRUE,4,0.663042068481445
9,blogs,5af1811510a758ab5825e7f9ace3549d534403263e0a3035b554a97c44bcf224,0,TRUE,135,0.684976577758789
10,blogs,1534573c478c20ba097cf1824fa0c6b4b8725817b94c3027ab17a47f0fdd56c3,3,TRUE,2,0.662088394165039
11,blogs,0830bec00d0660ed4e363219e33f49fa344793293042bfdcc00e0ca28d62d717,1,TRUE,3,0.633955001831055
12,blogs,9c4a330b0323aa2fa80a8a888c2e58f7dfb4a2c409ca9560db7222edc527448c,37,TRUE,51,0.659942626953125
13,blogs,e4882682fe4d44dc893f4185592c608e916b7e3a5bc770c060210c584d042870,1,TRUE,1,0.832080841064453
14,blogs,20c00cad7d656bf26629d5538976b7fe59cf217129cb0628fba881609cda75e9,1,TRUE,12,0.683069229125977
15,blogs,53f560f86ca0a5a698a4348fc1377dd3b38b3fe8ae0b19aca7de2999d2239404,0,TRUE,3,0.693082809448242
16,blogs,04fa2d9b10e76c6d000c956271efb67fa35ea4ae65f48c0ca964c3dfea4d20f8,7,TRUE,17,0.645875930786133
17,blogs,2df1d91f301f2d07578bf6716aa4b600618692cd8c0f9eee8847ce5f20cc3873,1,TRUE,16,0.647783279418945
18,blogs,a03f0c4cd6767d567f3d28d9c4d4dec1d1e96a097d918046fac8cb68e3239d17,0,TRUE,8,0.620841979980469
19,blogs,2842e70f39358aabba9f86c3d55aaa605ea2e7708fe7a10e5bda664af481f8f2,0,TRUE,2,0.602006912231445
20,blogs,f65599fa3a1b2797ee6716bcf92937a8673d4a4c52236c518a31e5a750e277de,2,TRUE,15,0.674009323120117
21,blogs,52daeb7c20fb04b267b71452412a7252be91fb716ce68c1b595b02349076c4f6,50,TRUE,28,0.634908676147461
22,blogs,84ec0a4858a2664c12fb1dd7d262fbf9dd29395650f847f14951f01b3cfea7f4,0,TRUE,2,0.624179840087891
23,blogs,8759c476b40d5108e19d60c0d6862a9d98d05f7cb44cb03ae9daa7c75e3d824d,3,TRUE,61,0.741958618164063
24,blogs,3c6b565e0451ab6f8565b90db9fd5bb417741c904eacbf683a4cf0d4f51a9bc3,0,FALSE,11,0.634908676147461
25,blogs,cf984ec764a4e2ce88e3280f4b726395a8bf47ca0f14ff3eed1d85b76d547228,6,TRUE,11,0.654935836791992
26,blogs,5f891e808959435701b5d519543e40cb3aab35b524c750ec48cdd00cf7d4cedd,0,TRUE,5,0.622987747192383
27,blogs,7c6f8a3c9adaa4a59a06c185313a484bfece504f7073fc7a6c1bc42c780e0278,0,TRUE,1,0.826835632324219
28,blogs,c263e5f72808873286752f7ae986bca809e014a12365256cfc095cb3de009de1,8,TRUE,50,0.653982162475586
29,blogs,61f7e0e9f84b04c1127302c9d29a578b9fd3912bb4f3e23e9fe2620136d36c98,2,TRUE,20,0.631093978881836
30,blogs,a3e43ca82a1d6f3256563616afc05d777eaebd5abfe0e024a4dd0d69de625ece,0,TRUE,16,0.658035278320313
31,blogs,a264539b039bf129ae56b759758dc85491310825a306cd7bfc9b5a8fee05c64b,0,TRUE,18,0.613927841186523
32,blogs,37a3d3821cc567a4bde4832af39562e7e8e1693f7293376c9ef6e97987e34680,2,TRUE,60,0.664949417114258
33,blogs,f4a950ef4e56f04fc09a41b9021b99f4614fd3554fd8e9f513324d36f9400abc,1,TRUE,8,0.63014030456543
34,blogs,683088366b9c222cd95f61ad5b14daf562de8ece2ab7b637ffb64907eeb42204,0,TRUE,4,0.618934631347656
35,blogs,f37fb6aba03522307401b9741a2aa7078bbbe652cc3f95658ff33db90ef010ab,0,TRUE,59,0.684976577758789
36,blogs,9ffc7251407353c997391e4e2922ea641137e2251eccb5e4b8e8588a40e8cf77,0,TRUE,41,0.625133514404297
37,blogs,89ccdf6d82b096f29a536af0173b3be179c88d502cc8eb7b7a940bf88a615c72,0,TRUE,11,0.608921051025391
38,blogs,da858ff37b7ab8f0c3febc5e2babd2e61c151fdbf6623e14adf095c245c0d409,9,TRUE,63,0.645875930786133
39,blogs,034d6ea77d49ff95541dfddaaf987788d0a33a32f5acfc461ad6fc0645ce7462,8,TRUE,40,24.1868495941162
40,blogs,6fa42f0d4d32d3218cc8b21399f0476a40aba835526528f899d50c15081ba3ca,1,TRUE,2,0.725030899047852
41,blogs,6c79e074e6435e40abab2d2d8abf61c99d0e136a2a531472bfce2c6f05ae256d,6,TRUE,7,0.627994537353516
42,blogs,f12b29a1e758edccaa84250163ed9ee7c466dd24d0da56d53dac2782ead0a07e,7,TRUE,5,0.638961791992188
43,blogs,4f0613c6387ad63a4a6115971a729225dfa0afe6695d9ebebe6213c936bf94e5,1,TRUE,43,0.643014907836914
44,blogs,d6773bd94ce2c71b647097850c99ebae7026726235d07cff767b2c08daad4963,12,TRUE,57,0.649929046630859
45,blogs,371ccda823ea0246aae6b4984115fde1d3c8f660b71af7a9d3a81876c8391f0d,36,TRUE,35,0.62108039855957
46,blogs,10043e3273ec4effe29916a66f1b091121adc9edf8c9ef06d872abeafff8f1d6,4,TRUE,43,0.639915466308594
47,blogs,7911efa65bf3185dec270bd66ad10c539ed26f488a724476ca664a77c0f7acc1,0,TRUE,58,0.636816024780273
48,blogs,e33dc2bbbba59be3518ab4372b2e31bbb63d514c3f991e52ab0897c503d00771,0,TRUE,4,0.59199333190918
49,blogs,7784edaa4655dd888f10ab9a4712b3c137e996c91a7bad9108cbc74c3e597d79,19,TRUE,49,0.611066818237305
50,blogs,6a254fb8d36f3e9b3b784a07b782b100d90588623005a2d3f1be49c1efb6a6f9,3,TRUE,22,0.618934631347656
51,blogs,4e947189950ea8b2d719016d43c4308ebeb5c3a9cff92a93e4d96af80b23eab1,32,TRUE,3,0.599861145019531
52,blogs,deb1ff3e38c6a2083258fc00d858c37a7a158f3aa50f09685b60ecaef372e781,72,TRUE,4,0.602960586547852
53,blogs,1d8a51877f23ecb2df570abdfb86f7a2b1ae61466541c4a55847eb27571801d8,54,TRUE,3,0.627040863037109
54,blogs,6c9d3a21c57237127e6f1d9efe610f4e1a797a7190409b1c7b2ec8030638c028,1,TRUE,52,0.629901885986328
55,blogs,e8ce8a0058fedeefc26b5075c73273091da64eb4b30910804808fd17e5f2d54f,1,TRUE,5,0.602960586547852
56,blogs,5f61e19f501fdc2ad66b71f95c8a834cb3d0f2d8a751836501b0f1a37be5a3cd,4,TRUE,39,0.627994537353516
57,blogs,03bf3b518c8bcf2886057f7be7985b9ee9e0783ee149d9faccdf9d224ed9e4ba,0,TRUE,6,0.61488151550293
58,blogs,b47c762b2fb87ce83900e42069013b96748bf870d7d0c9b432a9b16dddea7a76,5,TRUE,44,0.632047653198242
59,blogs,11ff1a51d4da24405b98c98a123eb6cfcab697b9c467e9ea590bd94408fe0bea,0,TRUE,3,0.609874725341797
60,blogs,ec8d87e2cc4d6909f1cd0b21329c0d0512ba3a04128f336962210d799677f484,0,TRUE,7,0.645160675048828
61,blogs,fa0dd9b0b01e0ec192d74fe400baacd6250f8b22b0864d99f7660e734ae2c756,0,TRUE,2,0.634193420410156
62,blogs,733c15ee757ab86d9849b305cef2a119f2758de2c15d49d52d38f93191ae8679,1,TRUE,2,0.800848007202148
63,blogs,99fffd2aedb5258c2ccf4961d4e55f13911933f394c56de8fdbff77fbc0081c8,2,TRUE,1,0.762939453125
64,blogs,4c3fc311d7f73409ff3ffbf57c40763a91181379226fbe62803bd20f9fb6d81f,8,TRUE,4,0.619888305664063
65,blogs,7e619ff2e1d3b957fd99243415e4594480fbbf97c4435c2bdb9cd952a161c16c,0,TRUE,14,0.619888305664063
66,blogs,6ad939717a14e9653dd876ee41dda0b9e81b2bfca9262d0915c9cc1c25234137,11,TRUE,6,0.602960586547852
67,blogs,a8ff25cece32f5a569779a4f481d01e19e73f8ce32b70c3510c6171c09057d9b,0,TRUE,17,0.620841979980469
68,blogs,19a9879ede886c7d2822d6f8918d84657c9f9ee7964176f43b3e2492ab3516aa,0,TRUE,4,0.648975372314453
69,blogs,9a18123cb7e28813719636528e9ac13b7b8a22d20e98fc6c12c0a6e4298dfb33,2,TRUE,2,0.591039657592773
70,blogs,27a643aeadf8b93abce50cebc97f2e010dbe520714dc773e106a2e0963ab8783,0,TRUE,28,0.622987747192383
71,blogs,fa7078ea4a4d9b889ad440ccc640d148df55fa79497fca54be66b6cb3e61cac1,1,TRUE,56,0.628948211669922
72,blogs,6bf42067eae855cad0277ecfce76f986f2a10a2537e0b7eb23103a1695b4290a,0,TRUE,6,0.633955001831055
73,blogs,6284e4a6c225d753790f2c19a504ab03382ee7139d1090d99a4ae1ec3bf73f16,0,TRUE,1,0.826120376586914
74,blogs,75e99ef112bcf96672b0f5717250f531f16da2dab2301b9b8b5784513512c28f,0,TRUE,1,0.829935073852539
75,blogs,bb64e6a31f63deb94781d2bbd1b066779ada2fac3d698779f47e208a4ccc4313,11,TRUE,4,0.660896301269531
76,blogs,a318a1e229f1b6354572ac938ea842a5036404196991b464dd0afe96de4f5ea1,2,TRUE,41,2.75707244873047
77,blogs,c44f2360303c0905693c2c1678f8529515eaec2d56f72e2de4d7ee4b8ff17638,2,TRUE,5,0.5950927734375
78,blogs,bd62571493a36262007b9d1abf9eadbde48b4bf67889f4453a100b9d426b5796,1,TRUE,1,0.798940658569336
79,blogs,875e0b5034ea4fd6e14b4ce173e3138f42c8624c7849fa186a2a35062de7b34b,0,TRUE,26,0.677108764648438
80,blogs,cad605275905824c6c1615040b0de195c15ef05ad7751e24a5c30429a56da27d,1,TRUE,6,0.591039657592773
81,blogs,92c51071ed6ce6b6a24ac520c7053fef21ce0f21a2a026629dc4e0983dd4ef7a,62,TRUE,9,0.602006912231445
82,blogs,d2515d2b38b657c8df50c1a13d321e0ea9a632a70fba0722b8e5e265fb238f40,1,TRUE,15,0.585794448852539
83,blogs,22008c0bf25af4c569de0e5e5fcf02573d610636ed8397f71cca3d725ea675d2,0,TRUE,10,0.58293342590332
84,blogs,12402ae0e6fa455e638514ce6fe82709e0c929fc23761ea3a200f2387fcef42a,3,TRUE,37,0.606060028076172
85,blogs,2fd7b0a9102e734921db61fcc22a810f679934d48a45b253599d79c53a3ba5be,1,TRUE,34,0.586032867431641
86,blogs,7013a38aa1d7d3efd0109465c62b6c54d162fb239e07d0b8c4d593840ff833c3,0,TRUE,27,0.597000122070313
87,blogs,bf850bb8f36f8db3a9e6d72d0f3caae5bb1f36ab2f7146f24f4ee72ef3da94c5,0,FALSE,5,0.660896301269531
88,blogs,bc74b97ae83654fc766bbc32faf0d783ae9d01838434189afda447a657671b81,0,FALSE,5,0.617027282714844
89,blogs,8689f2aab24599aba6bceb5bd718b2efdf1120db64ad1640d884df7c6bf1d92c,4,TRUE,2,0.623941421508789
90,blogs,95f5cca263fb0687af80682a320c49ace62b13304ccd4cc47ff121193d193bc7,0,TRUE,30,0.635862350463867
91,blogs,301daf677c135289e0dd68c624a628c7ef879894044c8f41cd9c052dafec4652,2,TRUE,5,0.620126724243164
92,blogs,5c35c72ae97c55e26678cd30ea5a25947a1b4a29044c321a8f002d38e669c151,4,TRUE,1,0.683069229125977
93,blogs,68ddd23ebc1ae859017dada27e1b30d5c89c6442aa5302ed211f61541a62f9ff,0,TRUE,64,0.608921051025391
94,blogs,d7e479596c1e114ecbe2b55fb89001186bff07eec698c60df639ac76586c9b76,104,TRUE,1,0.702142715454102
95,blogs,fe2fdd9003e33b71c744e6295fa597da9ead4ca8ee2236ff346c0cc89f07813f,0,TRUE,29,0.607967376708984
96,blogs,405189650eea630f6cee09d57801da61fcdbb7b69b6cbf66ad3184163a340d35,1,TRUE,26,0.671863555908203
97,blogs,dc969c33962498939786231d1a47608ccca2049d4e83da8cc7758e01cd65f510,0,TRUE,2,0.584125518798828
98,blogs,ef1e7723cdb328cb57ac5b86485f37973f39c0d55deefcda9e6d809703280713,0,TRUE,3,0.616073608398438
99,blogs,4023273ada37cc9f6a1122a2b515798f1a0088908ebb488d615148ead0d57590,32,TRUE,1,0.753879547119141
100,blogs,ed1f739063704d60797e61f2d6b0b684d653846941ed6b40128978a3138fc957,30,TRUE,14,0.615835189819336
101,blogs,6a904b8b1be38c5e30a6431cdf77e60321104c3eb70474096280fa03adda5501,16,TRUE,3,0.629901885986328
102,blogs,49ee9ec1f191ef251c580793df4732aa9db3fa05b34c21ea19b34988eaa2fc56,0,TRUE,3,0.571966171264648
103,blogs,032b218988f7a60fbbd6d76dd21ed087ec3b73258da730a2d9d4772df249f8e8,1,TRUE,15,0.580072402954102
104,blogs,9b6029701c0bde0dde18e8b851e129ed53a760e978f618e30d4592db9b2b8c02,26,TRUE,16,0.58293342590332
105,blogs,a55d82f6dd114028a3280b0b007a59ddff27e493ea6834ea981e56839dde27f3,4,TRUE,3,0.651121139526367
106,blogs,509ac1fbc4950d4a145340562004843ea5e3c03b9a288eb49cef2ce7e17f1f44,1,TRUE,15,0.610113143920898
107,blogs,9c5f6857330508fb65351caebf3e1bb4d486fc02e488c5639fb5d3e65ccedac7,0,TRUE,8,0.597000122070313
108,blogs,4c1630410abbe8f969a102bb9dff7f4c4e17564964ea854d21a8f1741f67129c,0,TRUE,1,0.568151473999023
109,blogs,7ef722ff13cb6b875cc3378e78da1c480bc85356fa615fda973debe1359fc096,5,TRUE,1,0.739097595214844
110,blogs,ba0c097098648882728631637cbc4f25e84fe1eec81abc5d49b08fd671bddc33,4,TRUE,1,0.857114791870117
111,blogs,d42d6199c3a56cb3a6c2ae308a4d661ee47079a13606af2ece5ba5fe0da10d74,56,TRUE,33,0.627994537353516
112,blogs,fca7c6ee599f5bdeaf84ba6f09cbb776e56b9ca6e5962286f52290b09beb7ecd,74,TRUE,1,0.83613395690918
113,blogs,60aa772edf50f8030c3746bc53a27ffeda89019a8656e2020c3d4927c371e97d,21,TRUE,70,2.99215316772461
114,blogs,89d099469274a30bf796a2e14d9300c110b498e3fc16091f88f469d27e7f93ad,75,TRUE,8,0.638008117675781
115,blogs,715e763b7dd10e3316f6f0d44ea8f6117d9546961b455e1d95a4ada7138d1aec,0,TRUE,2,0.62108039855957
116,blogs,84f6faef96324dff396abaa5c27be27c3229e7d90871c82ed5561ff479eccc3a,10,TRUE,1,0.699996948242188
117,blogs,c1b4e6ba55688943a8d1319aae8779c2c126c0e2e1998165c1150b1579592e0a,1,TRUE,2,0.599145889282227
118,blogs,a45cc520deaaba6fc0253e387a8d62353e1d44f907a9c49f52f99cb20759245a,3,TRUE,34,0.679969787597656
119,blogs,74687058082551eab91c63f1e54d3f16fe44ff4191a1767aaa33acd84f0bc62e,0,TRUE,42,0.619888305664063
120,blogs,9a8ae3d4e6ccc037dc2f9111b583edb4a4870936bff9b7f6f43bdb1cf57268b0,3,TRUE,24,0.626087188720703
121,blogs,8ba32ead118cdef4f875de486fb2de9f0ab15fc8cef0717124ca00e9939c149b,1,TRUE,9,0.597000122070313
122,blogs,c7b7bc0814d5431c8ea405c3bcac6fadf58154499e8b2fc3a6e2df999734b21c,0,TRUE,3,0.609874725341797
123,blogs,3670fad2b19b165a0fa115da54f059186c31d8d3fdd12463b6bd580eb23d67fd,0,TRUE,10,0.586986541748047
124,blogs,d4aee5262ad08f24c12b6a49c76e3c25e0fc67ad826caaa69a59b034300f228e,2,TRUE,3,0.587940216064453
125,blogs,206792bd0cc75ad77b40d5b154d1da116d7cb7bc0686c81f76e4d786ff4274a2,1,TRUE,64,0.65302848815918
126,blogs,6df3bf96d2cdc64f35cc5f6a22977c2ee9e3890d1321460a05daa3231cc5258e,34,TRUE,24,0.626087188720703
127,blogs,30d06904fd7e2d39a77717684009bfd505e7c64a5b3816a1367c3d3870ea8cee,0,TRUE,4,0.666141510009766
128,blogs,5e802f7f7c292d5446ee67eeb96b4712d7665aba402307b59b482b7ae453734a,2,TRUE,13,0.618934631347656
129,blogs,fb4740e29b610928bf2c87dd3c3ae57e9dd954b6f63d72828ba5784cec8c0adc,3,TRUE,4,0.660896301269531
130,blogs,415345707e95e3c7b36a21b9206c539652997ed50b8fe2bb77d412cab78bffcb,0,TRUE,3,0.624895095825195
131,blogs,bcbb358efa2676762433748332fc9471fda354aeb9fe724dfddb72cb279572f7,1,TRUE,14,0.591039657592773
132,blogs,cf0d1420a5273290bd118ec69867a640dff6fa3404aa6280ea295680e61ff256,0,TRUE,8,0.570058822631836
133,blogs,26d145c4b618e618b34f903f93c2c177d8d2a7fb12348f93c5e047263c519cc7,3,TRUE,61,0.601053237915039
134,blogs,0a1312996e40313b4aa614fc57625f27623eb5abee5725ee6888ccc9c5cf67ca,0,TRUE,13,0.578165054321289
135,blogs,1fc0512ea189af446611793b3e8092e05a3fe2fe890753b1a1faf98fba53f4e3,0,TRUE,19,0.593900680541992
136,blogs,18baa14812383968e2679c5a553591ea1c9cf53db77476269dc350e466cb3065,0,TRUE,17,0.601053237915039
137,blogs,f168b1bcddd8a486f9d4095a6c868613a9e9b1872dce193e068ba02e1aec06b0,0,TRUE,11,0.645875930786133
138,blogs,4cdcc3b83a64628dfe14ceb842b0a823700fd17b047da7b84d4dca4f7ca092e5,0,TRUE,2,0.604152679443359
139,blogs,f42b0e6409e66cec64a32baa68e1b12d1acf61ee37740f00345b2b7b9ef4f919,1,TRUE,25,0.6561279296875
140,blogs,d53ae81ad69df1baefa990ae9d2d14802cf9090b79008c4403b7a11d9d6bd67f,0,TRUE,15,0.612974166870117
141,blogs,196003c31a434e3609b33f7e38d373bf2a7abf8b33ce79afe35e24ae2485af1a,0,TRUE,2,0.604867935180664
142,blogs,e2f6a199c900fc6dda50227e27b576c703688fede04ef7075625e59204e05ec1,86,TRUE,5,0.585079193115234
143,blogs,3135ede2217963ef06c2f79313717ca9d171821eb53da0d97f5289f4000b4918,0,TRUE,34,0.603914260864258
144,blogs,5844093f29cb205ba9333db449cf46b1ee1332c5765b905c1306cae24b7e1278,4,TRUE,32,0.622034072875977
145,blogs,834d8235e1d8091c0213fe332ebe07de9a90a848c9ba5511b10ab279bf6c170c,0,TRUE,3,0.586986541748047
146,blogs,3393e06e1db632ea520ef819f5bc91124150b8c2d5896da4c8297522702e2825,1,TRUE,6,0.58293342590332
147,blogs,1765487a2b2a7581be1dcec2ff079fbd75d009f83d5946e09517579d4d6a386d,2,TRUE,3,0.61798095703125
148,blogs,ca32e3e2f8d2cd4a6b046abbea3a688f0c72540354ceaa83b24aa7d180649e8b,0,TRUE,24,0.581026077270508
149,blogs,e5556617ccd176286c1608fda08bb18e404ce6b5c484022b3b484a1ee35effd7,1,TRUE,7,0.610113143920898
150,blogs,4dfba2681ea386241547c73f7fc14cf18d8fcdd767b990af0cf172d7b5006589,0,TRUE,4,0.60582160949707
151,blogs,dcad63f39aa33ae5811533cd57943762cff3fe2a3a39a30ae4ea55defae3d1f8,0,TRUE,15,0.584125518798828
152,blogs,3d17456dfc58b477e1a219e302c3c2bc8807e3e05c22a4174775d16a3dc41270,0,TRUE,40,0.602960586547852
153,blogs,34e7eaf4b6218aee1910425545b8ea36dff41332a3899fb4fef234f8e5615a6d,17,TRUE,27,0.593185424804688
154,blogs,89da98b4ebcb131cb91c414c984de5efc91ed5f408f6f6456fbc3724af6d5ae0,0,TRUE,4,0.576019287109375
155,blogs,a89c05859ca7f02f5b0b5925125c4b0a8925a13d8f60161b26e32797288dba92,0,TRUE,2,0.614166259765625
156,blogs,59ba2fc59acb8c679ccde75b93ae00134523a7e3afbb3f7c3bd27ec81d2b44f5,0,TRUE,13,0.581979751586914
157,blogs,43caa338ba876896d62553189192f4178df5a6be1581e3c3e65718a06e954cb0,0,TRUE,2,0.589847564697266
158,blogs,256741161b0aa60ee0be057d51f4fa4d6fde70fbaa119be046b85b55b04ca9ae,0,TRUE,26,0.5950927734375
159,blogs,79b3504cfb495a134b602dbf167708f9d28fc6c64bf230fd33edb559af20cd2e,1,TRUE,12,0.581979751586914
160,blogs,8dd667319fedaed25edc4214013b26c7cb7bb7f525c5ddc9139d762da2b046dd,0,TRUE,42,0.563144683837891
161,blogs,f76af210387dcad6f4dab7babfdfab735c2e5f226a78bd60a4bddad1be0e45d8,10,TRUE,11,0.588178634643555
162,blogs,cf65e050cb8487f2cce92b1ca8d84cb8e476a8c08a04d3422c122d9f93a6da5a,1,TRUE,13,0.608921051025391
163,blogs,0ce8ea9d60715c29d991d78e6aa98c66c12e96222fc4be7fbf8a8b75de467bb3,1,TRUE,9,0.618934631347656
164,blogs,d83dfb0f93f5c49ed8fdfc4a8ff33901f9a6295381e0233130f3f66e95a5f03b,5,TRUE,23,0.613927841186523
165,blogs,e307d74276d6b23234be1202ab3bc3a65858d60883e6d20e0846d6a557c88b2c,1,TRUE,18,0.647783279418945
166,blogs,b195dfc7281ab0a0d5ba6670c7e219ea3f152dacf15485663ec99cd2bb3846e1,0,TRUE,1,0.777006149291992
167,blogs,fe2e587b3799be062c8e629abfe75211a4ddcbfdb7da32f5214a874d95f10791,0,TRUE,2,0.602960586547852
168,blogs,c696f50a2f18869fff92fbfe0af6999febaf39fefcf26a6e3a351251ef3d7937,79,TRUE,19,0.638961791992188
169,blogs,ce5ef73ea46210d4466b54134fb8705958e813d362fe603635a4c0d6c8ca095e,0,TRUE,13,0.627994537353516
170,blogs,c9cdceb80b3a49631d7bdd3e56bf9a3d180802195361f331397df6fbb873a856,0,TRUE,2,0.599861145019531
171,blogs,c94cc38c8866998a1ef150c56e5f305389c332da609908f6f4f967a68d4481a5,0,TRUE,4,0.58293342590332
172,blogs,c1e3cb58d1a5e14c3ce5323b81ee4c1e86d76598ccec601782aa154706f6a58b,0,TRUE,1,0.684976577758789
173,blogs,e32fb5359b5022fd110082f7ce185b3fe3c845633bfe973b6a76d9db033f6087,0,TRUE,31,0.593900680541992
174,blogs,d25b461caaabeb89d0962fad0e0fe81a7e6f2e7b95ef49c7400ec6456616b599,52,TRUE,15,0.687837600708008
175,blogs,5cfeef0f1e9a016ece1a03f70ba4869177d2811fe9e992e1a7e93b63cac96ace,2,TRUE,25,0.597000122070313
176,blogs,28c7a4ff9a7261fee5335571e30b0c70e6a3f0a16efe67567122577aef5ec6a1,6,TRUE,1,0.694990158081055
177,blogs,8b17ba9ab585a8d3515da072d6216ff832a1bcca93897654e49eb9c77ff49cca,0,TRUE,9,0.591039657592773
178,blogs,9d92d0a9efe8d25d19140d0ca0e6f0cdcd97722a9406789375edaa1a55bdc689,2,TRUE,72,0.620841979980469
179,blogs,9f3594d2835b3e79fd7edd3f27f8729bb25c890c978816d3e0c7eee73d2c1bac,0,TRUE,2,0.616788864135742
180,blogs,6270eede11ab60d777dcfe80e02eb8dbc72f27a75fe588bdf5555c62bd67d85d,8,TRUE,25,0.593185424804688
181,blogs,159ccd22818d4632d94458fb30aa17aa5d25ed6dea8119361db2baee1e0e57ec,1,TRUE,3,0.579833984375
182,blogs,e1183bd4b6cd7b65705b3866bbab1ce85180d243b6bb0b2cef790ff3f9ef7f18,0,TRUE,8,0.586986541748047
183,blogs,e6b6f7465206ba3bbc07101ebb38abddf86c08fcf81b73987ebb981a21a2725e,3,TRUE,9,0.632047653198242
184,blogs,3eaba85be577ccb5bd7ece8d62c832cb3ad3363df299607790842da94dd8050a,0,TRUE,19,0.636100769042969
185,blogs,4962b24087269839b59523bf97c7f7f9161479423ab3a91849cc741da0060bed,0,TRUE,7,0.592947006225586
186,blogs,b8b4e6093634792e6fa953dbbf0f9081a47bf618651e6bba962102aca0705a8e,2,TRUE,1,0.777959823608398
187,blogs,a74e5ed584013a809da97b2411865120dcb004dcd072dd5750c9c632db2fb0a8,0,TRUE,2,0.645160675048828
188,blogs,09d39405459076e3ed866643efa6bc16e782a8172d32fd8e53f057a2069bc542,1,TRUE,104,0.644922256469727
189,blogs,0265db90f218a6be559dc83dcd4e0de6c32b5e93adbb12a35529a87b528b0970,18,TRUE,9,0.627040863037109
190,blogs,2fa2b190aad18d5df990d4c8ce7cc4c43d003acc449ab8a32f16d5e4c3662b6d,117,TRUE,76,0.652074813842773
191,blogs,74ca964515be89a28ffcf385d13e63fad0d352bc0b96695055fef892954afa91,1,TRUE,12,0.600099563598633
192,blogs,64d39d0340da8342081df615e532951a29003d0dd2e885b62b76078c3bbbd76c,0,TRUE,40,0.594139099121094
193,blogs,6f460e77f8eb6c441ee67ee06d2474e0e24c91ac0b5fde48cc536285a7104f81,5,TRUE,30,0.591039657592773
194,blogs,fd38db7aeb9e223de850638ff75eb130a4ca77f25d1e640bbb03fe2f28fdaf5c,1,TRUE,3,0.598907470703125
195,blogs,4e65710fffbcc952489943e8b37123b832253ea2ad765dad52954206233c525c,1,TRUE,6,0.586986541748047
196,blogs,dfa534dd7a0b8ebb99f7d63990b18f5923c8a2abc895d44caeb38f053db7d70b,28,TRUE,17,0.602960586547852
197,blogs,d71dd11c21d12fb497b92a5fa978f4d18d8113ed016eb12a570753974f5fc0cd,0,FALSE,1,0.735998153686523
198,blogs,e337afd0c2cdf33363e7c7aac1eb8790d68871f27185aa28fb4cf402057306c6,1,TRUE,5,0.580072402954102
199,blogs,babe432afd4238d76770e9fc43bcc5af630f2e6f36147e6e7ff3852ea6ea6d6e,1,TRUE,18,0.590801239013672
200,blogs,f430fbd52ca47ca101b2d3626582f743824f2d3f5508932261bd501451d9b32b,48,TRUE,134,0.642061233520508
201,blogs,bffa8b247ccef4ffb973dd7a55e0c7daf0dbd098d6fc9371d9cb1913cb0f2cf1,2,TRUE,5,0.591039657592773
202,blogs,a9e47172f39877a348dcad474ae02bd46541dd4329abdb2402a42b5609f9c345,4,TRUE,2,0.633001327514648
203,blogs,36eb59bb44b2e5f5f5c559366d5f9ad9e91cc9b4b4f83d7489a8fa2f2e30548f,3,TRUE,38,0.631093978881836
204,blogs,f5f2a8a194e882968ef76729cda31fad27fea6a9d40f930f41b4fe3ea5d180bb,0,FALSE,3,0.58293342590332
205,blogs,3646ce76427cea7b1cf85cd9b78823f80f052b4519b353bb7ce257e88fec712f,0,TRUE,30,0.612020492553711
206,blogs,c84fe9fbc2cf72efa5d02f97f5dd3b30b4509a5071d18fae992eb176b6f129b7,0,TRUE,2,0.670194625854492
207,blogs,bc1b18b0d8b8a03021832370a2cc190dede6ec5519db081875ac51b4d847063b,0,TRUE,9,0.600099563598633
208,blogs,7e85e161b68210554dcc5ba0a79860f5e6c9595b9b06e1418e887368e7260967,2,TRUE,4,0.596046447753906
209,blogs,ab7092714b674e49a235de59b380343e74cd42008118e643ffaf15efc6c63f89,4,TRUE,9,0.629901885986328
210,blogs,74fdafd6a8cb58acc919a534179e0eacf4a59834349a4483d0a7874f01127f77,2,TRUE,4,0.586986541748047
211,blogs,75f2213fbe6b1b3bc9dc474e52f8135fa751d68adecdac891ad2233dd4c1a54d,0,TRUE,2,0.579118728637695
212,blogs,b2a3de33f2bd89a7fb13ea40c72ce731621acc03d55d22fac02e98539e8c3f91,0,TRUE,42,0.592947006225586
213,blogs,cd0e6c0fd371f234435e3978d52acd671a863a56a8c7f85201707976a41733f9,0,TRUE,141,0.648975372314453
214,blogs,f5a56f555edf248e2f5c6bdb7597e637afc8cee7770e1dfc65b5360cb2d7f429,11,TRUE,10,0.586032867431641
215,blogs,921e0be8507755ece408f3758b3c980e2592cdf621941341f5ae91c3edfcb927,62,TRUE,16,0.618934631347656
216,blogs,b67d628ccffc361b2b9db5d436fb394be2a904d3ac5d3d17af5888f2fe8629b2,2,TRUE,2,0.587940216064453
217,blogs,6ed5aba58e74cd3fefbd48f1e3d8381c2479442b65cf8cb7856d53623dd27167,0,TRUE,41,0.607013702392578
218,blogs,dec1fc344b3cf2fb57e7352a875bdae9cbd5b1604216d34bc21dcfb770c531fe,7,TRUE,21,0.620126724243164
219,blogs,4524a21d609d16716e9620343d34e721ffa06ae8d5b5727bc220ecc04a4731f4,6,TRUE,2,0.58293342590332
220,blogs,9009153b386d60a20163760c808b01a78e96bcd91138a389608b9cf45c9d362b,0,TRUE,62,0.596046447753906
221,blogs,a309b8d18b0449a27764e3d2aab5966b55e44ae71ee270bd7a416a5b6317ed5e,3,TRUE,71,0.597000122070313
222,blogs,3b05f9c01aee794fa4483f4abfa5a676ab4649082e3f9cc33215a1fe51bacc21,2,TRUE,1,0.72789192199707
223,blogs,b3db4ea287d934d755ba57efa7cac9afcdeffb91998b5f9ede60acc1bc7b74fb,1,TRUE,9,2.77519226074219
224,blogs,c09454473bf333caaa4b5ddd88fa12e0145a05563e3ea0393d237e58a8462d99,8,TRUE,5,0.647068023681641
225,blogs,bf4e6bf0fccc1e41936b496bf5b00699205492b53c90fcfcb646ba58a76851f7,0,TRUE,2,0.643014907836914
226,blogs,316fab9b7f10dee75f820212805fd4a2299cd4f6ea9d97d729d4537e60eeeabf,2,TRUE,2,0.624895095825195
227,blogs,91814dc4e0413cf4140ecffd1a9ab35bd7f9a9e7c1095006e9f7ba304fc195e9,4,TRUE,10,0.591039657592773
228,blogs,2b5372e10cf7be2190c791a7cf26a95f93a5f8be2ff1b56206d85e8d5e06c7ae,1,TRUE,3,0.565767288208008
229,blogs,cdf0b6747dea22202719ae9a8f236d0359928882fa73142a8c493927b0d5eedf,1,TRUE,12,0.586986541748047
230,blogs,77ec0630a57e72b6e1a3aa69abf38a38a56dfd9f5bd888dc4f1ddab50cf281cc,46,TRUE,20,0.618934631347656
231,blogs,e2740e2ae947243b4e351ef2dfc23902f05028d0ce75ac8456d961674b2090ec,0,TRUE,1,0.759124755859375
232,blogs,6a6f42ea6867490d5741bd93f7fb7eb53cd95c8e97834c27a5fc5d9cb6e2e032,5,TRUE,2,0.598907470703125
233,blogs,3707812b7a5f91fc4420a98aa48c763db57e8633e2992ee10522cf796e1c6ed3,0,TRUE,5,0.567913055419922
234,blogs,5f3de4ba8c0ca7556a0ad37350d69403f4f6a1d1076bd21775438ee488ee34e3,0,FALSE,6,0.573873519897461
235,blogs,d2622805fe6fe21434edc8d7e78fb7a02d66133304acb11972ac2e14c97e2c98,1,TRUE,58,0.64396858215332
236,blogs,d5798a0501ec6b8b7b79e58a7c2516e5831c4ed7125f0c01b90de84478cd4ee1,1,TRUE,4,0.583171844482422
237,blogs,deaf96b9c15d9e82614a3d3258c88a358997a33e3e2fa141d692ead45d64f2ac,0,TRUE,2,0.583887100219727
238,blogs,27562ea1823cf1cba5d4e35f6f13ad3f97de0e650fcbc84805a92630b1ce7b31,0,TRUE,57,0.608921051025391
239,blogs,503a538b083ee71cd56b74e6165581d786d64fa2b8302b9838308a5315926071,53,TRUE,4,0.587940216064453
240,blogs,68e897bd885d6391b9eab77984b79127a8cdb565e3473315a26273c357a795a2,0,TRUE,30,0.586032867431641
241,blogs,eed47b6b7315b10f6ae7dea72c136ba685ddaeb0e8404a285d63ba7590dd7f82,4,TRUE,64,0.597000122070313
242,blogs,5fb56422c6c6610dbcc53ccd0525949691ae74caf1517e1925f587b4207c4cda,0,TRUE,5,0.603914260864258
243,blogs,f10afe202de4b6df5053ebc1d05eb3740cecb1b2ef1e009ac23541bef7e3008e,0,TRUE,3,0.601053237915039
244,blogs,507aa89093152ef089002642a075e92ed424758a4e0c6ae9615d2b61647a9b36,1,TRUE,3,0.612974166870117
245,blogs,de4b167ce1be3ebf357a00a6eae9f6fbebc2e869649f70ecaa0dadf695f89e39,29,TRUE,1,0.741958618164063
246,blogs,1874c85ecc2dcecfd99eb4e7c97b0ba544acb19aaf94e2bea74bcf2b0f18dc7f,0,TRUE,17,0.633001327514648
247,blogs,20b7a7553c5eda061ba4c6fd938e15094fafc892e98f87d1c692470cf069f81a,5,TRUE,17,0.634908676147461
248,blogs,477157eb624f986cd2c8090a2460cbdf47ad45ab62d2110f2aea4099a14ab704,1,TRUE,17,0.59199333190918
249,blogs,3222f2d45872bc19ad75f5a23d8121fd8ed81161dc0769986f8f825b8781bc8f,0,TRUE,1,0.711917877197266
250,blogs,2b2579cfc54f9f54f2ce21cc2d7e0426fab6a542ce6746dbd51e25d45fc7d918,3,TRUE,74,0.608921051025391
251,blogs,e9616632ef1f72deaed6d7e70a60f3b559b2103ec99a63a545eafc1817d5475f,0,TRUE,6,0.569820404052734
252,blogs,6b5228d711c755b65d5e4483b3790c670432bb49751e7e1b0ef07ca13e4c7136,10,TRUE,29,0.67591667175293
253,blogs,7f627a2885c09d533c2c6525e8a9caa953d80c65984a68fee398203765d0f73d,0,TRUE,6,0.616073608398438
254,blogs,8eb5887f6f8ebc37ab7205c20b3d7e1fc89dd8ad450bff4cf4e03d656542b59d,0,TRUE,27,0.598907470703125
255,blogs,0ecadbf83495a3445bbe80830ded13bd586686d049839ffabe1dabbaaddf7de7,7,TRUE,3,0.573873519897461
256,blogs,0302cd3feff3e5607484970553ca675b8d04f34f394a54e05f8cf5f576c926c0,0,TRUE,54,0.618934631347656
257,blogs,289e8f8615d87b74038484111d1b49284bd7f7114dfd585ca3ae44336f0b8d73,7,TRUE,5,0.612020492553711
258,blogs,1ed455754dda0d51bb69fd66d841cff57307f89bbe547b3bb23cd9df4e914e75,3,TRUE,86,0.628948211669922
259,blogs,4467ffcbc4e12b985b4469c7c93fca70afd4fd9bcd2ebb89c317461db6102b12,1,TRUE,5,2.93993949890137
260,blogs,2941e786eafe534f2f84a23338c3411b811352bfbeaf3871d8e45c53938de880,1,TRUE,21,0.836849212646484
261,blogs,507983526258e17c946aaca43c6f15fafe3337eb3f9e66e52ad07455b9d05479,5,TRUE,1,0.833988189697266
262,blogs,83e3b14bb85b3fe21dd9f5a58f6060b0f7b125d094f01f8fcd809f7780355aa9,0,TRUE,18,0.691890716552734
263,blogs,0d6c344068bf531167097f4379ff36e9c71436632614880add566ab789b1e013,0,TRUE,74,0.685930252075195
264,blogs,a2ddf7e1e12384d746ce034f0547a082620a10996e11b28ba6c5acb54766db5a,0,TRUE,120,0.655889511108398
265,blogs,097321a7bc2789940f55af0f27111ff419bc2d5bf81ab1682e6e9ffd224af0fe,0,TRUE,21,0.619888305664063
266,blogs,ecc8cec4beea4b00c7762c3ab7adc668074a62345321c5bb57fbde90bc6305cd,78,TRUE,1,0.861167907714844
267,blogs,c381ef32e3776ee6e15e0ba4e91bfa41eaa6548ddfd4179d239f7e918a378527,22,TRUE,15,0.781059265136719
268,blogs,359f43ae2c4cc59b3e8c23422128fdb58ee392e0d262a9864bcd374784b24aee,0,TRUE,3,0.638961791992188
269,blogs,8cb276ef85bc9d799c20b442bfbe60b1dbb204b192388001db065a0ec07b475a,4,TRUE,25,0.597000122070313
270,blogs,b0be174eeba4e6dc1ba62f19c05f1ac0f39acf362ffa1639d67e21aee58eba94,68,TRUE,10,0.589847564697266
271,blogs,b217f0e0c8d538555abd1760096a6a82f7c342fd497899a574511c401accc4b0,11,TRUE,8,0.583171844482422
272,blogs,e7379ded7bbd6906cba40b4826198ba40711cd9c6e330881ed60a4c02b533a44,60,TRUE,12,0.59199333190918
273,blogs,048276609afdacf3ce90cfe641f728822cffdd07aad6df5fca3677bcea97d91b,1,TRUE,4,0.584840774536133
274,blogs,b5fb4f3ed8a71406ba160ecbc182accba490bde3c6f6d6dd12a0291cd23a5f72,0,TRUE,2,0.588178634643555
275,blogs,7e7fdcdf9547fb83531eb5854b9bb2195e178fbacb46b3ff57111525cf672b62,2,TRUE,32,0.594139099121094
276,blogs,ebbc57ba6887f92326ccc49cfdff146e6c28c0c2522808ffb5960576cdf77448,6,TRUE,3,0.597000122070313
277,blogs,fc6b0f3317dce7c15fecda95937597c37101c6ffb4c92dc52dda3d6794765e8e,1,TRUE,14,0.586032867431641
278,blogs,586f33512e6cbe44e2fac32967641c67252a11e60f277e3c5dbca746c3dd02a0,0,TRUE,6,0.581979751586914
279,blogs,cdab92a723269d5a695897429bb81b3b5eacc35cf6784fbd76e688f2151bc0f2,37,TRUE,61,0.61798095703125
280,blogs,7efea10da789d14a731fc47ae7f772dfabca71d1600f5f16d8a0ab13052b2f8f,0,TRUE,44,0.622987747192383
281,blogs,487c69380602d1e91e22070e2edd6750b581f1904f53942822355f6796c34fe6,0,TRUE,6,0.624895095825195
282,blogs,89b929b9ef11374537b2acdc98d9f64300a73724866004c74431b6cd8794dcf2,1,TRUE,4,0.615119934082031
283,blogs,11db47e0331c57db9968825b0e31e0a3bafacea241d5c80593be262e434a31cb,0,TRUE,39,0.61798095703125
284,blogs,d3228000261aa98b0b71812a7f9b748c403f4b380b421cad94ee5092e4640bad,0,TRUE,29,0.589847564697266
285,blogs,bc2324511b1f9734b35b73fe079df37229f792ef0ed43b3230440b74ef52cd6c,0,TRUE,1,0.674009323120117
286,blogs,0e72dcc0a3f2f60797548caa6209f8a659f5474232218a15e7d5e6cb1a87a636,0,TRUE,5,0.5950927734375
287,blogs,ebfecab1cda9b578769cc2686824766e0f08e496da31abe6301f585e46ff737b,6,TRUE,6,0.613927841186523
288,blogs,85f1aa71141c181891466400ab58b7067d072fd05eb65ecdbb59af597187a433,1,TRUE,5,0.619173049926758
289,blogs,9cf1a6fa6dec52245b31d59d1ecd1c5143841b01dc63272684333e1ec818e6ac,0,TRUE,122,0.646114349365234
290,blogs,636bb5319181a38d26e242563d39d59aaaf2b6dee3fdf6350db2c5f9615224ae,0,TRUE,3,0.585079193115234
291,blogs,998cc4079c116020a9a572a3393839f7933bda5c7134c7b626a9666714bb6930,14,TRUE,27,0.596046447753906
292,blogs,4b87aa891441d7ea05298d673db421d4017d652d63ad16a9c7f510221b421adc,0,TRUE,39,0.606060028076172
293,blogs,8cfdba424dab09835e69fd86206a96153fad1d4c61dcf67273bd22cef734481a,109,TRUE,12,0.573873519897461
294,blogs,3f6eb50a7715789f8fc5aae7d33d382a41b42d185bad3ebcd2b3bd77ed5cdec4,1,TRUE,78,0.656843185424805
295,blogs,cd9c5e0bf6718257226f13c0f7c57f204ed58b8594456810c148171e2c307d76,2,TRUE,2,2.8231143951416
296,blogs,00ba063cf2a2dd28ffef8c61b920275d799f8fc86d67c42e7f1335d3dd051d60,1,TRUE,2,0.658035278320313
297,blogs,bc26abce909e81e52eac32f77422b97398c5a39e16d1e2db69c9ad118c65e6f7,0,TRUE,6,0.603199005126953
298,blogs,feb938725fdbc2d6d18f8b68d405b8eba46b246f00509a573d6a8c3cc1ad13cc,61,TRUE,6,0.598907470703125
299,blogs,efb512be4551b07fd2b342c6f6b04fe5d840bf2aed22f41dadcbf00a712ac3b6,5,TRUE,28,0.627994537353516
300,blogs,9ffc355371f71bc9af3454392558da46165a7167b5b3a396458073461b146d54,0,TRUE,109,0.62108039855957
301,blogs,c17b6247447a90aa73457280026365fb82d73619e9ae0d7e05dc245d016421db,0,TRUE,37,0.582218170166016
302,blogs,7bb7295023505484e9b5c4575d0b774a878b536aabdf558eb30e5e4b8d33ecf8,0,TRUE,9,0.581026077270508
303,blogs,04da4dc33e3e687682a3f6462c02a0578e8727f6c06a411daf4842df1227543d,0,TRUE,80,0.669002532958984
304,blogs,5b3dbd87796daf7f5cf4f7e39adb8237c1cffc3b95114f76c570f7e0a981856f,0,TRUE,3,0.637054443359375
305,blogs,642b87c79af35c83755b7f9018c4ca985238c8c308d70844e79ef02f0ad6d519,7,TRUE,1,0.709056854248047
306,blogs,1606e49533d1ccd06016e74fd2f2bd7f7689580bcb3add069c0273594c69bb2d,1,TRUE,4,0.586986541748047
307,blogs,c5163624f7ca6ded0eca111b963bbb1ab1a9f9b7c7d97e35f9b4d2b056c0619c,15,TRUE,18,0.599145889282227
308,blogs,546543a713f876e027f0424f739495da7a9d5707d48cc0f333789c7a43658ef3,11,TRUE,9,0.595808029174805
309,blogs,1b000af92199c35e4b2fd1f11f47e2e6e2947eacb50a623fd953bc1558eca00f,0,TRUE,117,0.633955001831055
310,blogs,6ab0bac122181eb5e34e006f97fc432cbf39787dfea1e235601af4f56df33949,0,TRUE,6,0.606060028076172
311,blogs,c8e01b255fbf68b464aece51428459dea1057c5a184c77ef98778cb580c688d8,0,TRUE,9,0.576972961425781
312,blogs,73e4e1109be5d5ef2efac3c06d4af3b954dd24f2b7d60ea8623597f2636f3af1,0,TRUE,75,0.599145889282227
313,blogs,3364e7826554f29b270a7e18f5efb615632ebb9b1e6dfff0505ba7357acf1ce9,3,TRUE,40,0.642061233520508
314,blogs,22b072f0a388422dc3e6df0ca8d18112dcca6a8a87ba6951152bc5d341e8cba4,1,TRUE,5,0.579118728637695
315,blogs,cd7406beec945bdca6cc04c67c06862fcce0062fd11391ce18b78f3a461dd95f,1,TRUE,5,0.570058822631836
316,blogs,95bb0df18603922c334b57b8c351844c2292704141a8aae2e55b5c6ed67bffe9,6,TRUE,40,0.581979751586914
317,blogs,94d36f791e1e8bbc9ccc1a4344a77c5b20d600b24e0f9f202605fc624e9b8a31,10,TRUE,26,0.576972961425781
318,blogs,7ba910673ef2c412fffe9e0792f84235d3eb24463369a22f9ad29c2d0e7402b3,1,TRUE,19,0.577926635742188
319,blogs,2ce9e3ccb1d139d8a7eabf73e5873e51d4bf92f361ec88f6c3991fa5c055603f,1,TRUE,122,0.623941421508789
320,blogs,1430f6b90c4a649daa8e570290dd7871d3d5c623dae718819e3a0465474e9a2a,0,TRUE,2,0.646829605102539
321,blogs,097266e1d125d1b749c8b36b7d970fa12f50f068131c25cd832d47cd07b2f7ee,0,TRUE,2,0.629186630249023
322,blogs,145291ab79f401168c5ce0d924983e0e8d78ce0c90e32275daebb9fca45d77d5,1,TRUE,25,0.638008117675781
323,blogs,765aae95250f7315831748b08a83cf96ca90aa1dbc2e84618e5aeb0e47bc8f52,0,TRUE,3,0.613927841186523
324,blogs,d0b2f0760f9b8f7673e11eec1d9bf0b7619b30ced4df871c7fc6b5cd8f08b6c9,0,TRUE,23,0.603914260864258
325,blogs,26de3b5c1c5da83bd72cda57c356099af3f5604b24ef620ba5a4447d950bc859,92,TRUE,8,0.616073608398438
326,blogs,bd71de9c39e3a12f483ba716dc0cc170690c1b09ac083b98968a48d9e56efd97,0,TRUE,2,0.603199005126953
327,blogs,9b0eba6015392a827be4f4df4f29dfaf2edad88c22272c6b2f7945de01fa5593,2,TRUE,45,0.608921051025391
328,blogs,2ae5c3c72454699d4c88816c4bc5d902c74c128a11e3ca1440d8eeeee3a53071,5,TRUE,34,0.622034072875977
329,blogs,c193eb020f8a2e121c45942de0ff6e8feaf3d065fbb2e6550a3e81d9f325b24e,6,TRUE,36,0.596046447753906
330,blogs,ee016dbe3e634c12d22639967c46c17e253fc54160fd61e25b5904ad5ac46c7e,0,TRUE,29,0.609159469604492
331,blogs,58ab29e1489094a7ede6e81e9ba3421478dfb3bd195cbc80cc7b9bc01353c2de,0,TRUE,4,2.63810157775879
332,blogs,c6ad1bc44a430aaca2e76c1b68e1eb36d92265c6dc6a1b44a84ba6881b6d11c9,0,TRUE,62,0.662803649902344
333,blogs,a010dfba69817ca3d1183e9081653b2275da1796fc220610fc7f819bbf73da70,1,TRUE,75,0.639915466308594
334,blogs,9fdf998f6073e2a74074edc58987843eae0b24a5be2f3797f99afd1acdba2b9b,0,TRUE,1,0.710964202880859
335,blogs,4a28fa9d151f1f3411ec783d92f511fc4936c4a490bb1c783c2221045932b877,0,TRUE,1,0.690937042236328
336,blogs,1277d104c27a98c47849d1a03a872dd9e99b58cf553df2fe61945589c126dc2e,87,TRUE,4,0.626087188720703
337,blogs,8cdfd6fb4f81dd11ec57e2d791cabf7ab1483968876ffe6e46ae30fcb6b5e816,0,TRUE,25,0.627994537353516
338,blogs,e1aee7604fdfaf36b87d6e02547b6355b5ce4b5fd817cde62c2d62b24d90d899,0,TRUE,2,0.586032867431641
339,blogs,b3a69848d6e38d49d7a63a03427276e32e49cc120a79b9c2afe41af2d289a01d,0,TRUE,2,0.650882720947266
340,blogs,6befd9bab9a2db8e6ceb8834badfe8ccd6ed5d904b9de9fdb0eccd72f2bf35ec,1,TRUE,5,0.647068023681641
341,blogs,70cda9cc2bd4bd1f1ed7d07c185da9a88970faf588b66bd254a10308ba814639,6,TRUE,40,0.651121139526367
342,blogs,6cae3f4149c044c838c303fb14d9d4126f847a8324f566633d47518615aca5da,0,TRUE,10,0.596046447753906
343,blogs,954ad5cebb544253f7b16190368fc49de0e030227248f9ab2ce8c33b7f5b6909,0,TRUE,80,0.609874725341797
344,blogs,74facdd7dead280fb343be0c5d1511e987670ff785a6d22fbb0729ab7cea42f3,0,TRUE,5,0.552177429199219
345,blogs,a3c664a0a37ec97a90cd98eea2cf547e8b3e9d116b0389d5e9937ff1ba76e529,2,TRUE,5,0.5950927734375
346,blogs,07e9e87d3c5accc59b8b17ad5b90a682cd6932b91876508a7572dc87ebb7f55a,0,TRUE,43,0.604867935180664
347,blogs,3dc6c4735624e6715a6c6028575a7a12b5aea380f416cf22fbe77fb8ff77f2f2,9,TRUE,4,0.597000122070313
348,blogs,205f0de5930a040df3166efe62656843d3bf9b5e2dc463696eb1b357aab7de8e,0,TRUE,108,0.655174255371094
349,blogs,2a6c8a115523003d2c1a724bd9894178b32ffb9f5d61da9ba0e35a73a254d6d9,3,TRUE,3,0.588178634643555
350,blogs,084f18d9d95f34ebbe2b5412eae5c65ee1be9372c7a56d7e967ea20a915320f3,0,TRUE,95,0.627994537353516
351,blogs,186a7fbb71c48fc162cf3c3b16ad48d682c60ef75be47adf9be14db0f424bbd2,0,TRUE,27,0.612974166870117
352,blogs,3ce76c508c38ac0ebc55aa354355ec6acccd6ad11d7f463e808b90228ef7e017,0,TRUE,7,0.578165054321289
353,blogs,93032e176b366e36bb95365d79c9869a34e23a5497b3660462ecca8be7329ca9,4,TRUE,14,0.597000122070313
354,blogs,327a4e5abfc7ab51d3a46a65b0adfe2b451e67e883d4d056fbb4c6cc8b34faf1,0,TRUE,39,0.594854354858398
355,blogs,0c4c0df32c50f6c4091caf1f31ee94a69cacb9d67dbb19ba64d1959e415ccb2b,0,TRUE,45,0.583887100219727
356,blogs,0ba9e173cb8bd510aa76908c8fdcbe8b2290fdb5a719c9569b9fbe28b69fa6fe,0,TRUE,11,0.792980194091797
357,blogs,7b67a49cc0f3619bf2e4e2e93d9c51ad742179bdfa54a72e922ba75b71254ef8,0,FALSE,6,0.627040863037109
358,blogs,cb1b54249fb2ae962a50eedbdb982c53bc079b19ff6f7a7d681d3162076e9138,1,TRUE,11,0.593900680541992
359,blogs,6f0dc12efb39249ac5419d53095527d7e9503e6d8004b690298870a797478b31,101,TRUE,19,0.599861145019531
360,blogs,79315e2a1422fb89c06b8a607813fbc8065932bceba0277da20516c715042147,0,TRUE,65,0.622987747192383
361,blogs,5d7a7b76217b6c3b4b7fc74fc79a102fd32caa9b6ba75e4881a210f212823490,3,TRUE,6,0.586032867431641
362,blogs,6314eb858f1191d46ba56e21f7f5d4721afa7498608831a70faffe9c4cd965fb,74,TRUE,6,0.592947006225586
363,blogs,04eb236937504b063e279385e074307b25c79680987252e13c34ab8e2c1cbd50,0,TRUE,1,0.691890716552734
364,blogs,9a7626b5f909c563c32a54f9a5c5b8bbe3356ae8f33bdc2e3da3e8e4b6b0a5cc,67,TRUE,22,0.59199333190918
365,blogs,3c3588266c69e258de3c933383e1416757aa2d421cc0178687504f91fb61bd55,2,TRUE,22,0.63014030456543
366,blogs,0c3e4a271c58d6f23e9f25ec57eef433f20ceafd2a0314440c10a9e097bd8b88,0,TRUE,98,0.742912292480469
367,blogs,9ce56d347e7e0302917e19f8f13d4ef5f2f6914cc0d0ae858ab9947bba7cf976,1,TRUE,49,2.77590751647949
368,blogs,596c63ed76f98a182b2a62c55735fe9f16e7a9c3d9c4340335f1e3aadc0cba49,5,TRUE,5,0.673055648803711
369,blogs,63fbc169698b7ebf0130b390d89983db36ba7c77bfa9e363a2891b212a8e2340,1,TRUE,9,0.622034072875977
370,blogs,4e9ff41ef006e45aa1a852185c6c9c5ae7cc675123db114fad39b2e7a6fc7d03,0,TRUE,47,0.627994537353516
371,blogs,5672632080452cb3cc30eef0d9c0b3602a10b564773054a3a53af9fe691cba62,0,TRUE,176,0.633001327514648
372,blogs,8fcb4518df1a0467aba3d581d5d4317e5b94f70eeb672221ad24e89883d1894a,5,TRUE,33,0.622987747192383
373,blogs,3bb99652732f19e917fa038f7240a083d6bb85f704c685f43ffc8becd95d3d70,4,TRUE,1,0.720977783203125
374,blogs,402008e565787c1e569a00cd492ea7d806e79973cca4c9153ee653c8c32334e6,60,TRUE,101,0.663995742797852
375,blogs,c1b7f0293226894b69556dcaf5bbc72835543be8c97879c0bfd35de02c07f046,5,TRUE,3,0.627040863037109
376,blogs,1d63229a743af7a5f5d771c53d268085e2e77719adfc89c061d0839cdf3cbec0,0,TRUE,3,0.625848770141602
377,blogs,62a0582a3f5b48cad4af595e0dc6da259e1cf5c3d7c6446d32750c4d4b6f28ad,3,TRUE,10,0.615835189819336
378,blogs,9cac192354afc86ed13f03b8e6ea75c1f424ce96858940043cba8e309c39b5e4,53,TRUE,49,0.648021697998047
379,blogs,030dba38cf0f835c87440027cb47aa4f3ca2dc747152cccab7b28470f0efc2f0,2,TRUE,27,0.638008117675781
380,blogs,9796cc9ba6be9159ca5c87f28d3e86461581142259723d8ecf33194e28c432cc,0,TRUE,30,0.607013702392578
381,blogs,5a7c533b20a019bb5145bc6891211b05d8bc56346b3b9637037f20321add6c7f,0,TRUE,9,0.597953796386719
382,blogs,49c5eaa2822b9cd5cf6c198a08d3453e847e8cf3ee9238b05bd7bce316599921,0,TRUE,5,0.604152679443359
383,blogs,59f9e30b14c9c37848c22742ff39ec7621f27d085192ae9bc9825e652cb83856,3,TRUE,7,0.59199333190918
384,blogs,33bb11760aa446c3d7b4e91e1be3135cb478929ca346050f39e667c5e002bdc9,0,TRUE,6,0.580072402954102
385,blogs,0c36054db93c23ef132727915801daa0de7dfeb038714727184ae616bc5613ac,0,TRUE,11,0.568866729736328
386,blogs,5835a40a69fea0959629fea69b240d0fdfb1c7ea9eb62fb9da2f0130f2847034,4,TRUE,5,0.571012496948242
387,blogs,2278462213549980ce6d5963ee81e75132b8872719f462e153f6b3dca72311f0,0,TRUE,9,0.597953796386719
388,blogs,657b3be12695f784693bfc8f049d291c2ce5405fa699634c559864ccc08c5d1f,0,TRUE,5,0.580072402954102
389,blogs,d338b808452cc24a769475af16845f851507bcda418bf28a6d3f7b411a88cc8a,115,TRUE,9,0.574111938476563
390,blogs,4014bffef60c17d86aee2e3ad01f611232f0c49d66d024aa818d465455774fd5,1,TRUE,2,0.597000122070313
391,blogs,0c8d2535509aa32570a70973a1bc17728c17fed98a0584584e4958792b77277c,2,TRUE,8,0.576972961425781
392,blogs,d711652176d994babe61831146b5f7378b0c712175e581bb2b64863ee8c57a55,0,TRUE,77,0.598907470703125
393,blogs,49cfb51b49e32b2a65cc8c076601bc9a0643a0b5ec23e3177af9fe138c7a4709,0,TRUE,6,0.616788864135742
394,blogs,a87eab1495ba44ddd696581e6bc6e482455fe77ddba1dcd597f48afde1b56d6c,4,TRUE,91,0.616788864135742
395,blogs,bcf567664195556e2cdd56ada5bc197bfc178bda66f23a3c95c3875df4fcecab,0,TRUE,30,0.5950927734375
396,blogs,fc5abaa580d252fd2c074b8a4a6130a3c22b6ff9fcdd9b16d593ff6daad95db1,0,TRUE,42,0.596046447753906
397,blogs,9cd1ff1993aaddcfb87d6eb0c1a138231a34e28e208888161400ca593f962288,1,TRUE,42,0.605106353759766
398,blogs,fde2e8ae1b01ab19b5936836ce1edfbffe6af79e6771947a7a83e41c6a723b6b,0,TRUE,4,0.65302848815918
399,blogs,05463169454aa61a5cf430dfe087f7e01b20826bc62b54500353364e2b3edc14,1,TRUE,76,0.61488151550293
400,blogs,d2ce45d533ae0e529bbec0dbf9bdef6f71793d92da4a75b6e6300672798f7057,0,TRUE,12,0.590085983276367
401,blogs,69dbfe32584a18004bde625fe8f7cf3a9934f50f8c8a8b0a7f580e1bef7f3885,1,TRUE,81,0.739097595214844
402,blogs,858780102390ac2067b086cdb53e34eb0e773fdb1fa20ed629b08446506c275c,0,TRUE,5,0.597000122070313
403,blogs,280940089c2aeaf8cc8f639d8cf3b471a24bfd51a125a7aa863808b71245de92,2,TRUE,140,0.719070434570313
404,blogs,14c9b2a9a94839d1dcd5140057a818938eb63b96f54e021e0a9a3d1193cb080b,1,TRUE,12,0.638961791992188
405,blogs,c6a98cac6d6c4d9d7c9d38d58d4252c23a160352712b54b2435efc9a9c63d3e2,3,TRUE,3,0.599145889282227
406,blogs,330e3d0ea9f7e099f53b9cac8d15586e9a72e9ba22d24c7bd5bef01444d52e60,5,TRUE,40,0.622987747192383
407,blogs,9156e158838a1cd162c03ceb96d536d4546f2ff713eff93f268790673b409c79,4,TRUE,1,0.710964202880859
408,blogs,da5b5593364a05b285a35dd84d52590a1d447123900d1eb7d5ea5fb571f1895e,2,TRUE,4,0.908851623535156
409,blogs,a903d99fc0eddfc97389b85953979c156be722d66fcf1b7439bf7cb2e1b67620,7,TRUE,2,0.650882720947266
410,blogs,5160308e9552f8fbe93f324ad825428d4ae2e787cc245da6749fc350c017caae,1,TRUE,13,0.623941421508789
411,blogs,902405fbcf2418ed457113304bda494f9659631afc350efab211d3b508103ed3,0,TRUE,142,0.633001327514648
412,blogs,492c48ab6590e22697937205790f2052070a6c5f5bc942a5a440eae7b9be4cb1,1,TRUE,50,0.710010528564453
413,blogs,296b59f26a53ab604e272f982ec1aa32c65b4d73f28dc1dbef9a7913d34e0e32,2,TRUE,1,0.704050064086914
414,blogs,cad5e41958d0af26e86c6c9da14813d47fc81b9ce99292614b19a25be94f42ca,4,TRUE,5,0.587940216064453
415,blogs,46fb1d3fe8a65de5bc00030acb77b71a98f9166b806b9a27b6c6402147884e8f,95,TRUE,9,0.640869140625
416,blogs,04f0b281cc08a428f038ac3bf591c6393badb7b5055202948823ec99473ff399,59,TRUE,25,0.611066818237305
417,blogs,99bb37f0d937fefa5b546c4890587b455412b419016a319e0538623ad9e3e6ad,1,TRUE,23,0.619173049926758
418,blogs,fb694d95244f0228151175aca58103f7edb64ddb76a93acc5dcdb94a0e305cd7,33,TRUE,22,0.600099563598633
419,blogs,95f35e34f8fff7d060be92f7b62147b9d91f33434ec6707da9ea7f347234f1e7,0,TRUE,1,0.71406364440918
420,blogs,7a8c78a90ea0a21d68fd37550ed2b8f2a7369b561ae66ffda49a061fb5d85346,0,TRUE,2,0.570058822631836
421,blogs,13dce193cd3b263642b1ddf667c92edf081ef6a806bc090a206b2539aba95835,0,TRUE,28,0.590085983276367
422,blogs,ff6acd874623143c4b2538e278bbfc0aba0483cf7c80895b51888e29a21f1724,30,TRUE,25,0.584840774536133
423,blogs,321a5d4f7fecbe56cc87674a382cc6dc700cc93e357b02acd8769b0f883fdb81,17,TRUE,10,0.568866729736328
424,blogs,c31fdd25c31885941fd9793512d5d6cd25a97ea1dd578d82478183831d8ac451,0,TRUE,32,0.587940216064453
425,blogs,d81c83c5138b15a82ab7beab19d4eaf6b04473ba93ea23988c21d5cc74cdde95,1,TRUE,1,0.75221061706543
426,blogs,8201e46a7571141e775c71ffeba7e069001192b7dbda517af3ea03c4186f5694,0,TRUE,1,0.767946243286133
427,blogs,73ce74870ebb44addbd341e4e5bf1a1b85aa72f5fa9527a02a9b0d2a19e7ec4b,2,TRUE,5,0.571966171264648
428,blogs,35eb05391190a669a21ecfe775afbfc9641c3a667f408eddfe97c703dc938214,0,FALSE,49,0.608205795288086
429,blogs,7bf3f4e64393ee8e997fc093a4a6e163f72b930de8ab349d3c992eb05d0f3b79,0,TRUE,6,0.58293342590332
430,blogs,838af7eefd1bdbf8b00b961e38af1dbdfd5e5ff829abb26b2380a78005bf6b34,16,TRUE,16,0.586986541748047
431,blogs,a622bb66903df52a8aaaa7f52224885ada4ff4a1552cffb16c67bced7279eb9c,6,TRUE,37,0.594139099121094
432,blogs,82316dd398681c3f7d4623d200ee786a343947f576b0308ccd59fc4e55898553,0,TRUE,1,0.652074813842773
433,blogs,715b4a1dd50ffccdfd4d0022ee04d44456ccbff5aed5ee579286d341b53fbed0,0,TRUE,1,0.666141510009766
434,blogs,dc28793801972a77c2d6efea67c6668d325a09166d7815df8ac8c5edb0e024b5,0,TRUE,9,0.583887100219727
435,blogs,56b8cf080c6af7c07d7583c0b33f93a09e53968d36ecc276c8fa435f6eb76263,1,TRUE,7,0.62108039855957
436,blogs,6a523a393965080422d7145665f7d81825726b335b9cdf8b8557b9c66556ceca,2,TRUE,2,0.656843185424805
437,blogs,c22a26a5d70dd1d8cb79af1bb3780ac36737acc280bc3fccf31b83eb0779610e,0,TRUE,1,0.80108642578125
438,blogs,1292132313fb5184421f8059e12b3a80b41eff75e565ca2ba92475aea2b4998b,0,FALSE,4,2.38704681396484
439,blogs,cd0b8772b54fc2ac6a286518d73a6a69dc972139414cc7f08c036ef6428ea88f,0,TRUE,5,0.643014907836914
440,blogs,8d3e4678128c07396def8f07186af642b59be51273f14752061040e64020bbfc,2,TRUE,32,0.634908676147461
441,blogs,971a572d6a2b3d3a098601ee23643c42aa13faf1f4ae41d82ae17994dc5b7e88,0,TRUE,27,0.607967376708984
442,blogs,f7ed5b2fffde67470e1813ffc949f33aa10f524b625fad23abf3de8438edf9fe,2,TRUE,87,0.627994537353516
443,blogs,df31164b90b211ae877e0fb9d03bb239fe5ad3c07cb1283b5f1cbdf0cb887548,7,TRUE,10,0.645875930786133
444,blogs,9aaff872d63e05acd568eaad8560d7c3d329c471f7ed303118ea6d1eb30db11d,1,TRUE,10,0.618934631347656
445,blogs,808a253797460e437a532ac5e6690edc343768e80563e7229b1e23edc024d1e3,1,TRUE,59,0.612020492553711
446,blogs,117a444fb3f64a36e2712a2e20fd376c162b697fbd29839c3b54becbcc6e3d19,0,TRUE,4,0.566959381103516
447,blogs,37dceb4a29c6ab21d2334a798fc8e1ec3979e1015a644476dc7b0c30acda8e49,0,TRUE,2,0.578165054321289
448,blogs,4988a56b2234e69f800411de7f31145a6866871172d5456f110465797bddb95c,1,TRUE,48,0.644922256469727
449,blogs,a412a4aafb7773dece2da3e4fa32f731728f17fbd40525450408bab600798307,116,TRUE,6,0.604867935180664
450,blogs,2fb040b9668ba5223f1ec96cb4c71d1bd1021849befb6c1acd10ec31d89a844b,1,TRUE,3,0.600099563598633
451,blogs,e0ba1acf30ae5d7dc117acb4f26062470a397a0ac7c7b516e84117e00aec2864,1,TRUE,24,0.629901885986328
452,blogs,e113ded50d70482f641c7a6841be1649cc180c86463d5735693eb9db6b35c477,0,TRUE,31,0.622034072875977
453,blogs,3ef4e5786011110776b09a6da2020625ab620c5512e40610fe0c08b563ecd4e0,76,TRUE,2,0.612020492553711
454,blogs,3e39878cdc2ca521ea8863be1ce0a27ffadbabe3a1e679f4416352938e7eddbe,0,TRUE,22,0.591039657592773
455,blogs,d9b1b828c25816dbf210ac524436913d57ad688d8a6d1bd622996caf6322886f,6,TRUE,1,0.660896301269531
456,blogs,2a85a1aec9d1f0a3684fba8c6b47e6a0d70c249a7c2adf9c26ee6326f19321a4,3,TRUE,4,0.568151473999023
457,blogs,c05872590e204f3f3f903d36305e64fc07f127bf34956a0b0f49c13ef3cc3d64,0,TRUE,7,0.568151473999023
458,blogs,e6a7f0f43e4dc0747037f856e89d81dd51632f7ef68ed39e4224758922d3fac5,27,TRUE,10,0.587940216064453
459,blogs,084b452f4dffe5e3b511e99c10beeacf0e02af286372175e889d02dd658f5d90,0,TRUE,7,0.570058822631836
460,blogs,85211372bc51a07400c35e1684388aa17e1b8c6877eff39611c3df8daca487ed,106,TRUE,3,0.564098358154297
461,blogs,c3e0a7c095001c471c5e4e64975a8df2c19ec7bdbb93291f8f7096d863463e88,0,TRUE,20,0.550985336303711
462,blogs,fa7a6edfddc9d8ab3326aeedee075be0ef65098c27c9cd5aec1bad237afc3aab,38,TRUE,14,0.564098358154297
463,blogs,224875a3b5e4f5853a1fd0b3b9e65adc483d4b0e15143e37748bfe1346d639d7,6,TRUE,9,0.643014907836914
464,blogs,d8ec420c14dba06f093d67e0b1b31ba8a622002a2faaf7d810de19b161bbfa42,1,TRUE,3,0.573873519897461
465,blogs,09c2764d953603cbf67dbfdee4f4a8090f2c29f415cee41a1f69f1a002aee0a1,0,TRUE,8,0.587940216064453
466,blogs,12d0b16af2b6763b36c6faab13a5bd05f19aa5a7621d3b2d548fde6381490942,2,TRUE,16,0.581979751586914
467,blogs,eb618ef5e0446209602f41b399f30c084195eff1b0d017814f2ddb0f71cc8589,12,TRUE,17,0.596046447753906
468,blogs,ee3235e97a1e8cb5fc60737b7c716d748f3c19ada2c0aa7f065e7fd2810ec361,0,TRUE,2,0.623941421508789
469,blogs,cf2a141098584fa1fb2ea3634cc834b8c8369f128d36606a9d2fd6084b62d000,0,TRUE,36,0.634908676147461
470,blogs,f9640e9f7885b52980a6f8a642d92b2396779a68f399f8fd01c0297660579ed8,0,TRUE,34,0.59819221496582
471,blogs,0d67799e9587bf9a4dc57bf045e8e4ed68c5bf3b6870c74ad723e27bea1c1393,0,TRUE,80,0.61488151550293
472,blogs,67dddc206e5e927cc8395a2eb5ae177a69d0347b973778b39fe4a85386ecde34,0,TRUE,1,0.673055648803711
473,blogs,78febf3cbad9009bdbc8237c419b826ca3775a49649fcfbe3c8bf7471898df44,10,TRUE,2,0.570058822631836
474,blogs,2d23ee38957b1ca745f78aabb767511978e29e5379415288ab3496d552a07c09,3,TRUE,1,0.730991363525391
475,blogs,5b7b8141e9999fd4f241128f7d43b75d9c4e1db50a666c034d5c8957f31b337e,1,TRUE,60,0.648975372314453
476,blogs,7d736ac7628bf3272804e3def471313bb1ed57cc5e331aa19d70ca10b131988c,34,TRUE,23,0.613212585449219
477,blogs,5b9aafbe8e32f5294f1f0c3d2dac8fa0e75be1ac02e7d582e86ebf8214665f9e,0,TRUE,10,0.627040863037109
478,blogs,25bd556fa5e1cb75b9de45b7a825d5d1dfe9a5e9e99172ed56edfcaf3725c240,2,TRUE,1,0.715017318725586
479,blogs,b4283d272497631d5a50073e2d905b9c858904bdb97f45dcdb7f3e7045dfb49e,0,TRUE,1,0.701904296875
480,blogs,7b76967842caf8f3e4cc87aebac43d585cf6279a9df23e84e089c16130a092c8,7,TRUE,12,0.639915466308594
481,blogs,f486278a219c4b1a838bd79debd2c73f15f52b92b05a00822eb7c948f4a77d4d,0,TRUE,17,0.665187835693359
482,blogs,3a6899bfd979d5951675d4e5e882b93fc427333e98d9be6e1c3f273ab1f58128,0,TRUE,5,0.577926635742188
483,blogs,84e26b4dee607b2bd905c00f1277ccd9092bc3a847967a682af8b89feb855ac0,0,TRUE,32,0.588893890380859
484,blogs,88dbdbb58c1dee587551ede87e19e4ceb764b055ca806205b37eea94dbbfcb89,46,TRUE,65,0.59199333190918
485,blogs,4a91b47c898724f388186f2d900f2d6785a71bc54db6216caf1b26e4775a5c0e,0,TRUE,6,0.614166259765625
486,blogs,1f54876d9338322a3976d8c663952eca0b219d8d09ba359e1726b0e908ebaba2,1,TRUE,81,0.650167465209961
487,blogs,552cd24104d66b842b6304fbec3bb54b93e91f296d593e42f84b3908436b532c,1,TRUE,17,0.633001327514648
488,blogs,295e9efd75ef38965a9bdab4e873d795c8a332a06bfe696e028964efdd9d6747,0,TRUE,21,0.606060028076172
489,blogs,f0b446afa12d0668afc376ec643b6290cbe8464cb760ebc093a9c41c4c5fe571,0,TRUE,1,0.673055648803711
490,blogs,648107339c1d56f2f5039a75b1ace15759a99fbe01e687638e51a040c35d5564,0,TRUE,87,0.61798095703125
491,blogs,f2279d222d347548fb6285fa744eb5d994b44fca16ba00664281fbd506248bd0,0,TRUE,4,0.617027282714844
492,blogs,15647473c757a5f0c5bceb7e17d422667a19bf1ae05c721ed7077297a2343117,0,TRUE,24,0.576019287109375
493,blogs,0e370460d628c97d561019cb8264c83958dbc9e117d9aff227b8e230a7600f5a,6,TRUE,24,0.586032867431641
494,blogs,87041c40695e515dcaba40dcdd42ca4016ff186a49750ba78f8faacc1c231715,3,TRUE,45,0.596046447753906
495,blogs,52b0c4e92cbf2066ebb958878d99848255b300c1fe0e872ea4833b53215881ab,0,TRUE,12,0.569820404052734
496,blogs,d891b4553638ed98f0a53fe5cab93c7ff8a8b1f8cd001566f0da1ad1645be925,3,TRUE,14,0.576972961425781
497,blogs,b565c59f64c7064d3630a8d61a6f59baf1ab9c22c1389674027e39287c20359d,0,FALSE,1,0.533819198608398
498,blogs,c5a73cd1e7014ad53be398a73aaa81e198020745e247953c64d0c38eb6082721,1,TRUE,69,0.599145889282227
499,blogs,eb1c61c3f980818b24ea42d817c16ed3c2cc61024999fbec0cae94331fd8ebd8,0,TRUE,23,0.587940216064453
500,blogs,83cbdd294e0f9880f686a894f7bbd0049cc15a5e643e2c7d9f3fe27ca18705a0,1,TRUE,157,0.607013702392578
501,blogs,dede7954a46037c44545e23bd7a379c92b7a06b1c206b0058658f184a2545098,2,TRUE,2,0.977993011474609
502,blogs,dc8f98849a14012dea8528d44504ff86235e6f8cf28daeeef88eeb644edd9ef4,0,TRUE,63,0.628948211669922
503,blogs,69460d36fb7cea2b3291810bff66d560029e9d3bde4d81932312fe3942923c17,0,TRUE,20,0.594854354858398
504,blogs,9b673b574e9402b6d3df2d91c33d5d022d3fcc9c25685d0b1589d9abfccf6204,22,TRUE,24,0.602006912231445
505,blogs,1d7fcf5f1ceab11e5e4d57ac1a3c83fd9d83ecdcc016ffb5c80d1f8f2da3a9be,0,TRUE,15,0.610113143920898
506,blogs,5ecc347607f65bf9f8137e1c7b9d666738f77c4a059a06b3eab8a84848ee35a1,1,TRUE,3,0.617027282714844
507,blogs,cb7772a5b717dc2d9b902b77e5f707955470123b60ea5df28c76cc14e145febb,2,TRUE,8,0.604867935180664
508,blogs,9367ba5ec3453e2c0231ad04f9858c897e9dc411324d8f176d79a0fae41bc0fd,0,TRUE,1,0.699043273925781
509,blogs,c9d381685995e8de9b965407cac35aad7d9bb37ab3b6a91980b77659af808a2a,17,TRUE,3,2.83598899841309
510,blogs,30827d68e1bdf303dc49f6fac16a51ec6c38132da6600da1fcb14c710caa3dfa,0,TRUE,93,0.661134719848633
511,blogs,1947df732d593ae19bde8c32f8ec4b165717ac7aed9512ee3ce6486f5013ebc6,2,TRUE,2,0.65302848815918
512,blogs,3b42099344302997c1cd3d8344f5289a6dae8ac9041316d7545a6f9135346062,7,TRUE,30,0.628948211669922
513,blogs,c420c1270bbe2867d0799fe2323e90c142a3658e5a01b85d979292154cc6d902,28,TRUE,5,0.671863555908203
514,blogs,4f04cd741b5cf2d0e01ebbf538e995e08ce1567fa4d9f940a987c56337a62371,0,TRUE,18,0.670194625854492
515,blogs,2a1a058f06c3dc79aed870c6215b2798766a6f6c04f6072d67c0d723c0dacf2a,1,TRUE,4,0.593900680541992
516,blogs,0b4e34f765246995283b4c06b8884215decf09ff48bd1f2102a91aff4052dc79,2,TRUE,25,0.602006912231445
517,blogs,6751849ad5dbb9bcf32e542cd24346f1a70bd2c8d816b9368e4488de9aa3dd17,37,TRUE,1,0.668048858642578
518,blogs,220fd54e356c40473391f5fc2f911351f8c9baa25ae9c4e9a2636e7584b69727,0,TRUE,37,0.586986541748047
519,blogs,864eadddc839a71bb103e1179262fcb24f327f231977518feccf053815f21166,6,TRUE,19,0.591039657592773
520,blogs,09d4ef5ce9e729871508a60c50d77ac6f1cd24c22d45ba7c5048d5a384223279,1,TRUE,7,0.597953796386719
521,blogs,a6f47f3a5259812216014e08659be8825eb3611642568100ac4aba587a662382,5,TRUE,27,0.602006912231445
522,blogs,bba250045cf759522cb1101f40542192f7af970ecba515e1aded0ed1119e1608,1,TRUE,71,0.685930252075195
523,blogs,f5825018c0e56a120b8986296e828fac67c3bdf337359498d564cba7da9819b7,0,TRUE,8,0.638008117675781
524,blogs,e486f8cfcb533f762a4f573c2d600a732d31628c4a07963a7807d0e1f0580122,1,TRUE,36,0.597000122070313
525,blogs,2987868f0dd38ff3b6fbbac341f4e0e8dba7ea6a815239810677ef944b5ffcb8,0,TRUE,8,0.581979751586914
526,blogs,be73a5ade015fbfcb98687b160d5629d72570498999749bdb588f9b592fa3167,0,TRUE,1,0.653982162475586
527,blogs,5a4b2296713aaa184c0d459fc2a0a7cd5fab8f546efa9f295239d55b16ca8348,1,TRUE,18,0.572919845581055
528,blogs,0782e92708f672da8b3c5ec4b1abf3567a38b42bfba06b0b16d716bad6a9547c,0,TRUE,12,0.575065612792969
529,blogs,f2883ad8d223c2107daec1af8b95fd69d0c0ec00ff59a248b5774735a51e38b1,0,TRUE,56,0.59199333190918
530,blogs,e4a2f59b943a1f5fa238bf0391117125eda89502998c5dd1e787ad6280afbabc,0,TRUE,27,0.576972961425781
531,blogs,b22eaf98f1e9d11329a55cf3b4b1b7191992b1d480020b41fb35ce225e1c94e9,6,TRUE,8,0.571012496948242
532,blogs,029d6c582c284451854bfe32ccc6114871c760d41f8fc11a0f82c1ad1aeb9a89,90,TRUE,1,0.708103179931641
533,blogs,27c514f464b70d8aafdf5ffe5c34ff78ae6e628b181a2c358f5ce0787651df22,1,TRUE,4,0.620126724243164
534,blogs,ddfda84cbcc53ef05e4f5c2bb1265eb8075ccddfa398b6035a070c6e8d840674,0,TRUE,50,0.630855560302734
535,blogs,48bdf14b06ee1755c5ae37dafe76c7325d2c5b7f3d012d7b7a036359a0c437c6,0,TRUE,6,0.586986541748047
536,blogs,435a32acc047f14d757573f9bfa4b22b28bff7822c7b86884ca8639d9876a752,2,TRUE,67,0.602960586547852
537,blogs,9ccf3b22eee9b44fee7419a7a0aff5418790f1ac84049e937e583ca1981fe665,1,TRUE,83,0.600814819335938
538,blogs,bcc6c61b2d9f2ca8fb4a357c173567ecfc86b798364b28f7a6a861a74afcb283,0,TRUE,4,0.581979751586914
539,blogs,b81f5f9df8f429389bf39b9ed664a36e34177bba1b0c5399c849bcffcb1f368e,0,TRUE,4,0.568866729736328
540,blogs,b52889400f5cb8625c9b817f2912b0027fe559bbfcdcb1bb838e67a40310e0df,7,TRUE,41,0.597000122070313
541,blogs,471fbdbabb262f276181db2753b4f30aee9f10cbeac1931e097cea082747f999,39,TRUE,106,0.613927841186523
542,blogs,020c4633958fd4d2144b64aa5c0f14132e682749b27dfa953a653c25414c5ce8,2,TRUE,5,0.573873519897461
543,blogs,e30b30daf890b44e8632e1f237481fc49e875fc32cd86fa65ad49ede9d3fdbca,2,TRUE,18,0.581026077270508
544,blogs,a94e0a827f8713d0158d12330a410b19b1acad022f39475335138b4571dc7f16,7,TRUE,8,4.67991828918457
545,blogs,c06bfbe691054fbdf086cd8823660844f0c4e332977da84080525f762baf741d,0,TRUE,2,0.67901611328125
546,blogs,21de975039f4769c017a4d75a38308a32aaeb87482e9a7fdf30aa9fce6633818,45,TRUE,19,0.680923461914063
547,blogs,a53558ddd8a355f143c57d7e1fa3cb800194750c4bb60c3dbf787ee47eea7b1c,14,TRUE,1,0.715017318725586
548,blogs,34b64ee8f17e01b71127d316d0877d468c7f99207a2df6dc5967dd0e5d0006bd,1,TRUE,4,0.636816024780273
549,blogs,19c42973d256543208b9df7d3543c665fda201d7c9ef262fba440e6556d238d7,15,TRUE,14,0.571012496948242
550,blogs,ef66394ba56dd39f609b97c91ba4d37413fd53218465d37912931c05e943d883,3,TRUE,3,0.579118728637695
551,blogs,6e00743317f278861ae67bd950d45847e8a1088e9b3cf1cb39714cfc64678e37,2,TRUE,5,0.62108039855957
552,blogs,b82dd2767ade4a4b7c9ccd08f9859d5370c5fd987a75fbaca935ab8bd8d30ab2,0,TRUE,55,0.64396858215332
553,blogs,f6dcf0f6b02e29927ac9059acbcddc5c8083d80dc8493ca9799063d89744731d,29,TRUE,53,0.5950927734375
554,blogs,b7a4d9f3e2ae2a144acf2a95d8b3bce1ed8167b6823e1e27abc8fde1a8a11a12,0,FALSE,1,0.685214996337891
555,blogs,9631f2954e68442254e72996c70ea9df1abeb259310a8e10af5e72abbcdd4aa5,3,TRUE,3,0.565052032470703
556,blogs,966256e769a5be4c2892f4ecc989e2fb2de2b1286a468bdec110b6f3c45738b5,0,TRUE,2,0.592947006225586
557,blogs,9e31b3da6b04507d470fa076ca1bca0f4644b5af239eecb5377590b1cc168ca4,0,TRUE,4,0.581979751586914
558,blogs,bcca3f7c99a989e028d4e55a48d276d52876930a59acd13d2bcb70b0de9043ef,1,TRUE,25,0.599145889282227
559,blogs,5c6a0b5b867cdcb557958742098c19e837e12cd4cd30694e90f14d050cfe73a9,115,TRUE,15,0.586986541748047
560,blogs,215150d424fc350c49b43f530e2553400fc547d770577af5d8d3fae03c5dedab,5,TRUE,57,0.612020492553711
561,blogs,bade650662536e4ff1411a731dd4d0fd1f08bfa189921b009911391fe4aa1607,0,FALSE,10,0.581026077270508
562,blogs,30dc8602bbfd48e4ed01968df27d2d8a28ae26d9ebb0cc9c80b69fce8e211788,6,TRUE,2,0.574111938476563
563,blogs,1338c252c19156e55207fa1f5834518e7a53085f79914d7a08b2b7e8adbe6edb,0,TRUE,4,0.576972961425781
564,blogs,41b981cd79a0d9db4e85c2d987e9453c1abd4f9f9416c131569d8f75cf6afaf8,29,TRUE,22,0.571966171264648
565,blogs,6458a58336e5590de8b81a0d17ac0ea4fddfdf89f67a6dd29fececd884e0f262,5,TRUE,31,0.59199333190918
566,blogs,f25e6b4d41ac1edb8657f02d9074187d7d806f7fd935d2bec6911aa873887d77,53,TRUE,10,0.572919845581055
567,blogs,2c58a407a296e49e7b49ea07b4b56cc695cd4137db8188c3cdb15e8e1fe60f79,1,TRUE,10,0.609159469604492
568,blogs,3926fcf1ba431bdba84b8e8eda835fa7d48b333a6be2e12ef9c1db9db35fb325,0,TRUE,36,0.591039657592773
569,blogs,1d40251244b28b12f90f4d221ee7443de454e23fce662e323a5cfa2ec0c5734d,1,TRUE,3,0.571012496948242
570,blogs,c34f3279bfb79383cc1e7ba2076907b2c0a6cfb367c63142690bf466a03f8a09,1,TRUE,6,0.565052032470703
571,blogs,1e3cc6174b5d60eebc318f8b94ffa1f416c5dcdec223ac1063b3827056c2fd2b,3,TRUE,32,0.590085983276367
572,blogs,faed7136f1f812095c9ac60cbae0ad30da7a10570bfb935c71841ffafc0a81e9,0,TRUE,19,0.571012496948242
573,blogs,78e7c80c92acac7e8bd8f1ffc160d6bb7152d208f2529c05e04acc156a42bccb,0,TRUE,14,0.565052032470703
574,blogs,07b3a1bcb9fca96bbdba41fd5e36316247072d9f183a829b6e8253039996c676,24,TRUE,45,0.585079193115234
575,blogs,7ee1cca38265af76616303cffde209a55de9bfc9761172ea1078a2468ecae9a8,9,TRUE,36,0.602006912231445
576,blogs,70f48483720d9dd221178caf2946959c8f4331fdd669c062bcd4318d500855d1,0,TRUE,1,0.715970993041992
577,blogs,170294c8940948ad8255e940d64b366eb3ab4aa801fc8c594167fd0bda2be746,0,TRUE,10,1.11103057861328
578,blogs,d782b17115dbecfe37e04df9cd2409d04e5c233a23c866b186d7a46dab76a9af,4,TRUE,9,0.638961791992188
579,blogs,d991cbf26a5950e744873835de2258e85537fc0ec3b7c714c947d3a8a6a5638f,6,TRUE,24,0.654935836791992
580,blogs,3037d022b937d3cba3f31be6b472b1f83486c53bb2b120ef72a11ffd0f54b073,0,TRUE,105,0.645160675048828
581,blogs,a6cae4098b3e28f278fc7b70e64b25a859d754a7efbe1ea77984d76587650fb8,9,TRUE,18,0.598907470703125
582,blogs,e996c935a1967de20133a3758a700ae55aed30454c8faf8808d8e50560c6522c,2,TRUE,12,0.575065612792969
583,blogs,0ad01f2d2576c2599861a21eb91ee71e4270ce2cb7fb76d4ea1ce07fdb304400,1,TRUE,6,0.575780868530273
584,blogs,d6485d4f0c3ab102acca6c7a080306593030834d608151ca63a8459ec5c33f3a,0,TRUE,30,0.604152679443359
585,blogs,0882ed89abb5e3b6b0b6f265b680ededdfb8a554dc58a5fb7d5f790f2484a481,1,TRUE,78,0.627040863037109
586,blogs,c2882fa88542f36ab1a19d5e19723695425d1ad0945be9f6b8ae827680a58821,49,TRUE,9,0.688076019287109
587,blogs,cb3fd78e368bee9644724884e0f7ab94b490149089376f21da5f78cf1d8a87d3,0,TRUE,5,0.581026077270508
588,blogs,e31c65b51a4fc829da43e9a5be91f11afc47b8b4acd1b95b27570cb5db23b582,8,TRUE,18,0.593185424804688
589,blogs,81c3c103f1da4b3151e9d8423b5d70275a29bf23a4dfdcfdabd4d796266d89bd,5,TRUE,19,0.585079193115234
590,blogs,5cdfbf7b92f231db81b44a99196a80661cfeb2d2a8bee5fce952630fab2b31b9,1,TRUE,18,0.57220458984375
591,blogs,e6e2209dad5c4d57ac7422e87ffe3ad83e706a99b47714de81f9f0edf5010523,1,TRUE,50,0.608921051025391
592,blogs,434272478292f97ee496bbb122cb958ee8198bf12cc470c23c1b61018e646d9a,1,TRUE,96,0.622034072875977
593,blogs,5d2fa9b77969052be00cc6775af1e8fe8cc987bd46947c17c8d71928bf038add,0,TRUE,45,0.604867935180664
594,blogs,c61ab5c2bc67c529558ff456b632a4827935e2f1010c3963d844867fee194101,1,TRUE,26,0.826835632324219
595,blogs,a8e4dfee2140fb67d0150ca4739f7dca1527c1eff344bc1e0c1dbbee7de35656,0,TRUE,7,0.602006912231445
596,blogs,54eb4d48241904d8889e1d726fe7ae2afd28d7a1a9e9e49daca10a325bf4a568,0,TRUE,5,0.607013702392578
597,blogs,06cf3091f715b4c19edb404c0c89fb83447373f95f10a5816789e9eaf626e521,1,TRUE,2,0.581026077270508
598,blogs,b731d16497bc43c4deb88ba5f5a6f2ad252aa1f9842f0a50ced9485bbae3017a,0,TRUE,65,0.609874725341797
599,blogs,6337efc3d14835a7f656dc38b1dbe8317b6dd2490c93a8e210fe30c87bf96fe9,0,TRUE,1,0.694990158081055
600,blogs,efc21d42675d7063f0e8f5d70f7cf2fa6fa12cce57bdd98b198f91ba60212528,1,TRUE,63,0.603914260864258
601,blogs,6e524cf4c9d0b8dd4360fd640f79e385501a76b8f0a3eee65081b863f1c3d593,1,TRUE,22,0.601053237915039
602,blogs,deaa9e685843a2831240f614047e29f2ef23eb977af1935dce9ce4eb1e8f5be1,0,TRUE,47,0.611066818237305
603,blogs,b07c66419dbfc0dfd846c6eb0315aed276156425994f78c8432d3de0702759be,1,TRUE,3,0.662088394165039
604,blogs,9c1d3c87a24975fc45224c21d73e54d930be6174637b7368b5e38c91e4d75f21,1,TRUE,8,0.581979751586914
605,blogs,964e96acc06f630267eba1957a1fa780e1461e157f289d4e105bbb7fe6f7e5b4,0,TRUE,5,0.622987747192383
606,blogs,62c3a95992be5a7ab29de17cf085238cf5a9f1d164332eed77873f75f35a766f,1,TRUE,53,0.616788864135742
607,blogs,85b4020479795247fa1366947e1d970d0deed3796230e014d95cac0e426433a0,1,TRUE,3,0.571012496948242
608,blogs,70d759d8d5bc98e7a0d0db5c2ce1aabb0e62a5ffcf7c98283532bf3ea7738764,0,TRUE,8,0.587940216064453
609,blogs,a441520076364fff1bdfea06f40a2b5ef15384e6704a5226a35d5fd9554c9b39,5,TRUE,13,0.584125518798828
610,blogs,0fa901cc542751cb0dd041a10489914c1037b05ae775694723e7ea422385508a,1,TRUE,14,0.586986541748047
611,blogs,84fdf2031a57676bfa54173bf5ad1bab3972018bf76685dcea1abb89bf4ed8ba,5,TRUE,7,0.576019287109375
612,blogs,9010c89c77d9ff8848583c9aa0941e72cd1eeaabbe50c4d70be38521aa10c100,0,TRUE,34,0.599145889282227
613,blogs,c5c60dda6cfa5ff53934e222ed5ccf04b97854e8123a26c51f5634f7c29fb7ee,119,TRUE,44,0.627040863037109
614,blogs,025d23c179ba9a43d8a5f929a3a2f77db68736da5ad927602209ae375655916f,9,TRUE,2,0.597000122070313
615,blogs,c544e1f0b73ad9dc950931e27f6d874c9a5041a88b3082d64e9a8c9cb52e7599,3,TRUE,7,0.780105590820313
616,blogs,e1a48f7273fb473b6534aec1f2d276953dc6e8f7702e0046e22750c4e22b3e5c,12,TRUE,2,0.59199333190918
617,blogs,c40e9f243a36735e50cd1e680d3691ec5ac175e8df5ffe98e6e1b1218d0c9559,0,TRUE,58,0.612020492553711
618,blogs,4a0a92a6278b8a39800273abf1c5375ccfc5202bd00b84db264518a3c5b332b6,0,TRUE,18,0.598907470703125
619,blogs,be53a2e24bbf4a370ef015c08a9a087e2e07b6cab2e2cc113d744692fd299dbb,0,TRUE,27,0.628948211669922
620,blogs,99ec33d444c7b819a5bea5fd7ef7fb993d9111eb2a18dced435b923c72ac135c,0,TRUE,35,0.578880310058594
621,blogs,ec916c66aca48f7471e6994764e5e08d3345d07393e12b983faa8950576aa3df,0,TRUE,58,0.58293342590332
622,blogs,8f76c841e7c76d4d3971f24e68074da83520c946419a1d2a169ace423d0f23e6,2,TRUE,2,0.589132308959961
623,blogs,6c318a0cfb0bdef04853f1fdb0c20bdaa6cb6717eed88ee1d2839a29f506196c,0,FALSE,9,0.579833984375
624,blogs,7af681f7197741202deab85aeddeea0dddc1d29eba1ac2f4590a8bd8157ff919,3,TRUE,3,0.574111938476563
625,blogs,f978d26b1712117541f1fe0c37fa3b86f90af49c9406d751373a3a60a6dd5957,0,TRUE,1,0.669956207275391
626,blogs,6d89c02b375a3926800b79ca476773fa7050f4ca3ccd0f42f111b7677c8d8639,0,TRUE,17,0.575065612792969
627,blogs,1001e8f5d07527b461262d95bda9eeef7ab1dc03a07cf8454d0d87a4ecce852e,11,TRUE,41,0.612020492553711
628,blogs,e573526795074d5ff5b6ed2659d86fa992b1e29e70034b4258247bc7c43c1c94,41,TRUE,113,0.627040863037109
629,blogs,b24e4ef6146ce3780810ffcac23b8265f92c065ab15a6a8243e180df105e868e,0,TRUE,48,0.619888305664063
630,blogs,80663e3111927016e036f789920fb99bdfe9668cdc3be57ba26bd5fd87619e82,15,TRUE,1,0.688076019287109
631,blogs,68cc24559bc1dff8bb07d522818f30a80ae50891c15062eef29bfc7247fedf50,1,TRUE,2,0.586986541748047
632,blogs,fa6c538f395821c6d2386caf098eb85bec485f069929deb3e7680d2d62705ee9,0,FALSE,31,0.599145889282227
633,blogs,5db73c5f946c7242d4fd2fafdfb0adabbbfe0d53dcd8427ad1116bf3a0e5bda2,0,TRUE,36,0.653982162475586
634,blogs,930876f41e1e90e0f59ffe99ca9cbf9d6e85ed4f8e4e1dcf41eb9f05179c9ef5,3,TRUE,15,0.588893890380859
635,blogs,ecf066b4f9102e2ac068de1fe7333d9062c0df40d24f27d234ba0e72e6dbb41d,1,TRUE,59,0.606060028076172
636,blogs,480b588baf3e592cb099253add94013f0611480bb0d697f29bfff98062096a9f,0,TRUE,1,0.75221061706543
637,blogs,acc6b7733a8f8194b0c12862cf34e9cabfeb58f3a5e59ae7dfbce1e3bc90eb68,0,TRUE,1,0.751018524169922
638,blogs,afc1338c936de0d8edde1e4f33ff3dcb47482e1c4bba8e9194ca0812c50505c1,0,TRUE,1,0.792026519775391
639,blogs,7766d63ed8e46453769217f3aa7a7b3f037f7c17edd9c8f7d54b40ec1900d08e,3,TRUE,4,0.588893890380859
640,blogs,f96b52946f9a74d2a16cf86f3a2c634d834e67dea19b5305ac72443dae1ce902,0,TRUE,3,0.587940216064453
641,blogs,d715b0fda04688615312c112446e0574868736d1d0c847a178024e61acfb46b1,2,TRUE,47,0.65302848815918
642,blogs,e842a709ccbc13b57f0e60763f907a1e9068ea2a5d0a67a636d7d10155549611,1,TRUE,6,0.602006912231445
643,blogs,51d225215a3f7c9e395a91146d886eea40dc9cad39a425e0520cc9abb612a2b7,0,TRUE,1,0.753879547119141
644,blogs,ab2ef8f0d6941e7e850fe09abc14d5e2ccba5d1186810a8a6e4f56f8f9e0b5d9,0,TRUE,135,0.627040863037109
645,blogs,98f1d128608a6d23ace666642985be2db0e234243f8b48d935966617e83483fd,0,TRUE,6,0.569820404052734
646,blogs,dc196e80685a6880d8ed1d8404f2b8210d87fd4283b16fafbfbc208528dce501,3,TRUE,10,0.589132308959961
647,blogs,d5d225293832e6ba1fcd08b3ea6bb8cb7fc8f34b0cce6487839ba4c8906e163c,2,TRUE,68,0.619173049926758
648,blogs,a74588edf974cc7d2f69e3dce806f8b834335ff6d0fa61ebbc0bb32e3e9049fe,15,TRUE,6,0.587940216064453
649,blogs,acc2289b93a9dcee80ebcea8558776c1564544b07458e396674a4901054e14ed,41,TRUE,29,0.648021697998047
650,blogs,10fc94f2482493767e6ae2f2f6d4bd5bb44ba8235a93e5e3b1f7b205cdc3f0a5,0,TRUE,102,2.95495986938477
651,blogs,b276fa01f1020121ab92a33f9173bd9ca325c54fa2a4186412997c181d0812ab,5,TRUE,3,0.61488151550293
652,blogs,79d7d76f93f15a6b4fb7f465cd4734208d5413717b4dbd448443c3350063cd80,3,TRUE,2,0.655174255371094
653,blogs,2c2f17a71582f30139b1e8a2584428b3ac6d6e5c55d8c0b18f492da07c24fe14,1,TRUE,1,0.672101974487305
654,blogs,dc075458c7abe70dc4438cadde6e02f220c2324f38cc9dbbd79f344d12783bfa,16,TRUE,2,0.638961791992188
655,blogs,13f4cfe6117b3b7cf80cf16aa5cdb9629544fd267a45abd961a067c3d7c8f57d,1,TRUE,24,0.607013702392578
656,blogs,2b0476ec4ab22344725e4b42cbf32b20fdbea1ca6b89c4d7448381dcd7c6ff72,1,TRUE,1,0.681877136230469
657,blogs,27e46c2d4000db97744188b257476939b9285e0526dd5b37c9a96232734602ef,2,TRUE,6,0.581979751586914
658,blogs,43206d9ac1329b7acb7cb95f23bf7bdfbac93576fe366118c8c7e2c4cbca6350,42,TRUE,10,0.592947006225586
659,blogs,7a6dc0098d15da226078b17eaa57d8ddef972370dabd5d5fa467a9a9c1772fc5,1,TRUE,5,0.597000122070313
660,blogs,08e697fdddf9656adce08fc6776879812a6da8c55148fa6fe17cffd2d260bd3c,0,TRUE,14,0.581026077270508
661,blogs,85ed0d8c5bd72696f52f578c9538ffe9c31adc5f72f2d739511f3d8c99df2389,2,TRUE,3,0.567197799682617
662,blogs,0e5daa1d5c0f9f0a2b552669e62370ba192da587d14e8ffd2912b32498344734,1,TRUE,161,0.624895095825195
663,blogs,88b5a405646daf2b9538079cc86eefcf2ee0f417e288eddb2fc4aa5594ba78d8,0,TRUE,3,0.577926635742188
664,blogs,8dd3b93cef8bc2bae8d68f2cf4d28d862b0dcbe673c6dd634aee2cc0808ef4e9,0,TRUE,2,0.561952590942383
665,blogs,13aa49242a9d475d2a89cd85efe439f291199178892cf74d376bd58075975fc4,3,TRUE,5,0.583887100219727
666,blogs,783af8fb44af3717ef0e7180e94df51edbdc9d14743029c8db648054abfe5482,0,TRUE,12,0.590085983276367
667,blogs,eaf9acd3421f7f6d5582ec52b5791a3c958d96281e81322a0ebeb84ff2b3421f,0,TRUE,14,0.592947006225586
668,blogs,f601e81e8057d168d8546f67ce6fa7969f8eb76d904385e0b6e41ea85331df79,5,TRUE,5,0.586032867431641
669,blogs,0d9c97e08240cab7b320388bc10306427e6ac16ecd4dd6832b12b97cfb01c5ec,0,TRUE,9,0.584840774536133
670,blogs,15fd34e538ae0c9fe6d7d8fb92684c9af6d7f237561a1d8f4612d188355b5583,2,TRUE,20,0.590085983276367
671,blogs,7555f84137bfc50d7ac279d0468c4a48b0ef380719d012b50bc972db71e20c2c,0,TRUE,59,0.60582160949707
672,blogs,7357534e1a37ffe190f750a1caa2401a5aad5f0dd45850ecf30e742505365a39,3,TRUE,8,0.587940216064453
673,blogs,7c1855b8e79624237fb0d3ad36cd7b5318e587213d1fda8957fa527d1a938d5a,0,TRUE,3,0.586032867431641
674,blogs,42cdb97eda74fadb2912835582fc87aa14694a40c9ff1936845ff9752501aef8,4,TRUE,2,0.598907470703125
675,blogs,3b8f08b6396b3f0b53d345de2df64266a381648fee0f9961d14b72fd85f56b59,0,TRUE,15,0.591039657592773
676,blogs,5bb8af798ed6eb705a227e246000a46664911cde156a65e3d4c8650f9bc2bcc5,1,TRUE,28,0.55384635925293
677,blogs,d80daa53b1b9a7d2b6c30a18843b68694e57867f3a2074ed2a55e9f1e0353ce4,0,TRUE,4,0.589132308959961
678,blogs,1166e887fc0c1c7381682d6767044abbc9b046e008447cf26c83440af467fbae,51,TRUE,47,0.619888305664063
679,blogs,715c9df14493fa8b4d41f83cacc4b9b750a55fe30473e913790ada99bf559288,0,TRUE,6,0.572919845581055
680,blogs,161ad20cb33cddccabf0751ad59cf3bc084f15bf82d64d59b7a0cc211f4e3157,0,TRUE,1,0.673055648803711
681,blogs,b9763b45e64b9fac4b90bba90d1657cb23c215e9f510dedf4ae099d796c3523d,3,TRUE,12,0.596046447753906
682,blogs,3b73cb41d1057a48b22d938324bbbf0a2e0ed3df8d63c0147ecb5ea05ae970f1,0,FALSE,1,0.76603889465332
683,blogs,e55faf48f12f702e266b367a928860dad4a1d0374fcc750dc8c79d6b4c5633ae,1,TRUE,22,0.592947006225586
684,blogs,a38087d93621adb4b989b841d04aff564faeeb9a90797a19828ac6a192ad0ac7,0,TRUE,48,0.607967376708984
685,blogs,6433043554df073477fd3dc9fbd8a525d3726b551209c134537b6abd9816ebad,95,TRUE,1,2.8839111328125
686,blogs,ce7fe6089c0071d8aa493d84705d5a43a247bcdc0e36d379f5ce6f99f07b4994,0,TRUE,2,0.608205795288086
687,blogs,572830d75918f3fbf15180dc60d3015eb0802ca21acdda12ff02aa2e906b1465,2,TRUE,32,0.607967376708984
688,blogs,c95daf468feed23f81392f7253a42e0291d54409a94430722a5b1d4bf9606168,1,TRUE,46,0.593185424804688
689,blogs,aa9668257a0c1a2167c58d37053080ddc1190c0096800f2dbb2eb1554f7b4ab7,0,TRUE,15,0.572919845581055
690,blogs,9479fbea4dc9e7709d687ce6bba6d4c204bc5cac3f34c9793a314ab6d4a5a771,1,TRUE,3,0.58293342590332
691,blogs,c33d0404dc0695569873cf3e95cbd00a0658c931f9a5051301dc3f1b333e0d3b,0,TRUE,3,0.587940216064453
692,blogs,280ea2be88d552e7e82646959485d348f60ee07e937a3bf5f4995c1985a2d605,6,TRUE,7,0.583887100219727
693,blogs,e970588e02e2c0d722f10aba3cb9dd8e8df54a08ac7d9d26275e3cede92028c4,4,TRUE,46,0.612974166870117
694,blogs,7206950bec3cdf60ff5b36d042c23c27cb77e486993628102e0b4cd3932b9c2b,0,TRUE,29,0.59199333190918
695,blogs,cc129d43b4ba9829cbabbaf7e47fb8f2e6260fcd97d39512f6b7a5a7c757b4df,0,TRUE,178,0.62108039855957
696,blogs,3a2d6511d87290c1867bb965148b49853be83ee4ee4f26a8e0941fe7ef1c7a16,0,TRUE,6,0.625133514404297
697,blogs,c7dca7cfeb261b23a182915cd7cfe716cc827f66c310ba5b2fe0c3674d94a960,0,TRUE,22,0.602006912231445
698,blogs,c6b4b502c610593b423d87e46fd27b89f69ebcfe5a9ec18819837b225c9f7f36,0,TRUE,66,0.600814819335938
699,blogs,2a0f98c6a84bbbeea1a3adf56d1607b829cd8f8afec8861aedca6bd7adf4262f,8,TRUE,4,0.589847564697266
700,blogs,a94fc6b20d217c7b6882525956fe35273f4e9aa1b02f3089fee3fb08d299a84c,0,TRUE,62,0.585079193115234
701,blogs,bc305f343d920c07d0e51bbb7bdd332b504d61d484f1cfcbfeb209fa78eeefe4,0,TRUE,57,0.613212585449219
702,blogs,26f727bddfd08070d6256ab50e2b9a7fb1445564e38c79b3a892d4c95b02def8,3,TRUE,13,0.587940216064453
703,blogs,f5a9baef30fadc021213fbc7645f992d95cf2f169b1fdc27464bd9b82b14bf5f,0,TRUE,213,0.645875930786133
704,blogs,5785b9c660fac3d96cfdd27cc95a989b83d58b4dea2af7e53312d422d671562b,0,FALSE,5,0.589132308959961
705,blogs,d09ffd299d7c0f9f3d7738f7327537901496330714a8baf9afe2b8a6fb18a1d6,57,TRUE,30,0.607013702392578
706,blogs,7dfa909487a96f5fc87f52572476d8700a3bedad1b2cd3d274aa7094455e7104,0,TRUE,79,0.636100769042969
707,blogs,68e4a1a4675f3bd3895a3b942ec77bddbb63852049f65e0e12988ea742edc290,0,TRUE,8,0.571012496948242
708,blogs,dcbc7c92f7bbcaa67869bd14f7badfcf6179972cbe05cfadefca8448c4308af3,0,TRUE,37,0.651121139526367
709,blogs,d8bfbbbdbccdccc88a37210322464056eb0aa4782d88c850bdf84fde25fc29f8,2,TRUE,92,0.619173049926758
710,blogs,22cf026d2e6e65f4020f5b4957fdd0055852303fd2cdb3e38c6e298cb7ec1956,0,TRUE,23,0.568866729736328
711,blogs,07c1347d8ee031485f11248ef8bd6e0c211734f79986f63f09ad1d7a2be5a363,9,TRUE,15,0.579118728637695
712,blogs,9400552ce339cc26de6488aa45e39fc5d3a21ec2d2d515074788fcbaf795c692,0,TRUE,19,0.59199333190918
713,blogs,b6e40bc4bf4162340978352402f3a8cca303901c8c5856bfb39fc19eb9511601,0,TRUE,20,0.581026077270508
714,blogs,b55f9566070419ba592ffbfb9fd8119759d98375e9bd9963a8899445aa0bf679,13,TRUE,12,0.574827194213867
715,blogs,2f7b08909c91d2cc788e2ff34de1025dc2a8b5ea3b8a0eff75a452d4d84a4eab,30,TRUE,1,0.674962997436523
716,blogs,8e00249edf5622c23bc3ce7e2913f4ca5aa5bc36e969086b65ac7f83409459f6,7,TRUE,24,0.594854354858398
717,blogs,69ced59033ed05353f49d0ac37e0d1e21b75a31e0cb39a07a73538d92c6b0ed0,2,TRUE,2,0.573158264160156
718,blogs,cf3d29e3c06384d7ebe993f45693cc6449d42e3e7d3dcd9c6d10a65c17a8b606,0,TRUE,19,0.588893890380859
719,blogs,2518767984fbe5006e180459d03dc8066df86a3a5ec313719e5da680b388ae5c,1,TRUE,185,0.658035278320313
720,blogs,5f33ee33507473e9c9782768e9f5c1eb9d3a5dc1ca3d6d6da6626aea95eb364b,0,TRUE,1,0.952005386352539
721,blogs,d917101e93e51667797bb266cf162e2d2e203d281502ff0ac63f12bf73452384,0,TRUE,3,0.587940216064453
722,blogs,b9ce98e2cdb573d4546857733375ad4a8e957ba405d61d513c878e755a538074,0,TRUE,28,0.596046447753906
723,blogs,7a75afdb04820ce83892595a9826f37b2a73d1c361428ad9903f86a02322b78e,2,TRUE,80,0.600099563598633
724,blogs,3b3ed1fa85cf52a6773ad29b54562be356d0d2e623b17318ca50bebcdb6aa7bc,1,TRUE,30,0.619888305664063
725,blogs,0af47044bcb5eaab3030feeabaf10c4608526dc3c1b803e5c9502881c2a56be5,7,TRUE,17,0.590085983276367
726,blogs,43861213af2a57305c6bbdcb255fd235f843cc508011681f12a520caa44cbbf3,1,TRUE,59,0.601053237915039
727,blogs,ff919a05c7d766f1c1ce1c356378d1c0aec0b6a9128d63379be31a9189c8be0d,1,TRUE,7,0.594854354858398
728,blogs,47e0268ed2e5aa6eabfffed78abb5727208180f9d34606694869a43a546f3ba5,24,TRUE,1,0.66685676574707
729,blogs,99514ebd578935b80f074058f83685dabf2e15d78a404ef64fcb73bca886c738,1,TRUE,22,0.574827194213867
730,blogs,69e6810037c2d411d83d6ead19c4b91523faf992ed332fd1d220ce741d03d10c,0,TRUE,49,0.583171844482422
731,blogs,800bb0749ead986653f31a7bdd0806e71b37058175fe19e95e7b9a9b8a42ddd3,0,TRUE,58,0.595808029174805
732,blogs,08132934d2d8be9ef3b3ded1e9660b66c89b5691893a745569c96bc93bfd5c98,0,TRUE,1,0.70500373840332
733,blogs,8775c7f1260e8550702e2121a2c219d0c4afbce46e7fabbed055dc013a3e11f4,11,TRUE,59,0.609874725341797
734,blogs,027ca88ab6a0a7d10dff328c3687290df44f4f80cc4515cf0e3a4f6877350fe6,0,TRUE,23,0.627040863037109
735,blogs,aed1a7ac0396ed9b45dfca32b75a4a21863162e9f151dac8f0ff5a3229e9014b,3,TRUE,13,0.587940216064453
736,blogs,85b674e4c50465932f821e5b4ba2bfb4a5e0cc1c6cd7ebf74735ec84a00cbea3,0,TRUE,2,0.574111938476563
737,blogs,df17e5eea797f9e0a53956d87d9ca18966052635611ea91af35147eb45d8a041,0,TRUE,47,0.608921051025391
738,blogs,2b099ef086f41c2477d27038c69c2c1a3a4688c92b099415466573a48e4f8a50,2,TRUE,4,0.581026077270508
739,blogs,37c8b2ed0395b9f109d6b985c502094eae2fcb001be78f242c6b0c41b0419f76,0,TRUE,5,0.58293342590332
740,blogs,53b0d36b7202e4fc51f9467c597f693a78cbed8effb1c4a4ccca78942551aedf,0,TRUE,3,0.586986541748047
741,blogs,9d149ce6b5827cc692ed2551161239c2a7c87e74cd1e71453f0d12b9d46f2bda,8,TRUE,21,0.58293342590332
742,blogs,00234cbf9b35e5f8198c390812bef383e477f0cbe0af79c5d328f2117e2761bd,2,TRUE,166,0.636100769042969
743,blogs,65c98ae66ede0f60c76e88b0cf2ad0932bc41502eab7f838d7dbea6b54e5312b,0,TRUE,4,0.586986541748047
744,blogs,b8ec12b025f10a8468733b26b6d2d413f805106f9bcf52d43631db4555df1e71,0,TRUE,2,0.574111938476563
745,blogs,b3debf06f071c8075f1f151a1ea1e630b83675b805b3ab95cbf816ef577303c5,0,TRUE,10,0.586986541748047
746,blogs,c0fa0652fcc8859f3eb1b943e6e9e75bd9619119c6da628a81973d455803effe,13,TRUE,5,0.581026077270508
747,blogs,56c1ce56a465faecab69af80b6ccaa033a238f1283830849d771179804bf6d29,1,TRUE,7,0.574111938476563
748,blogs,4021193acafd318a7eb394f11b54e46ad5aaf9cceaf8fd9470e6c80808846f81,2,TRUE,5,0.590085983276367
749,blogs,40bdad6b9cb8fe71a13fd5e01668355ecfef1e73e8327bec4c10b4cb857402dc,0,TRUE,9,0.568151473999023
750,blogs,7cf2c3e715b3b7bf809b9053e59ce3c28c426ea92483b073e3a4f5cd715a0efa,0,TRUE,8,0.580072402954102
751,blogs,3ecfdce650000dcae26fa27f1c81bcde12086c90f9941557e3695be1cfddab40,0,TRUE,90,0.643014907836914
752,blogs,85051c646f7a0aea5b01ef9755aa9a67c2d52be36000bfd5974bdc98283e4442,17,TRUE,5,0.611066818237305
753,blogs,25cb5e827b4ebb24f6e75fa73f6d8874483f4aa4013a6359d06a7942cbaa4ca5,0,TRUE,1,0.541925430297852
754,blogs,f02445fe51f824432104677cc80be73cd7d30610397e1c72c5bc3a292e1e3cf1,14,TRUE,25,0.607967376708984
755,blogs,aa5ef3af8be6c4e4d9c248774669768d4021d73d8f6e6332e93e1c525eaa0f12,8,TRUE,8,0.628948211669922
756,blogs,3c02fc52c34d9f01995a84de6a1acf9f6613f8541ae11b7556bde673edb58a70,0,TRUE,38,0.606060028076172
757,blogs,e4f5b5d4315fc7d9c15c8e2d593bb585ec9ffcac70df50398d781f33c8e4e223,1,TRUE,19,0.56910514831543
758,blogs,10a63a15a2e08c568615c37b5736afc71420a1e9f11415cb6b8a30efd521164a,0,TRUE,31,0.587940216064453
759,blogs,ee3d5b1f9f8769b9ae9f8d0ecea646c5e85a060408d263af77a4c72ba26e6fe1,3,TRUE,5,0.589847564697266
760,blogs,ec9874c957e6dbd4f73961c5bbb35ce3117c7b571730d874f9558524ef7f013d,0,TRUE,51,0.607013702392578
761,blogs,9d3e47c76d87aaec727d220a70b6658872a2aff18858e9ef08e675bd6496eb89,0,FALSE,61,0.607967376708984
762,blogs,9ceeea3cde3e92df6b7706941041362f08ac33cd7dc0098c1a5aa4ee743a588e,0,TRUE,3,0.622987747192383
763,blogs,0d73f14c24810aeba206c35459b56c82389dea258278bdd4f7d742bf3bb786e9,0,TRUE,6,0.557899475097656
764,blogs,d45a4984c77fb5b3f07349cc6bb10a43f3ed51d78783202fd11713763bb96f07,14,TRUE,1,0.672101974487305
765,blogs,6b6a8932f0f883fdce5bab097ba00270ffa8ffb0c3fdd18f4c7974b7a7ec50bf,6,TRUE,15,0.594139099121094
766,blogs,7d801ae641abf3b0be808e49029425dec8a0f6e80961074364c7e32714daa30f,2,TRUE,2,0.585079193115234
767,blogs,429dbef527f72adbb21a588f0e3e531300b00f3bf7af2465977637dc26f7443b,12,TRUE,8,0.585079193115234
768,blogs,08f870efbb0df122f3a19bb4e9c7740ac28e32640006330670d8f16fc3a0b9d6,3,TRUE,58,0.613927841186523
769,blogs,6a99c7d2a67721fc05397a7e917f0649fc350edc6e1fba8df01512234183bd5b,1,TRUE,7,0.58293342590332
770,blogs,c2d74a0234824c21b5c21fc0a5eef41ab69ba1f04a33fa96dc3fba9dc4f09803,0,TRUE,65,0.602960586547852
771,blogs,e46c0c1b88f9ed72b8e820db56f8cd8073c6e23fd63f5fd31df1ae89df9c1696,0,FALSE,1,0.689983367919922
772,blogs,1e1cd979ffce882cb779cefb6ad34d91bd1ac05b292825f7118c57e2ccca0663,0,TRUE,25,0.597000122070313
773,blogs,0cb2ee5f57ac6a70d75db0b45aab44648b89aeaa31195891c9019f6f692cc855,10,TRUE,23,0.603914260864258
774,blogs,7e3d25e083ef26e615ad4093f01ff05f61ab877cc054aa46a6e2bf82ab37b7bc,0,TRUE,8,0.576019287109375
775,blogs,d693f7ba4bc9c2f68ba44d0aca890c9cdda5e307c8049149c982fb7e90f545d4,2,TRUE,72,0.627994537353516
776,blogs,d134baf8f82efc86e56e7d0403714d43279b71286657f1e8192e7f0cff4bd3b5,73,TRUE,58,0.597953796386719
777,blogs,88e7df4a0e720eaa6e0cef48b3b647db7769eb6e3e0f7f343492f723e3df510b,0,TRUE,39,0.596046447753906
778,blogs,3c0a01eeecfd376916a12a0d4be7c89bca56206204f18106480abdf14ee6f32c,77,TRUE,62,0.622987747192383
779,blogs,79b375d79394fa9c6dccd0b99d6378899e3da5c43fe95ff7ea3dae230781f6ae,0,TRUE,5,0.594139099121094
780,blogs,778c15f1a885f935f379a07b8174aef22d5bcbee5ec31eb925afd30067bf916e,2,TRUE,32,0.586986541748047
781,blogs,1035e013b8713b1cc27849d166c0cc418243b0351d51c98a091c6085265ddaec,0,TRUE,42,0.599145889282227
782,blogs,b0adf9979d8060616d65d2e5f7f24000f63bb5be6b757e82cf1b8048b976604c,2,TRUE,38,0.5950927734375
783,blogs,563e6772a977e9a7fde519a1c1013ce45fbfb36efbb039eadadf38125483bea5,1,TRUE,16,0.575065612792969
784,blogs,a219b32eb0fd179a951b69d10fa29d9b876c83dc38443adbf57d2dd7a5d00780,2,TRUE,6,0.5950927734375
785,blogs,dff2bf7878b9f54b821574df66fbfa396f39c9bc7955d62cbb0c5393af6dfa2f,8,TRUE,13,0.575065612792969
786,blogs,bbe28a9b4848ab5a47dea412200a81cd07aa33a515f5fb9ae51ae6b4c506faa2,1,TRUE,6,0.594854354858398
787,blogs,82928ec1f9b09877fd4ba43df787c7b9650cc66d9678ee73fc3d268089065757,1,TRUE,30,0.591039657592773
788,blogs,6f9ab446608b6cdd14d427c668073e22f1f26648b72708a721198af2bbcb4887,0,TRUE,10,0.592947006225586
789,blogs,726f58285d3e09532e9290b97da12688c3f3f5ed38593614b1afdc56c10699b6,6,TRUE,22,2.81310081481934
790,blogs,7b165d59571739dd9120add3d97837ccdb81ecebf982c12fda6a8531d8688cc9,3,TRUE,4,0.653982162475586
791,blogs,dbc6d22a74a34760ec3a86f0674177fd137065e96610e30cdf4cbdc3655570d9,10,TRUE,1,0.664949417114258
792,blogs,08baead44c5814357b076b4b4de44f10bfe432b846e0f9ea484d307d44097ebb,0,TRUE,55,0.592947006225586
793,blogs,51dd1e776faf8094807b98a6eb234a60a892f365be6cabc37803e6831bacefa5,0,TRUE,12,0.607013702392578
794,blogs,31b53c5242ff4e17485603f11b03fa8e7e53dc4f780848daf197ea30f2afdb1e,0,TRUE,2,0.576019287109375
795,blogs,9451b2b4b5e923519c76df0160f23fb832dd9afe1dedd00f8c6c01963c47f91c,4,TRUE,9,0.581979751586914
796,blogs,f96b44142a7ae91cc65ea78cf82fb7c9cf739060be3cde1953ef76665efd895e,0,TRUE,7,0.564098358154297
797,blogs,ceeb681673f4ae2595a145e4234db95740831e3526803aeaef09cdef254e95f4,1,TRUE,17,0.573873519897461
798,blogs,df35b32f3ab2889dc5a8f626616eaf663b924ac5440dfeb02ce6ef322d3a7d75,0,TRUE,5,0.586986541748047
799,blogs,92a8c36e3efc2d6e894c590cb76ac8a2d9f85239e6f16ac94a24cbc8c9e6a16e,13,TRUE,11,0.549793243408203
800,blogs,b91278828bda76a8127514405a51d9d240589c1491ed001fca92b0832834e1a3,3,TRUE,38,0.635862350463867
801,blogs,b90cc4c7c0dbdff01ad395e4ffe0651e4f82c969495bb9796af97116c2d75007,1,TRUE,50,0.600099563598633
802,blogs,05334484ea8b941d753d6a926152bb7d631f4e243809a4a3ea96b2271c2b28c6,86,TRUE,116,0.622034072875977
803,blogs,22669e3cdeb7bf1b6cf45c9f44e1880e624c2c3e74f45e5221b96c7c60522d3c,9,TRUE,14,0.586986541748047
804,blogs,f8318baad14331345bfb1f5b592c1b1772dfa6dbf63c18dab86a5c6fc12b06c4,0,TRUE,24,0.602960586547852
805,blogs,ac80fa0e9d6b7cb5f1facf800e4f57d327f2527b8cb794481af1f93ba067c311,0,TRUE,21,0.588893890380859
806,blogs,a5f76ee7dc49602ca9cb9813692b832a2bb7b6a84cb4ceaccc7c7b4051684c41,0,TRUE,3,0.559091567993164
807,blogs,20199ff0755598d3ffc161e338bd97e2b468c023153f17505a37f0f0a625d5d4,11,TRUE,74,0.580072402954102
808,blogs,d02a87be0cadffb8efe01d184a9484b6e27032b79993f432ee7f5631a1d8c05f,123,TRUE,26,0.58293342590332
809,blogs,10dea7dc4296980b832ae1bcb57d96a2e13001928621271751dded9364c10404,4,TRUE,13,0.570058822631836
810,blogs,ac70669867682a6f84a51292c9b6628cb98efbc3ee75c0dc3b4513d9fecef0a3,3,TRUE,16,0.600099563598633
811,blogs,f699991b1e64af7c670603606ee4333cd6d2f04f32eb7f579722ed52e204d7fc,0,TRUE,6,0.573158264160156
812,blogs,c9b037f7aae100d0bcd45cfbc4ee5fdf6b0fe7c81c2a87b9e6de3f434b70535f,2,TRUE,7,0.571966171264648
813,blogs,fc7cded3031f7ebe6869ae07e3522637a5ab9feb16bfce8d08ce1a42a8671514,0,TRUE,55,0.602960586547852
814,blogs,4b50f58ad0d0981f811a134886c001c16345033abcd323058df30300a597e03b,0,TRUE,17,0.586032867431641
815,blogs,bdd32a7c194c890d015159786a3e892f8cc3c3cf7905026913467c3ee3a8e5fe,0,TRUE,2,0.576019287109375
816,blogs,5006d8becaf09fb7c4f85a904ba903af044f0c27ce3e6e8b6c78fa6079c2be9f,1,TRUE,56,0.603914260864258
817,blogs,004b8035cea9a614d6f3c03b0ac5eadee3123b5bf3a9aa75d4f1dca838bbd765,90,TRUE,22,0.583887100219727
818,blogs,fa1f1243f93ad95f2db2fa29ff121bf1e086bbd20d739458eae7e4aa5eabe53c,5,TRUE,10,0.55694580078125
819,blogs,e7533869bcfaf47db8b6a93f4c84c4a4697776e17882a9ed01b70e01d100589d,84,TRUE,7,0.565052032470703
820,blogs,6eb1064d1557cb18bd8c6fd2742fe310ef9304dbd539ae893c8046a043c79ac3,79,TRUE,19,0.607013702392578
821,blogs,483654fb425e2ef941933e683282c7d07b716c2c5c67554b00b724ee34b7931b,5,TRUE,2,0.607013702392578
822,blogs,b56ba497b9c171c09310fb5a21ccad35e35a124af9e85b1e4e0168d2b5bf7d99,0,TRUE,44,0.625133514404297
823,blogs,4c0081fb5f8fa018cbbde2abd8cbc8135e936b40ae143ba6964c8989c0a4baf5,0,TRUE,1,0.885009765625
824,blogs,40daa47aa5aae03f276454d74ec03f717b7828f31ee1dbf2628ab36b7cd8ad97,0,TRUE,38,0.774145126342773
825,blogs,37602510097dde1b1281157d44a7aa01e812bffc46630267d0065de652899428,3,TRUE,2,0.635862350463867
826,blogs,27dd521a41ac751e64559a0d651686103202d1426e07ee4db3c1c1c37abefcb9,1,TRUE,23,0.607967376708984
827,blogs,6c6410d76dff7b889e3282a085f3a11d0c44cec054bd326606d2d90703f8c6b9,1,TRUE,134,0.630855560302734
828,blogs,71abe394ba2602f5dac4e5e622dfcccf711d6cbfbe120505867a2cc6516af504,1,TRUE,63,0.633001327514648
829,blogs,4ae8b07446b75aa4d30e77610a7f0faff924ac0cfac729ea69793302ee7e700a,0,TRUE,27,0.609874725341797
830,blogs,07b1c2a80534404d27b383c4fddb8b581c36004566ec21693f7d3f20fedf0dc3,0,TRUE,9,0.598907470703125
831,blogs,894a5d3be36e970a5beb42abc5103f1781ed4902956fed0ff246e2941bab6c2a,73,TRUE,62,0.607967376708984
832,blogs,81617d9e47d5df2c8bfa6bff760f4af16260b0dd5eb1d996a16e90050b62375a,0,TRUE,7,0.590085983276367
833,blogs,2036e0ba3b93ee434ed7f6e88635fb743e2319c3d0a0d4768f2dc8190446df72,2,TRUE,1,0.670194625854492
834,blogs,c386c5eb7ae982b5504c5b489abddec8742bec144df3f929753567bc57b64016,0,TRUE,12,0.560998916625977
835,blogs,3f3ca8e73b5dda7db7dc370002f45785191944c45ae42795cc9adc590cea19f8,0,TRUE,12,0.573873519897461
836,blogs,c9586e9dd676295e57192466221df7c0a7934cb0901ea6bf2f50576f98a22a74,1,TRUE,2,0.603914260864258
837,blogs,972c326954c079050a4ed3c53fe3cc3b34e7837078c12a85f07306fdb6e48a61,0,TRUE,1,0.677824020385742
838,blogs,a1d09160bfc5737266902e0b0cb99f1e978731e658e2ca6ac5511a7fcf13754e,1,TRUE,14,0.600099563598633
839,blogs,e6bae6fce3c784c3094b8b8b66e0158a7f62e80a57408650ea49c77273696d86,73,TRUE,45,0.5950927734375
840,blogs,2159a9b7b5daa1fa368b455c72e641e3f2c9de62a2ee9a228598e2e79903c09c,0,TRUE,9,0.573873519897461
841,blogs,10606ad5436ac85ba514a19f3691fda9ce3da0fb85d2cd3cd4b4920dd7dfbc42,1,TRUE,9,0.573873519897461
842,blogs,51cf2be9b9512cd0db352a79e1b600358fa670a3994db56fbe02a0b89cee5829,1,TRUE,185,0.636816024780273
843,blogs,a9d4d92dba0ae5397d61c4a2c525a5f7dfbcd3d0d20e7628ff704bfc0186ae39,25,TRUE,11,0.594139099121094
844,blogs,87b54c5bd05136f13e00afbce7682366f3a9deb4e970270db628cde8abe9e8e7,0,TRUE,8,0.58293342590332
845,blogs,c4252bb25732dd7f17435475fd0365cd224d8663c349041e3e44f7067f5481ca,0,TRUE,17,0.555038452148438
846,blogs,ba4c1fef583e56544d78c1d44f12ad85f46bc299966f62024526de859c223a25,58,TRUE,1,0.662803649902344
847,blogs,04dbc8e66bbd2cd43b0148e6271254c75e5b285fddffb1a838fcc9c04d412baa,2,TRUE,9,0.584125518798828
848,blogs,20f99711336a0929cbf39e9f4062655fb957e59e277dcc0807d1219f48d84f01,3,TRUE,18,0.608921051025391
849,blogs,dccd3ed5c0aacbe52870728793033443dfc6ff5d4fe09f7d45cecdb3ba8ba46c,1,TRUE,6,0.579833984375
850,blogs,5b79f560e152a8b5ba26ec927483e6a772e8386849f6b0a60b2d3a4bff4e83d8,0,TRUE,17,0.592947006225586
851,blogs,519b30f36eb460143186bbf7f970e7763275af479c4cfd2dfcf057998f5d22b6,1,TRUE,12,0.564098358154297
852,blogs,2b175b02c62ecfcb1ebd48615a4df20c6811849dabd8053c912b24179deac028,1,TRUE,15,0.571966171264648
853,blogs,5a4e3a7a209cbc7ab487ca7b066e57aacfb06bc08d82ea9006b246b8123bfa54,0,TRUE,40,0.583887100219727
854,blogs,ba284c29346edec19804bcb7a835e465f76b931696738545bad65fc42f313e8e,0,TRUE,1,0.668048858642578
855,blogs,d75a0c25fbf391e88b12db52f2e9538c70fecf05e2fb84b6137cfaf4c5a3891c,1,TRUE,26,0.591039657592773
856,blogs,bf2c0e5d253d43893bce70c98b3a82f66957d9bbc5b0195f36d5d9a0d88be5ab,29,TRUE,19,0.586032867431641
857,blogs,7a9c0b552a68dd437935bc0e7bd2bfdba39a21c5b2f62ad4ad1b573a47eb8904,1,TRUE,15,0.628948211669922
858,blogs,3bcca6790583aeda7b7d7426732569a6ba395df352e6633fd923cd421f15f121,1,TRUE,31,0.763177871704102
859,blogs,77ee638138115f2c7fa588d0e9aeba5cf53067191f3e4bcd2b380c0da80da86c,0,TRUE,20,0.590085983276367
860,blogs,c22027ed1660cb08f45d50613750b98177c8f5df8cbca9f5b6b4b1b511565dde,0,TRUE,20,0.598907470703125
861,blogs,f57f208e809e8963d18c08d018ffc2f1bb516134afd6effdd0a2c995988fdf84,2,TRUE,1,0.671863555908203
862,blogs,bf6736a8364ec6ae03f38e63c27e4bffccb861de4011028d61de2f25cde7a636,1,TRUE,5,0.596046447753906
863,blogs,06a7af9ad7ff104a716ebf8750879c933c5cd14981395d1bda52d82c524ec202,1,TRUE,24,0.580072402954102
864,blogs,80a20ae859f20772d494c4c8674786445b823cf67046540b5166c3dcf9b57620,1,TRUE,1,0.663042068481445
865,blogs,5e629ce84d298b4b8027ff85de8c27e4bff534b5edb0519587a0eb1dce2facd8,1,TRUE,9,0.581026077270508
866,blogs,1d6f7fb5c2526db2dfbd965cc75739a8b47f283476e4acc173cc436c9addb2a0,1,TRUE,23,0.574827194213867
867,blogs,b69b3a5b89f53ca7f59f9cefec367ffc7807ea307f228362216ef0f9f0f7da75,6,TRUE,33,0.646114349365234
868,blogs,0f181157f4cf010204d1d3c81d6301f4569a53364d21e7b72b8f0e7f068bd80c,0,FALSE,26,0.58293342590332
869,blogs,2a5d7b1b7c8eef792d41009df8e5806a9c80ebab053df12ceb3dee7de9414726,0,TRUE,13,0.598907470703125
870,blogs,6961ae99c3a3f0cbfeec2b23fcb75e09788438774c859b70d9993035e05ea65c,3,TRUE,20,0.580072402954102
871,blogs,fa1e494b7f2564ebf8fafa4ef8ecd64942b6f194cd27649d41cc17a38964d81a,0,TRUE,2,0.601053237915039
872,blogs,211ed9cf0068b9494c575aaf243d0d386c4193eccdfa7ea056bd3c79bf91d8ba,0,TRUE,31,0.602960586547852
873,blogs,c4d87a08d4265ad03acd0be9aff3bb8bfb9ce02713d33d5172bced1667f1e4f3,0,TRUE,9,0.574827194213867
874,blogs,f13ee26cf4683ba0cc7e09dbaf031afca5749823af0ee38a68aa9b1e1888113b,1,TRUE,4,0.584125518798828
875,blogs,db84e250e58c6699ec9a48c531922af88fc21ea7ea4960b84a025204746adc2a,0,TRUE,76,0.613927841186523
876,blogs,9489e3e3d88b14351a0f5f9fb880e8a85e7113c28a32ef3f04c4bcb605643909,0,TRUE,40,0.591039657592773
877,blogs,655a8ef9748cfd3ee5798850ea164ae21e5ab35c4e4e866d55ae012b4414e913,1,TRUE,10,0.625848770141602
878,blogs,7fdd9f366000c8bc5f70daff66e90ca1c1e2884a816d0e20ab15da4c9b1660df,0,TRUE,2,0.566005706787109
879,blogs,ad8cdea763dc4c018790c17ec33e162b84b65f71acb59a5aca04291d75f69380,2,TRUE,66,0.5950927734375
880,blogs,d72cf4af8b9824fc781ba0ffa8f6d56730dbd44f3e5c30b5bc56b9e966346d13,78,TRUE,5,0.58293342590332
881,blogs,8db385096c29c58df0a424dc04f682ba2b446ea7034c7bbe042ca52f927bd4ab,0,TRUE,36,0.570058822631836
882,blogs,b90fecf11db42aa3121d87f73903f736dcd879f58c2170568b6a87781a360417,14,TRUE,24,0.585079193115234
883,blogs,0fb6c5150848f3462eccb3d85b997248534fcf5dafa300b77e498c7c5b683739,1,TRUE,72,0.600099563598633
884,blogs,e36b414c6d2a7c0d3fce4bdde8cb1a9ab123cb08c99f21ef25472d8aafa1c3a6,0,FALSE,2,0.574111938476563
885,blogs,fdd8880e3066b5027ad10439908d47d3c02379a8ae4bc61cbba3f3be3576b479,1,TRUE,61,0.602006912231445
886,blogs,fa8860441ca249f31eb008f59e6ae2c4dcd51ef689777a0c418eeac8c21626a1,36,TRUE,13,0.576019287109375
887,blogs,6b33ca497559c8cbb2cd26f5569eb8b57cd43ff19395317694dbb2d62fd63222,0,TRUE,3,0.574111938476563
888,blogs,2e90b5411610c562e293b6652486e7c0d72b58d4624bb7c31135e723703b973c,30,TRUE,11,0.555992126464844
889,blogs,9f42d1498289a4fb819904f022d8bc212d688af00da87d29dfe8c45b7c1e8672,0,TRUE,21,0.566959381103516
890,blogs,a8cdd2a1282abfd8bedd27ea12acec95c19c962e89720cf948e2646472d397c3,1,TRUE,5,0.567913055419922
891,blogs,35cbde639a1609daff423f21e229872590a733c65e48763a795004b1e7bc0183,1,TRUE,39,0.600099563598633
892,blogs,e6aa2aa8b91d6ce1417da796c7d3b6ab44b1c41ab3e1d2d81bf8967eb691929c,1,TRUE,4,2.61092185974121
893,blogs,bb74dff9c7e201b5341dff6a56e6e5aad66d829afd3d2b7f92f5572fe2d832da,5,TRUE,13,0.61798095703125
894,blogs,9249dbb4f1841de12d83cf42d8f4dff09dd73af3cf6583f859c77a6189cf732e,0,TRUE,14,0.581026077270508
895,blogs,383a56c7e6bd7034c5bddf1c0bb61bfa177850d3894bab52ccd44b11a695ee49,1,TRUE,39,0.597000122070313
896,blogs,f39ff9573aa8796e37d4c018656833e4ce49d1b85165f9eadd8498ec70dd8b60,7,TRUE,4,0.653982162475586
897,blogs,de90933c144fa03a1264d8e95dedab4ca4c7327756e450433a3a4ecc26d531f3,5,TRUE,106,0.611066818237305
898,blogs,959cd6e0bf652d59aaf4472ac2814e551b575ebbf67410062693cbb326d257e1,49,TRUE,1,0.674009323120117
899,blogs,cbcfd94f16c1c21fc2acd9c46bb74eaa23cb1d1e3040f594162ea9bb02824ac1,0,TRUE,11,0.570058822631836
900,blogs,75a36891c357590b4afa04fda6c43973db3c963a4c9a8d912e80dd5558bceb3b,0,TRUE,10,0.574111938476563
901,blogs,ab893da37252601f0288b08bef87e34d3026e5e2940c7e6454873b127f82b8c3,1,TRUE,19,0.575065612792969
902,blogs,402a82cabdef87c8891614d41ecd94e742bbea22b85d688470917b2386b2490c,9,TRUE,2,0.578165054321289
903,blogs,f193b3618c808269c46c3da6ab53f5f83c6aac68a4c74b83780c91cde2cb30a3,0,TRUE,3,0.612020492553711
904,blogs,7af5295f6dfb9cdfaf0735c6df3d894eee2aeb5820170945076ff4444c8363c0,0,TRUE,6,0.605106353759766
905,blogs,001e5622613db390d43229b058ea399e31b7718dd452dd79260060bddc96ee5b,0,TRUE,1,0.712156295776367
906,blogs,9d84f2cf6c9259a06da760ebd7e8abaaba76eb3fb5ed2f26c3310ea14818b2ca,2,TRUE,10,0.61798095703125
907,blogs,557a8abfe0545567b947c86861aa786c4280c4b8b73add52591dde1c98b8f458,0,TRUE,183,0.663042068481445
908,blogs,eedb40b628ac6eb6754f11a7f64eace7868900acb75444ce6b1623d1be4f56de,6,TRUE,17,0.5950927734375
909,blogs,c2087d00e9706599b659e5700d306d1eb890117e6182191503f3f47451108d06,0,TRUE,5,0.592947006225586
910,blogs,63d28b94645e5688c1bae20d1f39ac797b853312c9ab498c31d32ab716f7e78d,0,TRUE,24,0.608205795288086
911,blogs,7acdc73d403fb58226be47421d1c6a3ceb1083220362e6f03657ae534a521813,1,TRUE,31,0.622987747192383
912,blogs,a0576cabf730be7498f4ede6307fb722cf50c8357ed6b9cd505a14c3f6c4491a,0,TRUE,43,0.612974166870117
913,blogs,46e96a383edb9c6a42f1154a20f306503345a0a87fc503efbe9689ca9d90966a,122,TRUE,49,0.604867935180664
914,blogs,3b12e7baa5a1171a61947711d76637e732462cf932ff4c4649b14f8267455df9,0,TRUE,7,0.593185424804688
915,blogs,2e9f6253440556658a9c3dc9ad4465cb36e0be603099bd0d5ce9af7de99655ae,0,TRUE,2,0.600099563598633
916,blogs,550eb1e9ee16b77306563978e95b8e95de66978269398279f55373160d9dab6f,14,TRUE,46,0.65302848815918
917,blogs,810047e97aef15277b504a0baaf36120e32076e9aedce2a2ae162d9fb2174450,4,TRUE,1,0.720977783203125
918,blogs,2c2dc8306ad844fdffc04e583e523ae24af6d52ba888525faa3e002eb847ca74,1,TRUE,35,0.61488151550293
919,blogs,6f3cba2f68f479a092a76a75da0af26b968f39c518e7f51929f15cb9ec8bf835,38,TRUE,10,0.603914260864258
920,blogs,51a14e981d6d571dc0ddccbb75d55dea79bb5655b15bb0853e5c80cdc6bcf85d,0,TRUE,276,0.662088394165039
921,blogs,bcbbffc1b780b8d330ee4ffb24d8cf2ef64979c731c295ae4a1bb63462a0cd19,1,TRUE,1,0.682830810546875
922,blogs,a756b6e6d71e9d7e4043942708654c0f74fe2142989c034a53ec14c457092775,0,TRUE,5,0.609874725341797
923,blogs,82fecf209cf7042dd51edef4c4c2c535772453b89c6508284ce64cc5a6e25832,35,TRUE,47,0.616073608398438
924,blogs,88f7f6ee8e84015f279ec118478f587991ceb564883852deb5166e38b1be5823,3,TRUE,21,0.603914260864258
925,blogs,e78b26b7cd4344b8000610ce6c5a44231ec96354ed774e49676b9d1b2774952f,1,TRUE,1,0.979900360107422
926,blogs,8c2f3a637459a56cf2d554368aaea0dbf9cc62b9f46d5303954a5d6e054f4e63,0,TRUE,12,2.72703170776367
927,blogs,56b122db8bc24cee3af861594a336f593b5a47e32289717eb46fc2c8554ca889,0,TRUE,5,0.597000122070313
928,blogs,e33303311290bfd57392f8934fb5491d15f4be1ad2b7cf809051c3f7a387ade3,1,TRUE,24,0.612020492553711
929,blogs,738d46e57dd2f4eb52e1d60c6683e7e061021065882f393cb445e6e399ed85e2,0,TRUE,6,0.575065612792969
930,blogs,669127eea714dda95cef2ffc329d98b37b4228dbbeccc2c93fc91ce7a6f51945,1,TRUE,5,0.587940216064453
931,blogs,90c1225e62170773ace34b72d1fb624155d4d16182f967e6f91a323b3a352603,0,TRUE,3,0.587940216064453
932,blogs,a72bdef5ea0d3d2d5221a2f91826bf3eb881b5b1576b1eee8f0148ca1d250707,6,TRUE,53,0.602960586547852
933,blogs,639cb043deb85a2d4f204af6ba1ebd96c91d50e39273480b985723a919958e9c,0,TRUE,7,0.666141510009766
934,blogs,630bb66e6bc17cc33e2f58d9bc6f444795042e5b9122dfc7b69cf564819530aa,0,TRUE,29,0.666141510009766
935,blogs,bbe6e796ad6d8a46845803a362c1da020cfb9762d798e70394fc10952dbb3dfe,0,TRUE,11,0.576972961425781
936,blogs,60414f82cb014808eb1549504732cc558f73007836f7510a6ba262bb7b958d1e,0,TRUE,2,0.566005706787109
937,blogs,01a04757278d40276d5370b771fe9b32f940b45d37788dd4a831d4a9613ef31e,93,TRUE,22,0.59199333190918
938,blogs,c41029aca9ab75803ada4eef4b5f46466dfd8a1488046976b1ead4ef36f1d415,0,TRUE,3,0.56910514831543
939,blogs,130c5473d89e11cce0991a8d27ca6658aca938262251a61ce12cdd8a56d46c41,0,TRUE,57,0.606060028076172
940,blogs,59599893b566a25f3db197d6220badbd356c9f4088111fab00b5639805c24651,2,TRUE,1,0.679969787597656
941,blogs,c6e944d60d2a790965ca11738091b795259d99773da81471f5b912f7bfa44387,9,TRUE,30,0.58293342590332
942,blogs,c7b655857cfd7bce83f232520ebf39b43510b35ada3e81ccffdc792a2d87b2c2,0,TRUE,58,0.618934631347656
943,blogs,88db4d4aaaf954e57986ce213c66bdd4d5c671220c01f3fde41d229ece2359c2,78,TRUE,7,0.579118728637695
944,blogs,4f4d2d4b70191775d5d4aee4a9013a818aa2536d8668c54e105fa27e5be21879,6,TRUE,6,0.568151473999023
945,blogs,af7bdab23ff3aa6ae7bb0e6014545abb05e1527bb0cdc21138edccde1aaeef86,1,TRUE,5,0.581026077270508
946,blogs,bb5b9602144ff12f04027464b7a093a01274e67e39d0b9f16ffd2b9dd1a78311,2,TRUE,19,0.570058822631836
947,blogs,94e19e32c987f27f2c8e464fbd287e99e655f7f8d6e4d2610d440f176553429d,4,TRUE,22,0.578880310058594
948,blogs,88af1f96ce4f8e6eedf6e8912b375a2bf43c691ad30f3f579c0571f7f7a29894,0,TRUE,2,0.55694580078125
949,blogs,34730d077ed8d3c5a6efb1b4b758404ebf38f5322480a371fa36ec28d0772228,1,TRUE,70,0.592947006225586
950,blogs,61e65a5c179d5facdd33fcf37cc0f81d1c95aba602845fc9510ff65451f2365d,0,TRUE,5,0.587940216064453
951,blogs,24c437b93f2d62bf7b3bfa9addfe1b0890e00ba76a94f7eeb364a3ebcf8b6cff,0,TRUE,19,0.581026077270508
952,blogs,a0be661ec6642427f6ce01a41d76bfc3f08324e4ae0f90b2a69092261573177a,3,TRUE,2,0.630855560302734
953,blogs,18d8365c21d3866557d5707cf7f6755aaf5b505c6751a39480996281f1e8f716,7,TRUE,4,0.554084777832031
954,blogs,a6bc707a71db277dec47487c37173df37ad71bac48ca3d4d32bd6b4ddb183942,2,TRUE,4,0.571012496948242
955,blogs,7a2f2378871492ff55364afabf6967890ab8902e17e9353f720bd80caf3f4a9c,1,TRUE,6,0.562906265258789
956,blogs,6be14887ec2cfa1021bc719f070cc05c3832d069a3b96c7888b0ce46e2d7fc0c,2,TRUE,6,0.55694580078125
957,blogs,814953c6da9e3fd4bb023b728d5fb1e12d162286d87dcee1ca3d9e40d37ae91a,27,TRUE,134,0.642061233520508
958,blogs,e103e8199001e160f308e587041edcc30538877f25a35bc485dc92439a0a9967,0,TRUE,1,0.666141510009766
959,blogs,48b50c6b1719ec8e8383fa968a80a798b3c602341e6f7bf6ea6d9e64101ece12,1,TRUE,43,0.589132308959961
960,blogs,5b1c76ebf420864c567b465ebc65d8b4e420f2dc8c1d11cbdf51c7dbdf86fb2a,16,TRUE,25,0.735044479370117
961,blogs,a9a0da839a1de4e603578cae2cc953289ffc16b1cf9846274701abb2056b6688,0,TRUE,30,0.597000122070313
962,blogs,140409a0d10c4bb670b5a49a57650f7286d3132524dc1f44223e27ea5f3d61be,0,TRUE,56,0.59199333190918
963,blogs,863165e095bf9d60c6df951850609410a588c6cca7159e96cf25814550fe4cde,2,TRUE,69,0.613927841186523
964,blogs,976d8a534c4feaa9d4a1191b30af27f2ae22df4618f6dd506f839bb7fb653f1b,0,TRUE,3,0.587940216064453
965,blogs,338987329c04baca4c4127afd3431989a0539c646f780af02481a4454c158f45,0,TRUE,3,0.557899475097656
966,blogs,83884b13eb2d96815d924188d88789c436f2770f09f351787b6edafa9eeb1894,1,TRUE,56,0.586986541748047
967,blogs,6d21d0b64826748844a9c8b311600dd830ce95cfea751a647287dd802566fb6d,4,TRUE,19,0.568866729736328
968,blogs,5bf56e14835c3f49ce4cc5375796b2c7eeddedd2d4d58292a2d25cd0af00235a,1,TRUE,11,0.571012496948242
969,blogs,8249d06e22ff8141e42966bbf047075fcb4adccdeafcdcac8f57d0da8d8c4040,2,TRUE,5,0.570058822631836
970,blogs,7b13d116ab275bfec27fb78ecfb742e45345ee9b2741c53b8ba2d2f5e0d2b788,0,TRUE,11,0.708818435668945
971,blogs,433ae144873a55d4f77f6fb692a0554072adfbdac3c18d58642ad9176843e2d3,0,TRUE,7,0.576972961425781
972,blogs,0ed2dcb44827bdecaa87a233c21bad30e9f0324cee460d0d74cf5728e16d8798,3,TRUE,3,0.58293342590332
973,blogs,dfca1d6cdad50847bb840ba9617ecf03bda7cfba0d4de93552cc10914a70281a,0,TRUE,1,0.668048858642578
974,blogs,34bf95953ba3c952f77ff6acfa691f8cc9217990a1373c8366524b8d2f9b6780,18,TRUE,7,0.615119934082031
975,blogs,6a995a0109f5b2e5031cca42d6302f3e8acd471ef496244fc64a95413f3ad0d0,0,TRUE,11,0.591039657592773
976,blogs,5f7222891924f229140951aa6ea8931a239fa5a1516aff78dcd22b811f8f0050,0,TRUE,17,0.577926635742188
977,blogs,d4af001239338cdf58146df53ac209929a962ad529d1756e19b8d17beb355192,1,TRUE,7,0.585079193115234
978,blogs,2eee161b35963352f95169e5a4b419cd6c22f77ead78a217e8ae4d968e34b654,0,TRUE,162,0.613927841186523
979,blogs,26c333d1838a0bf723d7047622c684b732bcbab77a600a7607e506240e53bbf6,1,TRUE,1,0.670909881591797
980,blogs,db564e3ea66f427e886d96270de803c206a4a7e3f9541ae1b47dc21d377f81ff,2,TRUE,19,0.586986541748047
981,blogs,1c90482ee4c4683811176b7e73ca2e9e3f1158638ec02b5b43faed9822f5a911,0,TRUE,98,0.597000122070313
982,blogs,cc9da103227702a44201039d98744360376f9c9847d4020d068fa6aec42bf8ba,9,TRUE,24,0.594854354858398
983,blogs,19bb1e733f42bc7daca283e05f2f46df32f18019806d23b6a9e931e0657ee37d,33,TRUE,18,0.576019287109375
984,blogs,eab6cb3eac0eced60af92ca0606cdab75f5094565e8edc460cd7f3531815b520,2,TRUE,1,0.65302848815918
985,blogs,2c5f1f7a285e6afb4e227783d1d14fcfe0ac34f6d19d413d7b269ed593185cbb,10,TRUE,5,0.576019287109375
986,blogs,7da150181845d785ff545ee25c729424df58114839b26f72644b18eb63fa433a,2,TRUE,1,0.649929046630859
987,blogs,03fe43a94ee196b0cc6fb5592510890c1ddf191613fba000b604948de73964c0,0,TRUE,2,0.544071197509766
988,blogs,614a9cd4d237a2b937942827bd643f8f384c42d26266f2da73e7446a99c9416f,3,TRUE,164,0.627994537353516
989,blogs,50dc8cc2d2538d4f3bccb9a9462c6f64f4fd8481e3e756322fc2c68ff5ad4ea9,1,TRUE,48,0.591039657592773
990,blogs,332b8b52d8289e5a15704ad9b8c56c5d81546d547e2f242a6dd16785c4829884,2,TRUE,5,0.588178634643555
991,blogs,226f25c614933e78404a581a71a757111862a8141a41b37cbda6d0dec363e5b5,4,TRUE,19,0.574827194213867
992,blogs,0ae07fafeb937f06325af086fdc12f3b559a5c81c03d34e67e850718fb390ac2,0,TRUE,2,0.655889511108398
993,blogs,235f8e54a7245d5afac016558179f0df3b3f473784a016b0aecd53028c93c00a,0,TRUE,35,0.609874725341797
994,blogs,52b92dd0354b5c8475939af74562a07c5b74096e0d4078010a77589c2f02d48c,0,TRUE,1,0.721931457519531
995,blogs,d83b89b76ea5a43172cd1eaed0704baf1ae325bec2694f798534f15546ffe638,0,TRUE,66,0.612020492553711
996,blogs,355e475e2d2c1658b6ff7c721fff062f63ab36fd546ee32eb7017eee61c2d02f,0,TRUE,25,0.589132308959961
997,blogs,ff58a48ac57f52d37fed289e7c80a3b4471eef97c87d3bb734f53d4dd7ad30cd,3,TRUE,2,0.568866729736328
998,blogs,f3d77400fa787590966bb3325c2665f52e9778eaaf6094f43e98cab979bae69e,8,TRUE,42,0.585079193115234
999,blogs,b6971b94ae20a7e8134293f44771b9fdf64c60a5012adfccfc23985b1e5948dc,0,TRUE,1,0.540018081665039
1000,blogs,96acb7e9d46bc424a8e326134806cf950500b5fe31471a6a457a749a727d901e,0,TRUE,14,0.576972961425781
1001,news,7a42da172cb3ce681c28b3e94320610af489bdbb5340962e7ba3e09a79072076,0,TRUE,111,0.73695182800293
1002,news,47094e30b89e948067d94cd6f113cba19e4d5210418ff142a6ccb8f767fa913f,2,TRUE,37,0.607013702392578
1003,news,042e5a7b908fa0e4d91151c2d0b24180eba4322d652940e9db8cbf1ec20e17be,0,TRUE,16,0.56004524230957
1004,news,b13e39248ce67bf7b79f3bd320357ea5ef36cd3bdd5784710673d6629f006c84,5,TRUE,7,0.586032867431641
1005,news,1058185b314d75b9504194e4ebe0c462a73152d0ea55df72a31b1bab9decbf76,2,TRUE,10,0.559091567993164
1006,news,1d0cb7b65cdae2ec6ebd24d05cb7108c8a6d3873443d1389b11fb484c4668521,0,TRUE,12,0.574111938476563
1007,news,e3d84341c9f2f55b51a549b0d04f9a6a464c50ae8cc128e22be0a4d20e2482a4,0,TRUE,1,0.673055648803711
1008,news,b7e34e5831f230e49be0885dc7273ebf6738861ca7c167f7cacc0f6035cbf051,9,TRUE,4,0.585079193115234
1009,news,ef968c77af9fc74ce6120341d7e6c18216ec42c4bffb8afc158ccd359657e157,0,TRUE,14,0.568151473999023
1010,news,c14a9eafa970d2caa56c435d6e0d492b37cff7704d8b10e7941d8feeff44dc30,0,TRUE,10,0.572919845581055
1011,news,52fbcb00d068da839b6b32399d9c7507bebdbe31e0b370123aee0fd288c95a53,0,TRUE,15,0.626087188720703
1012,news,e251d2586f55161636588d22d3400e8a5fd5c450d84f8a41fc8346ba36e0a5e0,0,TRUE,32,0.585079193115234
1013,news,937912d98f3806cafe497d2bab0db57714aff0a1fe521a56f3fb39aef24d08cf,0,TRUE,115,0.61488151550293
1014,news,026b005f8a847d0f71fdcb2afe5f0c926628aa22b6e379612ace7c1fd63cbb76,5,TRUE,43,0.580072402954102
1015,news,dd7b15da33b2bdca167f2c540d74221c839c177e5e9c89b6f1ac496bfa3c1a09,7,TRUE,14,0.576972961425781
1016,news,e0eac4cbdc8dcd00888c85c932ee547521c1ce23a870e587425187f1ed08dea7,2,TRUE,21,0.579118728637695
1017,news,24eb70ecb1ba64655978b40774346bfec24ba86f1d026efec3a6d67c8fbe243a,4,TRUE,19,0.589132308959961
1018,news,82281c2202bf0e63d5aed69b48afbb3bb9afe89c31825b6645e198d21a550c6a,7,TRUE,1,0.668048858642578
1019,news,8832cae955d45e903b8cc6bcf07d11c01ef8bd9be8b97ed12da6f89573e0d91e,0,TRUE,19,0.578165054321289
1020,news,c0755aaca0cc12f49e48642e9b5e4dbbf0fa5bb5aa1a1861898d5185eadf4a31,107,TRUE,13,0.576019287109375
1021,news,45332a86d15cf0603c15196c206ab796d839e124e433b6d98356e99d162cc4b5,0,TRUE,2,0.631093978881836
1022,news,bad9bf6b38e168e66e5bbe0558f1b3cbb3fead3312bd62b207dc87f1163188f3,0,TRUE,8,0.576019287109375
1023,news,36e2c861f073936489dceed797148940b0f5ad785aeee8c060a04cdd447978cb,81,TRUE,2,0.573873519897461
1024,news,8af95bdf37f50cb2ed6b19f2860effff7e7cca727fbb36ae808fedec338e4c36,1,TRUE,8,0.577211380004883
1025,news,adcbf4f50112f3018d04e00cf9ece9e761e7ad90976a546c7236b96eacc5b381,0,TRUE,15,0.565052032470703
1026,news,51128e2578bad50879e891f9588d41146940a535cc21a792e545acc0ab67fb41,2,TRUE,11,0.585079193115234
1027,news,ef2f8015e177abf556baf3034b815c754d3e338c8505b8ed806620f486ac1f09,0,TRUE,11,2.62284278869629
1028,news,4981b2848f65229d5007359dae7cd93abd88d2906f2f8259482250cec30268cb,8,TRUE,37,0.593185424804688
1029,news,8cb4854da2de41508241727f8568cc5e2a825716dfbb12d4901624d92ba75add,0,TRUE,27,0.583171844482422
1030,news,03bf6efc5c5141cb8139d427c00fbbb7936abc884ffe3c57330b76eadc28dc87,2,TRUE,24,0.633955001831055
1031,news,d309d4ddbaa7605d669c01002ad0466ea3c0a1d6b34269932ce7f9eb09ab98cb,0,TRUE,6,0.565052032470703
1032,news,5b74f570be0dcd27a01f67e11d50f43c973676a8329754fa5c5aaa33037bd602,0,TRUE,15,0.576972961425781
1033,news,3904fd4d5221b0b7ab3f4f92e41d1a964afe13d24198cec08da29ec7eab76a6c,1,TRUE,9,0.569820404052734
1034,news,c1a42b3c533e4231484ff0dfcb6e9f857d3822367b93699da076f1975728ed3c,5,TRUE,34,0.585079193115234
1035,news,6f9e36e01c7ee91cc3a80a4250cccc743c4354773bd90334ae8558c0d0d32839,0,TRUE,2,0.581979751586914
1036,news,67e69cdb7076cc420d4b099ca886562c3dace376a798205e4280d09aae2f2a0c,82,TRUE,10,0.571966171264648
1037,news,3a3cc14cee540e3e46cc07ff3e8e2ea489f9c24ca39435f30f143e08a39859be,0,TRUE,121,0.599861145019531
1038,news,51699aaa31cce0118906901d046dacb1c24ea3b4cfb163f402dee9d02b62c1fb,1,TRUE,7,0.558853149414063
1039,news,900b21e8a4eae22bd6486951c97423023c798c08c9ce7bdd460246b486d11c57,21,TRUE,5,0.627994537353516
1040,news,c1456a7b3f4800a1bb8773e6709582bf3ee6c270c7b73f51b7ccd1196baab9ec,1,TRUE,24,0.633001327514648
1041,news,8a3b31f68fca9b3253e56fc55865df2b04c612a1438c493320a0c12d1130cfce,1,TRUE,7,0.601053237915039
1042,news,16c42165b0e424029a709074252115d57c3115c9babd23bcc4185450409d1aa2,2,TRUE,11,0.585079193115234
1043,news,8ef6694356b6c526426b10c6ca12040fc4f24e52db0430e622d854f978aa074a,0,TRUE,13,0.591039657592773
1044,news,a009f4ef1c71f79838afa2451e27b2f562ad05644cb890e3f805c772aab8ea2e,65,TRUE,4,0.580072402954102
1045,news,4c5ac5773b79df447e918c02f0ded599dad021e06ae3a0ba91b97ae0af456643,7,TRUE,3,0.571012496948242
1046,news,cfa9938c81c2381ec274ff9ef8d7ba97802ed1295bd794f2091fe3f0122b210b,0,TRUE,21,0.576019287109375
1047,news,90995beb4115dc34f4d32332e5d508ad3f7121575aa0b92af7562cdc648980a6,19,TRUE,15,0.576972961425781
1048,news,47e0e822ea307ec5ef4c59fc195d0b675056f639375d5393c01619a21eb716b9,5,TRUE,6,0.568866729736328
1049,news,89608035f62dad539d19a668c0026d3a58af05d52f92dd4c164b43d779c8a7c7,0,TRUE,2,0.566005706787109
1050,news,8efcc428ea42a40b435c6a12052c5ea2e273c02fe66b038d9136a8e6bf2436e9,0,TRUE,19,0.63014030456543
1051,news,9fc0c09a38787ab742fbee43a1505638ce9703a82f92278819151d6c0531f0d8,0,TRUE,38,0.591039657592773
1052,news,f241045c9763f4c20ac576ec986878ed9d8a82d8c93d3fb28604c3cfd17bdae6,1,TRUE,2,0.582218170166016
1053,news,7b48d666c861356e9acca156fc408ae64f021cda6d74f0371b63e7f630a424a0,0,TRUE,11,0.592947006225586
1054,news,4e5e7c026f855923c7fd3c9ab97aba4851a89585605fc6d08543d60e42db5373,0,TRUE,5,0.57220458984375
1055,news,71fd4ea536413b8c214abcdc5ac5b0d544d6493e7bc6e30a0253387684f89c67,1,TRUE,50,0.587940216064453
1056,news,81b4553734508c33966b07528c42e877dcd5dbb3633290685283bca0947db730,3,TRUE,33,0.59199333190918
1057,news,06bbdc511f5548060fd2cc3548ae28b852ba7d4d55c82139d23da1b6e4e5e8f4,0,TRUE,12,0.588893890380859
1058,news,cc130316c60b1a9fde89acde302e9b522a2204fce45538dae95c2a7c1f071fdc,77,TRUE,20,0.581026077270508
1059,news,335060dccffd2eb7842fe45cf4f95d42a7422da1976f4dd0c99aa0b7192c5a77,1,TRUE,25,0.576019287109375
1060,news,1852696a4c6cb3038524bdb9ef63a0fcbca5b11195afed039dc5a8014b03e994,33,TRUE,50,0.630855560302734
1061,news,4b84e3e026124e5dc01d6ea59b95cbf17befaff27ae540e5839df52d26ca4529,1,TRUE,12,0.634908676147461
1062,news,160c673d2967d9b2ff65fd57e8fc623258498ef4d71d8fa61985f16626589dae,0,TRUE,8,0.578880310058594
1063,news,ea9049e6d430de18675cd1a3f3bf8fa8045d42d68608a674b1bbd1e5ff97835f,0,TRUE,6,0.573873519897461
1064,news,2cc65fb46c74c2c534435db4f64debcac8bf755b24ae68579368376aa6748155,0,TRUE,1,0.670909881591797
1065,news,33bd31a404230dfabb0a9cd592ae4db5c35758b8b19d03b4fe770877de14dd0e,0,TRUE,1,0.67591667175293
1066,news,8643e75c93f4917c8f277ffb9489c2af5d56cffde59f3d292763e25594e655e6,41,TRUE,2,0.548124313354492
1067,news,3259b40f3909c2be3f10daf9daeb68a74f09631eb45d411073ff5928fe32368f,0,TRUE,12,0.583171844482422
1068,news,f7ab484909935b80ecdadaaa57a368b9dbb82f18530df85376c2ede1d57307df,2,TRUE,1,0.665903091430664
1069,news,dd17cff90d0c8c623ef27a91de0edbe5e90498b9cdebce648332be3f5b9cb319,65,TRUE,11,0.573873519897461
1070,news,6da099ac4b2e2fb77126a5616a2712d2cdb9bc60764508e03672a554602bbc73,1,TRUE,29,0.610113143920898
1071,news,39ee935e69d4af8cea35f6f14780c1730d9ae0d97ee7d6a129a9c9b34496ee66,5,TRUE,6,0.597953796386719
1072,news,9360ed6fb0a7168cbc41198939f2f548a6b817b52dbf8feae6e4f2aed0255016,4,TRUE,7,0.584840774536133
1073,news,98879f63df50558f7fffebc0f2cbf39abc7d44bf07c37d1ab03fa3ad5202215d,10,TRUE,1,0.666141510009766
1074,news,d75f1b63dd00b117b3400d7b72a568fe1c958adfddf090f607a099ebb4b3299f,0,TRUE,20,0.581979751586914
1075,news,f01df93c8cb97f1f14ad0408efbcb7acd1d343ad5502ff26c7f0b3cdd83d1680,5,TRUE,24,0.709056854248047
1076,news,2be15750e9dedda0042ec7638afa5b5d934eb74506b23fd7e79f882ba4969566,5,TRUE,16,0.59199333190918
1077,news,d44a1eae3627680f66a16a16041e98a88bacdf9581567be228d988ad323821e3,3,TRUE,6,0.576019287109375
1078,news,eabe3d5b4de5d0896d3b19529813d01e98b38c2238c748b18ed0dc8e5513d0b2,3,TRUE,21,0.584125518798828
1079,news,c0aa25026d03d15bb5d9bb0bbf557d62d48fde482a0d785919188b364b71bfc6,0,TRUE,33,0.583887100219727
1080,news,05087f3171d99c7aa7070aca136ce126da79715d026a282a93e35f3c32ce7271,1,TRUE,16,0.586986541748047
1081,news,ac06f0824b0c57a34b44b27ad2eacefc1e35d97943947dcf940e30d83c98002c,0,TRUE,24,0.564813613891602
1082,news,75e52000074a497f372b1c3435aada730016e175e6f343ea77ea220090bc4aa7,0,TRUE,25,0.600099563598633
1083,news,2a11a837a36e760d81b644840dbedca9edadf7364a3963e14d9ebe51e735e3d7,0,TRUE,34,0.599145889282227
1084,news,b4c6f49ba96587f2c3e207baf1d90b0af7d928fe965295cec84d796e85265a58,0,TRUE,1,0.704050064086914
1085,news,3a29acb01a18dfa2467f9c02450002986eb42268f5f3b709ae2230d2b30762bb,6,TRUE,18,0.568151473999023
1086,news,51df59aa6c3aa71dd1bf1cec0299ca124f34df40b7d41b95ad2ac283d0fbd4ae,0,TRUE,8,0.586986541748047
1087,news,7ff0619dbffa411c17b570b3574aac7c218ad718e3b865b362f4d4c57685c795,1,TRUE,24,0.587940216064453
1088,news,a4c7f0ed0d7eaeccf30a53978c15f82fa9e596f93177c02e315c462791231bf5,1,TRUE,11,0.567913055419922
1089,news,8e085be75a59b0285591adae3a169536bf5b685e2df165e4d240ee8d0c6b06cb,20,TRUE,33,0.571966171264648
1090,news,13ed64c9a7f12ed44dfdeec90c9f62c8fbe107f6e65a0dc83ca61b4b137b3fc0,2,TRUE,6,0.575065612792969
1091,news,2e065c04906b33b8ec0385e6dcf1fb6d1f7cbbdd7cb7f6a8451be884ed2d494b,55,TRUE,12,0.572919845581055
1092,news,81c90af91bec4f88f9495f53854006f5ccd552950cba123562b32c7034a5ecdd,0,TRUE,1,0.789880752563477
1093,news,29eb8869b010a738e1bae573b1c5f621afe68c424fc79594a69de33918139a2e,0,TRUE,32,0.628948211669922
1094,news,efd28cf96aa96166bc68736040594b1caffcb5ad12ed93f8c5eb6752687b847f,0,FALSE,23,0.651121139526367
1095,news,ff7526278b8a3418f9ff123fa43ddea007670c7f693fdc8437f80a137f9cf4aa,1,TRUE,49,0.589847564697266
1096,news,1d0220c0b75b27b0f4b014eeda730fe799ddc558821819ebc7ca0dce2325caad,1,TRUE,26,0.594139099121094
1097,news,af4a5eedaec88dcb94e4e6e2ee8f621c290da58181aedc41db59d645097fd71c,0,TRUE,1,0.693798065185547
1098,news,d8103861bfa077b04d10c231d2462ea01ed76c8f24138bf147ae026a35d801fb,84,TRUE,28,0.596046447753906
1099,news,bcb374e3a7bac1bea28466ba42a1e8b9735f89dabe07ce8fa446df000a8b7298,33,TRUE,14,0.571012496948242
1100,news,786074ac47316eb0d256a760e79a1fc99d7ecdada7471af6de390d3193e2702e,40,TRUE,6,0.571966171264648
1101,news,8011feca1fcd8a477a45514bb3128140f93677867fda9f7bf13073d9eb80b19f,0,TRUE,2,0.568866729736328
1102,news,bed6a1dbf8ee9f87846b8d85c9e4bd52347b5f7d7f9c1f8cdb7c841e303a5d5d,1,TRUE,16,0.580787658691406
1103,news,b96de2bc47c85d2ad7faa4adc4166490ea038608e8fc64000f706136ec9af81a,2,TRUE,8,0.581979751586914
1104,news,c52f9ed0a1aea19a5e537472f15f892918d30651c8f88048fd13a0f50f14ef4b,0,FALSE,21,0.566959381103516
1105,news,3590da587aaa26ff4425a6fd4813d55e2b81ae3a9acbd61716113b1a14f34d95,1,TRUE,49,0.592947006225586
1106,news,bc72bf9d23e187b4ba543f2005c8c1b0bc3766b46ef35fb6d91d0137d317ad49,0,TRUE,1,0.676155090332031
1107,news,7704b0b693d0f41d776e89f8c4a1439d41369ce598479acd430dee6d5d1fcf0e,0,TRUE,33,0.628232955932617
1108,news,440f6852c272535fb8b4deced3cf32020075c7bdbb25fe1bc766682e317116ca,0,TRUE,33,0.583887100219727
1109,news,647be29d3872ba1264b43ff2b049c5b6bd8431f0c6c404880e44886ddcf2e4e0,2,TRUE,3,0.581026077270508
1110,news,f745c9037c003490d581a5f30720001feb8be41477524c2a744150f721e1eadc,1,TRUE,8,0.571966171264648
1111,news,fc8592441fa4977a07adbe005932ef77cbd3a1591b1f0b63bab8c8dbf280eccb,26,TRUE,5,0.577926635742188
1112,news,cb0a593fe46ef9ce6f1de383e14313c40e420a0a1467c36f7a36d447eef860b6,0,TRUE,44,0.576972961425781
1113,news,f39071207f565a77ee316a8410617ccb2b402b6fcdcdca477a37ee73fff2d4ee,4,TRUE,19,0.579118728637695
1114,news,4bd52186fd77af6af4c471f810b01ed9f4c0dcf8ccb2e85c489aac0b4169b724,1,TRUE,26,0.575065612792969
1115,news,227d11aca0d35ca2605c19f3df1fcb545515011d935b5987e21c4f028aaf985f,3,TRUE,2,0.563859939575195
1116,news,1f6ea99c69666b4aeff42f56a6cbdebaa61bed7dd81d04ae6ce4ae56e30c701d,79,TRUE,6,0.597953796386719
1117,news,7a9e987291ad95012560f70ac2287f8422d4c0e2ba6e543290bb6a93a646db34,0,TRUE,5,0.611066818237305
1118,news,511ff70d9f6a080c9ef31f369c8d0e07b43d07de103262b1d3d4abd892f4ca8c,0,TRUE,22,0.594854354858398
1119,news,cc581fa6c47f817a45bbd1a4809920ece83b5dfa707ea1a6dac0f279966e0cac,0,TRUE,1,0.678062438964844
1120,news,86216151e74e68df2deffa206329b2219241fb1c8ac58f408a3a99967a6c2b53,1,TRUE,15,0.576972961425781
1121,news,fb1234196bbe971681b45dd5fdeeed656917b6640081f7d321ff51b652f4df81,1,TRUE,2,0.592947006225586
1122,news,5b9172f8ba724b9b110ee7ce6327083b97e3dc93a3bd97243f0cd75192d7d8fe,1,TRUE,9,0.563144683837891
1123,news,6c8c4af144a6560fef7b07578a4976c3acc62a4fcdc575873f33ce208ee9d1b9,5,TRUE,9,0.586986541748047
1124,news,3edc66f348d2e8ada9b341ba7df31c694a8e8c8aa7051b8f4dbfb9abe7de7d01,1,TRUE,6,0.591039657592773
1125,news,2893cff532221ff5820f80f32e2e96cda87c838038a1c44da484a5bb1d68dbe8,2,TRUE,5,0.577926635742188
1126,news,b014b257082b573d4cf00b17dcd7f9bddfee931ccbe99904af6baa33750eab05,14,TRUE,3,0.607967376708984
1127,news,b5490c3cabd501d815c01ba41bd44fa3d37a11f6896f8cb4f2932aa862a1d10e,106,TRUE,30,0.771999359130859
1128,news,aaac8bd382d8dbbde6d4b00c7f3174dbf3af4c13c704c9a9e03a4e1140fecc18,3,TRUE,26,0.59199333190918
1129,news,d61d4bcee7d803a2f4da2b62b56a4e77e15a4406328010dd75a1598f4bae9495,1,TRUE,5,0.573873519897461
1130,news,27c8d882634a99e9843ce1c7b2f317d50db7bbef46a2e474bc9f3893c1c621f2,20,TRUE,13,0.551939010620117
1131,news,2c6d201bcecee66a03f89fef8688b519cf924984f38a519c55ef9f6352d2c734,32,TRUE,32,0.607967376708984
1132,news,b8b91b086cd94ea1a14ba39f3723c23b5c2fa05cd6d12017c0f9e5da51e4f90a,1,TRUE,14,0.586986541748047
1133,news,48fda593166af6ebdb5f7a9abf3911478bf02e701bc0ffaf4926cea387626e50,0,TRUE,71,0.584125518798828
1134,news,539d8b8893b6d9268bd0c88227900d8f47941fb8889607e82c6c167c4139a419,0,TRUE,25,0.584125518798828
1135,news,a4b02bb58898872edbd98e23648fed72db4ec12cfd01ebdfeb9b8df19ea8564e,0,TRUE,7,0.571966171264648
1136,news,3dcf3e96e0ae48041e60d853881076c6a06be8a38769284036f4f54f4e1f1bf2,0,TRUE,35,0.658035278320313
1137,news,d047dd53d43da00762637b8d7d9f27cb1062f8f076907eb9cc1a3d2d5d59b65c,6,TRUE,9,0.591039657592773
1138,news,708887ce837b3839ce41efb9b447e7cb349789dcb2f627f81844694d3c9b92be,0,TRUE,48,0.610828399658203
1139,news,a201f398ad06aa44f97e1fea1c5197f2344534bfc0ffc780be1db50a431f9663,0,TRUE,1,0.663995742797852
1140,news,10127f9b356f532a449f858dc7a2dcdeae0d8d58c62e8b543531ce80e51f5e72,1,TRUE,49,0.595808029174805
1141,news,8094cad20a60fc6b37158b94c27d6a1eec9abe7fda79ad166fc84b5df05c8cd3,1,TRUE,3,0.574827194213867
1142,news,210435f640e6f01619a7d1b783c3125ccca488b4163894c43251010eb5df5ce0,0,TRUE,6,0.571012496948242
1143,news,6b57f62d0820a5cc28bc4afe1a51c47e31a68821541be827cac17f100d25a5b5,0,TRUE,1,0.550031661987305
1144,news,56f21f123e32eeb7dc0efd999c58b04b5a3e4c88cc30ae7f5d6737cb29822758,1,TRUE,18,0.596046447753906
1145,news,b1e26d8e2a0d8debedeb19ede0597209f85eeb12b52a98256392cfad3be0b8c6,0,TRUE,12,0.581979751586914
1146,news,34200eb80256c58675f55acac9f3b67d753ee89107545a122d114a90e325a943,3,TRUE,26,0.586032867431641
1147,news,ffb1efbc06d780e38ab19c4a7cd9bceef11a2c15c7ad477a431ccb16d9519859,4,TRUE,9,0.59199333190918
1148,news,0674d8ce29f568a07db6b5478da39bbb61b3a41d712305895ac685ad6fb16756,9,TRUE,25,0.580787658691406
1149,news,14a743360d7bb5c0a46df33d7bf80ccd6d62ea5fc699838c23c729a9d21988fb,4,TRUE,5,0.573873519897461
1150,news,b7e33aa267bb18070359caacbbe9cb29127be7dd2327c9c5af11d70a67d316f3,0,TRUE,1,0.658988952636719
1151,news,342fdd5508d525030d9f29fb1e44b096837b34ab4e46a5c9ce1b2267a669e208,3,TRUE,22,0.587940216064453
1152,news,b14c10fbc385fa3326ff8921bb39ff91810fd148b3e2aef3e52e987c102f48eb,0,TRUE,1,0.687122344970703
1153,news,d0cbb3641f899316d78a75f1ed71fe922d61808c12760849c4fa78e67e105ac9,0,TRUE,16,0.590085983276367
1154,news,a581a8fe76b7b88357ad9f82944179ee37f7737aa8820bcb6f5098477d25e08e,0,TRUE,28,0.578165054321289
1155,news,7a842bfb4a0365e40b3a1b3248f8897592af8ec733dc188712fe048524ca3c60,1,TRUE,77,0.615119934082031
1156,news,0fbf613e54d981abfbf3f4d334daf01047bb87201a1474d4b99fdfe6a7e8a097,3,TRUE,8,0.702142715454102
1157,news,7ad8efe43c196e4846e16e66aa6bcdef640e515016f2992b0d64cb737903efac,0,TRUE,20,0.639200210571289
1158,news,dc98f8d6527c00343e649ff8d09d0e90f833b2558b66ea039dbac99ccd7c1e26,15,TRUE,12,0.663042068481445
1159,news,9278703909570d5734a4a4254cf007d5da1dac249bbf6b0e29eb2d49a638037e,2,TRUE,40,0.638961791992188
1160,news,2a9fcea3f1060e6c53a9622dac067eb1adad6daaddc31cc8895ddee96b90a815,0,TRUE,24,0.75984001159668
1161,news,a513d6f96d746de5b1046f349ff8b22423cac72c59ab1aa07a933db24a3acdc8,1,TRUE,8,0.586032867431641
1162,news,98a2822690d7cc1da291767b75289eeb4a6fa6be13e9896495848c1b3a42a08c,0,TRUE,9,0.563859939575195
1163,news,d7656c8e7f4557ce5bf46139262632d392b87d5243111d821425a06c69474976,23,TRUE,55,0.698089599609375
1164,news,d31f2fc55e0dddfdd238b9bfeefeaad8e5e224b18f40fc469a6869f925ffad52,35,TRUE,18,0.607967376708984
1165,news,431e739853ea5f8032b82013d8fc4df70c7ea9946293ba473cb99c04b64c5a4e,10,TRUE,6,0.592947006225586
1166,news,79258d4dd9d8dfe65d5d24b8985f523b180ede9e9e271927e694b43e1fe63b45,14,TRUE,7,0.604867935180664
1167,news,d0993eef78fa0ce850b5e68fcce68f23fd8fa4ae56e6ae4f1596475949d86952,0,TRUE,6,0.605106353759766
1168,news,76ade4eec6390cf69d7dfb8be5b24e56c2188cbf38a11ef9b51da17d609fcfff,0,TRUE,39,0.586986541748047
1169,news,b405e5d45fcca5663c69cbc39a1d0215cb3f7bd637477fb0104806189926086b,0,TRUE,53,0.583887100219727
1170,news,239a8ea2243451d19eecd999949cc89891df15aa60a08e0afcd578b18d23e3fd,0,TRUE,57,0.588893890380859
1171,news,57980e0661e5eb473029bb65a039391cece63f91387c719d2a0582a432dbcd91,10,TRUE,37,0.583887100219727
1172,news,b384e4fa8708e29e9de4d8e97a21bc87adb38f108d4669e1bc37ac9140e11b96,3,TRUE,32,0.619888305664063
1173,news,0ee8992d343262a13347b1f505ece4c8664ca11076a3f5d790a65c929d4effdc,2,TRUE,18,0.584125518798828
1174,news,09db7cda62584a82e75f673e1a2f99ba64f68759dd9a77f379c814883744fba5,0,TRUE,2,0.570058822631836
1175,news,8bf2bb4b5bd54446317337c08a0f7aa676b51207f45506778658ef5b387ed837,0,TRUE,4,0.576972961425781
1176,news,a7803cc26c6381f16c3f0103c543100adc097e76079ddd00ffd280dcada72913,4,TRUE,20,0.576019287109375
1177,news,acf32ac265bb6514668a28dadf5663e1782343d25a059b836274ab42c32ff14b,3,TRUE,18,0.567197799682617
1178,news,4bc5419fe8dffa8d63e820a47bf475bcc4e536121f98165e7fde6f996da0b6ab,15,TRUE,13,0.586032867431641
1179,news,bcdcd3c1a3da5c57080868e4326bd2e50ddafa4c72374f8fe9ce0ea58eb5a7f1,1,TRUE,20,0.577211380004883
1180,news,1fe97dd267d1a60da6ab3c4a6d3a6ecf1c44ad0937d5edc5376019c390b8bd85,4,TRUE,4,0.565052032470703
1181,news,bfdbdba3f7d798a698d7dc896618125f043337b7181835ee00ebf3d0963b01f9,44,TRUE,30,0.579833984375
1182,news,a6e3865e5bc400136f172961a601deaf12c25e9c8cec2cfb1f805bb3813124b6,6,TRUE,23,0.610113143920898
1183,news,4967786ec30cc883369fe2fcfe68049bc81eca4fad03f97937eea4466c527e89,6,TRUE,18,0.620841979980469
1184,news,71db650b60bdf8e4917b61343f753a8c3eb9bee6b16f59888b27899ea5c3e23b,1,TRUE,24,0.633001327514648
1185,news,49067ec383b3e674c0aefa7af2f2062eeafe1cdb0df46a8027b6e6b5920e0f2a,1,TRUE,7,0.588893890380859
1186,news,02b6db00f3b0dc872b19dac1a79ba794de155eb0aaa087498967826e0e9920a9,1,TRUE,13,0.571966171264648
1187,news,10b1e599df2cbb3ebfcaac13e516d3e87e8f11ef5c1ca3875ab83dbed8828e06,0,TRUE,48,0.609874725341797
1188,news,7f0183284e2b0197366aee2c4b2b466fe92061dc2ee03b6d929ad4862a9ce4c3,43,TRUE,16,0.566959381103516
1189,news,73ccc3ece1104a2b393739a5060a6c4836eafcd169530ac412a313b51eea2057,21,TRUE,2,0.646114349365234
1190,news,6f7112c238ad2889acb370928268ce37dfffb6bdabd71cee8b8fe5cb796ea1cc,0,TRUE,26,0.603199005126953
1191,news,d9a60a8b6929f4849e3bb79618fe12102b46ab75e9a7af502306a7291e52deb8,11,TRUE,34,0.584840774536133
1192,news,a811ae082b908e113a5b3018fb8a9c6d3ad75f4fe34602786f9054df277d837e,1,TRUE,36,0.594854354858398
1193,news,48e6ddb9462fcde5e93025cecb98a30a28fd49364c3c07ff318ef2c741b84a08,0,TRUE,15,0.696182250976563
1194,news,87cc5f0dcef8ce3e28d9805bacef3092365994d7cc6906ad90abfe3579781b37,1,TRUE,10,0.576972961425781
1195,news,881b9b76b3eed2d3649b3c51816036c488caf3800428dc3f57b4feb5f3722dbb,5,TRUE,3,0.56004524230957
1196,news,8d142faa55716da0abe843d404e5b8dea541a2d9aa0533e7d6c84c4b9601600a,63,TRUE,29,0.595808029174805
1197,news,c2019b2c74c19cdf0dbe786b291e146880b94c6920ecab1357ddd38efa94b692,4,TRUE,28,0.596046447753906
1198,news,778cb1ce4448513095a93b560b354b1dc81940c4d7b10dbe3344cefb777a4c63,8,TRUE,12,0.568151473999023
1199,news,5e5c72781a5fb46c46eaacdae136d8e7f2ef0b615f339c1ae46a494c2acf9fdb,0,TRUE,4,0.567197799682617
1200,news,e1ce472fa7ab95d558943673db44121ab2522e01e132ce0e09c7b19bdb92311f,0,TRUE,1,0.718832015991211
1201,news,223fe21686c1ce6a153950d8318e74a9a5ce9ee4a78d3a63c0565e1d1bb0e7ee,1,TRUE,14,0.571012496948242
1202,news,53c8ed0e7b27d5f5a09e7f32e541dd27181b643da23a6cc8af4fd799ca18236b,10,TRUE,3,0.576019287109375
1203,news,3ca66b8d6516032bc2861935718945951380a2fa23d41026052b844e529f18de,0,FALSE,14,0.576019287109375
1204,news,fe30d0026a7eb4c98be545cf7350edad0726c4726a7144fc92f3d4a5ba8fd339,2,TRUE,1,0.662088394165039
1205,news,394f9eee339e142fab1f83a82ed0cb78689db90bff6755d829e86912d1e1fea9,0,TRUE,38,0.591039657592773
1206,news,5035ea92a8b8a0912daed3501684ec5f16e9ede106e4ea7d95f64b34d5a135b1,0,TRUE,3,0.566959381103516
1207,news,4a8f0c678d8d1fd0cbae1114a6bf5d36de939d5d4059bb6f5ef9267fd11269a3,4,TRUE,2,0.564098358154297
1208,news,4d2c0f13ea3b504d72dac65f3c2514442849fe3cf26c6415a600cf01b2521018,3,TRUE,12,0.59199333190918
1209,news,a6d102b6ba758d559ec815cba4b715fea75ce233dfc0060e90ef21e350e75b08,1,TRUE,37,0.583887100219727
1210,news,9b70f616275ef8f7104218a2e893afee2ca138f4b1fb1615c0908f47a5048cb2,9,TRUE,51,0.612974166870117
1211,news,ed66e806e07499efea4d0bf0e5241fbd919ed8a0d6de4e3a85648aea742291e8,0,TRUE,3,0.581979751586914
1212,news,4ecb97b1c60aa34dc4c508a62a7860a94d5520a250b91514d52f3769e1275303,2,TRUE,18,0.581026077270508
1213,news,6e8b3608585c2964ce9a08f5a2f2d137a05cd51d9607185aa82b3e4b1ea07c39,4,TRUE,12,0.594139099121094
1214,news,552eae36bf9a16b135917595739bee35d9034f49498a7e699c10884b9c514868,19,TRUE,1,0.678062438964844
1215,news,07fa40b682d810faa86beefb4bf22285928e81a5a85eae08b3907801bcb00451,0,TRUE,32,0.598907470703125
1216,news,c001d15fa52d6cbee53cd6464275331b1c874efd0c7951a884078adba41aed62,107,TRUE,10,0.570774078369141
1217,news,b807294b725c95602b043dd1caf93af9e347d8fff7fe480806cb81aaf5ce8a49,58,TRUE,24,0.586986541748047
1218,news,c4960a3e1db1da3314b2886045082ddc09c257e636531f59a3c968961c63d21a,0,TRUE,2,0.597000122070313
1219,news,48a5a599e865ba1735e23e7fa85cc1e0946d4873e10f938e825d5a8cb819688b,9,TRUE,32,0.611066818237305
1220,news,3f84487a5f9ac6bee0c7c18eba4242730a29c60966ffeb08f3fa3362c61b9e7c,1,TRUE,52,0.608921051025391
1221,news,03127ce5534327558ab5818eeb3151265222e764f0369359ba1f0bec64493d2a,2,TRUE,19,0.566959381103516
1222,news,5ab243aded559d5327cc29424bbf1ab5eac8d6c4fec8c3d342d3cf5658038989,1,TRUE,10,0.579118728637695
1223,news,321f4e4b27449672559f34c8c9f15f1e1812c4dd9adc6d7a6f258ecd0eee2cca,0,TRUE,16,0.569820404052734
1224,news,0d56c78df31d443ed311873e6dc67c8f896a3ba25cff8c991b04b2b4c8a4e88d,2,TRUE,17,0.602960586547852
1225,news,dbe998d528142e28ad25c2bf0e8d8bca3f1ee52bbbb50a3ba9a6525826b9c069,7,TRUE,1,0.847101211547852
1226,news,981609f5bd256e6238cb428066cb78d02212a31d93a17748db594a4c90c17ad4,1,TRUE,19,0.638961791992188
1227,news,b27fc85f081a501ecf177f987c374adf50cc577c57acf6f3ae940be13b00f6d7,56,TRUE,17,0.613212585449219
1228,news,5e7d43c2164dc2e7a7c97691b8a443877de2e7ea9d6f27d92a270619e76ec81e,5,TRUE,3,0.576972961425781
1229,news,2e65afaf489509f75862135583dd9af08d999241863e937f8fe90e7935fd1ac6,0,TRUE,1,0.53095817565918
1230,news,0e6fd4c7ec8c983c7896120acc3b48c63a95103a25398419338a8c32e430cc13,0,TRUE,5,0.59199333190918
1231,news,211ba518036a9778132a698a43a3ca710308fc44837ccd483027dfa78f338db2,0,TRUE,15,0.633955001831055
1232,news,57e4b3c3710bf7451a4f16d8259633e59ae50d1a267b997110a7f4b53bd2ca76,8,TRUE,3,0.782012939453125
1233,news,add676f0e2e471dc63bb979cca72d938f09aeff8e39c32d489478d58fb57ef8e,0,TRUE,52,0.648021697998047
1234,news,2feb04774fa3f4e3dde2ae6521c9e438ba1a5239b70ce0f5504c51c853d21aab,28,TRUE,7,0.602006912231445
1235,news,a5952d5048c0f9aed66f07d75a555c5a48c1db24411953784d93aeb511f84d9f,2,TRUE,4,0.609159469604492
1236,news,785f709627b6e191f50f8c56ba0add7f80072b09b746c0bf82d9bbbf72f15e2d,0,TRUE,69,0.612974166870117
1237,news,23f4960aba317ca9030cf3ff8bc8bce872eb587789ae0048a524484451918177,1,TRUE,1,0.689029693603516
1238,news,feb554f31bfc953a631e1ceb2b1bb867a390c7287ea79d64ffc6d3de6bd14b89,29,TRUE,27,0.594854354858398
1239,news,45afbdb73c9ca08e86f223f4b8d00772296e3369a9e7f28debefe7563c074fa7,0,TRUE,2,0.577926635742188
1240,news,23dce8e461edb638445e0904e3d5a4174ef12e041a63f1de98fe2d934bed0bfb,7,TRUE,26,0.592947006225586
1241,news,5d7ef916753fc1721ae4ef1c5bf1daa5e61595b9552c1050bde3b3b2f580b6f4,0,TRUE,42,0.598907470703125
1242,news,689c443a33ae915024bf4c97bcc12dbd832c2f7e96def6f584b86dda20c58ca6,1,TRUE,20,0.597953796386719
1243,news,495f42424177a929ca142d91e0d5fa0078f4c1c7ba8e863471c5e8e9f6599f3c,0,TRUE,17,0.576972961425781
1244,news,2b3e780a76dcd07b65f52a5c202edaf6ecf38f0a40642426a2659f9e1b73478c,8,TRUE,25,0.610113143920898
1245,news,0bf91bb651fecf8fb8d5630de1d0a765a8b59d9ea124dd2cfb69ddcefa726e32,1,TRUE,12,0.579118728637695
1246,news,7a53d4d2d49dfa23857ecd289ef792fbf67c00752c539277b4461a2b7628013a,0,TRUE,15,0.594139099121094
1247,news,db1e263f6f7362dc1325293a08f2af2b040895a7a7680ff80f9d9b4bd035c0fb,1,TRUE,4,0.581979751586914
1248,news,f776a1457ec982afb23d97ba1c608cbe45229cc95ce29a3366dd32d20fee9ba3,1,TRUE,14,0.586986541748047
1249,news,4a6a9fc06807a4cf73a6719e48f368728eb94cc9f7c8f2ae0e9de2eee950a66d,5,TRUE,6,0.577926635742188
1250,news,69b7729dd4c1cd6f125d6ec3ee9b40c4851ce0be3b7d07e06184ce2ae53b1907,1,TRUE,34,0.584840774536133
1251,news,381ba54641365cf4975a6bbba315a009ada11744e2e8ac1c646549981b2d40e8,0,TRUE,11,0.586986541748047
1252,news,66d75749d3cb2385fe4577e194b38134291d085c922da6e63758780d96771f3b,3,TRUE,1,0.660181045532227
1253,news,c76b0623377fc356e38e9eb7639cddef6f6c290f8834f5a61d92da879535fd88,0,TRUE,5,0.592947006225586
1254,news,499fcd8ad2fd58eaddec20f03f7874ef81844ad83c070db85c4c3260c3165732,0,TRUE,41,0.861167907714844
1255,news,7f45b98fcd485b243308caec5c59d9278b5a22bf72583511f6ea0d832f38c058,2,TRUE,10,0.649929046630859
1256,news,1c86c973cf3d184dd5b21f75f3a4e41ebc574a214885a3a8ade5be73bf93ebe5,0,TRUE,1,0.689983367919922
1257,news,ba56ad8103750474725bba83f7bc4d3487f1d5f0f192a7a172c4df29e2cfa99b,1,TRUE,33,0.619888305664063
1258,news,bc5f78dcf6dd0449c191221ccc201c4e07924719ae84cef4ad9cdf7152fc48ca,9,TRUE,1,7.08985328674316
1259,news,b7a045aba800ea201bcb59dacda9ab4bc7d5daef3250194fb39e995241d710a4,0,TRUE,15,0.738143920898438
1260,news,70742f6dfd64952b61122a76d53105588b9923bb45ce5bda66e4c133c3e2b509,0,TRUE,21,0.651121139526367
1261,news,a8652a13fd8be5e381d9d166163899bdd8e9eb13cc46904c5b522559eb1411ab,8,TRUE,1,0.688076019287109
1262,news,d40e76639f3133e55ce2e0a02bdb31e04accecec21c17a90d208179f49cba798,0,TRUE,16,0.603199005126953
1263,news,ec9156ca942369cc1c1aece543fb0773096213b51907b8e2e290e8574318a101,0,TRUE,3,0.586986541748047
1264,news,212e0cbcd73cd43d4e54af2b2efa0367a3e95732624a29e88c96189fb3fe1983,0,TRUE,7,0.607967376708984
1265,news,59a6de8f29f7f172283024faf3274cfed3af2944e532c9a6a6a53f39bea7938c,4,TRUE,11,0.602960586547852
1266,news,66b505f45cb4045b179a5675182ea03739270eda64edc805c4007a5d5d26fa67,15,TRUE,7,0.632047653198242
1267,news,1ee03d93656f6df3cab92a466e9897037cc20789fc616dce64742bba7e3aa486,1,TRUE,8,0.599861145019531
1268,news,d9a63cbe12ff27e1a68040508fa53ccf49a28450cde716c352fdfc217845f0c8,0,TRUE,5,0.578165054321289
1269,news,d6d451e4294bfbd242d25cb3d4d4c797ba753d1333015e8d5a03b62668d5285e,1,TRUE,4,0.583887100219727
1270,news,281e46b6fab09c83aef80306b405501c553e9fb75b9b1809ba929e7d17179f56,1,TRUE,21,0.589847564697266
1271,news,839615c56d7284fb629dc72ee2e9925ca25d732945d6531353ceff6cb21445a8,1,TRUE,9,0.598907470703125
1272,news,27b38cb82c5ceb924fea014630d690a5d1961b5ae831c1dc7401b2a5a03f0cf7,0,TRUE,14,0.581026077270508
1273,news,bf9a21f3845b526c24d5de268557d5fa3619e1df34557dc067d8f9b3d9b75ec0,1,TRUE,17,0.594139099121094
1274,news,2dd053684b468134f531150eb22be027e25a5dcc0d1a9cd0db7e5f01dbcd9602,1,TRUE,54,0.598907470703125
1275,news,dbf424072399de1c2ee510f356bcb8e776fe5e417989a09f42e6aa89e51b687b,2,TRUE,4,0.576019287109375
1276,news,b71210ce27e9c9c747cfe01fb1d2094088945d134be7cdb45a532b3dfa7e3b49,0,TRUE,2,0.641107559204102
1277,news,7f6e02af3f72da3398fd89afa45df7ee53154125007911fce5681b476fac808f,0,TRUE,38,0.603914260864258
1278,news,d89c4155f8e57cec0835a99f43ec2b4bf97801110d0173a3cdf0c2febf712b34,0,TRUE,16,0.627040863037109
1279,news,3e06bc1310cc99bcc975960dd9213dacfbb86c30449af2847f07f2ccc496fc70,1,TRUE,2,0.563859939575195
1280,news,fccc6ea88a0d42d81b782c5c6c451d3cf35ac977a0232ac92bd78425a7b9e93e,0,TRUE,34,0.59199333190918
1281,news,d44f918fa8c6374602dc8672b32cdae3fa65ad96223cdc86555abfbff0aae573,0,TRUE,1,0.663995742797852
1282,news,c084b94fa5d32b08d7229e8d51b17a6c214b2af7ca4ea448bc1b8f364bf742ce,0,TRUE,25,0.622987747192383
1283,news,a1aa13fd63575d3edec8115595718d4f4e306a2c280930c0f1b892fca7304e20,1,TRUE,39,0.61798095703125
1284,news,5a73b5bab623bdc3c1819b6614cffb99c06ad531c0792931bcb4a81126189295,0,TRUE,10,0.579118728637695
1285,news,9c104bbfc1a139827b01e874b4d99415d5fadb8b5709ade6fb3da834acaf33dc,50,TRUE,12,0.58293342590332
1286,news,21febff353569967c9dfdfc4fbe7ddcc1a523498d3f86d318b188f9a1f21451b,0,TRUE,5,0.602006912231445
1287,news,42470db9f27450d68b655581ed3ee10ba61e1e37379f8029adcd350481e60828,0,TRUE,2,0.581979751586914
1288,news,e0dcbf933b6f7736923319caf2c1f0c6e48930cfe1457438cf91b496ace45457,1,TRUE,18,0.606060028076172
1289,news,2197fe5283579af3607d962601cd1f8ccb623af734c24cc42664d69a8899abc0,1,TRUE,11,0.602960586547852
1290,news,b59c87bde67f8b4dad4f3293049080508f3a1e74dca853a18b64563986bc6b32,0,TRUE,11,0.611066818237305
1291,news,58d1ba32d96062af821a54ea8fa7965335c4bd0d4ef3cde4e898181bec8b7bb1,1,TRUE,13,0.627994537353516
1292,news,9013ac7914d48917146e6c6dabeaddcf976546d78b88cdd48a01e42505b6bbdd,2,TRUE,29,0.653982162475586
1293,news,be4c019fee803c3e95d20823ba1e385ea10bba4112a2c635d221f97a9527d10c,2,TRUE,22,0.622987747192383
1294,news,e0a097d4841f4f2b9ef94d96ef0a4d724d76df9eabbc5afe52f96e2b3d189aa5,0,TRUE,4,0.625848770141602
1295,news,dd9995b52ef89786f795b002cc90955505a427feabd8bdd6df777490ea26b027,1,TRUE,30,0.593185424804688
1296,news,61801dcf1fb4f958b6901f0e51b025c6b3bf1322e672a53e01dfff12321a1f92,0,TRUE,6,0.559806823730469
1297,news,58821ccd02779fc058b0c0ed1b020d62b7247233733ba395108a52ed254f7e8b,0,TRUE,49,0.603199005126953
1298,news,2ed3d6215192f56b91a60fc5266e4031854a9cc47fa66dc378465abc0a538c7a,0,TRUE,23,0.592947006225586
1299,news,f56545fad16aa53f9665827fc2c770c21d4442541387dc21b76be1ccd8b53467,0,TRUE,13,0.577926635742188
1300,news,f1bd3257b25ce786ded7e3bed4fe2b7e7aae5ac47dfbcb86793b29fd1db5d694,5,TRUE,31,0.591039657592773
1301,news,91ff7876e3ba39fc03d606d7efcf90f04e047079dbe8cd4d808551b98b2b751d,0,TRUE,5,0.577926635742188
1302,news,5c63f029e0e7e5533e756a97b186512fa2fe1a83b92efefc0419899dae761154,0,TRUE,19,0.572919845581055
1303,news,aae217016e5b5f3b3eceb99b03bd6567191ba004480e0d1364d12e24580dee88,0,TRUE,1,0.674009323120117
1304,news,decaa5a6c3073a5c0e3134beb8a3a3c1ff693567ea5f8a0c54123aa6b4cf31e7,0,TRUE,40,0.649929046630859
1305,news,304006a708948701649edd097cd8f7e3fe067906cf2b837869b0cb797dc9f735,0,TRUE,32,0.583887100219727
1306,news,b689b838887d99719aa2a52c8e2d04b3d03236b3abc7e6f4688df7bc6fcdfb3c,1,TRUE,28,0.602006912231445
1307,news,952e76b65a5b5097d3455cd89f26ea460f803a800c47f00f0e3b6be7f1f66a40,0,TRUE,9,0.568866729736328
1308,news,f24303f910060dd0ba6517e6de1b06079deebcacc86d1d1cfb5a2c99794f8b93,1,TRUE,13,0.589132308959961
1309,news,75e854498283e8cf9635411ceb8aa8fa48f5f54b7851717f04bea22a39c8bd14,7,TRUE,6,0.581026077270508
1310,news,a08f983e67cdbedea01dfb1a7981b83fee3c2cc3d2ca5b20f2ad4b6c7507552f,0,TRUE,25,0.565052032470703
1311,news,65e836aec6d09c26b22f471d2da9ecadb32259d85676052b7a0bde3a0a0856a7,0,TRUE,19,0.583171844482422
1312,news,d958a8eb811bbbd933cc02e09ac540b8de237f4308a86ec7357315c282999403,113,TRUE,11,0.571966171264648
1313,news,b0ebf45f11231c67f2aac38e88ce0ded9746fb7d1492aa0ab4c136c707262a37,0,TRUE,44,0.619173049926758
1314,news,22aaa87b505fdf9defc85d78aa27ada650d6f147902af191dc6bb89f725e2b1c,0,TRUE,18,0.630855560302734
1315,news,3f545c43a5736d1731bad4643cbd70aa3c86efd5f5e410ad29bd10477288c015,0,TRUE,16,0.629901885986328
1316,news,996f37eec2d29e9455c62f2fececb5de9f65dc19cdc7a4749173f79523930e1f,1,TRUE,49,0.610113143920898
1317,news,67387addba7e4c7bbe3d4718023ca5be16bca227947859e40c9d4a6f27c04d0f,0,TRUE,45,0.599861145019531
1318,news,b00efefe12be516b4b3f44a4a5a3cadb98ad67ad85877b0625ce772a567cdfd4,0,TRUE,4,0.585079193115234
1319,news,535b12a64cd747f78019705d3fff6eea7fa6be9b107fbee8808dfa7c425c27bc,1,TRUE,32,0.592947006225586
1320,news,1fae05e1dc576f93b6fca0051bfc97258d97dc6287c00da454da30fc044704fc,1,TRUE,3,0.58293342590332
1321,news,33ad477dc004861bb959682ea2e6550aaa483aea67fb178bba14044e17a31634,0,TRUE,47,0.620126724243164
1322,news,9632c29db36aebacd7ccc8edea64d11535581935482fa61abd145cadc9f75bcf,15,TRUE,43,0.586032867431641
1323,news,d485ded897971fc470ff202b5f7f84519c46ac7bc4f68c6a495c2d2f2673ac49,1,TRUE,19,0.580072402954102
1324,news,6a68361e12fce538b97b8ce6c69fef5fb6a828e49eb43d65a5436a3dd78fd485,0,TRUE,11,0.612974166870117
1325,news,1ca4877bddf40675808bfed2b0f3a75f6ce725b663da5c9a306b5b97e8607569,0,TRUE,8,0.633955001831055
1326,news,7b8d0638661cdb037d88cb3797dc8bf4cb22dc5c2ef0f0d6149e98773b20754b,0,TRUE,5,0.623941421508789
1327,news,71ce3d9531293884d996e3a96e9515bb7aaef198acbcb326d45a266ab919219b,59,TRUE,59,0.590085983276367
1328,news,86e6ca2dc59a04ff0fa35efae00361079fc93e81286dfb72dd936e8c19866cd6,22,TRUE,9,0.576019287109375
1329,news,bce95a075368e214de30b90ab1c72525a3d0ba63fa4b4bc511ff391a45cbe8ad,0,TRUE,7,0.606060028076172
1330,news,395fc6fbf85043db6c78707995604244842392035468f3adebf06b48d37f71f6,0,TRUE,2,0.574111938476563
1331,news,0b3a7ee6e5d8b4758dbcf61aaa68b6a4d600b4ae096d7a083b61f60340b54a9f,0,TRUE,42,0.619888305664063
1332,news,7b6152406dd14ffdcc7feedeb1b8444656d59af2610b2504ec67e57292e61e58,1,TRUE,22,0.585079193115234
1333,news,87347326750fb09a36465810cab576c74f6690d431124523f6b81ff8f21b93f5,17,TRUE,26,0.5950927734375
1334,news,d634a0be015c890d7b1df4f111521cf36557b225355f1ac54a8decfb21ca6768,0,TRUE,6,0.589847564697266
1335,news,f18a21bf05bf829a3d0f682ab2426600a64139fbbf257673b98e6f74e6d6d572,0,TRUE,24,0.589847564697266
1336,news,8f1d956bbcedc442a8c37c2546dedb05560510abd450fcfbe27b57ef253d0cb5,6,TRUE,31,0.579833984375
1337,news,dc47e877c8877206b1a2d11b52b93260cf5627b76992f9678ad333ce46c06113,30,TRUE,6,0.576019287109375
1338,news,c3ee92c639b5a9572aa54d363453abd55f441fddc133aa31198ad720a7396c59,0,TRUE,3,0.576972961425781
1339,news,34aee8cd2b6d028ef1cc3703458ed19f7e5324212009e0f84b8ccde41835cbd1,0,TRUE,29,0.607013702392578
1340,news,b2b9d1f488ef8b35f57dbedc7aa8994738998fd395a313fec94d54a8dca31420,0,TRUE,4,0.576972961425781
1341,news,08a91a040c8d4a99659230e319ecedde75827c8c6df28a057d53cc6c31c5345f,0,TRUE,36,0.594139099121094
1342,news,4f037ce22505dd10e1051a8758f1480b7f975ac82dceca8a17ea86f48aa59a29,1,TRUE,14,0.560998916625977
1343,news,b7c41633f1588ae2a00dbf1fff4995f3f991925f4c5fa07285caf7323a3456d5,18,TRUE,1,0.663995742797852
1344,news,86507602d9644f65b9b346fd42dd403853faaf33f0fe18efeea80e7cd666563f,1,TRUE,28,0.577926635742188
1345,news,89137a0403d3c47043b57d4200f92c12c5a28a16ec923a930cf1841206ad3a9a,0,TRUE,1,0.672101974487305
1346,news,c02a6a53d39c9824f1d012aa890092fa4d283d0988d7401c7b35b48641470dfd,7,TRUE,30,0.586986541748047
1347,news,1196b6dd622e086f5cb06e9a57eb1a8cd8ff98b7b7f4d78260a9c2c1a632c7e5,0,TRUE,8,0.617027282714844
1348,news,6f7404b1b0b1d73e629b42580a7797da5905622f127b2defe14529cb9b9f51d6,0,TRUE,27,0.584125518798828
1349,news,d1cb1e8e46c730e35ca7de56d19fea2bb45f7a07c00f66e8e521a2dab790b034,0,TRUE,1,0.699996948242188
1350,news,b9774832a6d30c4418411379ad8fcd8fb6c37e9cdba394c5e5ef6754830acab6,34,TRUE,6,0.574111938476563
1351,news,e00c2d4cc82b593ff3d3237c4e57db111332d235d75f227a86e210e9e3faf874,0,TRUE,7,0.557184219360352
1352,news,5ea6fd468fe0534d49efbe50361c56837df6f301323c194c6f339e98467a5f31,1,TRUE,27,0.61488151550293
1353,news,1d4d12452c8868e0600f19a438408546a171f57372275d437a19a0db7eab2dcc,0,TRUE,8,0.576019287109375
1354,news,40c244b3970a1d6de3b722f64f583afb1991051de9b0bd9f8962d77b105b7e59,0,TRUE,2,0.559091567993164
1355,news,b189657e174e44c83708e25498da9752f17078167436d89b6e1b05786c18ae87,7,TRUE,37,0.637054443359375
1356,news,19bf3b541c9c8fa6fae21a0ed9bf4385895b547af98269020636bc973d02f527,1,TRUE,21,0.634193420410156
1357,news,17980dc2be2c84f1d76454ac4c05b7f71893faf49451a278b97e1085fb34be56,1,TRUE,15,0.662088394165039
1358,news,7494ae154d0cd79d7f7387f44817ddb3abd5bd1d0aea1666d12f7ee7f421ca61,0,TRUE,19,0.738859176635742
1359,news,8ecf77a589ffb0cb7b66885061aff1ae0c6b818fef7366704b34cdc3e763824c,3,TRUE,8,0.645875930786133
1360,news,4197051de31b9a04c41781996f1516a54726352ea9256798e0440174e76e9232,30,TRUE,23,0.599145889282227
1361,news,d78ef5e774c615bab025cd283468f240bb0f97fc6c86a8b3eb2bb62094b38432,1,TRUE,22,0.607967376708984
1362,news,0b3854e1e586a64252093cb92b7cfd6aac9e0cc65f9ea49130de50f310e2aca8,1,TRUE,51,0.60582160949707
1363,news,9c750aea6d8c63f9516a05e0eef9a996720b19cd5c21e792bf831a49d3c20fa4,0,TRUE,1,0.689983367919922
1364,news,bc4b2a545bd26683e6297c43d7078e9f016589ab10ff51ae73a472e930faa8b5,0,TRUE,11,0.586986541748047
1365,news,fff81b602d8c015a0894becd91e62daba1e5e84727b09e075aa98899515ccc26,1,TRUE,17,0.589132308959961
1366,news,ca6d3978464480fd909c27640e78df9b34a108985bb3eb44d7b6e952fb48d305,0,TRUE,24,0.607967376708984
1367,news,cc10ad623c779616d753dd357213b725c3de46218e0df033c9b166a3a7295548,0,TRUE,19,0.589847564697266
1368,news,199879ca82373a613cccb0c5773bb4e65441e247ef360dc32679e70262ffd6c6,0,TRUE,24,0.59199333190918
1369,news,940ca4d82a657c66d108205f8933253573be3130c086484ce8de1b6564b72861,1,TRUE,23,0.601768493652344
1370,news,bd43a94d460fb8dbf12fd7c43b211bfb50f9d1c9ee5030362dd35618ac2f0fb1,3,TRUE,1,0.731945037841797
1371,news,a09ca18e8f86506df1411ae19478bd34683150a8e05594f701e978f74335953c,0,TRUE,49,0.598907470703125
1372,news,78587f0be8971187d2f0d08acf3909daea0624631f11428c5a2fc4129b84fc20,0,TRUE,1,0.680208206176758
1373,news,cae2a9275a123ea3d198b7f76867752d34dfd0cdf620068c6eea083434ab5822,0,TRUE,2,0.60582160949707
1374,news,fb4c356cebfe6af488b320cfddd8e26d27e2d18c9682adb04aea0534040ef0c5,1,TRUE,5,0.654220581054688
1375,news,43ad2ba541213c61f0644c81c255510112adf822364bc8456cde6757afe14932,3,TRUE,4,0.587940216064453
1376,news,4a8d568a1affc8451cca767716963ad0e8194ac24c94c4161d48ed3aa42fb00b,7,TRUE,9,0.607967376708984
1377,news,e1c356afdfd2528564a3995549d4c656d3475e253b292e8a8fd210cf69f8d8a5,0,TRUE,9,0.599861145019531
1378,news,fe936bb4253952f2a45961a0907c3836d32dd3792e1b78b5a566cb40ce567ca4,1,TRUE,10,0.588893890380859
1379,news,ae027e264bfa63135421bce8011ecf961a59fa355dce46758dad328d744a68d4,7,TRUE,8,0.571966171264648
1380,news,37a39ed10cfb2d03e724029663d6f0825d779b20223a423c1e7bdc6dc00edf6f,0,TRUE,10,0.590085983276367
1381,news,63a0f5d7cd33fe6a7f7b8b2e314f2cdbd5754410c72313f8144abc2367855b99,118,TRUE,5,0.586032867431641
1382,news,6ead5c06d186d3b45490fd2300df0776011cc977158edcf4c1303f0cf2c455d0,30,TRUE,7,0.623941421508789
1383,news,e9a6f2442dc0d34ea50c2b025698c6fed0167140d1ee55f89d0be21255d81db2,1,TRUE,24,0.687122344970703
1384,news,dadb88972bfc7f1c46242a740f067f3f2e69b6a7d34ac023b175d904e58edd4c,12,TRUE,15,0.598907470703125
1385,news,d502ea0952cc11ea34aa2c7d8b34ba8475870a26b8082ef7e0c3afb585e6036b,0,TRUE,36,0.600814819335938
1386,news,e11f9eac44ecea5859625ccdb1bc878f7dc2d6a3924c851b8f7c76441b334c7b,0,TRUE,38,0.590085983276367
1387,news,3267e273497892d0b36595aece14f8d5aef66764831038252a4d1cd2a6a26310,0,TRUE,12,0.580072402954102
1388,news,c4f3f61fbdd331568cb81c82e070a7aedfa0a96ef234d5e5eaeeda1d6d24c887,0,TRUE,45,0.633955001831055
1389,news,4453d25ff5712d6086e69619feb8bdbd29b2d1cb60642c7824ae1c2848d4df71,1,TRUE,7,0.632047653198242
1390,news,08b8a4b02ff0324db2dc0aad7a993a0c5ebb99156c946b04aeaefeebc346de3d,19,TRUE,1,3.16500663757324
1391,news,504a111ecfd9bc3a52013e9d79b0b519e1efde66ddfe2e78aa77be969d668392,0,TRUE,2,0.822782516479492
1392,news,52579053adb4fbbfff3b7b8be1619381e227691bddab083ee7b099d637460b65,0,TRUE,13,0.7781982421875
1393,news,c49dae1014aefb5601d1aceb2a601c9a40210e8c4829e32b29ce5ec57a093964,1,TRUE,39,0.687122344970703
1394,news,ac330d95a067a4adfdb750a52396db7dffdcef890a16c2cba73627322713edb2,14,TRUE,12,0.636100769042969
1395,news,ab691f7d1b73aa6676faa3a06fcfe8e704649c9e0639901bc5b42e2445b7f08e,3,TRUE,6,0.597000122070313
1396,news,f40241281f3a1354d3c70a7af07276b663af798a9a35212677e4bf7a6866ab77,3,TRUE,4,0.612020492553711
1397,news,4d7b99682105988e5069469b0cc2f57491c513a09da458d37d6b54d885ee515d,40,TRUE,16,0.638008117675781
1398,news,1cc53f59dd1eb2a2418fa662841217895d726c4f82c505949fd85afd6959b1b5,1,TRUE,2,0.597000122070313
1399,news,89b85b97da460675deea5cc067fe9089d53a75eb3bed43ddb9ba17ca061f9813,0,TRUE,5,0.611066818237305
1400,news,04f8c026487b45f3ef58874ee92ab394c191db845a6dd454f0ffc114bc5cc6e6,50,TRUE,19,0.593900680541992
1401,news,74bba65a815bd8707482d86d7dc15db348d8d01f8f0843d2e6356b274581cbb1,0,TRUE,38,0.607967376708984
1402,news,40f16b4f14516d33804a6f8935e38a040e96ce558e87f25e1579a6e72df91ae0,2,TRUE,4,0.597000122070313
1403,news,bae91a35e929fd869a936abe9e810db5c2fd526533581cec67e23279482cf7a1,1,TRUE,18,0.593900680541992
1404,news,7081f4b85891accbccacae113e43bb69b76a4160f00c754c2f966f1aad14e484,3,TRUE,6,0.584840774536133
1405,news,13d28142f6c83f2efe712be3b2c1a5faeda5a77d8bd9ea02f691e1d9d800dfb3,0,TRUE,11,0.583887100219727
1406,news,34bfcd75c0383208e4692cc2c586bd3cf5b85e8414b1c2c1d2c723881b8c4c19,1,TRUE,33,0.617027282714844
1407,news,bb881e3955518757cef0e9ea44e05cb0f8e22133bea64d1a915e4b0154091046,0,TRUE,5,0.597000122070313
1408,news,9fe4995d6a7eb41244d3441d462092794c7e7578867ce1c7c38631f637e0678c,0,TRUE,5,0.581026077270508
1409,news,920c79e6335842bee22dd2cf35bfcb69a7f522f76eb25eb791b89cf0d39dcac0,3,TRUE,13,0.579118728637695
1410,news,21376efae117bf2157934d1dd332946d448a73210119c2ba7f42a391b5f5860c,0,TRUE,21,0.604867935180664
1411,news,cbead8e0799a3ad2a004a9b4bcab0f9783b9afc3a272e5b814326064c58d79f3,31,TRUE,20,0.590085983276367
1412,news,95eb56f7cc213fe9313251baeb6e9a4428e96d85e819a4f7800b5b248ff09815,8,TRUE,10,0.590801239013672
1413,news,8e3648e91117d6cab36b401b016af0548d86dd22959aa659dabe50c59b37adde,13,TRUE,10,0.617027282714844
1414,news,826da01ea5edb1670f2e34bc2dc853a7a90f2ec9203ee1a0acb8fc5d4089b1b0,0,TRUE,12,0.59199333190918
1415,news,2349adaaf553df6cb3c88eedfa4ca185fd26eb70c35feb85920e8278fa46a646,0,TRUE,2,0.583887100219727
1416,news,60b434fa44be98aa7f8e733ea35d2c068709f4ed49a351e2e3334c6b1fe528e3,1,TRUE,9,0.642061233520508
1417,news,7b30d69ef5a829c6c79d95209c0074c2598b54dcd1ec299136f354fc7792a710,1,TRUE,17,0.587940216064453
1418,news,3402c7919cdae7192fb93146154a21602c4f156f0a89df8b6d09649c1522bd32,21,TRUE,17,0.599861145019531
1419,news,b8932acf1657f11f7f63a2b3d5d33df56970daf4d66149e6f8d2e7c078e37614,11,TRUE,86,0.620126724243164
1420,news,51179c8be4a3b27b55429f31f3abc9cd3a2d54071efb37e11b3f1b4b28c5ecf2,3,TRUE,16,0.5950927734375
1421,news,7680ae8e239cdf1b7b33b3ba584d30dc5b5ffe865913b1ca49f7064acd81c277,0,TRUE,37,0.602960586547852
1422,news,af63d665acd1876abc4ef359bb7c4bdf9c51f310b2417f687c6d5eee07f04283,0,TRUE,2,0.574111938476563
1423,news,a1770b5083358350b070510e047b1067f7329291929e4f3585cffb1a6ae5cedb,0,TRUE,25,3.00192832946777
1424,news,92dc40d1cab51ff9f721aad0fa5607704c62d8f8e73a5701887a7f131ed85ee0,0,TRUE,20,0.634908676147461
1425,news,6df33f857ecba20e7c7c44ad0cd83fb9b522ce79714e676c8d6c1db327c9ff9e,1,TRUE,7,0.579118728637695
1426,news,73652e5dd8a13c9ad0099d1dcdbcb1b709f2d54931e495681c110b95b9be669f,0,TRUE,24,0.587224960327148
1427,news,bb3a22de6c12f46efcbdf499f2340e592d7fc62246bcf52e6c37a5c0573c7593,5,TRUE,10,0.58293342590332
1428,news,6a5696f3ae18fb4864bd2e41af5f20cb6a87e48475716c42f334a9b4e1412c8b,0,TRUE,3,0.581979751586914
1429,news,ec6ee0fc377e9be6c0c4043f52b1737b30c69a737037cd7f86f3fa8a3f5c9357,0,TRUE,7,0.587940216064453
1430,news,8a0e5356f90a9a94fc3a8be796327d5ac3656de8b867ded63d8385238212ede8,0,TRUE,7,0.555038452148438
1431,news,e994b047d060a1a0dc49c600996567d5a867ea67c9218b48a83208499667e952,2,TRUE,10,0.58293342590332
1432,news,d1c5f0e59c36782af678b02dba9193a60ec19fbd91596f7cf9f165d99dced6cf,0,TRUE,13,0.576019287109375
1433,news,418b52cabffddc67c29363cc52e6d5c5aaf2ab8bee6530d05b03b994d111cc45,1,TRUE,15,0.581979751586914
1434,news,ce2474a79a5679501b70f8c426f9e076725797ff608410c3210070038dfc4cd6,0,TRUE,50,0.631809234619141
1435,news,afa7251544df09613b9bf87afc4be4d0c6382d02dc49dc2ecf9aa98f8db5cecc,0,TRUE,2,0.602960586547852
1436,news,1b94a09be00896aa8a465a8174deabe6105b20e61652d5d7a044b26feb1d153a,1,TRUE,2,0.619888305664063
1437,news,d78f59e7249aade8b7512a3e6a4be8c60cadf592face07d0d28bb1188ed84bff,2,TRUE,6,0.597000122070313
1438,news,283b4664f3a1b060fd1f85ef6ce7ef98f4f9fcf9aca342330c5000fbe37b9445,0,TRUE,1,0.685930252075195
1439,news,e3ded830fedacfa2a24a61c58138d2f3b529e44fad327eedae9c1747d191891a,8,TRUE,14,0.577926635742188
1440,news,d5b69ebdafd121b54803548804a420102aebd25db598e48d7dcc9b7683af311b,1,TRUE,49,0.608205795288086
1441,news,cd81ee4cb8dca9c9a88c7158c96e39f2d6a09ce8a0ae6c3e3b9869fec9968ab7,0,TRUE,16,0.581026077270508
1442,news,8f803121d4dd40bcf4f924d8ebd7b3fe78eb9bd0345c92d052f0702af54015ed,29,TRUE,95,0.624895095825195
1443,news,b660e56ce999878b7218c83cf220e1b41154cef8db8c2dc2f4892a80b2c8cb34,0,TRUE,31,0.591039657592773
1444,news,d8ec8745989fc474e81d18a4274ea1d6eb05adc066667c0f84de2fdb303dba66,0,TRUE,32,0.616073608398438
1445,news,6947341f010c9d36ed3be6453ae9df384550e47ba1dc257208b49bd23d1a4f8d,3,TRUE,12,0.607013702392578
1446,news,bd0c046ab2e6c7d3157b343433c40da81fd634282640e3b6e2847acb4cd33a8f,0,TRUE,6,0.584840774536133
1447,news,6fc8f61cd86bc4dc3237038ab278ffbad26b1dcb2a5da59ee4f27c61b79c9680,0,TRUE,13,0.596046447753906
1448,news,fd51fe9fdb3e18fed51bd9577352b075b364d9c695f31034bdd0526c4e4398de,1,TRUE,17,0.607013702392578
1449,news,cf8ce072045da3485f41ba26442ff242908973a9b9803f39f321ece3c3ebb502,52,TRUE,2,0.602960586547852
1450,news,b9834b6d48c89298226c96b71956131e373784995a4719f8a69f74f219b844d8,0,TRUE,11,0.596046447753906
1451,news,024a00b2e2e393754d0acb97b840e7413a08999e0e0ac26674374d6abeab700d,4,TRUE,16,0.58293342590332
1452,news,17fb7121be8b079ab2203fb640be30ed16e6d5182fcf5af66b92a65f95304c55,2,TRUE,40,0.599145889282227
1453,news,fdc5cf7f00059838e49e0a3fab40f8200a1bbceb3b439b13b520924760856aa2,1,TRUE,3,0.587940216064453
1454,news,a62746fd8b3cfe819ea6c186af9e3a26e8f1356782a55c3e8e7372ec3cac4b6c,0,TRUE,18,0.583171844482422
1455,news,192c787bc0f27c361538214af9f5f4887c45ddf5e71f05e3cbbf8f77f62adec9,0,TRUE,52,0.648021697998047
1456,news,f51b6d45c9a0264a616c43541cfb2f2ba464ddf487abfd26e166161e0c30aa2b,1,TRUE,5,0.645160675048828
1457,news,cd37845b889a10910d89e1ef3c2b579c36eae105388ae41914f2f08fddc7c995,3,TRUE,22,0.622034072875977
1458,news,8e747a9c73cf64d05a292195bd254e72df516bd4b23d41540975b3aa9ac1891c,91,TRUE,28,0.597953796386719
1459,news,113adea2113f9fb96003d99943276966b50a35484f261e902feab024c1be99d4,0,FALSE,1,0.669956207275391
1460,news,df668a083d32d6fe795dd07769b6497b2d2c88a2249b52d1b979d9d3fb8d688d,18,TRUE,14,0.581979751586914
1461,news,5a055dc03df972dee418705f8de6809b6dae127e255cce2eb6036bd57088b966,1,TRUE,4,0.580072402954102
1462,news,5a7e3c4e7e491ee4f0d4817b6fe01c3ddc0c376eb9d2dcee3f73581d723fd402,70,TRUE,38,0.586986541748047
1463,news,c1d3fa354adbf658f3a191c2ca088d90862a94e70fe3d97a17103f3046b88884,2,TRUE,8,0.592231750488281
1464,news,8388b29e8c45ff2d366fa6b4d15c70cc9ad2ec2d7d086f8b7801358880ffbbb2,26,TRUE,9,0.568866729736328
1465,news,a4cb8e9b4c2692eb3a464f9b6504ce34cf4d9a56402aea7a1ea0d6d7d160ceda,0,TRUE,14,0.594139099121094
1466,news,21d9e43c526ff0437de638eddd065b89143245c26f4b39bb59475564a2bf6dd4,4,TRUE,5,0.581979751586914
1467,news,63b17df6e4d12acbd3720a05bd13df0aaa15471f61a8272828ed96f9926b42ad,2,TRUE,17,0.5950927734375
1468,news,d113a4cfa5cffc423dcb5f905b5dba74615592c91ab00d882a7a6fd7b2248347,0,TRUE,31,0.602960586547852
1469,news,5ba985d2ecc3c93d22f1eafbb610226980bc14be119d48cdde03dbc178c7b385,3,TRUE,9,0.581979751586914
1470,news,44a75eb8ad7ac14daae0c5d0f6e100b494d8ad25b62521f9cb058c7442b06eda,89,TRUE,13,0.611066818237305
1471,news,caeab4286566fadac515a685d50abc394b3d1dfcd93949bbcbadc5dfe42b4653,0,TRUE,9,0.639915466308594
1472,news,6b61cd1a074c07bb1600b5374390ce9371a8982e76c5bc85d633b59dfcfeafe4,1,TRUE,6,0.622987747192383
1473,news,82880342f6c8cbaa2e9a8e73f1b588f1a5a449752d6ac0b76eae52774de803aa,0,TRUE,14,0.602006912231445
1474,news,60d9cbb469657612bcb944ad0d6883e75a6cf27bfc4f09d5205cb6d4e60c329e,0,TRUE,17,0.594139099121094
1475,news,fce8e6100f79de7735f82fa1fc98ccdce90bf4e45eb353894b1012d5398cce21,1,TRUE,6,0.60582160949707
1476,news,375bff4f44d02a2d8dad87ffaaf4784b0015a53db458e4c9cd1987129e183c59,12,TRUE,25,0.605106353759766
1477,news,9e3281de6a612a9295d2eb4647bf23d2ce4f9e22561a655f8872641b478d5a29,1,TRUE,11,0.600099563598633
1478,news,a63f039672525f7c464718d9b95760e38c5587eed35bcd227a0c72a0f9c7292a,0,TRUE,37,0.660181045532227
1479,news,52c70763cd5dbe20a2601de894ce9a13b49d64c96dea5ded4eb8ac1ef22aa3c5,1,TRUE,19,0.645160675048828
1480,news,4d2794f84df6dca2a99b0e8561a6ebeaeeea0233eee0940a56dadf372def4f6f,33,TRUE,14,0.612020492553711
1481,news,8830714ea3d405055b6a5755ac46ca5dee3859baab68f5181314d350844cf998,0,TRUE,6,0.632047653198242
1482,news,58bb0d486a7bd0a0d7ebbdde56aa70e05debb23b5737cd8f42dd708b26e2ed58,1,TRUE,10,0.607967376708984
1483,news,b803d121173eedc6afab9afcc680e3f25bf1ad19f14be4ea66f48d86872a3bca,0,FALSE,14,0.586986541748047
1484,news,d1f465ca9d3126eaa181f4605325b8fffc01e03d5f64e44bab0040609198c180,1,TRUE,5,0.610113143920898
1485,news,f9937c9483f33abfb0e3530709ff56ae074b817e9f3320a2ce039fac97676af9,5,TRUE,17,0.603914260864258
1486,news,a070fc0996ed391315a333e029720caf93a8d919a2bb77708a2f3e273e023af6,2,TRUE,6,0.602006912231445
1487,news,b3f7310eceae8fbdb492518e792b390178cd65499234462eccb79acea34c444a,0,TRUE,5,0.641107559204102
1488,news,d003bd2a828b2c6ec9205e4e5d39476f351cdc4d0ae1754ffd81386c362eb61c,0,TRUE,15,3.0357837677002
1489,news,61ce9782ec85b079bed9ef00b42b89b5b76a26acc7ae2277eae49ddef349d876,3,TRUE,7,0.709056854248047
1490,news,5f4abddaf27acba0e3e671ee6fab3e1202c6bb7786ba4dccafe21378119f0fc3,1,TRUE,20,0.614166259765625
1491,news,e65e3b9c5339ffceeea35d8f65f292952ecf0dde43e5a8fbaf8779be83dc9d9e,0,FALSE,48,0.636100769042969
1492,news,963dab771b84b6dfc7428aa32cf6356f2b41a9591ffdd90f100e5f330b4caf27,0,TRUE,1,0.691890716552734
1493,news,07ee87ec386da08015ea3211ee2c795ef94919dbfe1ad528e5d78a4498354b14,0,TRUE,27,0.597000122070313
1494,news,84687919f90685934dfd706664a0311ae047d4bee991267c6a50b5f148f71522,0,TRUE,10,0.598907470703125
1495,news,6bdacc487aefbe5e1554b4b6f9f84e2cd18c31c5cdaa5a7099082adb3831ba78,1,TRUE,38,0.607013702392578
1496,news,1ef31274f30f2897118fa0c07243b3b7d4870d043b4e19783183374e71ce4714,0,TRUE,16,0.600099563598633
1497,news,ad01cca4d371ffd6f4dadffe69ad73c032cb199958224030e1d5e6d6e984cd98,0,TRUE,5,0.609159469604492
1498,news,404f85266cbd59bc94b09ecf3295a674275cad90a99d6e0cb62946e50f665a48,4,TRUE,46,0.712156295776367
1499,news,d2ac288633582c7980b8f06844e2e9c64dae04a209c18d742414fe935dba578b,0,TRUE,25,0.767946243286133
1500,news,70bdda7b6ca034f2396f54feef12505c0d753b326a10ffd9efd9a675f2b63a47,0,TRUE,3,0.630855560302734
1501,news,708f75e0fee365ee85746e6f3e5cee218e80481fad986eaeb2a67a0598af6196,0,TRUE,12,0.685930252075195
1502,news,56c9a1ff5f16c0fff2e4a9562329b54fa32847e0384fa34d939e010bb8b00bae,0,TRUE,1,0.73695182800293
1503,news,48fa15e35fe148feea33e4e5b516d577dcea7a96e28ea3da109806b05b84b8c1,0,TRUE,14,0.604152679443359
1504,news,351188d5608c487037140a8b27ae5de70f6ab8c33aa788c60ea09fd295b66497,2,TRUE,5,0.595808029174805
1505,news,0c06dba61c4f35d35974f612376c13e216e56f7d62afcb350198781c58607970,19,TRUE,12,0.583887100219727
1506,news,a993bf99e22216ca7e408db1b1b34f3cf36087bcc661be088644aec748653ba5,9,TRUE,44,0.61488151550293
1507,news,c9f276c361538458bf5a4506d42df99bf30748d89743ce153c6a195f5694ddd5,4,TRUE,12,0.586986541748047
1508,news,a88880c561df32be3ed85d8cd00cdcae011520e448df8e956963cb2fe20d3457,0,TRUE,3,0.615119934082031
1509,news,ea61b84275646d05b1b33ebf9e64b87157e3c7c93341ce0cbf9f74daf059f33d,0,TRUE,4,0.545978546142578
1510,news,d4b0d834598b3e7cac7d8a489bb595b52bae52cbd921f7164bda95e8d0436646,0,TRUE,1,0.702857971191406
1511,news,7bbd1c6f7eaa74686f73e4fef339d9ae23d1dbd92412b291bcf64c65192ce8be,4,TRUE,3,0.575065612792969
1512,news,24cd214462cf2d5a4e5ee22e103d7c39cd56f98cf5418ee4506745246b5f6ad4,106,TRUE,20,0.57220458984375
1513,news,c94153f717ebdaabac84fae5fe3ba653c60bc6a2549a7311bef6fb9a95c60238,0,FALSE,2,0.572919845581055
1514,news,be19134dac2e1bf39c68e7246141a3ff68f9a1dcbd25a81089c7fc41ffdb75ee,0,TRUE,25,0.626802444458008
1515,news,1c2e338c0f7fcfe590690c0f3652f4607b59522d07ac1a481c82229f5b4c6096,0,TRUE,1,0.756978988647461
1516,news,f14a6604168aa64d35a4401fa4aa4a984b092bbdb3dc8011f334e68d9637ed64,1,TRUE,2,0.592947006225586
1517,news,f48f607f464c67bdb9fd7cd2e0524709ad7ee4c39ad1fda0dd51bf6e309f826d,1,TRUE,11,0.578880310058594
1518,news,8e30b606d3043730bbfbbe134aef3f803ece6a7735d8414b5359bb1606e6e1ba,35,TRUE,9,0.643014907836914
1519,news,60561d3c92edd966b81f5a9288ad71be2c5cdb39bd9856cae1b7fb73cbd77d6d,0,TRUE,3,0.602960586547852
1520,news,3095f7cbf9b96d876656df4cf8fe4df94254aac539b9858d2bd2b430c74b8ca4,0,TRUE,31,4.16111946105957
1521,news,9543b918c7e659d4c0fd8ec9d38025daac9b8e90e33fe1578be07ca9174b94af,0,TRUE,38,0.667810440063477
1522,news,5aee4a6f815f6b5d036411510f0c1bb10fab020a4f4cdb037dbe37f4b639f0d0,18,TRUE,18,0.756978988647461
1523,news,8b47461c592479c0901c8c185557f4d4d678c64d7cdef28a5814ea07534abf48,0,TRUE,13,0.587940216064453
1524,news,06dbb8988f91daa83adb42c8438ecb7435b3a08e6fd99dc4a4694d57fa600d88,2,TRUE,14,0.586032867431641
1525,news,0fc2a8ef90fe5fef0b60b41c4ad8f3bf1e192062db85b74615824d5c9502afbe,0,TRUE,50,0.615119934082031
1526,news,92a88d57aebf3897872766f8515e20e09c42b379bdef70dcdceb92a50c7c304b,0,TRUE,7,0.580072402954102
1527,news,968660924402ae0f782dd48347f860e5bc3d7a376ead3b097c0cff6e19843cb1,11,TRUE,5,0.59199333190918
1528,news,00bb36fd8bf0621ab1860616efc8fa8d639cfa013dd9dccae713e1d64ac5e897,1,TRUE,37,0.619888305664063
1529,news,269cf4c41e26a6e55e96222a811fb7bd8f4535e49f8a9336634a96eb605fc4e1,1,TRUE,14,0.579833984375
1530,news,6fb1f12e7b461c4b7bb2261730c2a4ed49afa25665ad4e5225af7f10b9d40f06,0,TRUE,2,0.602006912231445
1531,news,598bcbf92452712a60406f4c2b7132f2e43e9ea8a4e02269698451b350d53003,2,TRUE,23,0.685930252075195
1532,news,0ea9e73a710afb19a4e5fc053a468e63f503bb06c9e93b3927206ef52ae9bceb,6,TRUE,7,0.633001327514648
1533,news,127ca715d7dfc02c8b93f02b6a1dfb8f6ff7b2dc4d14857b37c3be6e86d2d079,8,TRUE,2,0.597000122070313
1534,news,b8a2e3fb709c820e75dba06059d4642437fe99dec5bda4db762e41cec430405f,2,TRUE,10,0.622987747192383
1535,news,c48b8c7fbd68daa883c532151457c4ca27be2b77dfa7dc1599173baa722d1c61,0,TRUE,13,0.625848770141602
1536,news,0f764bd7f3f013133aa4d7ef258069fef0a0dddbbe086db336582080d60cbf8c,0,TRUE,32,0.581979751586914
1537,news,00bc2e35b9709107461640ccd37f644f6065379d58dc7eefd3a8a6a7336e62c7,0,TRUE,2,0.604867935180664
1538,news,4faf58954ee3af25981f37a9f377a52d46d4fad9a80de5e3f17dd118f322aa3f,8,TRUE,22,0.584125518798828
1539,news,f388e2c822a685f1aa9aad9e408e8c4d619fdc1ba79db6828ed040ed9a330689,0,TRUE,10,0.581979751586914
1540,news,4a08746fd299c4d1cd77991113e6002998af9419c205e222e69c3c3d0636cc79,2,TRUE,12,0.645160675048828
1541,news,bbd8bea3221d7f568b930473d04ec1f96678d370531c9cb3d0be71b8f6cba51f,0,TRUE,25,0.649929046630859
1542,news,394b26390128b507b26a5061d7c3a067d67ec1dfb8d7d027dd48572c6c951644,0,TRUE,20,0.616073608398438
1543,news,331be65a409e45e9282e55861bd92ae7dfa71df63023b054f7afb2aab239cb7e,5,TRUE,3,0.574827194213867
1544,news,2dacd5e4484b8015e676b1e7b67d3690d4bdc537cfd68fc6dada0acc83398f67,0,TRUE,6,0.587940216064453
1545,news,0c872bdff17ee5bf8bf13ebf49ff20a7bbed15771c99c284aca3767e187c76db,0,TRUE,8,0.619888305664063
1546,news,288d2e5ab3966de7958ba8b9e086554c074eba4193cdbe5d86f79b2a3e0d30a3,0,TRUE,26,0.607967376708984
1547,news,090fbb0a80f1e64cf9d3652133799bd3e667511e604046af5bc9e65d6e22186d,27,TRUE,7,0.585794448852539
1548,news,4493314256e6b4cf3fad7b1be1ce571141830275925c7f6d342857a83c91294f,3,TRUE,17,0.663995742797852
1549,news,1f8d0728865bed16a8c0b3597917a1d55a37e3d131d2fb654d54bc65b9b3506e,2,TRUE,35,0.622987747192383
1550,news,ee763b987e4562e6039a7f57761da0a6c46ac043096a84a0fea96a37f74ded28,0,TRUE,84,0.629901885986328
1551,news,d708eeabd84c1db2bf51146c8194f75fed2f83071a7c5c8176425f1a5945c3e2,0,TRUE,1,0.670194625854492
1552,news,8b33f4eaacc039980493ac242c924d283b3d6a6f64af10a385c81a091deac08a,1,TRUE,7,0.579118728637695
1553,news,91b5b894c622dc1410a75d7a76f123839d22c686dc6a5c40998106aacfe7dd90,9,TRUE,38,0.803947448730469
1554,news,567b56e206588a46385b6a884f3567fd41688e9a4393d43fa517ae05f2acca57,1,TRUE,2,0.65302848815918
1555,news,44cb9ee7de3e6098fb24885b3dd703cf7f2c01d0084d2912bda95d489e239a3d,0,TRUE,6,0.602960586547852
1556,news,22a99e63eeec009838ac0c19f11f079d5b571afd2d29b24efe99c810a3c0ea30,2,TRUE,4,0.633955001831055
1557,news,6d709651f5a67b1c28ae8dc9b7d5ed46d14ef2fb84cdc09b7a5c949aa204f4b1,77,TRUE,6,0.590085983276367
1558,news,d777e5f714a93e6b26f7c314653fd4a541e00ca18497cdb54fe02c4e37a80c50,0,TRUE,4,0.591039657592773
1559,news,d4931850bb19dff477aa31c731de667cb1f2cec0131c67b8b652fd8be8c2bfb4,2,TRUE,10,0.586032867431641
1560,news,1076e06038fc2acb5f747720112facfd378fc2f8726771f3d006804bcedaea3f,0,TRUE,1,0.720024108886719
1561,news,5eb8aeaa88b21de35b953abdb8929a794e1a637001390f01a38baf4154db4d9d,1,TRUE,42,1.03998184204102
1562,news,1e7f9ac0ffb20846bd2019ae310d80cabe01357c7a7871c236231ffe0947b986,1,TRUE,11,0.727176666259766
1563,news,2e505173d9efd93bb2c10473072fcce8557c7d9343dea3ff49dfd7e8fa2da865,0,TRUE,12,0.596046447753906
1564,news,a5fc3337bbc53e012f4f5deb2e0960763ef440bd2fd153698e8696be0ab91289,2,TRUE,4,0.599861145019531
1565,news,06f88f176f67976fbc78f285a67b0ce8e218e92a50c6d539cce03d38637c1adf,0,TRUE,16,0.648021697998047
1566,news,e75c78c3f11c0e9fa76afcc28abee6ddc9324f54749c8aa8b81f638332fb69df,1,TRUE,6,0.591039657592773
1567,news,da5d46e6febba6ebd2ec04f4874adefce0fc3069f3cd0112d2921d7eaf6e2b75,0,TRUE,33,0.597953796386719
1568,news,2337e2a77690e21ce9915e1733d422ce36b76d9e56a564af99ed6e1d4606292e,91,TRUE,31,0.59199333190918
1569,news,d56e49304394c90ed977656c263e3d3c712d2ead63ca27a6afbc578e0afefda7,0,FALSE,2,0.569820404052734
1570,news,c8487addab79be5cd610e6be5870820ac1ec721c674c0447d70383ecef5a67a5,91,TRUE,55,0.61798095703125
1571,news,25a7c60ebb0c3d3ad9c15e5a08ed6187900e743e2f164836e5d0a2f898bb3540,0,TRUE,15,0.607013702392578
1572,news,9f22573f6c64d07b99b66d791cf12117e15ce5855538458756ebbe95ddb408c8,1,TRUE,4,0.786066055297852
1573,news,145d4ea4f78d5dfbf435b4310ae0ad683bdfc7afb9379b50bad06102eb1b83d7,1,TRUE,17,0.67591667175293
1574,news,dd30f124c35d0536fffa9c8e65af1c79b45e87427d1157c3c961723780fc65d0,1,TRUE,1,0.724077224731445
1575,news,9ef5d79f11858bdba89676aab12c4df77ad86b84cae51f9f281353358609e66e,3,TRUE,13,0.587940216064453
1576,news,1bb5dc4817029b4d8aea860c3b3da3cabdae219eb42f4fe59b5c24a919a3a938,1,TRUE,18,0.597953796386719
1577,news,527c188da54a8459149d12a9440c556befbde29117e292b22f55d3bb46e1d418,57,TRUE,11,0.646114349365234
1578,news,88188708bf1626afabf0dd98bd68776426b60c5b099e089310409864dcc192f9,0,TRUE,1,0.690937042236328
1579,news,b3ef6858af3508e427077caed53c0069d3e0b4cd48833fb1e7866c9f14177750,0,TRUE,41,0.593900680541992
1580,news,e7cddea7e1cc042355b06c05ca8581e83704d69e259b1cf519a003edbbbd1528,0,TRUE,25,0.586032867431641
1581,news,c55c895a38535514bd34c73fc3c9630b2d1bea5cc32f256984e91cc8bcb230f0,9,TRUE,14,0.602960586547852
1582,news,b6ece842eb612ea21cb41caa42d5229ba8ec6893692619e12601053f0729a5d1,2,TRUE,54,0.64396858215332
1583,news,7f760cc6bdedd847b4e6438369beb9681e55677a8537243b590f6ac4d028c825,1,TRUE,2,0.612020492553711
1584,news,ba7d248a7d749b08d6f6c7f618d87f0fb713b306ddcad7fa7629daa2635bc689,1,TRUE,28,0.713109970092773
1585,news,98136aad0edbc1c2de55dd612f982cc58e20816a456ec2c0c863a6fb2b552fc1,0,TRUE,21,0.651836395263672
1586,news,157989d6d3f4ca230625ef802a48c80584705b410170536761cd358383fff166,1,TRUE,21,2.52103805541992
1587,news,b0b9d307ac777e18cc5099036564406edbedb361d0203016fe91d200c6746d64,1,TRUE,2,0.56910514831543
1588,news,607fca5d4110826d4636bb5fd0151b5f29557afb39888c66972c1b77181cd90f,1,TRUE,10,0.579118728637695
1589,news,c432240f244f270269d12262b86af12569748dd6b8361106537b1a347786a0d6,0,TRUE,3,0.56910514831543
1590,news,c16e0b4caea8cced93f02b84ed3e9a131172f34f3ffb265b871ace5fb2ff76b6,4,TRUE,52,0.581979751586914
1591,news,164abe33c340b2587c9993294504554de7b6c156ea16035a3a4b30a3410a1ec9,1,TRUE,2,0.609874725341797
1592,news,03b272f2f220df4ea9f94795d54d597c04ce1779984088a5ccd9bd5b7c6b11b3,6,TRUE,51,0.593900680541992
1593,news,2f88ab75a90de637fba36e87c47e23b461c9435a6913271161f902874d1964b4,0,TRUE,20,0.576972961425781
1594,news,9ba51b29e91a8cdb2fa7df6c28b1245ed6d526fa21a2d6fdb0da61a9af2ede2d,0,TRUE,21,0.590085983276367
1595,news,2c43e4b8fe78fd541caf6cb9e5d374c7f4175878c5c0b0a525ce56733c7ac69e,6,TRUE,77,0.612020492553711
1596,news,695c7c38d7804bfb7bfa744411e8bc74004a3fee596c3f9625603b5da385a71b,7,TRUE,2,0.597953796386719
1597,news,0f0321188d8e027e19f080dd69859480ef33983c55ab3fb842071fd0aec9c51e,95,TRUE,11,0.580072402954102
1598,news,ef348c8594b21f797f1814e4531493e59eca639b4bfbba3f4813949b14aaaa81,1,TRUE,9,0.566005706787109
1599,news,ec7c1cad0ae25f9138bf1474b6a50922e77144a64578f8b18ea6125d3568eb61,0,TRUE,36,0.719070434570313
1600,news,2d885e253baa1bc253a3cd3a6ccb8420b99d7fe7b339be9e0960c421d997ee76,0,TRUE,14,0.606060028076172
1601,news,d11de5c9b5f03b6db0c4dfc3e564a3a34c29752b58deeed740b4dfb1e4ba26f0,1,TRUE,6,0.576972961425781
1602,news,4877e180034e2c61a4d2d294cd8ea958c24089fbbc58b9c8fb4eb14651d7f10d,0,TRUE,1,0.687837600708008
1603,news,dccc7c686e7d131a0cfffaf75ff17e0a936f60faff960dc53a39e1f2811c96c2,0,TRUE,4,0.59199333190918
1604,news,1d31704969f67fc63703cc151cb496d7ab3ef8b2af3d42066a138a8692b0fa2b,4,TRUE,2,0.63776969909668
1605,news,85689e1a5861e8f4f9217d719b70827884dc424b42212c0b4d40d56d38c593ea,1,TRUE,18,0.586032867431641
1606,news,cc7c459a31de6d62dd43413e1a02b35925c4bba6aa86949e4ea80c29b2973e67,9,TRUE,9,0.583171844482422
1607,news,aa58660892059a00f5284b2485266c760950455542550fb55a873abc97faf6fb,0,TRUE,31,0.601053237915039
1608,news,8ea35567177fcb06def600b41f01d9b055dc8a366771c20ab3102554b6f09ab4,0,TRUE,21,0.705957412719727
1609,news,e907a86da8ed87b37992af46bc83ad94a2b3d188396eed0bd83af8ba312aa2e9,0,TRUE,26,0.636100769042969
1610,news,9b9d6f9363aa0b8b1e439ef7ad0c1c4e10ae73f08b330f63a57a80046f6796d9,0,TRUE,6,0.601053237915039
1611,news,67d4850a1d730bc46126e506ff61841b6ded3e73c06db3eb923f1f4bfc07d4fc,0,TRUE,1,0.698089599609375
1612,news,2a41c160e5f4f00298e359ae22b809cbeabe8126fbf421e9f95692066e082fb1,1,TRUE,15,0.638008117675781
1613,news,ddefed2a5591a5c34363161c66dc7dce8a1b52fd73d0780fb5fbf4428f152229,0,TRUE,1,0.565052032470703
1614,news,b0017c443d61fe1ee013e72589093d24f96df4cafc7a75df281921bbc376e4a6,2,TRUE,17,0.616073608398438
1615,news,cc88cbfd9c5980592bec255f823d9b5997b9dc6fcbc8b6dc5eed486d3b9e6fe3,0,TRUE,19,0.561952590942383
1616,news,53fc666143235a894c87180ae128d76ae83141a3ffde8d185559ad77d66340ac,1,TRUE,36,0.633955001831055
1617,news,36995cc53341b3c14724b37e5a88099b190bcf1d06aa6790fccd2c167e19b660,3,TRUE,3,0.575780868530273
1618,news,3e411a66246377a765b2f8dba4b152b9c6596ac32433c42117747cc1c5beed6a,26,TRUE,9,0.571966171264648
1619,news,c50b30267e712a349943b72db65f0b3a25eb02c717875ddedffdec2b32d78de8,1,TRUE,12,2.37011909484863
1620,news,d56dd55e9ff748de9efcb1c98e5e40ea84301f9420f16662a4c6881ea5834279,0,TRUE,3,0.584840774536133
1621,news,1457c8962d28438a8c5d24d8a5648279b8b5b773e87332f67451e908aff67909,3,TRUE,28,0.637054443359375
1622,news,af7a03e9f5068b438d05dfb587297e70c6c32b5e1e634528608ec5d1c8de0fa5,3,TRUE,27,0.597953796386719
1623,news,37a53953a453b6b1e8580fc994129cd5e40088cbb736c9624d8349e36dd1506a,1,TRUE,1,0.67901611328125
1624,news,2faceb6c13d6ba36e55359f019998a7e5b3774d57d5016e325e7b410258bd616,1,TRUE,1,0.664949417114258
1625,news,2fe3da7f052fe4e7eaa7717b93a9092335411d86954d55074c7509fe1f7c53a6,0,TRUE,49,0.67591667175293
1626,news,8912a85d119a2958bbbb5a0b426c8232b6b332b5d8ec9475a685c530ee130509,0,TRUE,45,0.597000122070313
1627,news,81ef1131ba8e01ae186eb3b5397b8409471096a6115f89d30e779dd855d2a348,2,TRUE,1,0.673055648803711
1628,news,d279ff95480141f51e6ce1127dc770bd010f1f78ee2c6f5941ebf61500882cbe,0,TRUE,28,0.597000122070313
1629,news,8b247b7deec9e51436c8751dc5eb96c415716f71246d7c060101f84dc0ddb78f,0,TRUE,3,0.572919845581055
1630,news,7f081189dbe454e7f5ed37ba1c07ad290b2308c7a326a0116c77aa6ccd6cdb3a,0,TRUE,4,0.586032867431641
1631,news,26865cc16afa3e92ea5d4e5cbc4b6dcc67b33e88a1541c0a836f6f1620f06eaa,1,TRUE,27,0.586986541748047
1632,news,bdf4dbd6dbf722facc392bc4a1f5a9a5517320a80832f795866a1db4b871f9d4,1,TRUE,10,0.561952590942383
1633,news,b697e0d0623d11aa9f29c8020e5a584b2e005d94dc319be86a860cabe6fc7053,8,TRUE,2,0.566959381103516
1634,news,fd2c5e5b342a708638676f87637a391167688360a248fe635f9b17120d1e0b78,0,TRUE,4,0.575065612792969
1635,news,0550ed5a881214dec1a1b266221f7317ce90910411731eb27129618a0f477740,0,TRUE,23,0.73695182800293
1636,news,f4c58630e54785d204b795587effd5547d19172e4d58401b7d214d62fd02c180,0,TRUE,10,0.612974166870117
1637,news,13e590ce526022c8b0544db7e77196627a0ffc97ae94b9c502621cf7efa2534b,1,TRUE,10,0.602960586547852
1638,news,e3d8a8903a4956808b21c9c34a67a137bdadc2010c791344dc28142f6a9492c3,0,TRUE,11,0.59199333190918
1639,news,fad0ef741f0575b75aab03cc3ceb7e0678fde0915c7c16964d48726eb205ae40,5,TRUE,15,0.604152679443359
1640,news,da37841a884fc3b2ed3da5facb7caf5cc2484f13f3ef33a06643d4ab2410ebda,1,TRUE,41,0.594854354858398
1641,news,3dd6b9f83b9abb0b95fc102d0b104e6b96fc55bafbbde716d39d2a32640c5950,0,TRUE,37,0.598907470703125
1642,news,393c520510e8081b767789547b3eaa8b1a2733cf9a7f2d8a9cdf1bc3f7671318,0,FALSE,19,0.588893890380859
1643,news,72896432ae156d3eb10a2236ac109c8b3e2aa2155c3687b39407f63aec84af49,1,TRUE,12,0.597000122070313
1644,news,6d864d465dc68319df2bafd806346c9da48cfeb9572fc5a9135606a94f08809b,0,TRUE,20,0.64396858215332
1645,news,6d4e011f721514c230857153324701cc5b4e463a2883670bf00096da17b625de,0,TRUE,6,0.608921051025391
1646,news,914a52031589e24e712c536bf7e0cf0bc55d2f4b7d0b4a3c6e19a8d45602185b,1,TRUE,35,0.609159469604492
1647,news,d2d6bab2a2c123dcd7e9aa424d7d6400123407eb23450cf371071c5676ffaa7a,9,TRUE,56,0.609159469604492
1648,news,7a8b713333008ebf4d480f21f8905046f92e2a66e74679299bdb7df3b3f42ac7,0,TRUE,65,0.619173049926758
1649,news,b97dd6902c9c56be342c16ac06a4d0e0b95427850e45330a76d1161e68d33f47,1,TRUE,2,0.592947006225586
1650,news,ce8362e242a2bc7a445a93870214e1f83c3c1efd4acfcb8c0e993fe9bd4dee58,119,TRUE,49,0.6561279296875
1651,news,3a8c83b8867b5138f7bd26dfa8db09cd9e693cbb888cde56972cc01db527e307,0,TRUE,18,0.650882720947266
1652,news,e272d28cebbda49201f64b000a828c6aacc49e6941d0fc0e0e7cff871677cf4b,2,TRUE,7,2.48908996582031
1653,news,dbc6c531e4f7db7caf2d0fa5dc4746f7f99e9ab2e7d72e372d7897804305977e,0,TRUE,2,0.58293342590332
1654,news,916c0426cb835afeaf88e68e9cc109bca749a665b5d221335f90e4bf9e3af44a,1,TRUE,24,0.584125518798828
1655,news,19e714ed2c212760ff8cc3e8031ab6c79ad833563f862c7ece68a84ff746bf92,2,TRUE,16,0.573158264160156
1656,news,114f2fa9a6b9e73effc1ada276750e6b38398a1bb0a0e2094de5d7b2e3f7642b,1,TRUE,2,0.573873519897461
1657,news,1e6f9ac2fa7c207837e3b469f261c1d2bdf51a68a459d0fc386cd1ccc84a756f,0,TRUE,6,0.555992126464844
1658,news,056e97c890b978c9a487d46409c06bca35fbbaaa4d7e19c080308c8d2b8c675f,0,TRUE,6,0.559091567993164
1659,news,39fb23be5ad2c16410fe1f3c7ccdc1d2ff8ebb1520879aa8b70a660c9f3b866c,0,TRUE,37,0.592947006225586
1660,news,5f25cec20a906385277f2292d2fa7fa96e3c3870c280ba1e4a75ed85b0686a84,1,TRUE,31,0.587940216064453
1661,news,b3b08dc693410fa9619b18113faf8ae45c55382b1e7f213aeb721e8305ded2d5,0,TRUE,4,0.622987747192383
1662,news,65c8c9a5b3a374a1cb40a85e1af63677c7eefd90e374ff7813ea295953f36656,0,TRUE,15,0.5950927734375
1663,news,18ba13148452d55a2b8970d2d22b38add3fbba035ef5c26e5ee95e9895543a3f,0,TRUE,16,0.567913055419922
1664,news,b0f6fd40ae6cb116adaa2992658051f8950efde4a57f33cc1d29f31721f6d45c,1,TRUE,28,0.568866729736328
1665,news,0a7aa89b3c1fb946db45051da372ea474edbbdfb8f94d1c4674e62190dd18adc,6,TRUE,9,0.554084777832031
1666,news,7b11f1bf01785310aba60091dbe5024af634e8f1151dd09e33c4c99e22f6193a,28,TRUE,17,0.592947006225586
1667,news,7257bf9c7287313aa30f53db637e5a46cc77787432906ed8fcb3dbc53e2ee107,1,TRUE,8,0.609159469604492
1668,news,9b8bb239c81de4c4b825f627e628c060f13e5e751690866f888f22a52255cfbe,3,TRUE,6,0.571966171264648
1669,news,e6e34ddf623143a0da51b5c47f5319125d4583fbac7649f71dce170ecbb85aef,0,TRUE,20,0.575065612792969
1670,news,99cdbec7688fe6618ec40d75380f84c03770cd116f6883adae08899aba391646,0,TRUE,11,0.576972961425781
1671,news,01c5fae75ddd9bce13d688401e4af6e3f94656c37f7c74076497fa276ca48c69,0,TRUE,45,0.586032867431641
1672,news,f1119f3f23d8afd90f21d5938914f84ebbd2556737225b4e46bfb7b6b2800939,51,TRUE,6,0.597000122070313
1673,news,198c39982a3a50c090c143358239e3d841f9e5218910deebccbbdc0c36adf910,1,TRUE,9,0.566005706787109
1674,news,b610c32ebb3b38044c5ce1f047401401354740b05a05a912d0663ca03eccb618,1,TRUE,34,0.578880310058594
1675,news,b4112b0db3c3e8c63f785b34c0aeea49f1c239dccf00427c9e618c6b04c68456,0,TRUE,2,0.574111938476563
1676,news,556bb2f09609213de7d54775a78c0829520d451590fac2856e98e857b30eb0ce,5,TRUE,1,0.689983367919922
1677,news,e3f2fe83f3f1317aed2d4b03ac9d2e0c39b405f0e7fcd3c383d91b0e8115c7f0,0,TRUE,2,0.585079193115234
1678,news,5581a444202a5e9efb91efbf6732b7de56c881a901290ccc70060bea7fcaedea,61,TRUE,20,0.5950927734375
1679,news,7701e0b055492d5fdf0134007fe4271cd05de517d45abe491912956ad55b9408,3,TRUE,2,0.571966171264648
1680,news,c9ca2aed379661dcd18d2fea524d5ade39b8c31abf99bbd054ce583989c24003,16,TRUE,11,0.61798095703125
1681,news,cf6770d3d231b65196605ac1075941820034f42fe6af4fc01902cdef8833faab,11,TRUE,53,0.639200210571289
1682,news,4efe78abddaf500f97ca4e38c6883e00bbe0d35c2291ea2ed1cf5622af86e41e,0,TRUE,10,0.80108642578125
1683,news,fa0bc59214ca77fcd24568cef7366a2106428133c18b87108b6c70954b49c65e,3,TRUE,28,0.609159469604492
1684,news,5d13f1de14b4e80f5fc1195bedf0b6fa449d0ab583a281cd187d8ce0999794e3,0,TRUE,6,0.587940216064453
1685,news,818b9ea227a1aaa8125d4593fa5f6b480feba7c679986607c8a8796c97efe486,2,TRUE,4,2.52890586853027
1686,news,3f30c664cadc7409c095a241f9ef6d7aad50ce892611b750ca23bde6fe064daf,0,TRUE,3,0.599861145019531
1687,news,43877dcfd54fef3affd715d17b3aafe1e5407e48ee223de436ca7937a50d9bf2,2,TRUE,12,0.586986541748047
1688,news,904a3e036221956f32739758d2ecb6f99929ad0f9da5f5583dcd993cfc574ca9,0,TRUE,2,0.625848770141602
1689,news,7e059a38f45c66c60c566e20f41eea206ff5b090339e7e817d8d5058c53c4682,0,TRUE,12,0.575065612792969
1690,news,47364c1b9d87528f9b6b657cee7d83aa96a45ff63a9c924cb1d379723c603793,0,TRUE,7,0.563144683837891
1691,news,b8af939572ef5cb86c845b5471ff6903e4aabae9efc4bc43f115916f60e81d5c,2,TRUE,6,0.583887100219727
1692,news,652946e9e6e91c190423091dfa202657666399fc24a9a9272f05745f17a3191d,1,TRUE,9,0.576019287109375
1693,news,203ed99c954d6505934e3652d2a083f2a707cafc051de3d5ed4c3f55d683022b,6,TRUE,3,0.558853149414063
1694,news,daa6ba88124927def7f2a36d22de620ceebc24d9f2e8d67efe80b838c425a07c,0,TRUE,27,0.574827194213867
1695,news,9ac7df8aad5aedc782195f7df0b8f1631ffaf0bd0e02d8b6935e82579205e233,5,TRUE,22,0.580072402954102
1696,news,52ea7a0fc5a8cddd4e5c343665a33258ea2ecb1490b08a5f6bca4a8cddbe3d13,5,TRUE,27,0.576972961425781
1697,news,090f36dd64d132eec04a3f8cf6829bef7d47340380a53834dbe79b58473b992b,0,TRUE,23,0.589132308959961
1698,news,b0073824949b7b34c36e60a80efd77993c105e3a8b6472ceaebad22109394ea3,1,TRUE,65,0.612020492553711
1699,news,e1cc46fd784aecab5f269ee265eb551dd4d169083f268fe77f2de7ccb8c7e75e,0,TRUE,12,0.581026077270508
1700,news,9ca74052de1bf9e9dddc8ef73acab93769b0718272041c3cdef0571447f892dc,0,TRUE,5,0.571966171264648
1701,news,ae20d590fa0ab81f559b352e67ecc2734bec10a69f686ac134a53a6be6c3509b,27,TRUE,22,0.589847564697266
1702,news,b8b1f2856eee5c511b1f9c8b9b94370dfd985f9017f97285cb34c29dd0d3e975,1,TRUE,4,0.584125518798828
1703,news,95052756a4733b6e29c4be525aff28c7297a72aef8af837f35f2be9d8e0faa2e,17,TRUE,6,0.590085983276367
1704,news,523a6cc00fdb0d10e5f5d0cb181fd44ba8d98f3bc9f35d0a36fa16c67d83eb9e,0,TRUE,75,0.625848770141602
1705,news,a5a68c80397e1892bb9d30ebdfbfbf197fdc3efd70fac5d664b1fc8b1ab1d47b,0,TRUE,12,0.571966171264648
1706,news,c6dd1ad80a559a220b6ec5806e052e332b5c9a00c73ab3f5ade6c725b0f9588a,2,TRUE,10,0.592947006225586
1707,news,010d2e457c7cf69947b9c2adf60bcfab88b2d2d7fc42db34c95a5455d615b9c3,1,TRUE,15,1.36590003967285
1708,news,3477d69465f9d624d4f16b6073aaaa1187373878837d2bc63967ff7e075a4ec5,21,TRUE,72,0.673055648803711
1709,news,7dda4dff2564b1a0538969a43cc213ffba4d76ebc1caa152ffc008d278477c00,0,TRUE,23,0.634908676147461
1710,news,a95dec9400ece70f8ad2796583ab160c517aece761ed9e7c4876ea05d7df553e,0,TRUE,9,0.648021697998047
1711,news,d4643b905794d282b07db9c6143f56ab21a19a36bfe756fc29699a33864983bc,0,TRUE,58,0.653982162475586
1712,news,1d8ead57a9c1bf73da98ada6768fa038926ce53d4ed6cf8f50279741eb2cfe10,16,TRUE,43,0.668048858642578
1713,news,093d0f08a2e638b560cfa8d69ae4da046cd1061fb512e0ae99dc5130c6a0f8ab,118,TRUE,2,0.628948211669922
1714,news,0bf96c4e33747c4155535d68227ca04de8af3d23abb3f0b39438c0ae1e8cf090,0,TRUE,5,0.622034072875977
1715,news,ff8f243b361eb4f4918471cd0b1815d0ec43a48aa3e8285b045fffe3e09bc691,0,TRUE,12,0.694990158081055
1716,news,4d729f4b672c7a79c65c86f400f3294616c741a1055db66619bd106bcbc505d8,10,TRUE,13,0.65302848815918
1717,news,c9b3277a09f79fdc986380073f3c8b5c352c01a276fd2f463ee89bdea785668d,0,TRUE,40,0.666141510009766
1718,news,82e4748acd3b60da6ad288b113bbd9cb8b2f7a0dac449272933cac8567b69d5b,2,TRUE,26,2.53701210021973
1719,news,796888a7bbd00e35f3a7b26a4039a5c0ac493f14539b07a037b462d686ec3ff7,1,TRUE,18,0.579118728637695
1720,news,39a5bceeea901b1334cf9d489d4f22147388b74e32efc44ffffab5f3e729399d,0,TRUE,2,0.597953796386719
1721,news,0b333152ada0a51f8fccf86bd9123509402a036edd08359447b4b0533e126e3b,0,TRUE,12,0.576019287109375
1722,news,362b8fb411be72d74ab087f8b2522d092f0dd9ec9f2e11c9fb8fc6e48d062dbf,0,TRUE,1,0.772953033447266
1723,news,f5091ea7476d6f256b1e8dc65cc467afbeb6f41180f8cbba29fb742f21c679bc,6,TRUE,13,0.586986541748047
1724,news,14da3e8a6e4d6b365c9cd7972b2c31d642171dd0d9a6c26884327e07e4adaf2d,0,TRUE,1,0.838994979858398
1725,news,baf504bab9b0f2b86ebd0125abae81d963f27edb98b14f7012d5eeb816677a1c,0,TRUE,20,0.597000122070313
1726,news,c7be1e738341226582ab8c832effad2c90d0d06df2394146d1be01ec9d9df8a8,14,TRUE,6,0.581979751586914
1727,news,0b7008b275df545aa84befc4fa56f26cc0e7947655d5fd56582c79841592a2ad,1,TRUE,32,0.583887100219727
1728,news,f8c842020ce7a7c453790722ce9209a32d0badf4d7260acffe5817c8cb469523,0,TRUE,10,0.566005706787109
1729,news,371137175f60fc54b8ac582bd1ad9e72d3dd615790892d4c323eb3a04565067b,2,TRUE,17,0.576972961425781
1730,news,1cbcb17f2b436a8044bbb99593c02f873a9d171dc8801bd7002214ee0136f1e3,0,TRUE,2,0.572919845581055
1731,news,cc6ca339869cd7fc8b63eeb5fab220b31f4841172061f15fde883a674556d1c3,0,TRUE,8,0.584840774536133
1732,news,06d87839986975003051689ddeb34aefc0d97808400389c15e5f04c885199d66,51,TRUE,7,0.578880310058594
1733,news,10740f6db5a4fc2f6c2255c2fbe8d572fb0f6990cc9adaaa360872a18051a776,2,TRUE,13,0.575065612792969
1734,news,2241a4ec4ef2986823860c17e0914330416b1ce729da53f3e6ad5f02b823c000,0,TRUE,47,0.639915466308594
1735,news,375e684e943f5123222734f45d13cb31ceb188e35a3f9904667447c11f908700,0,TRUE,9,0.603914260864258
1736,news,fe295d6f053dd5e337063ac91fba336a60dd38b52defbccdc0336fc7589a9b2c,2,TRUE,14,0.597000122070313
1737,news,8a42c86d0bde16eb378527628d46b03b74ccc7244460d352b3603f308b29256c,4,TRUE,23,0.602960586547852
1738,news,87993429d17f16c10c0a42eff771523e659832f0ad76054319654b4a4019fcab,0,TRUE,1,0.795841217041016
1739,news,925b0ed35199986dc912032fcc28b5c5a2837981946e212612f0458e027e3f97,0,TRUE,1,0.78892707824707
1740,news,05c0532057e91754ebab8587b92ef1ab521f94932621000ccc3559feb34e3826,11,TRUE,10,0.585079193115234
1741,news,db8b991321ec351df8469145a0404528f294e4fc7a1c1ec212aa8bab907e2be2,0,TRUE,39,0.651121139526367
1742,news,b5ef1386b96c0a5e4f387f82a7ef559f689f930fdd1151db7f10683f0279e522,12,TRUE,23,0.59199333190918
1743,news,9364baed39388ccf0c3f80959f9982c57c9e1434bd8ab1537cff9862a36cb886,0,TRUE,7,0.591039657592773
1744,news,ba766cb5dff5b30c8a5a910ada209fd76da8b4ac75456e523d2c000fe753c583,0,TRUE,42,0.623941421508789
1745,news,9bd14f87f3481f62726a127632ccdf77443fa030cf64246e37cc99ca8daa76bd,99,TRUE,9,0.586032867431641
1746,news,40fc69d7622c8de8d70adf9a7677e0951265f15a4ab10a5c961071c8e0651b51,4,TRUE,2,0.668048858642578
1747,news,dfdb5d042447eaaf2453485e35809de76fbd0e170eaeaab8f90f94c2f1f242fd,1,TRUE,33,0.601053237915039
1748,news,97ce37a58d0542e9e2ef9f3b351510cb0c708f989bfb4ca701344accb362edd6,0,FALSE,1,0.803947448730469
1749,news,58ee44eb96bc2acb543b7cebaa994577a00175245d271798df378670720e9c29,0,TRUE,14,0.62108039855957
1750,news,effefd183f59b856adb0fc25791d80b95b7ea6bf7512e6e1d8c4af50c1495148,1,TRUE,41,0.620841979980469
1751,news,26f6a4810a29a5c21c0e1fa90fc4d86da8b414e3b114f96036aea7377b3abf4c,2,TRUE,19,0.59199333190918
1752,news,c22a6b20617c39226e0b95867a4842bfad1957a1cf381076ff1c2554589481cd,0,TRUE,29,0.631093978881836
1753,news,7595ff159bdc369eb1ffa6d4f1f7b84ee8101ad049ef24d34b5eedcd296bd0b5,0,TRUE,5,0.572919845581055
1754,news,445777b079183d3c333901aee6548e2621615511291aa88d390990d7e61e890a,2,TRUE,23,0.599145889282227
1755,news,9e9990dcc7e211898a5f11cdecbffd8247c3a07833ca2f04ed526d8a873e7e84,0,TRUE,1,0.684976577758789
1756,news,3df1e95c3cdf709d112a176ab8d256aeb3f560a631da8512e103accbc386cfc7,1,TRUE,11,0.573158264160156
1757,news,8e452ad577e3d0f6e4289aea19977ad1888fbd260b9fb182c3d4cd852626fc5e,3,TRUE,11,0.574111938476563
1758,news,31756ed93ca8b931e1417f5df8b339fbe1f7b2dc56da04deb3689fb7b9b81468,2,TRUE,36,0.601053237915039
1759,news,f877fbbc60c15d84622b85741d8b8bc6ed2b8561f19431cb8cee1b3f492b558e,0,TRUE,22,0.592947006225586
1760,news,260de67b34deae81fa1d1eb3d64b03b2894e693e304fcd828a916b6030bf400c,9,TRUE,3,0.586986541748047
1761,news,ed7884a89ff7a7b0a09d3b11166601bee26083690428a6c8f28ceb7a46daaded,4,TRUE,5,0.59199333190918
1762,news,95bd6d55b7e2341b8171f722d213e4c4c1d41f5f280cf3f1bd36ef7342972a20,0,TRUE,34,0.606060028076172
1763,news,daffc7968b5b43dc90a84f5e63f6bea455c6b39341c817374ffb507c22603b3a,56,TRUE,9,0.627994537353516
1764,news,335691c4a65063f8d544d53deab24a95b419f2d36dcf2130de3128d716bdb3ee,4,TRUE,10,0.572919845581055
1765,news,cee022dbaa2753c051df59ed4ebeb3120d86a7e01894e4e0a04c924b39125727,93,TRUE,13,0.589847564697266
1766,news,c622adc48773ae2d94f724cf1ba88ca9770bf730351ef01a25189c2af1d72b0b,3,TRUE,9,0.571012496948242
1767,news,10150597b5fe8631b7a631e9db8a9c89cbaa9c348c1719d9363826b757d8d0bd,2,TRUE,14,0.592947006225586
1768,news,b4315ea91fc4f68f7a3b723975f30cdaec3a34829ae5299206181b1eac118b02,1,TRUE,13,0.588893890380859
1769,news,e7e5b8327d49e8214af20542017885b4a0d41a91c2d8e4268070bf1f2fdb88e5,81,TRUE,35,0.590085983276367
1770,news,8033915945de194d6960f87864d5939a2e9dbe4ac80811cd1c2b87f0f1550a03,0,FALSE,8,0.583887100219727
1771,news,26c1963b0a692862b8fa22d07e1129b9fee5f813705a445aac982cc4c5d844d3,1,TRUE,31,0.586032867431641
1772,news,1b526708bd26e4dc7e2e904bba3915201cec8d263cca87a68c872aadac747135,1,TRUE,48,0.607967376708984
1773,news,624fbe408207b491584ee6615a2959fa56d7330f5f1c8df4f9250671c210b494,0,TRUE,6,0.583887100219727
1774,news,f4382d58c1236d751712fd2d01b91504f6a45880d43671463fd2eb8ddd6c7371,0,TRUE,13,0.599861145019531
1775,news,294dd9b0feb81ef167303c74f8c409f2da3adaf760d32e4ef6cf6b2a180cbeb2,2,TRUE,38,0.61798095703125
1776,news,ac5e65721c3426307b2c4475ed07a195cac50bcf9f2910a622caad55d2f75d51,7,TRUE,12,0.609159469604492
1777,news,28a6495cec8b940042088d5f1f3bd91e89d4b460eaa2767106a2bb864bf95ea8,0,TRUE,32,0.592231750488281
1778,news,046d08921372da5f23773c23b1592a0ad272d3ed85677923d4d93c0d71ac0faa,0,TRUE,19,0.594854354858398
1779,news,41542bde411e677f50c5edb2e95c7d08983673f01dee1ca926cd70761702ce93,3,TRUE,19,0.585079193115234
1780,news,afb599f51f92191d476b0e331785e752e6a9c09c5c01446803766aafb1cf4c89,1,TRUE,8,0.594139099121094
1781,news,6bc8e4ed72afac2208d5f3d438a38d3152c5ca171bc2de2e0e70e438604e48da,16,TRUE,4,0.620841979980469
1782,news,0b570d02d1139f51234c18bc723ba848f091e104c8e79ec2fd9b458bfcfc2aca,0,TRUE,9,0.591039657592773
1783,news,f25471e058fdab7efe87c4f57096997e023f42ee6fdcb699db3f8883b4fb7c69,2,TRUE,11,2.55203247070313
1784,news,381cb97e68a91c2a87d92890f38017d0f64422812a092e47b552f0406abb911f,62,TRUE,26,0.594139099121094
1785,news,1cd4488bbe0b21338a7f78150026dea4f5b9b1e647ed224aae8dbed261d46a20,0,TRUE,34,0.579118728637695
1786,news,5e2dfdac627700e4154f5b1d98d8a0786430391a9e3cb2f42fcb6c3a766288ce,58,TRUE,40,0.598907470703125
1787,news,58b1e35490167cbb0b850277ed1d8f33f99f1658e2a5e77fa830a85724b5c725,0,TRUE,7,0.581979751586914
1788,news,31ac65bf9775d3f8d90c691cc39d9854245a673797d278ee59377a2e321d8c59,2,TRUE,34,0.591039657592773
1789,news,21f46d3d02f2f89e3875f1f14aff9d8df80d1a57808fc2082c396537fc3b9efb,9,TRUE,15,0.587940216064453
1790,news,91783f4a2c4ae124b6390330874424b12a98aa56b659e26634b4bfbcb9c3879b,51,TRUE,17,0.645160675048828
1791,news,2f09d93b45e5103a71f09e0ef32b6f7a0a98104d29e6edfaa874b8017422678c,1,TRUE,20,0.581979751586914
1792,news,aa0a1b02ed8fdec835603e6c02fee34b8c1610b1a5dc5d4ca56aabcd000692e6,0,TRUE,3,0.587940216064453
1793,news,f45c9c4df7e8641e1c3829f28549b325904bfe5431b0679a3e2dbee6a7c01a8a,6,TRUE,1,0.710964202880859
1794,news,34535a5ca52fa72639fae7539dd7094928ff51b17054b9ee781b870941348141,1,TRUE,1,0.710964202880859
1795,news,6090ee33e160633ea08cbc4cbbfd8cfa2e41e46744301f9c23b1c1917d1b5ed1,3,TRUE,19,0.587940216064453
1796,news,1bb957f3358c7a852d9b8f9425ee91b53408c47208c1283086edaaccd2e1b131,0,TRUE,11,0.586986541748047
1797,news,e6cf903cd2764a6b374049ee3e9e2ef3ab450296c92412c7ee5b59c1c37253c3,2,TRUE,2,0.576972961425781
1798,news,3b88192c0254cb00b6fc79a055224726338a8e13e4cebfe323f035af25a67b9e,1,TRUE,21,0.581026077270508
1799,news,fbe6b8b4214c2f7ee1ff3aff56d122dd5d10bc6eb7aa91c068842d5b9cf123ab,16,TRUE,56,0.610113143920898
1800,news,a00e7a2d2a2f273ca5b7d274395687c84cafa0eb9ca94615302d4a0408dcf2e9,0,TRUE,11,0.59199333190918
1801,news,b5b77cce90fa05f738625420285ec9dce6ca329c20b5e51d97b66a701708f8fd,1,TRUE,16,0.581979751586914
1802,news,b4f562b242ddbdf33a27818544f047c1a5a998edb62ab5b82c18261588ef12b4,7,TRUE,60,0.629186630249023
1803,news,1b0f8984447cc5ab76fdbe510c0c667537487935cef82a4f215cf962837eb73f,3,TRUE,3,0.580072402954102
1804,news,d6031af575185076a9610598fcf557108576ad9d74ace9ff2f6f4e0a75de479c,1,TRUE,3,0.568866729736328
1805,news,2dd5a1e249b39e4c2dd03899230356115d12fc2510c57ee3c5e2852b79095d9b,0,TRUE,3,0.587940216064453
1806,news,c1a0f06b18d9081336779e056e64cd1ac6eb5559b40cc240a560326a7a6b36de,0,FALSE,4,0.590085983276367
1807,news,dc809b58021b134054015bc247a94ada09d4c07a1d989af9b4022faccbcee56b,4,TRUE,13,0.597000122070313
1808,news,2f0b984aee2b363573e2b3453622464c6f9d0c199189d593b19ab9654b4ff689,1,TRUE,11,0.589132308959961
1809,news,dac438ed31054e3b194493c917633fcc6a24e0e716824bc7a2d55bba1ebae7fb,0,TRUE,3,0.587940216064453
1810,news,29b543d7b86de8f75b43242b722e3fe9795b5da9b4fe7119c5f7afdb2368c570,8,TRUE,46,0.597953796386719
1811,news,74b8f4ada1d65f52ee3bd69c889de6885ccdd308e9007cbcbba6a3dda8f78b90,0,TRUE,5,0.648021697998047
1812,news,4893c59c1638c225bd3b404f72fcb260a698ab9b07cd4e4c99e01086706b3469,0,TRUE,2,0.574827194213867
1813,news,bc3a239a67d65b2a512b8609051e8ceb3c58da1b3f66997b963028931db756f6,1,TRUE,24,0.591039657592773
1814,news,6ada53f013288130f55dd99e507804e95a754a4e2a05afea6cf77edac7af57db,0,TRUE,5,0.618934631347656
1815,news,c5bc1fbe77964fc33dee6f53e7b44f7fab60c0ffc5d85309dcd0a11ccdb4902c,4,TRUE,14,0.59199333190918
1816,news,a7ca59a205b34c78f3b0f90b46a356b64763102a731a1a631d195b642691e695,16,TRUE,6,0.581979751586914
1817,news,cb9f83538f0fd25fc4d182a8f84e4b63d9dd845dff0d36f85e80d201d2938edb,0,TRUE,2,0.566959381103516
1818,news,055cd8045bf3d346a832e032767b8930451f98ef721492cb4a47f61bff19562c,0,TRUE,16,0.611782073974609
1819,news,8faf2380dae42f5993207ea1bc488abb1514241276746b538765edc6b7159b34,9,TRUE,5,0.615119934082031
1820,news,a4d8bf7627d7970c530c2e319979e8daa9fda7174a8a786745a7065be18697ee,35,TRUE,7,0.587940216064453
1821,news,12ec164bfb731e103daeaabc98090308224d5592b427e0baedd614929b5f63be,80,TRUE,2,0.561952590942383
1822,news,9c1eb1bdec7a661a105f6b4ea829da7dd5d1af7bc8a93046d17851528df1103c,5,TRUE,3,0.575065612792969
1823,news,8ec506f88385e397f860469295953414fa442b4284cdf803299f65fd01cb29ce,1,TRUE,7,0.589847564697266
1824,news,329ae7d4c2e7e1eb9abbbf50175f62500537e5799653291132eeb4ea6f324967,0,TRUE,2,0.579118728637695
1825,news,d4efe093c3f50b693b6096a1aad39d492672ec0ea185b3277022a061416a03e2,45,TRUE,10,0.584840774536133
1826,news,184ce9643fbb2484eac51f1407bd519a0265dd0b6e5dfd1384abb8578187ab0a,1,TRUE,3,0.583171844482422
1827,news,1cb4b36f8231b6aee47461d24a0700e3ce8215837f4615c7a3e83b106060f27c,2,TRUE,12,0.577926635742188
1828,news,5acca3fe3bca63384585166ce8785bc64f920ca929ff621da233bf83cac309f2,2,TRUE,11,0.603914260864258
1829,news,4ac60bf4bc2c123be20a074cb66fb844b6b658367b9fde5b8bf814d726e0ad62,10,TRUE,1,0.693082809448242
1830,news,f36f35fb9539707e32fcd1c4f81c3df3263be0f2964296f97fcd4a7589f3d1be,62,TRUE,41,0.584125518798828
1831,news,31c6ada51a856729085f6bffaae626b0b8f3bfbdf602d2cfd1fe00bc787f6484,1,TRUE,15,0.58293342590332
1832,news,f9dbefbdfa905370f82e90abf92d6a746984faa5f52b07c6eaaf7900e97b0245,7,TRUE,21,0.609159469604492
1833,news,f9842b4d9b3fa125c891f17af68dab7e4f26e58957d6eae779b61ca6d0d4fd6a,0,TRUE,21,0.583887100219727
1834,news,9975427caef13aeed861c546dad692260d595cb59c92508f9e065670edf3e16b,0,TRUE,17,0.581979751586914
1835,news,f87658eb47e975061799a004eea94d303daa719e50cfc925ce8abfe494ac2ec5,0,TRUE,11,0.581026077270508
1836,news,e02aa5d5a2db2bd22f737b7f59a36af0eb67a739d3c1f87d8a540fb92636c336,0,TRUE,4,0.590085983276367
1837,news,89219f2d6463183f241c53f2b7c60b140cf8a792720a5605b30896ceb76fa9f2,2,TRUE,33,0.588893890380859
1838,news,2d81e3bd8022124e6e8ccc0ebb2cd6a64aa45b4a2d73a97a1cb3ed846156a781,0,TRUE,30,0.658988952636719
1839,news,85d265e6a66e42bdbed37a6dace0c92575c24aad2aae602d15a38219e90cba86,6,TRUE,7,0.593900680541992
1840,news,4477992e73f58b9ac8ea05276c1b0c2aa37b3029dfacc6336847bdfa5f3d8e20,0,TRUE,5,0.58293342590332
1841,news,3a95e52e21fd92819234fe702878f1ecd72ea6ba74d74cb195c309c905406f6b,30,TRUE,13,0.590085983276367
1842,news,1e04dce6ae9bba0b6c543245726723a8564e5a8efaeaed30fd95d88ef8bd7dea,0,TRUE,60,0.606060028076172
1843,news,08c764f8908003431260f7b85632b5dff0e4d88205a8598f2b866f893b88a4e6,5,TRUE,8,0.58293342590332
1844,news,e1647857b6782a03138c17378a82487ed94c526ae1b3d8ba6617aecf3de0c340,7,TRUE,55,0.59819221496582
1845,news,b5a2495de782b0b7806bfebd54a8a8a5d62a28309292c724621bc2fc8b406e08,0,TRUE,34,0.590801239013672
1846,news,8edf961d1122df981aaabe40cc48d2a7a40db668e71352de4ed5ea2e16e8adaf,5,TRUE,27,0.596046447753906
1847,news,1a0984e7541c36bd7d378fdb1d984eabd8ccfa141edfc98c24945aaaed7fa96a,1,TRUE,16,0.600099563598633
1848,news,2064f7dca444b1e83c03d911904c97455a633eb2dda0b3fb68d7336d42119e0f,0,TRUE,5,0.607013702392578
1849,news,ba8e4057fa2794eaad9bd68916732b0982b846cc30d770320c8b4c260e32ff6f,2,TRUE,17,0.578880310058594
1850,news,2685a07e311b69b7490b50384772b80f6c4917b7d50bc24e5e6496483704cb98,0,TRUE,23,0.59199333190918
1851,news,e96783857247daa8aaadaa4feba1d4fbbe1ee2e2f569eb8a9792aff0ffc933ad,0,TRUE,15,0.583887100219727
1852,news,c810d0185270a5e7d1633f7d65b92199a465082672622b5aa3cacc9b7d18bd43,0,TRUE,7,0.584125518798828
1853,news,08c79b041146a0f0b8f031425d27438671e06066693a08653d39aac0b452e6b8,25,TRUE,24,0.567197799682617
1854,news,80eb896ff4642ccfda08355121bf52cd8c028bf61c533f73e145495dd8ace452,0,TRUE,14,0.585079193115234
1855,news,cdae35fae99990903ccd6463159abfce5a04d17abc2c5f9fc605a8fd2504edbc,1,TRUE,5,0.572919845581055
1856,news,c90802f03b4607acd05426cf9ac375ecb4b7154317cbdf1510fe31b9dba6aeda,0,TRUE,65,0.612020492553711
1857,news,837591ef2ea4a3234a4e9e334c0d6e9399531f1e1008d668322233f665845ff2,0,TRUE,10,0.583887100219727
1858,news,51c6933b1e2aac5251e9b60abb2a2ed06e0424a32495580740666b73e491c35b,1,TRUE,45,0.597953796386719
1859,news,06831a652692bd3661f879d691a7fb2812ce63f004c2687f90de65e52d404422,1,TRUE,12,0.567913055419922
1860,news,5f43c893b4107371fba50a2bdb21feab7f48b5f30d9f8514f20e4e32247ccdd0,0,TRUE,1,0.680208206176758
1861,news,6e6938b164200fb864b4554017c38b165c58942e81179cfc3b6d1af3b6546616,0,TRUE,19,0.576972961425781
1862,news,1cb87dde93680192fdc661eabaa83c5f5cab7f97385905472a582dc93db09f33,0,TRUE,4,0.571966171264648
1863,news,588ef6e8df6d9df9e4b6494be830ae4a708bb991af41b65e3ee110d1ecfd5596,6,TRUE,4,0.572919845581055
1864,news,e6eddbf38a807b5c0a48fabb4f1af829ba757f7e5d64801a7267454465cf79f6,0,TRUE,1,0.694990158081055
1865,news,1ff26dfc49bcf1b0398f2fbefd859a91d7143fba9b7cab5dd246411bbd0862b3,0,TRUE,39,0.657081604003906
1866,news,a2c741ca2dcc84135ecafb9a2d338f447d01166453c4d792dbf6868025f2fb1c,18,TRUE,4,0.607967376708984
1867,news,3dbd5573242966fdb4c9e6d66608911c0c4adc7f7077c16e7ad9ed5e8ddbf503,0,TRUE,9,0.578880310058594
1868,news,1c31f0cf678646b0e6a92bc01b6ad9f8283cf182e1f6444890d35d82bbb0a857,0,TRUE,28,0.591039657592773
1869,news,1d1833f02f3c09d8d14bcf2be1b4437e6455cfbc33dc2352e3511c8207aaa650,1,TRUE,11,0.597953796386719
1870,news,f230d413f0bf02cce1da2e85979252e21406105ab184e38889f00fabe3ac52a4,3,TRUE,1,0.703096389770508
1871,news,1457a53506a088a063b5ed89d0dc6c4a5d4d9464a93fd9d2e3e87713b9809f6e,2,TRUE,17,0.597000122070313
1872,news,38c36002b4ecbec1feef956d7096f2b0e6039beb453b1ecb4498ed84ef463ff4,0,TRUE,7,0.589847564697266
1873,news,1e4141d35eeb757d37b29fa108e0f7ec34d2aa5a383e44e00a11a8bec99aae41,72,TRUE,1,0.697135925292969
1874,news,f9bf34c190a7feb0c7bbcb39a564de0b777ab7e7c7d076592df0f0fc010f2a28,1,TRUE,9,0.586986541748047
1875,news,cfc7e5562f55245f0bf6f7122efcc65cbd60b4c1f562795faa2c07bb3e7299c1,1,TRUE,24,0.589847564697266
1876,news,ee0e793129e753758b6c331ca4ef9418ad63e2714218e95d1375660789853f41,1,TRUE,42,0.623226165771484
1877,news,cdd4d7935b8395c1245cfcfa9307d30b97e98a49df187781c3ebe2930651a2e2,1,TRUE,10,0.606060028076172
1878,news,bdae47b10520ead2b11e7499995e55e49b0ca3ee379978d5625a45782168c4ad,0,TRUE,7,0.63014030456543
1879,news,237f67d837c61c8322cc9e0e28395f8a8dee560581470ccf5c63aab733f8d1d7,1,TRUE,3,0.609874725341797
1880,news,a142cdf4f6deacfa1c53867a99edc6fbda0f2bf8b38aff6887a8747d2f6e575d,89,TRUE,5,0.602960586547852
1881,news,a4a4a549272717ff9cd5d322203c2b6dbf53843c3850e9355fe1f3b320d2723f,3,TRUE,5,0.578165054321289
1882,news,ccb82d2c2d619c7e38113555c7abf338655b990cef832249712584417e66304d,0,TRUE,15,0.578880310058594
1883,news,e2a632a5154d8e85f7ce65932d3b51e1682d782e97edf79a5f742aa74e5834ce,126,TRUE,12,0.593900680541992
1884,news,48402a13eef8ba79e5d46c9698a9f7c9ec9c708406f98703e918dd9a33bf814d,1,TRUE,5,0.600814819335938
1885,news,0a91ff06217f91daadf18e9fdf5dee90b6f354e964a9d98eb47a20589c2c1ec3,9,TRUE,5,0.583171844482422
1886,news,314eaaba7314c589c4598d40649386c77bb663debdfd23060f5bbcf1ba860a56,0,TRUE,7,0.601053237915039
1887,news,3c159c38da4ac41fec3cb4ed5e6af2586f3762671f9e3379ae29161cc0c872fb,0,TRUE,10,0.593900680541992
1888,news,31f900fd6e57ddf8087753f0fceec6e92fc616652f057e02ffbebbfcbaf2adb4,0,TRUE,5,0.572919845581055
1889,news,cd0eb77f3728f5b8ad7f64114e8ca696dc49fc3e35d70dc8b859a350da8c2528,0,TRUE,26,0.583887100219727
1890,news,06010aa3a369139d77c0c9d87244e85d29dfb15d3516eee35e366bf2b95aa811,3,TRUE,36,0.583887100219727
1891,news,997a7e7727e07bc816447d427e4dab415f26ea75953819e49890cfbf8ff8879c,2,TRUE,3,0.574111938476563
1892,news,517ec62b9d49021618ec4a252420c09de3d2b85a5dfc329e254e43b9a4df7ed0,0,TRUE,1,0.687122344970703
1893,news,ba300b262583b6318c42b5c80660ee306f96d0976583060eba80eee1a55e5bf8,0,TRUE,32,0.5950927734375
1894,news,78bf6b147a2582b2a79d1a959b45669401f308820f6eb74ad7b92892ece4e6be,0,TRUE,27,0.586032867431641
1895,news,f426d630c6b7e9139b9506ea5fde67a45c0d3716c086f78976be3951078b4d53,0,FALSE,6,0.550985336303711
1896,news,82822255280167e3d7baf660ea42853169df54de72e3cc0f6e55eb64e56362bb,1,TRUE,40,0.598907470703125
1897,news,4974240003bca61c67719df85b9642a73e98cd88e09cbca32ba6307910ffceef,0,TRUE,5,0.588178634643555
1898,news,898ba52e8024434bf3f6858ec52d5cfbbf6270a430b590031198481de8a4395d,0,TRUE,46,0.59199333190918
1899,news,4b0f308e756994afd4647de6d27cd66f5e4beed7ed0b1cf64838ff2324d990c3,22,TRUE,23,0.61488151550293
1900,news,254e607fdb0a349ed65270d46d3bcb47005bf6a7d4b9c49ae8da8005d8040aff,2,TRUE,5,0.622034072875977
1901,news,5bb9b097635ef6f35d1ed023b9e1fa6c19393ff85198623a5ffdb171b0801777,1,TRUE,24,0.607967376708984
1902,news,0de2c473d3ad484a5be39e8eb479916b907d34cd785b5c779522bc232440ee00,30,TRUE,58,0.618934631347656
1903,news,19f371a9da25d499d08a9005d33daeeef44c3ac15b9e82884b2457bd626d1f90,0,FALSE,27,0.597953796386719
1904,news,3b566aac1815b8256a89023d60dd694f70ca7bb0922f091464b9bdfe38e9b9c9,71,TRUE,28,0.626087188720703
1905,news,3cc8b191aefcb10a6ba32b50dcd5d48d7172c060b79440cbf4e7bb2f451ca501,0,TRUE,29,0.592947006225586
1906,news,68854f17114a6f9ab132e8f03db6146f9404f10b238a42d2f1f3f3b155ac2a9d,0,TRUE,36,0.607013702392578
1907,news,191661ec45843d8aa6f530bb127811cbceb98eadefccf6300a4ae2d6f7a71acb,14,TRUE,20,0.577926635742188
1908,news,095a9dd16320f43ab56edf7f0040848ac6d530085b6ca24fac02e108b3bf8929,2,TRUE,11,0.585794448852539
1909,news,3aa13bf3795ce74e25606930fe3ff499c7e44af1b4ea54fafe4ff6873b7a0c3f,1,TRUE,17,0.585079193115234
1910,news,d573df1e39d95603da8df425db0f265b0561e660a6b18af13b32bdf3e16d3d36,35,TRUE,5,0.564098358154297
1911,news,3985b116c2c02c42cc20c16ff66855a1f511105cefcd907c12ef7bb2fb639c23,1,TRUE,1,0.75221061706543
1912,news,eb3187600f173da2ce6b7d0a59904efceb49668df4e8ca9f02e8288e1bf22f42,100,TRUE,16,0.597953796386719
1913,news,87c56f845ab9720c63892e50c10cea4508b43c5269a7fab3ee5e1c6d0b87916e,7,TRUE,1,0.672101974487305
1914,news,f8e0e750a2d5c6417c936741d407bd32c01c8b8aee4775557769b91b5a744fd4,0,TRUE,9,0.58293342590332
1915,news,7c0378bd4b1cb49cc7506f002fca5f29067a94241fd0c77a0c742e49e2be3541,5,TRUE,6,0.576019287109375
1916,news,6d5f2c4303580f0d5d270ca5711bbacea6d56a1f44dc3c8c4bfa399c51613681,0,TRUE,15,0.576019287109375
1917,news,237a49c7815cf3df89f06e11d5b28e7eed5a61092904d28d9e9f75c3d08535ae,0,TRUE,18,0.579833984375
1918,news,7ef3b1d307d6fd82929c25971875b3a67dab874ffa879e3d275f0d32f889276c,1,TRUE,10,0.577926635742188
1919,news,14f2e25d5687477d3239b15dbee8d67c2ccdbb6768a36434c99378c9be30c66f,0,TRUE,20,0.578880310058594
1920,news,cf8cb608e8d6a38e3d9dab8a3b3f0af85920e216544e52f1d385b100cf8f95c4,7,TRUE,2,0.596046447753906
1921,news,edbbbfaebae8b43d041244e0e77395f6c05906fbc1a2b45db81409c1556fb9c7,0,TRUE,13,0.579118728637695
1922,news,741fb42ceddaba4bd91d96b1a2cba3b8021b2ebb7bfa6311be9e68a271acf60a,0,TRUE,36,0.581979751586914
1923,news,4d199579b110f24538521b3f294cbcd2e86578f3cd9258dcc24cbded0684b603,0,TRUE,14,0.56910514831543
1924,news,73aeac5239dd7d094775fc769f6cf650da2abb01f0254815e45fcaa23f2773b2,3,TRUE,18,0.593900680541992
1925,news,12c0fea87753aab20b4bf660e30e42d2d543fab7e012cfdf2f8d32bf22f371ca,0,TRUE,35,0.590085983276367
1926,news,397c4024f865bff47313edf923f6db5cb2a7f7cb55456acb105748fb3c517309,5,TRUE,18,0.584840774536133
1927,news,9ad5cb5d0f7c9fd757b58e9827e46a1cd65fd93e84586667509b8bc1c9aab3ad,0,TRUE,17,0.602006912231445
1928,news,b86a6d369e038d3f9ed23a18c6a5c9e7888ede1937a19398a58c7dae5f0556c5,1,TRUE,1,0.690937042236328
1929,news,bfb52ff616baef1c027b6675a1974eeee3f88dade9466992db1df287b05ebacf,5,TRUE,6,0.571012496948242
1930,news,4f8da016e9c34595b92221570e6c7f8c463925f4280287ef104282d0bcc39578,10,TRUE,5,0.578165054321289
1931,news,7462afc3fcd35ef96f518a9dde8f878093908b242570af5b092a4b99869b1e7f,0,TRUE,40,0.586986541748047
1932,news,fe7222c0646193175d392f7263323b08043e60245b11b165f3a320b4d1c66b46,1,TRUE,5,0.611066818237305
1933,news,be20a843334bed459daedc8346a9fc14b7a013f553ccc7bc5e4e7ef3a42203fc,8,TRUE,3,0.602006912231445
1934,news,e841ca54770b898bc47634092e4fc5894ae16ada0e5af7630642e4334b8b7617,1,TRUE,106,0.632047653198242
1935,news,f51b566f90d808ea3a010f2b5bb62bcb989a63886f697f7f97859397aeefcbb5,0,TRUE,33,0.702857971191406
1936,news,6362ecf5c9523b71d760598289e2faa00b60c90bc89430285b48b57557f78b1e,0,TRUE,37,0.702142715454102
1937,news,3a2ef254f932613d6fbf5ab7a659700fd9c39201b9a1ef8ec84093e875049a21,0,TRUE,15,0.684976577758789
1938,news,8b6ec7fc801a616c7e1ac76665c2d5a08964f0e5abdeeb21ec263320b43b7220,7,TRUE,49,0.615835189819336
1939,news,d67e912ef7ec7828e972cb1f27e877d5eb66b635237f91e999e4b7169240beca,9,TRUE,6,0.615119934082031
1940,news,ce6db167dad9503513508721627f8c32f4b74078e829ff7f7a352da8fcdf6d75,3,TRUE,30,0.610113143920898
1941,news,64504ff2e198772cbc07d703b8145f685679f00da49e365f9ff3e6ce485b8ca3,0,TRUE,34,0.606060028076172
1942,news,178b29ff3df556e8350883a5ba3b631b8a7e2ebc34b4ca80a58c270ad1fb7b98,3,TRUE,8,0.651836395263672
1943,news,276223244c2de0eeb15105d30534be866ce49c05a4dc5bd28921227ceca8aa82,6,TRUE,2,2.66695022583008
1944,news,e8a5fd7d8fccb804a929de02840faeabff282fa550a249afb7b4212860beb6b4,5,TRUE,21,0.652074813842773
1945,news,009adec9bc7ae5bd2e3a1c30efb6e063bef7ce9dbf2bf272caa9a281982edeea,0,TRUE,23,0.616073608398438
1946,news,668a1d8908f782ab925c3741932f2ffc1dcc533baa7266a1cf01e3160887c4e4,1,TRUE,51,0.601053237915039
1947,news,e57192f9f72b4cf62976b26fb699813100b6a58dc7a9a989439436aa42719ac3,1,TRUE,13,0.597000122070313
1948,news,ae5f5dc5670dd3a2198a3dee783454f2c0dc760dc67a4a1bb8c596d48a0751f8,1,TRUE,15,0.598907470703125
1949,news,1e1ae4999a09fcbba9cb9b55d066fe580062da7eda2cf736812106edd6d888fe,1,TRUE,7,0.591039657592773
1950,news,7d95497f3a60daa37702804477094c7d989e1890dbec9549a01b35c95a3da2e6,0,TRUE,8,0.627040863037109
1951,news,bca7234bb303a0e4a6be89af852af5e94b3db191bf75c7f88a3e33fee5c797f7,0,TRUE,1,0.68211555480957
1952,news,dc28bc8d87028fc6605904c14674904aff20c5e18c235ac9befe2c23e3b5642b,5,TRUE,19,0.593900680541992
1953,news,2bf03c15c62c56c0acba9425dc5b7c31b779983d458491b9a114dd051d067756,49,TRUE,5,0.587940216064453
1954,news,43c8adb7d91a5a0b0f7af20021834b295dfebdd9aab74d498714fe7a9ffe3c24,1,TRUE,3,0.590801239013672
1955,news,e6d98e7c39a8bd4ce1e8d4934c34d3be6a36c82342725c03264c325061c725e4,2,TRUE,2,0.589847564697266
1956,news,65ff15cdd746cdfa358cc8d62f93c4f5812831fb23c68b983045f542736e5c9a,0,TRUE,5,0.566005706787109
1957,news,b304b519d25fbfca0169b1c7a3f74f956d173a296bb8452e4dc92dbefc6f6ab9,8,TRUE,11,0.591039657592773
1958,news,de06165c35797e38d6d31decedf49bc2f479cc0b297927bdcd68a51a670ea11b,0,TRUE,29,0.577926635742188
1959,news,d877415fd009435e7020ca5c4ae7d7e78cfd6dd09d8673b39f7d9cfddecfea85,2,TRUE,55,0.617027282714844
1960,news,e266cd3cfe588bd577334c483af6c6c80de986c244d7f08e0e351773838dde80,2,TRUE,11,0.592947006225586
1961,news,ed2bdffdf332c1dcb9bdf03150bf5ca99a3df6ca49d17168842f1ddd72582faf,0,TRUE,22,0.601053237915039
1962,news,d51325403a648dedb4f08882145732484939b279d7e2ce7e70f87ace401f5cb7,2,TRUE,19,0.603914260864258
1963,news,6d9d5038d3ddd9c9508dbb2114a22a2cfb899ac83f0e1a82917b9f80fcc64b9b,1,TRUE,7,0.581026077270508
1964,news,99f36ae9331f76eeb048f9d0798c9cec7d3ffa6ea068d14a0e89a21daf5eff2e,81,TRUE,42,0.594139099121094
1965,news,e1795c761517b7b58196df6ac00e7de6de3a1a8b1f264b838a886dd62a2f2013,0,TRUE,19,0.600814819335938
1966,news,c28b7d80e5d6bb33c8de6c05e84aba68914135b70e6be560bb35a01f1a18fed0,1,TRUE,10,0.578165054321289
1967,news,40318710fe4e10dfed14da24abebbf9e790a5c70f11026b26590a3926c7d9292,3,TRUE,5,0.588178634643555
1968,news,bd514c790c59193fc4c9801201b8f1eeb35ca8c9b291dff188b050769a1ac62c,1,TRUE,2,0.59199333190918
1969,news,b374ca83993c3593022e1347eb609e913ddb4b6cdfb47589d43ec776645787e4,0,TRUE,15,0.600814819335938
1970,news,be846a69a6f3ae6f2de31ded52c20d7b54197c2ca9e39738a521e495231b3da3,0,TRUE,46,0.613927841186523
1971,news,43022cb73a687cfb5aa88d4ac952db8b8f6c17d937a297ce262f2e578853238b,53,TRUE,3,0.586986541748047
1972,news,f0bfde482fb2c9d1ffa54ce4a6472d609ee5b5ad79440aabba15bb1e26106581,0,TRUE,25,0.592231750488281
1973,news,09e1545425d84ef43f2d81bf388da47b8aa73ea908cb5173eb5a0007305e367a,0,TRUE,28,0.593900680541992
1974,news,35cb8bd6ece9e1d0c8b27fce06264fe1a9d539ae469247682948f4134f2bdc12,3,TRUE,3,0.579833984375
1975,news,f8d3232c89c4920139fae940772c148ec8bdc71e781bcbfdaaf07de92337e075,92,TRUE,6,2.60090827941895
1976,news,d522ea8a2c468ec613529d3778f1df6aeb7a226c0116812d2baf8da44072b0f7,0,TRUE,41,0.596046447753906
1977,news,3097f5ba5f2fdacd2d06f0428fe59365a8ba39c82266cdc37b1a237e6e1c42db,0,TRUE,7,0.581979751586914
1978,news,0ea225ddb02d40195bad10e0831976cd5be0c577a0c0b1845278d534dfd9da6c,1,TRUE,6,0.602006912231445
1979,news,62b482dd44cfc8dee9358d1eb61da7f0336100cf037d43f81f4c1dde6077ac92,5,TRUE,11,0.591039657592773
1980,news,7584431cf604fdff2d8f089006bb45ef3651322e0d00208562b20c7ee70da805,3,TRUE,17,0.588893890380859
1981,news,26b6c8b7490d010467f5f50a7de34bbe0e346d5ff427beefd3ad20ba2044ab0f,0,TRUE,5,0.583887100219727
1982,news,7fe7aea7266da7b775cc81791ec4b7800304dcbd6665991dc25de9b4d3317bf3,6,TRUE,14,0.587940216064453
1983,news,3dd1e7c8200751e393d097f6aac49b5d8ccd600eab19a79e2077747ec80d1013,0,TRUE,16,0.596046447753906
1984,news,421b793e9cf530ae5e24eab982f47602ec053c26b9886bf8480958d3931b247d,1,TRUE,17,0.571012496948242
1985,news,e696bc0205d5d814227efa32d529a63a8b965b7a43b1890da8c235fe19e5475c,0,TRUE,3,0.571012496948242
1986,news,259c08ef5299a846eac7f93b7301f4e77e328ef173411a26414be92d08f82eb7,0,TRUE,1,0.684022903442383
1987,news,b12f45231fc045ea99a77e4852661601b8078de38ee66863c7f25a4c8979093f,0,TRUE,4,0.584125518798828
1988,news,2e2ec9d00e5b71565f47c9451ae5189a6722eb95cee6e3b45bc4040e1388ee4e,1,TRUE,10,0.658988952636719
1989,news,5a8dcac113806c5c65e5b7b011f088b741ac321da2b50523b7c26bfeee0f4866,0,TRUE,48,0.586986541748047
1990,news,16382c715bcfee7cfa57b78b4bb14d8dbcd8f5c2fdf649707e365517f0330cc9,1,TRUE,6,0.581979751586914
1991,news,27e38714d001daae026e8aae3dc285f26c7f7826eaca99d83480260c7e29d745,0,TRUE,2,0.566959381103516
1992,news,c94b0cc44f594c1e6a30bf7e271e5e94e5fa349810a69da3ba868622f2b33f04,0,TRUE,21,0.603914260864258
1993,news,ea94230f8dfc454f3ff233081380c8069a01f17df45f42a1e43e649563a58a43,3,TRUE,29,0.598907470703125
1994,news,a5729f15ca6b03f7ada7858a9971935fca218e60f779206f4200f88a80ba8d9c,0,TRUE,14,0.590801239013672
1995,news,e53dcb80fcf08e477f9572ad1e5d46f981f1c59c64280e76cf4b6690d392a892,25,TRUE,8,0.591039657592773
1996,news,6180e6375bcf8c858aa0baf92aa80cd493ff3ea93c446554279f844d2837ceae,0,TRUE,4,0.583171844482422
1997,news,9f604666bd9c95715abe69abc531fdc468171ab95b361dbde4605c1319d19c0d,42,TRUE,1,0.684022903442383
1998,news,71e0c0f4655827172aa5e6009466789c51932593863a307d17330adfe6df92d9,7,TRUE,87,0.622034072875977
1999,news,9957c742cacab590e7d47b717abcb03485d0132a95e800e5298b80766de8ef78,5,TRUE,19,0.629186630249023
2000,news,c1d464798554ac973aaab812426f13144f3a4047ec37c8425c003f0501609b3d,117,TRUE,19,0.602960586547852
2001,twitter,e5433e30cfbac156bc1d2611886ec7e95f1c838e373e8edb481e16132082baaa,0,TRUE,1,0.982999801635742
2002,twitter,b63c9dc0472b23f7cb9fadcd23042710d1cf85025fbd3e84861d6d7b81e1fc6f,0,TRUE,17,0.61798095703125
2003,twitter,19b3b8fbeb3615c3a348369a65ea2cf4089f5dd0efe910037c25605cdbdb11f8,0,TRUE,7,0.581026077270508
2004,twitter,0389ba3687897dff4bc55948dadfc3b335cc246f5406d501eaf27abb5b8f6990,2,TRUE,7,0.638961791992188
2005,twitter,eee05da9d6c7f2e30cbdfc4e830de6966b778fef423570293f5cb7a73789ea0d,5,TRUE,2,0.63014030456543
2006,twitter,6224b7c33cc620ac882bfeb2baf516f9515437b43d1545c97ff757cb09528b3d,1,TRUE,5,0.63014030456543
2007,twitter,e90210889e4a88db8e9aaf9b816874e74b12e9afdb2f839c2377dfb82946be4a,1,TRUE,21,0.795125961303711
2008,twitter,503362fa1f1e3130cef7a7e236c9ac35d96016d3164d01f438b0f2580148b9e3,1,TRUE,1,0.741958618164063
2009,twitter,52d35c24f7ae3b04de6e77213b7f2bc50953f8e4b875a0f38eb41c2331dc6952,1,TRUE,2,0.640153884887695
2010,twitter,86217501276fe796806697ece8a711a4fa56a6b4e6913a0c44c43fc3897f7d97,0,TRUE,3,0.629901885986328
2011,twitter,c78e7f28810ab40873eb7b0bd9194ddb8d2e7ae75f0c1da2d94bf1bafc833ecc,1,TRUE,9,0.611066818237305
2012,twitter,ad96f746c5a2ddf81b38cce25e59be86389712c8291533a6dffa15977e5fbed3,0,TRUE,2,0.59199333190918
2013,twitter,da5fa8422658aa972acbf8c87b3263af7b20e7ac5217195f55bcf455a78dc810,0,TRUE,6,0.600814819335938
2014,twitter,a38e9057a94fd56ff1d325122961c4b066ff7f10ce31401af1e61cd1d8c22237,89,TRUE,8,0.608205795288086
2015,twitter,78b185fb4038dd65490a20112c97fabf3fc1105be2ca587601fd641a49ff0a5d,1,TRUE,28,0.603914260864258
2016,twitter,43b777f4fdd0fa095e6ffa6b974d1eae841973e94ac26f1eccdb647ff86307e3,0,TRUE,5,0.578880310058594
2017,twitter,bec83c7461080b67666504a86b1e765b857f4b586e3ebc1efbf6341d3e7c617e,0,TRUE,13,0.58293342590332
2018,twitter,a3e4972da512201653cba0382206fa32544764703ba319ad5f3ed83ce4b62494,1,TRUE,12,0.587940216064453
2019,twitter,70d5fb8119f0593ecdb6c1b88a21445d88874baccf8a05dba1ab9f884da4daad,0,TRUE,2,0.636816024780273
2020,twitter,8c3c62a738a9c72a1d1db74aa43404467599d64ed99d48d73d306c17a0847c10,1,TRUE,6,0.607013702392578
2021,twitter,d4abd539f356882585532ee263cb76e294bec7860aea0f42279b0c8902843196,2,TRUE,1,0.710010528564453
2022,twitter,1c0332d5d122c249ae0a55da3c66af6b224d2b8a9affaa43ab233ca3a22d6d3f,0,FALSE,8,0.59199333190918
2023,twitter,857ae47b6b84728c7310d49d89509354966d79cfadaa8546006e09813bbfccf1,0,TRUE,11,0.59199333190918
2024,twitter,4795e6eb79413354799de8ae6f95a89acd5365804936e89e3c277af2838bb1ba,55,TRUE,5,0.584125518798828
2025,twitter,fa9f57371c2ce06f0ac5792058eab73fc876923ba3cb2f1a54af0823b008c25c,1,TRUE,11,0.597000122070313
2026,twitter,e19510b6bfd26f3710c7ff0fd426f1216fa43bb99fbd8c95f0b8a18a4b3a5fab,0,TRUE,2,0.575065612792969
2027,twitter,50fae4f0887a515d45b524c9a15eec355203b72707a3352365edd6841d47ff2f,0,TRUE,1,0.697851181030273
2028,twitter,e6b610149262f4f8bd5558c62fc8a94e1fd0a261cb04dc006fd3f03c78f82894,0,TRUE,10,0.719785690307617
2029,twitter,6c1ba5626a52ad1a9c69635fd6ff85af7ca8da22ff23ead95f3fb6b3af80ff42,18,TRUE,6,0.606060028076172
2030,twitter,0b860e21ef7017955dc5a3f03ea732161e1ed460294b3b84466389e2e6b2777d,1,TRUE,2,0.587940216064453
2031,twitter,b5cafd849be55eb2cba321a97423485d17f7e1a3f3d8cca9b9c414ef69c52c7b,0,TRUE,1,0.699996948242188
2032,twitter,4a9a9e3dc8715604ce84f3ca56e25f95c4c610055fa0f0ad4d54477083f73f95,1,TRUE,8,0.581979751586914
2033,twitter,2d98c9345722f1a367be02b86cbb399b13296b81718125bf32d96d4ec62399a4,0,TRUE,5,0.597000122070313
2034,twitter,186feaf52fcf0c277dc315d867b05b761479eedfda92518aeb059cf6fd0b0014,0,TRUE,6,0.583887100219727
2035,twitter,fced77f1334e2404d8c2b64c8cef996ab83d86fb2b014d98603a159f65793cff,0,TRUE,5,0.56910514831543
2036,twitter,3a7ac83a6105cd93688dfc90ead065c4e35c3990d06c541893b9a27a7c70b716,0,TRUE,15,0.581979751586914
2037,twitter,19c4c746502e857168c92f24599add69913080b596432dacfa467017a283c01e,6,TRUE,5,0.6561279296875
2038,twitter,8e2d2b47ef34c708086b900609366ab65959fe58c66ea213152fe8596310bf18,3,TRUE,2,0.619173049926758
2039,twitter,9478ab43f6f7a2ff524c72b4ae6574e0c95bdf1a5d993dc49ac2378c2846d405,0,TRUE,1,0.710964202880859
2040,twitter,2456bf8c3b0f8011f542cc400ed3a340116b42ba037b8dcaf33f25b7514ab96d,3,TRUE,3,0.587940216064453
2041,twitter,a1633a63aaf03967f73d31747b2cb498d220b4565261b7e32a8e2bb5471adf48,0,TRUE,3,0.575065612792969
2042,twitter,a70907e0ecdab733c8dab73f0fcccadf4f68c4ab99d5c355249111b1dde92e7d,6,TRUE,7,0.580072402954102
2043,twitter,158dda7924de41150b6a75c3e227acbec214d27f3848be884e0eb283b454549d,3,TRUE,4,0.593900680541992
2044,twitter,adaca8b0184d5eef4bc0af090f31859b278dd31beb017fe0eb03310484de2963,10,TRUE,6,0.543117523193359
2045,twitter,0c9d8719a2175696ceb7e9daa62629f77dc0399693f35a597996aef9615d010b,7,TRUE,14,0.576019287109375
2046,twitter,cdce20b6b2ba1109d38325112344732d76a78833ab85356191335ff7d0ff7f77,0,TRUE,5,0.55694580078125
2047,twitter,18f56687be4382f7174a70960bb921027580a1d7f387cff45c2e8e1d107086fd,1,TRUE,6,0.622034072875977
2048,twitter,c860d49a0cf1403bfd683ae4441b17e268bb8070db0a905cfe40d943e5b1e7cb,6,TRUE,1,0.710010528564453
2049,twitter,5005809053b34cf3790235842e88fa4aafeeb1c2d52b17b4bbe0bc5dd07f28c5,0,TRUE,8,0.566959381103516
2050,twitter,7d8eeffa0569ab795ca6b593a5d2f66e00a40388804dcfbe2c0979a4faa4f105,1,TRUE,1,0.697851181030273
2051,twitter,0b3d144e0c19f0fb97637f9c45c5f76a6db3824337b804ca06d3d8d7ac03a327,1,TRUE,6,0.586032867431641
2052,twitter,2e883db22dd2409b0bc1fe688f247704eb1bb06bce9735adde853680500f2d64,0,TRUE,1,0.677108764648438
2053,twitter,01f245915a57170b70c4df92f391da10a4fd4b01de9aaa3a61c4c3a88350fa30,20,TRUE,5,0.576019287109375
2054,twitter,5cf3359af116c681a901973fb1397f4f25977a45244cbcf84c2210038bd33ee5,69,TRUE,3,0.586986541748047
2055,twitter,35dda563fd476da6494884eaf538795573e81ad011a33f5cce338982b81323ba,0,TRUE,5,0.578880310058594
2056,twitter,a639e9b7a5adfed59002d4c4d766762088b7ec2f89dc33a44eb98bc84179d02b,1,TRUE,2,0.608205795288086
2057,twitter,9d1e38c9cd9ecaebce33f291953e42eed5daa13424bed459dfd01d2204052e5f,0,TRUE,6,0.574111938476563
2058,twitter,87193bc56ca36d25470c2cd28b71ee297ccb22b313f2feb0db688961fe0469aa,1,TRUE,11,0.587940216064453
2059,twitter,67d91ffd14fd1153cbdfe999aca5e22f175daab683729cb40df00209f7cdd78c,0,TRUE,15,0.566005706787109
2060,twitter,88cf94c94c67be923eb4121095a8a971acfcdad5f679cc4a45a401c5c591451f,1,TRUE,8,0.596046447753906
2061,twitter,beec097a78c4f36132bb37aae80119cb5eec23de5f90ecaf0aa7e572ddfda619,71,TRUE,5,0.622034072875977
2062,twitter,bdb9d04a7c49fe62183f45361969d294589d841f3ccb25e9761cdbdf719283ab,0,TRUE,7,0.59819221496582
2063,twitter,79e51c78b015a63aa42f5952ed8888f417d429dc4ba86e0c4fd46c444dd40398,63,TRUE,17,0.5950927734375
2064,twitter,483b52a5a5698bbcf632b0f473417cb6e1f2a19f90d2d0e2da933d5feca972fb,1,TRUE,9,0.578165054321289
2065,twitter,eb5332c5fda57e3e4e71714f7fb4ed5f52cf9d7ce147f7080f9800695ad4cb5f,3,TRUE,4,0.578165054321289
2066,twitter,dd327998826f33b3a5866af64a765b838cfbf10c917ecbf74b7bbc1ad494c71b,0,TRUE,3,0.584840774536133
2067,twitter,58b9994926298b7dd37bb0d79c57d6f5d4c9934797bf55b3fc618db782723d0d,1,TRUE,1,0.739812850952148
2068,twitter,07dc452939e59d94a9cc44a27976e05618b9cabf85b638467d7b42c391b409e9,73,TRUE,2,0.622034072875977
2069,twitter,813eb459c25e724691330fc8d5cf32900ca1be6f106a0631f4a7260cd00e6465,1,TRUE,6,0.647068023681641
2070,twitter,d67c2b40c57bb1520744cec7669512a00171337b4f74b555b9a1beb88bef76ee,4,TRUE,1,0.838994979858398
2071,twitter,f011fef641c4038de909f7336ad9bb4955ce226fcf4c50440f628e845c6a8ab3,0,TRUE,9,0.583887100219727
2072,twitter,907b008de3776b171fe37595b8cf00e3af9bf3885513831da29d4067cceb304c,0,TRUE,9,0.580072402954102
2073,twitter,ae4d2b4cdaffbb8e2daef83147fb9ce909fc66bfac1d7832e8023afeac09131d,0,TRUE,1,0.663995742797852
2074,twitter,24a8dfffb9a361d591f9731c703fa002e5bfa45f1d527756ffb793041e94a045,0,TRUE,7,0.571966171264648
2075,twitter,9221a5f095ddd8a6099fa0c8807cc27275595df61f2e15ad5ee2253921af8bb3,1,TRUE,5,0.612974166870117
2076,twitter,a948db8b96364a8c3caa1f82acf90be2ad810bf5f574d5e4c027ddf93bf8449f,2,TRUE,5,0.588178634643555
2077,twitter,7bb2f8069b358f0076072a62a78a3797460be0f6d94a522bb70e7cfa2528f4de,0,TRUE,6,0.620841979980469
2078,twitter,62af1e4e27014a4d4298b2482603d046164ef32bc3fb355673b636c3bf3d95c8,0,TRUE,2,0.676870346069336
2079,twitter,f69f167e4a4b784962d4e6707ed723d9fe93eec9133fd182081be77db9366603,0,TRUE,4,0.576972961425781
2080,twitter,c661de2d28be9c5279e76465c9aeca26d33b98014416c748e2989e34dd02114c,0,TRUE,3,0.583171844482422
2081,twitter,61f4e5dd949dc5b2ecffb1dfac968f2a648a13f1eb08c833ed95aaf631b5edb4,0,TRUE,1,0.680923461914063
2082,twitter,780bb829613eb0d9fc448037c5f8239316c7b39279a1440d8943313d3cd1e530,0,TRUE,4,0.575065612792969
2083,twitter,ed6dbcf1898e505e8fad37543492fb4b7f6f202ca5ad1e9453f8270ce1691999,2,TRUE,3,0.601053237915039
2084,twitter,7ce8d717764e47e04757f4cf082baa505ce2b6b6f25ee6ffe4bc61f130f8abeb,110,TRUE,15,0.597000122070313
2085,twitter,b0f56318e952b4d533396a15186664c9479ffbd6ddb65af00285c40cf9d8a460,0,FALSE,5,0.574111938476563
2086,twitter,92b288668bae5bd938eee90d6ed720f03cf01dbf0970365b315147f8c4689f90,0,TRUE,15,0.585079193115234
2087,twitter,1e90078d6c043d6c35842b368fde938b22f966d910d35b00ac7b66799ea1493b,19,TRUE,2,0.568866729736328
2088,twitter,ded6eb7899aeaabf5e2364224d798c24f2ae4f4494df2e9e500bc5e28f51b861,29,TRUE,5,0.584840774536133
2089,twitter,60a0f24f84426fabb6493d6801eb2ef2330d5ce7225c46a8c95f00f29901fd3b,0,TRUE,1,0.677824020385742
2090,twitter,240e103c674644ca2af53aa7e524687349f3d450f5adf2e089c74032ec97430b,0,TRUE,6,0.587224960327148
2091,twitter,bcdb672cb3b07c9ad0c0ebac374bb00ffa36175542c6bdf3d06c76fb92b0bc8e,14,TRUE,7,0.564813613891602
2092,twitter,eff0aab4ebac59679f04a3ca3ee1849e4f25ace9f1fe172543bde3d1cbbad673,1,TRUE,3,0.618934631347656
2093,twitter,7baeaa2ad127f5a1da09188d39d8476d87bec2884b665c567fad8e06c62868b8,33,TRUE,1,0.68211555480957
2094,twitter,632ef23a50c22b2208d93f7bcd81436294b6f8ddfdc68a796e3bfc26df486afb,21,TRUE,7,0.607967376708984
2095,twitter,4a2d2a3b3454137f12449caf7adbad63a7d1cd55c1b200da8785c35f97c2984b,0,TRUE,1,0.7171630859375
2096,twitter,9d3e488251658381ce45bd4fb9c7cf1b33217a4c2066d7f5f232b447b37b6ef4,46,TRUE,5,0.631093978881836
2097,twitter,8acadfa49e085950e91b5f04483d0ee607ba23ea87ac2c0ed06a0efcf8ba66df,1,TRUE,7,0.687122344970703
2098,twitter,7443272b9d9477b5076558688cf00efbca5e67569dcfa101c6ac4296c7dc7c0f,0,TRUE,6,0.576972961425781
2099,twitter,cf5dee9ddbc5f884c9b7af166171a6828ce4584c1759e8e887f2835927dc3029,0,TRUE,2,0.58293342590332
2100,twitter,9a358ea6d3d852a7217366455ca68affdd7bf4571e55dbc09e88df47757de5e6,5,TRUE,2,0.586032867431641
2101,twitter,0bdee89a95156caadbd53cbd9a67b97f43f94671844a164796a5251d30f61d16,2,TRUE,7,0.604152679443359
2102,twitter,2977d6538bd922e1c4c09e29f76d7ca11da34c1346285b009739a5325c3e9ce7,1,TRUE,3,0.636100769042969
2103,twitter,b3db83858431f7ea55c5d5f858f933f52b0ee8a6d7c9bdf04927c5c3ff80a95d,11,TRUE,3,0.660181045532227
2104,twitter,69ad14a256a8164ad1fd4caf670e8153c228babb3422be4632d9bb5a498a927d,6,TRUE,4,0.583887100219727
2105,twitter,9e3a292a85ba3524ecf81dc5f3d25b1660e5cd75233d08fa15535d02d28abb76,6,TRUE,2,0.566005706787109
2106,twitter,3bf5962cec4cfcb1cba6075fb41f78364c4c7168ab2f971edde7334bfc03bc00,1,TRUE,1,0.684022903442383
2107,twitter,9164a6185f14474bf63e86abe5cdfa40a02429cd434311c8a1e928f0392696c5,0,TRUE,10,0.589132308959961
2108,twitter,6284866c97c6b7034a933adc588033ac51817fb7d1cdc171dd1df2af28eff01f,17,TRUE,3,0.576972961425781
2109,twitter,19a7b411da01b606c8dfd0722fcaee0f5f641d1a8270280837afb17bd0002dce,124,TRUE,20,0.580072402954102
2110,twitter,d0a35ed28c62857792209e5293750396bf042f847447b94426595f42a7495abd,0,TRUE,15,0.581026077270508
2111,twitter,a358c6e70d6d785fb7975e6bbb714d769fc23a2262ad56d6eb715fe0b6e3c295,1,TRUE,6,0.586986541748047
2112,twitter,4a31b2d7ed6a5b0fb24e0c5317c066e02cf6b4af2d10b17d904ae1db4a406f2a,0,TRUE,7,0.581979751586914
2113,twitter,f60de1d8918a204e69da9b0f5bea5c58e938a801fe4de92ac06c8ab1fd2e250a,1,TRUE,7,0.609874725341797
2114,twitter,a543265cecb6cfea07078e8e63efc4d5a275718460111d432188cba23b37fc9a,1,TRUE,1,0.689983367919922
2115,twitter,5c6b37b95e6e278144065a45f8328f775a79e8f0ca86eea020dc81d8e3b5300c,0,TRUE,5,0.571012496948242
2116,twitter,9befca806c68d0e36b922a69268fc6388585139d486106bad6095e0e510b51be,0,TRUE,5,0.570058822631836
2117,twitter,5890306f1aee5a2d73b3edacd75c0a617cacdcd16f97020413c4d303cd85093e,0,FALSE,7,0.561952590942383
2118,twitter,44155dc374e0d5b37816a9aadae769e5c186c7ec5a30d79b8bf58529e9c1f9b3,44,TRUE,1,0.674009323120117
2119,twitter,d70b7bbf16ba0ea13c21339701714f90add1455e389d2330dee07882d176b321,0,TRUE,11,0.578880310058594
2120,twitter,84ec580e2d547d8f97409b065105bd63f7cbdc922d500f5da97d7f7652e9e922,1,TRUE,3,0.577926635742188
2121,twitter,5763a6f4fc8f030563ee7749f33aab5d7f3eb6cb7628d184d6e4f48f011ef209,0,TRUE,11,0.578165054321289
2122,twitter,ea2b1f813df254f6770d694aa903363a73d86bb2d38c2918b790f4a98d7105c1,1,TRUE,3,0.586986541748047
2123,twitter,1f464bb753d795094f237e305e6338cece27849fb84c201ee7d0173dcb4282e3,1,TRUE,3,0.576019287109375
2124,twitter,7ed88b1ce94ab129c306ebfed2862de331b56f2c96880336ce8a3d6d785e32c9,0,TRUE,5,0.586032867431641
2125,twitter,a57776addd8f706a01291ce3a1488083328f654fc3ca1006401b6f241c05e5b1,73,TRUE,1,0.539064407348633
2126,twitter,0d318bb8b8d696d21bf5100537c9acd93e8637e253dad88494fcf0a4b934baf7,0,TRUE,9,0.602006912231445
2127,twitter,ef964e26dc6e8ec8298375883f4754b5b0fe0bbddd2085335c7aeb2e73fbfeba,0,TRUE,5,0.574111938476563
2128,twitter,dccafa2b05404db122ad394cac2a5860fed6538c00a1726fc101308acd093048,2,TRUE,2,0.566005706787109
2129,twitter,95571cb14a4ecdfbe738af657519d8132be9687ee987631defb5d3eeaf7fe533,0,TRUE,5,0.579833984375
2130,twitter,bae0f2a3f1db8f4a856efde7b88d019c80e25bc5069295d89976c36b9830e2c9,2,TRUE,12,0.568151473999023
2131,twitter,572bf38d0953b5941bf24782498bfc348ca00f324c3aec3a7cd2ff49398ba4fa,4,TRUE,13,0.577926635742188
2132,twitter,d3bbd08ffd7ef353dfda90d8c43069148b4fa0f0b401360b83734309bfb995b6,58,TRUE,3,0.576019287109375
2133,twitter,46aa746ca27b457106c7b522a3c64935341f3277160ae2e04a29d925b1a70570,1,TRUE,12,0.584125518798828
2134,twitter,401d960e3954e0dcec7101af8b1f3b8bb4268c5cc55cd44a0a7f4d1cb5680fed,4,TRUE,2,2.37083435058594
2135,twitter,a7bee9e15605dca81ee842fc09106c6bf2aaad30e105898d0f1557ae0b517f4c,0,TRUE,20,0.596046447753906
2136,twitter,86b83eee4489940fd08b3885bede90a85eb0b7bce015c794f6b925febfbd70f0,1,TRUE,15,0.566959381103516
2137,twitter,bf0c3db81e09ecd94d5528be04db9df41f8d38a0f6b1cff23a7a17078793813c,0,TRUE,12,0.564813613891602
2138,twitter,e104fcaa8352c7c2861ab6d05afb9c1ac3ec7e2c26466d5d9dca0a3a03231705,3,TRUE,7,0.55694580078125
2139,twitter,95ec1979e177ebf278c37119cb394e35e91e384be87f691a115d6fa1aea64aa4,2,TRUE,2,0.566959381103516
2140,twitter,5e1bd94d2962d2ba7eebda9c4c4feffe0323798c909556de918126db4206d38b,2,TRUE,4,0.571012496948242
2141,twitter,7f712877553048182cfca14ca6cd9e7798d1dc09035e2effb2dc8a1b2151cf07,0,TRUE,4,0.571966171264648
2142,twitter,9a0a7b1264799241a9d04f7939b7402b48abc6863d33bf6ff1ffdcaeee38161f,0,TRUE,6,0.578880310058594
2143,twitter,dabc0196d30bf1ba5dcdb52c6e7fe903092035deacd4fbdf5460921934bcbe70,0,TRUE,6,0.574827194213867
2144,twitter,11672ee061e76d5444051d1c42ced88d7f8b493410f84850d84e2047822ec250,3,TRUE,7,0.588893890380859
2145,twitter,452cafefd0660850e1ff2dba991b64d75cd51104ec5cc45c46066840647f0f29,26,TRUE,5,0.552892684936523
2146,twitter,ab514624b6e5ceb7dcfecae2e6afca791a83bcbde117883bf06337d14d0ed8b5,0,TRUE,4,0.570058822631836
2147,twitter,9873f09f548e7a4bd787f1ec1157fca647ce7d2316f34238625df3eb363a153f,0,TRUE,14,0.567913055419922
2148,twitter,a86e220c48e346115d12b979126627d31a0f669e2573426213aab7253a907a6e,1,TRUE,23,0.597953796386719
2149,twitter,114f6a8ec4dbbbfe5f526bfa4d3171c27b3064099ffaa6b47f85ca084c8bf857,1,TRUE,19,0.576019287109375
2150,twitter,fcfc53f0798b1ec35152ad149bbb973e6de9b83859a8713206382e1bfededc25,1,TRUE,3,0.576019287109375
2151,twitter,71665568685e2f057b7b73b4a8613b317d323ea9d9fd306f06b80a4742f05385,0,TRUE,8,0.570058822631836
2152,twitter,4dd5d4ba3313ec7bf0877c35c0e567a616af76dc92df5701f3a7595589a686a5,5,TRUE,14,0.572919845581055
2153,twitter,0f4cdfa3c6e2c3c4d01c85748ab03b7097308c6c34009e6fb714a7941c563540,0,TRUE,11,0.578165054321289
2154,twitter,0a6008b1a0fcc7d7ded9072d5694f7a3341ec5ea32580252d339a133f82cbf16,1,TRUE,19,0.59199333190918
2155,twitter,2a36c20b23b99c8a902032814994eb954a0d5acadc5e0f48aacd88725360da52,96,TRUE,4,0.576972961425781
2156,twitter,6242218d020f66332faef1a2c930583f617699b2a51f6d64e8dfe1a70a7a3ce3,0,TRUE,1,0.674009323120117
2157,twitter,4816ec858c9f7d5b9a416e36ee5292d91572ef2d93d7e804e824fbd5bc21088b,0,TRUE,10,0.586986541748047
2158,twitter,1698e80d9abfce7028f31378d4b6dd7c75e096d71f56855ef1522e24e41d8be9,1,TRUE,1,0.663042068481445
2159,twitter,b6fa5ac9a401b2509fec7ef924c5a0532baa25d17b1ad73c4bd5f6e14863219e,3,TRUE,1,0.663042068481445
2160,twitter,492f2deffd5f436ec938943261996b0e88fb1f9f55e10e124d18e8929a9615c6,2,TRUE,6,0.596046447753906
2161,twitter,c85117d1aee086f35400ed741fa5ed3d8bfb015944665c3fc16d1911dfa68af3,14,TRUE,9,0.592947006225586
2162,twitter,ca77422c08f0cec43ca41abe72307d69046b0670e2d2c9a06e7bd9a2c7c5e2a9,1,TRUE,2,0.620841979980469
2163,twitter,b226ba8501084d574fb85743cc8debde6a05e7e34716267ec2307448874f5e4f,6,TRUE,9,0.591039657592773
2164,twitter,d8c447af52cae4d203cf93dd1cf135ac57133e5f5fad4af1830ed44e1b6e4d9f,0,TRUE,1,0.67591667175293
2165,twitter,325aa9068718d5f52e62d59b7b22945de732211b9262344ce9bc21451adb8c52,0,TRUE,2,0.597953796386719
2166,twitter,393cb4fcb7ce2da660f16ccf66162ed4a08c9db32c4d21d395239a6bbce7e600,2,TRUE,4,2.32410430908203
2167,twitter,ebb4ab80cbc61a3ebe4da3cb803ecff03b8c52dd3a2b57c83a2524c4300f93b4,0,TRUE,8,0.586986541748047
2168,twitter,f56706861ca97b72114fc7f7c65039894582f33f6de2fff7260945ab50bfce2b,0,TRUE,9,0.573873519897461
2169,twitter,33733356bb0a842f5239f37c7cf802fd30c06b7f662f48c1daff8a677ad7a19d,0,TRUE,16,0.576019287109375
2170,twitter,67d8e74c0105cee00f1b474475fd2df62293b4fdcd86757680c520bfc0ccd64f,4,TRUE,3,0.566959381103516
2171,twitter,4196b706fc4735af05846b8d6d123ba80cfa0058cf98603b0e0fb2ec81e33f98,0,TRUE,5,0.541925430297852
2172,twitter,0f58eaf717b95cd78b26ed04c67fc42e37e8b64b8c82611cd3aa9baf6fb2ad03,1,TRUE,9,0.616073608398438
2173,twitter,ede6962b412daa3aea7bb009e2a1632f9f1c1793f0ca0c3f4e281c3108d0910d,0,TRUE,16,0.560998916625977
2174,twitter,8339d83aa346a54f690ad84ed65f4a691bb83c0501fa07949ad9ac89fdfd0ee3,3,TRUE,3,0.570058822631836
2175,twitter,9d3354731ca17d5f1447ae5faadf3920aec70df2d0fb51981a26ae55160e53a4,0,TRUE,1,0.673055648803711
2176,twitter,7a0c2b794fa52168f901e9b6e1eb7d020822162440f479f3cf2baeb83dfabf13,12,TRUE,8,0.609159469604492
2177,twitter,497151e56a6ff18d5dfc320a660ec41d1521f380a63f9c291318202c6f9e208e,33,TRUE,1,0.667095184326172
2178,twitter,99b6a40e1bcdc315aead681e684bba5ecd5ba2329d3980bd97ae81d34784de56,4,TRUE,2,0.581979751586914
2179,twitter,cf1bee4acf27b777360f65e8c64cc2746f73ba381ac20423de752415b2dfcb68,0,TRUE,20,0.577926635742188
2180,twitter,72f388011a05d8028aee244fb6ccdadeb54d898c2c9fdf2f5deeacdee1700ae1,2,TRUE,13,0.575065612792969
2181,twitter,4ce64f94d919bf8ed789987189ccd8d6bd9f435492244a24116ac8cd7b65ad74,64,TRUE,4,0.564098358154297
2182,twitter,7f0146422a3166951e3ba8f9672315c6dd2cb89b8179d634ad54824fe42ade01,1,TRUE,5,0.602960586547852
2183,twitter,4e3736cd6535536e4ca08b11afb243311d9b94e23c9ea7d9c032b1b99141b680,58,TRUE,7,0.573873519897461
2184,twitter,fc0ffe723ff23aa138e1517c79759f60d9db937cff29aeea10e3716f6c518048,2,TRUE,3,0.586032867431641
2185,twitter,e5b30b8ddfb1d2fe68d141f3a3e3d51a08cfad194cf128214e114536eb2d9719,2,TRUE,14,0.566005706787109
2186,twitter,2e74f0316d9a1462777e2764cbb6e647ab246c4a736cd429a38769e07e646ace,1,TRUE,3,0.564098358154297
2187,twitter,dd184ab662fada21dd1d952ccaad86a71c67d75f0b03c22d3fd6b64da2c7a0d6,0,TRUE,7,0.577926635742188
2188,twitter,ee4489284db07d3421f63f3e424d566acc6ac793c3463b7d7cb0f7693a50cafb,1,TRUE,11,0.640153884887695
2189,twitter,2e20aec1dec38408e8db5be704eff159e3185fcc852c7f9571f697c708006948,0,TRUE,6,0.5950927734375
2190,twitter,8592b18ecf0656b6782a063d7d5d85955362d1be39329ffdea31ef2490ac47f3,24,TRUE,10,0.574111938476563
2191,twitter,e985bfd06c43184bb7df4042f802d87692b67046632376f2585a04592ff06ad6,0,TRUE,9,0.581979751586914
2192,twitter,b4a0f272094a14c47b1d6d39e8500f27aa7012c0a06cbddb637460154396a0be,6,TRUE,9,0.595808029174805
2193,twitter,702e8a586e5a0fdb974773c3df1c891c69b6822fa2a718aa838650101837875c,0,TRUE,3,0.58293342590332
2194,twitter,ca52ac8ec0e909627b7a397ea888a4c468cb29a47f34419391df616414147ceb,0,TRUE,13,0.592947006225586
2195,twitter,2053b3e8a0617abf121481a58cfdf7c3a7f62aebed6a471649fd36b875da843d,1,TRUE,6,0.599861145019531
2196,twitter,eeb091ebf27e03c183fc8fd4001fa0fb9ceb30a259d8af6a795b4ec3efa3ae70,0,TRUE,1,0.675201416015625
2197,twitter,cd00d30b623b8de5c9635b3727ee9c43bb4ff8a6eb0104433e012e42d507c949,41,TRUE,14,0.755071640014648
2198,twitter,cd2b1a7cce30aa1fa13bdbc64a32a39a7a37872330bd52ff1e48322c8b568ebe,1,TRUE,1,0.710964202880859
2199,twitter,db63aa3b64dcbc4e9f333b492bd4c89632138206b84d86defc66260611312028,0,FALSE,1,0.669002532958984
2200,twitter,553aff08761e8d3b3a2c8921bbb66c4635e3d15d926bca397ab9337b531f9a02,0,TRUE,8,0.591039657592773
2201,twitter,b0906e99bebb790ae22f82a215a0fd90e5fd88b8bf7bce8bd06f25270a16a9be,0,TRUE,1,0.708818435668945
2202,twitter,6141790e32eeb88e20839674d254ee71a64355ca31c10859eaee5f06ae979fd7,0,TRUE,22,0.591039657592773
2203,twitter,fc64b75b4cf7ba28d77d58175d55219729b1c1d169d2a6614db34cab0ffb0142,0,TRUE,12,0.56910514831543
2204,twitter,20dc1484c5f919667e2273fc6c61b31ba2c5684e95bd1bfc538ca558f26da634,1,TRUE,2,0.568151473999023
2205,twitter,01fceb137a21644761d0a904dca4c5cd3509a372f5774f4b90892a04fb8f19d5,0,TRUE,6,0.574111938476563
2206,twitter,d77412bd77d68df1257e7e9001efd48f22f92df957c14f61de60e6d60eff405b,6,TRUE,8,0.581979751586914
2207,twitter,9f1d2631fe6c3e5eb48f397e4ac9d271e963d7567b795c73f73fc99c1ce1da91,7,TRUE,2,0.570058822631836
2208,twitter,c1f63be742f0347927c1e5da797030ca132ecbf53be77d5eca3bacbf316e5c65,0,TRUE,3,0.567913055419922
2209,twitter,58d8a438ebd4796c98078a0160cfdecc656277f3b99a78b895bcdc9f619eb759,1,TRUE,3,0.575065612792969
2210,twitter,cfb25afeaba76c4a0e9e0df7d666372bad12b615cb23ef2aa3913e9d4d62b112,0,TRUE,5,0.608921051025391
2211,twitter,648d56d847f3d7c06f244990d4bfd4def0af61a8a48b0b6ca7be4a51e25aab72,0,TRUE,3,0.634908676147461
2212,twitter,552b3302b702c739eb5567f8d662dd103a4ce990a123292fff5e587649c3d2b7,3,TRUE,3,0.576972961425781
2213,twitter,bf2cf063aff28350ce6b76d7513d1c539b6f30ffaf1f360b22e8cc89b78ae556,1,TRUE,12,0.58293342590332
2214,twitter,da28f6d8b0db22a5f9c76beacf2c74e83e4fea7877ac93236db5a73b1c034d54,0,TRUE,3,0.574827194213867
2215,twitter,1a2976f7659e079c4e353ae49987ba32d00388a9aedd9bfc867f3851b2f964f5,0,TRUE,2,0.565052032470703
2216,twitter,d1603b9aa6b6731392ac817056e1444e8e79fa5c712d9aa669cbb857107f8661,0,TRUE,4,0.579833984375
2217,twitter,796321153c6312962ecef55652f4c6d48dd16abcc0f8bf7db84bb812e1119253,0,FALSE,16,0.589847564697266
2218,twitter,344be8c58d63a6f7d2b4fc3c46d69e4c1279b54822f8396d8bdceb77f2ba985b,0,TRUE,13,0.567913055419922
2219,twitter,80e5d0ab60acd9e3d179a44ea5b812fc311e9e39e82bc7c5af2826a4b94dbd62,0,FALSE,6,0.622034072875977
2220,twitter,160008e57de34835bc86693c38b37d74879beb40e49777e2267a4cf962093cd3,6,TRUE,13,0.590085983276367
2221,twitter,3a7ad1c6e85bd3d469405480209a48cccdce0f2853a340853c8a606f30430250,2,TRUE,12,0.700950622558594
2222,twitter,9956e7e855636aec0081f193716e6b86fe26abcd1f3c5740f3aeb8319da0bc1d,2,TRUE,1,0.696897506713867
2223,twitter,e9dd2445ebb8a79274af9906b96beab79de5f5a3bac83d1d57314e97f8dfed4f,0,TRUE,1,0.684022903442383
2224,twitter,1e36850a8b315e921268d7de2c8b464002758e5c42ae5eefb7377574184bfb67,2,TRUE,2,0.612020492553711
2225,twitter,354816f0dcc9bd3e44d64a4d46623ce3f8a5d88df5d42200e7dfbd3d68521fe6,0,FALSE,3,0.580072402954102
2226,twitter,d111edba5dbecccc3f2fa8114e41b2538b214f673785ae68ea550021accaea05,0,TRUE,2,0.56910514831543
2227,twitter,ab01b34e87d53276bf86d7a1eafa73fbbe04c58405b74625e006822421476e00,5,TRUE,11,0.590085983276367
2228,twitter,d97cca1f33191f8691da474ee59ab625d7f6701cb249470ebbc29300be13ec96,0,TRUE,2,0.574111938476563
2229,twitter,99ac8a470516bb81a93357d3eb22a96e63f0eeb8b08f53f751de27d6209312e5,0,TRUE,5,0.710010528564453
2230,twitter,25f00b374ffb0371ac534c65bfff63f20bedfa030ba7627686ce7d4286d51a1a,1,TRUE,3,0.616788864135742
2231,twitter,68b2a820f06f39f11d44cccf733530a80a04c097c86cb3290fbc5ca62442961d,1,TRUE,15,0.580072402954102
2232,twitter,830e72299dd17535f5488e74786d43e7ac51b72ec948f6774d175b41be8665fe,2,TRUE,4,0.579118728637695
2233,twitter,0dcc5168951449fa86127f16fb455819bd98ba705fc3f4dc8439d3654ae7877f,0,FALSE,10,0.56910514831543
2234,twitter,5eeaa56a7ab521738c11d8a1aa1554a423b7b83a1104181e06da125c604480fd,92,TRUE,1,0.669002532958984
2235,twitter,6664818bb28a088817b9276a75f7db81cabb13e15c6f8377c6fe3656c4d19e17,1,TRUE,5,0.576972961425781
2236,twitter,78a32c23f4f46c32f220554972dcb860ddf580161979a994750bf2daf1847e20,0,TRUE,3,0.587940216064453
2237,twitter,505e30065de988acd31d411a6518b2d4c613e31c74895d971808f0fc86cc7a2c,0,TRUE,3,0.570058822631836
2238,twitter,736a65ccaeb3e1105296f5d8768b3b53fe0d01753a55863332a89e2fec502fbf,10,TRUE,2,0.576019287109375
2239,twitter,ef1854dc203f39cd003ea50426d2d0f3bf1c773f4afa3a64bbd236b7ba7f1710,2,TRUE,1,0.708103179931641
2240,twitter,cf81ce4244152276f58dea84f2fd6c4f32bbc515ba0f93e25d4b520bc75c50ca,0,TRUE,13,0.591039657592773
2241,twitter,fe26e87c09d9b2b492b066c5f1f9b2bd97e225405e778fb4c67638487834f81e,0,TRUE,5,0.579833984375
2242,twitter,d93fd541291dbc691c800d79e9cb0b6e551bbc008cbf2d0d17f865fdac48fa6d,1,TRUE,3,0.581979751586914
2243,twitter,7d7bc9304624dc2a45453734b815c4d9808f7d82f2cfd4fcd466e7461c3864a9,2,TRUE,2,0.56910514831543
2244,twitter,c527cef50f48138c85bb5c4c2a69100296a7d305215a3993f075008075618443,1,TRUE,8,0.576019287109375
2245,twitter,be3a20929b0fba3c9dd99ee4001b85ffaf9db1056b1cd2c13a69a41a22cf9791,8,TRUE,3,0.576972961425781
2246,twitter,ef495367d4b393d344c87836c368ccbface20ba6af9dbcd1cee09c3f9597fe96,1,TRUE,6,0.586032867431641
2247,twitter,3ac3e4d542620ae5c2e8867a7a51e28f53a01f81694894db681236733d0068b3,1,TRUE,10,0.583171844482422
2248,twitter,5e0af296f48b2feab12456f95869e9966e4bcece2817afb0b4730cd4fd15be97,50,TRUE,2,0.576019287109375
2249,twitter,20e6c8b639651c3c51e03e181a8d23a662be068ff53fdcd1077117620d3dde14,1,TRUE,6,0.619888305664063
2250,twitter,a4db3669e3c5c90fdfa49fc026d1ac2ade7649d046b638a4fadaa49b6a23575f,0,TRUE,2,0.630855560302734
2251,twitter,6867a9cede205e5d47641abe1d5326148bef7669a09c5ec7f6c879da33230248,1,TRUE,10,0.581026077270508
2252,twitter,aa4aab05fea12d8c07e6e6cf412fcc60dbee4b5cedcbe4ccc6484121932346cf,1,TRUE,21,0.600099563598633
2253,twitter,3aee5d6b8907861d5f07b85ac2a3185ff72a40d0d15e2b3117a3d1d688239525,1,TRUE,2,0.602006912231445
2254,twitter,30681f0b223d8ff4317f5e9f647bcfdf07dc322e1fbafb89fe2a71d979ea9414,2,TRUE,7,0.568866729736328
2255,twitter,4d5172ec08baeb72d244a8a722cfafe5da8960103a2060dab45fc13373640c8d,26,TRUE,2,0.579118728637695
2256,twitter,f379d5e3ee9ee84560c641241abc7ec4fa859ba055e72c9522b959f39f75154f,0,TRUE,4,0.563859939575195
2257,twitter,a3bf7acc504524c944135829d53627e922e0a3783cd2b378681b3e5767defbfd,5,TRUE,4,0.581026077270508
2258,twitter,f93bb21a778f720a64aee1d953975a142563e8563bff6673944ab9dd401ab6be,5,TRUE,7,0.594854354858398
2259,twitter,5826781bbdf456b8e41218094b3027f4911bdaaa3ff90656e6e88770f1e693b6,0,TRUE,3,0.707864761352539
2260,twitter,39b80f73a3e1ab835fbbc115e6d9c481e1615150e9640022854281bd1864676d,1,TRUE,4,2.38800048828125
2261,twitter,2bc1e8e9cf35dbb83a55635d177e87224772c1998c84ae06dfbed75fb8bda2f8,9,TRUE,18,0.5950927734375
2262,twitter,61d05f1adec95941ca2112a0737a7daf8bb838739c40b6f8aa95b2427d34623b,3,TRUE,7,0.574827194213867
2263,twitter,9689834cd942b2b79b569e437d9778983c42deff8459694b9113949995b7ca81,0,TRUE,3,0.584125518798828
2264,twitter,0b32aa0fdc251d3083639d8de21616fdabc401564ccb323272b37f2d944d77ba,117,TRUE,7,0.591039657592773
2265,twitter,f5046d15f673c6770292bf57edd8e3056faa1562a8b5476c485829427da7de25,0,TRUE,14,0.570058822631836
2266,twitter,349247f9932e839a8df304804758ab9424c925965f8a4f653039e764d1422713,57,TRUE,12,0.571012496948242
2267,twitter,658015512f24242b58678c7b641c37bb838730c7d5155ae96e147a6bb4f08721,0,TRUE,3,0.770807266235352
2268,twitter,6d42fe0fe47cf5ef901885e3264c3614a55424886b431225e078a425f272e0ca,7,TRUE,9,0.686168670654297
2269,twitter,ab73ab693497b9013d7eb647eb24ff187ae1ba8bf87d7ddff35133d3ff4695d9,0,TRUE,3,0.636100769042969
2270,twitter,d22408194e67259b563bb4dfc5987624d6cdd0dc0377c3f6b039b592273a1b72,0,TRUE,3,0.648021697998047
2271,twitter,eb8e70ba0cd92e2934e00fbb4e3fd063f641b5ed4ec0442d878238cd5015353a,3,TRUE,4,0.633001327514648
2272,twitter,0c7c430ef6bf77102cb3821040efdb89c2c0356f8e81aba4e23595513957a0c9,0,TRUE,2,0.59199333190918
2273,twitter,9ea3bf40328482c27c18a58e5882cb26d85e6dbe118e4609bb93ebeda3c04ee1,0,TRUE,2,0.622034072875977
2274,twitter,863968106587bb1adc9e9ab82f11f437c33dd5b92aabcbadd758cad2639690c0,109,TRUE,9,0.6561279296875
2275,twitter,c19b4ccc2d4038dfde27b864f7200314a87f41d6d1ebb7d20969af201401ceb6,1,TRUE,8,0.681877136230469
2276,twitter,9f4312b4f698e3f9937f63d691202a19c9ef119a770f93d20246e82cdc13dddc,1,TRUE,5,0.646829605102539
2277,twitter,953add94d39bbd40a48f593a8f311538d1272f8ecc8aae5bdea681e5a8a80723,0,TRUE,5,0.653982162475586
2278,twitter,2a12250f6a663ff4566b0a1b05a7b168bfebe8e5396fbde290ff38f572bd2362,1,TRUE,20,0.636100769042969
2279,twitter,0edaeb5f4eb797c115c014e8cf47e8b9460ed808e07f15b8f0b29598c75abbe1,2,TRUE,15,0.634193420410156
2280,twitter,a16679d0ae79bc877b5cd1469c220c880b70f9a6ad18561c009fd57c92cea83a,0,TRUE,13,0.645160675048828
2281,twitter,81ad494d2b6c82740b92655edfc864ba66264e4f2482dbf15469ccfd367d637d,0,TRUE,5,0.632047653198242
2282,twitter,90623faa1a15aeef9a905f9abc11647d479fc07529c721f876cbc386b0878f7d,0,TRUE,7,0.606060028076172
2283,twitter,09aa07d84ed0e5392624a9c259290199e65af9fd14c546701d1900efe6f91625,0,TRUE,5,0.711917877197266
2284,twitter,3aeae1b1e1e95432d8dd956acb7f9f51a0cb3579a7f06051ba442caccf7cf63e,0,TRUE,4,0.61798095703125
2285,twitter,e793bacd140929797f68daaf3bba9cc14df711e8d1af00b9144d07273c1b417c,1,TRUE,17,0.688076019287109
2286,twitter,4f37e9140e08e8eaf8609b2f4b13821f7e4ef393b80aa64c9c683b9bc27f6857,0,TRUE,1,0.586032867431641
2287,twitter,7c083f44d42f75e6378fb71d2d56e37cbac66de76e07c3b1e588b7921baa8f9b,0,TRUE,1,0.821113586425781
2288,twitter,793c29c2bc1342619cb86b0b30ff1d44d1e7f8c3f46c8a7e197d95ac2e5e7abf,0,TRUE,2,0.681161880493164
2289,twitter,33a501e3a80e1bef202161131fc119df28f0401f2f3b783dad04899e86355afe,6,TRUE,6,0.644922256469727
2290,twitter,2ab024e968116a365979157f0154a972768fd0a712c432c405e95dcbce2cc914,0,TRUE,8,0.636100769042969
2291,twitter,61fa3ab922ae45573008c327a93085a34d0c7f6373ab064f736d167c3774c168,1,TRUE,10,2.48599052429199
2292,twitter,3ab3a3156efe72c0b47bd30c1e2acf52de9ea7808ffa0aca0b8f8b31e1a610b6,4,TRUE,2,0.584125518798828
2293,twitter,c7d7678c2303fa7ab3fc125b36a112d06c554ba07da995a24e56bc0b0782f958,1,TRUE,14,0.585079193115234
2294,twitter,f26bd9ba89a303ae6863523a94742ec9def3aedcd6d4d5db62fdf037869353c0,1,TRUE,13,0.59199333190918
2295,twitter,5c2f7fd8c1c9f88c939165ebfe1dd22694ca124a042e1372e90381ffa84e4a94,95,TRUE,7,0.586032867431641
2296,twitter,e29e3c42afb67dd27efc2aa5f71c2fbdcc1ded290652df8f00139f4ea8b0dc05,0,TRUE,2,0.576972961425781
2297,twitter,b8855ae109bd72bbc587de572e81c66bca8a43314f3f5bfc8aee8fa4d5478219,6,TRUE,4,0.584840774536133
2298,twitter,ee8170239aca8559bc1c212b0dae267c7131bb6fe07b2dda3181167a7d23bf66,0,TRUE,9,0.567913055419922
2299,twitter,398079753720f6e7459e119c4409f8ffa161abfa755f00d0045315647759b7f8,86,TRUE,3,0.571966171264648
2300,twitter,e8f772093ff3922a905d7f322e4d3c1d31bca5cca0d8adfe93a444ca6a737681,2,TRUE,12,0.581026077270508
2301,twitter,ab615560b6529d1ec4d54e57a010e59399e27e0b7c82863adf6a65985360a08c,1,TRUE,11,0.597000122070313
2302,twitter,73678cae8c237409e64316396ebb51e71a464096be77d8708cb325e5c0b8b933,0,TRUE,1,0.680923461914063
2303,twitter,84820c69984c6148a334192a111de15dd70e5fe8700b4c6fe0027e0e9166c98f,0,TRUE,1,0.772953033447266
2304,twitter,edad139efb7c0d676aae9251178b40c6f49845a09fb323759ab0a2cb41bd0d36,8,TRUE,15,0.586032867431641
2305,twitter,21faf21330b3553cc293e20ce309b1995856af68008a7845b345746e35d353ec,108,TRUE,9,0.577926635742188
2306,twitter,3e0f131c1fe73eb0fea1eb3103558e9c994892506e77f1334d947aca21d0a972,6,TRUE,3,0.574827194213867
2307,twitter,c83bb3ad5f6a76ff27d9903084489276768c8aec73c1b5b9b55eb674503cf795,0,TRUE,18,0.597953796386719
2308,twitter,0a26505aa10f6e5a6046930b77c9763963697a2d888068f1c27cbe18b253638d,3,TRUE,2,0.581026077270508
2309,twitter,5ecad899b968707f03d9b763bbf9697afe7a92b740716a83303bd51cf0a67e8f,35,TRUE,10,0.664949417114258
2310,twitter,e89229f515f3b315b141536f7f153c65dfe2744b868ff5b3b82c804395ab4ed2,0,TRUE,12,0.612020492553711
2311,twitter,b763f5abda818f52fd918aeecef5837165a617391038e2952534dfb84f6335ea,1,TRUE,9,0.604867935180664
2312,twitter,04e65048e8e627ba09fe2f6a59c9fdc2a905b44cf3f7f07270f79e630d803457,76,TRUE,3,0.578165054321289
2313,twitter,24fde9813653c637de705dd318ecd7b8213257baaf5467a0e6686f548fe81135,4,TRUE,1,0.780105590820313
2314,twitter,036df7742e5c1766be0d5d69c949c8b7b91150fc880e404a4ccce51779cb598a,0,TRUE,1,0.777959823608398
2315,twitter,08ce6f65150d21a618bc1e7c3eb78d4a3c0e9c8d44736e8c1858cef5480b7685,2,TRUE,3,0.592947006225586
2316,twitter,8d90d4e303b7986b3ae22dcfe2f5c4ab9314a115c41c8425e7128d4326afc301,0,TRUE,19,0.632047653198242
2317,twitter,19588d9d29d3c49dfed15e40cb3e06841d4e44235baaaf18a3cf0d12469018f1,0,TRUE,3,0.577926635742188
2318,twitter,cf2b94269d2ab4ffaab00dac5e41c06b4d6d6fc694a89656b89dd4e3635e63b5,0,TRUE,3,0.585794448852539
2319,twitter,1a5faa3f76045be5f947ee2283383d28ed6a4add1f6a17764b81ceda6e595aff,48,TRUE,6,0.602960586547852
2320,twitter,0c0218a7a0300448ebec4de49b4ac6899a1830dca3ba70dbc4138c32e60c44ab,1,TRUE,4,0.611066818237305
2321,twitter,7742074a6c4819ca88a12d65469b8f08fd005a31d3ca207a62bb881e436b541d,2,TRUE,4,0.650882720947266
2322,twitter,89d21f4050a0d4fad79cfb8e4fe4d01ee6fa3576b9338c4ca894a11f9beacb2a,1,TRUE,3,2.52509117126465
2323,twitter,d6f2aafc3360882329d34f6671e76cebc24cb16e4daf8fc255309f9379667283,1,TRUE,3,0.591039657592773
2324,twitter,d821953b7b2423a07ad07bbcad0951bf73a3e29568784dc7e32d066bb65520dc,1,TRUE,21,0.5950927734375
2325,twitter,9fc6316a33002054c265b31d12521ca01d852e6119503e46cc3dcc36dbe54d7f,35,TRUE,12,0.58293342590332
2326,twitter,698cb21e5d2cca14d525201b4640a6968eb5fad214c7632f09e8a7af635dcb85,2,TRUE,14,0.590085983276367
2327,twitter,9820bcaf5a0c093c5a2b6ab5c32559d952a46cfc9435419f0c80d644178b1fc9,1,TRUE,13,0.580072402954102
2328,twitter,27c05c84eba1a762a88721b0821f66f78a665ab964594b92110cf3904e0aa746,4,TRUE,10,0.570058822631836
2329,twitter,39eef357a7985d6ff5b7a29adf51d52a59a6f583cf441794b6d7c778741bd7a6,1,TRUE,6,0.585079193115234
2330,twitter,dc616ef1102459b9309542f02a3413f38c0e0e8327b8801bdf3a23ae07abf5b0,1,TRUE,4,0.571966171264648
2331,twitter,a6c51c0b0bafb1f59e5e36a5b956039facad6e03747b69dc1acc73f6e9fc3a98,0,TRUE,13,0.578880310058594
2332,twitter,20eb99854b03dd192881630b0f81934371903770c3f783683bd73ea136bfadf7,1,TRUE,5,0.606060028076172
2333,twitter,0b21f30e75931530d998713587d6145ac0cfbdcac2e8d3ac2a0ead5f0c26c4e1,2,TRUE,6,0.563859939575195
2334,twitter,f83d0b2dfc7491738fc681bf0377e9024e55d1cd5dc64d54319ef0ffb8b34f8f,2,TRUE,4,0.578880310058594
2335,twitter,cd52ae0ff84b49fd372cd3b5fa0e07a6bee8c5333ba88ea5d91f94b73f701454,1,TRUE,6,0.55694580078125
2336,twitter,6384fc60807d960690f15017775f3df50ece5c4414b1461c615d50186e9cc7c0,2,TRUE,2,0.581979751586914
2337,twitter,3cd7a64a7c00081dcf469567f462e45f2ebb0c0ff79493044655e73fd4df9052,0,FALSE,7,0.576019287109375
2338,twitter,ca868eba16d30ddde60366f19e894da44feb1844478966dfc581a99499863017,1,TRUE,1,0.671863555908203
2339,twitter,d07a2e7175afec5c0d7571964e15cde4851deceb7d7b66bf4be05ccf9ea58bf3,0,TRUE,11,0.585079193115234
2340,twitter,673610b4744641bfa14c5fe2bca433630476d0d5d526c12ed8119c97f7e5ff31,9,TRUE,4,0.593900680541992
2341,twitter,a5a9dcbd46a287ba7ddb63a3fd30cb24998450a34a5a5c64238e260c6d0f9fde,1,TRUE,3,0.566959381103516
2342,twitter,2ad84445e587140ad972514145093d0205d940b9902ace3b3e0ed9950d6950b0,0,TRUE,1,0.705957412719727
2343,twitter,5b57ef671dd42e8f2368221edd98ce718d8daeafad73d2fb926299f68411f1b8,8,TRUE,8,0.624179840087891
2344,twitter,ec7e5e5979f164b322f1a5448f2e0f0d10b6de294dba61887bffc254acb13ce8,1,TRUE,9,0.581026077270508
2345,twitter,4754cda75725ae3d0273062bf4ae39281eae15897f816c8c9de72c012e9365da,4,TRUE,4,0.576019287109375
2346,twitter,4b526587e2990c7d208c10ed6044bff9e570007f0d680b6a6374ede4a7732995,1,TRUE,3,0.649929046630859
2347,twitter,dcc280b795ee828aa226af5a1da1ecfa67c34c915ad915c88c1f90a305219c8d,0,TRUE,2,0.577926635742188
2348,twitter,e203c292bace08eaaf08ccd84fd6d7877d8510c317d954359337aff2a72cb0d5,1,TRUE,5,0.580072402954102
2349,twitter,ea14f87898b786a3ce65fcb953c5cd657a9f8e3fd79d6ecf84a5d683836f01e9,3,TRUE,10,0.589847564697266
2350,twitter,0218071c052c9cd1533e754c961e376949826f5c5eed68bf75eb7650559ad51c,0,TRUE,5,0.587224960327148
2351,twitter,c1a2325efc85b4da44c612a44ca508955c9ff494207054179318e9037acf7d6a,1,TRUE,5,0.613927841186523
2352,twitter,d53a3231ecb77995892549129d2cf95bb8b976ff26cf0adb3f7e5fff3423f080,7,TRUE,6,0.638961791992188
2353,twitter,29da20f903920625f8fff321a05645bfac075cfad27f198e331392cd2d7a454d,48,TRUE,8,0.620126724243164
2354,twitter,0a094158d1621e2e8fb40d3cb96e911d63a858a66ed73938c1d6ca638ca88d56,0,TRUE,13,0.573158264160156
2355,twitter,e111661441123b16b7bfad68bf6ceb82f9b1e70b7a6c061fda7d85521863bcc6,3,TRUE,1,0.673055648803711
2356,twitter,19ae69385ea2e42e8abcc8edb9da1934a4533b1b8b4a95c7e6395d9d4e621dd6,1,TRUE,7,0.597953796386719
2357,twitter,91014a47cb91f2225133a46c8dbab542bf3b4bbda5c0503e55c0907ed139beb0,126,TRUE,1,0.663995742797852
2358,twitter,784f075b07cb467b43d2f57cf88cd4a867c038fd2bf6d885bc35ab48081a2ff5,11,TRUE,11,0.581026077270508
2359,twitter,40c6c6bff7ead67660d04e09a4faed1caad880488a1d319848ffe76d58572454,5,TRUE,6,0.56910514831543
2360,twitter,35108ef459f1eefa87b841f485136003078ed8d428ef3a9c6bfdf952e98089a5,0,TRUE,9,0.571012496948242
2361,twitter,51345ffe9a5819d69997a3aff66e218f8447266ab7a868dfed317356af0fd292,0,TRUE,19,0.644207000732422
2362,twitter,03039dc6138d284417028d92bceea878e44df773a08ddb15ea7c92a706da9b78,1,TRUE,1,0.680923461914063
2363,twitter,9f06e932631f5178ec31aede1271ccffe38b1545202d7a2b265e12d191cd1237,2,TRUE,1,0.70500373840332
2364,twitter,73e807a7a15113e25abffe52da87d840c9342ec9bee7467aec9a971dfc75554d,1,TRUE,11,0.587940216064453
2365,twitter,5960a9c73ce02a5b95eb904698f147e1aafc4d31c4613b1254b0037885ec944c,0,TRUE,14,0.573158264160156
2366,twitter,873458ec2eb6384955a38d81e7f7ae71ada6e56c84c57360f1404c20fd858879,12,TRUE,1,0.746011734008789
2367,twitter,42277d468459a6896ef184dfa1d50215caaafe790a83d4a2318e443bb2efcd3c,0,TRUE,10,0.570058822631836
2368,twitter,480d50d40dc598429d62884b5699130209971c9e9e284d574cd4e80d3f677305,2,TRUE,5,0.585079193115234
2369,twitter,f81bf04d8da98d54b15f067cfc72187c9331841e238bb6d5ac6d13ee8d693dfc,0,TRUE,12,0.585079193115234
2370,twitter,c726b381d002f061fb0d08c3c202b80ba07b80ca5ad8b34e7c2bde178e2c8a30,5,TRUE,1,0.735044479370117
2371,twitter,1066414248287301b15b3c54e7956f255d7d2a7f4782d8ab895710bf2eaef523,2,TRUE,14,0.576972961425781
2372,twitter,2cbf4e6984f287522970ddd40c3a5fa8535f9f3079994d9d5f238b15e66373e3,0,FALSE,3,0.593900680541992
2373,twitter,f13d15a38c73c09c129167c34f9090e31b909480705611a5aa636b95e599fdeb,4,TRUE,7,0.581979751586914
2374,twitter,f7284475939a32a1a18052c933e3066c0a326ba1b314c35a08cdd763e670da37,105,TRUE,5,0.584840774536133
2375,twitter,74824bd8fe3635f8b191375ba0db4b41275c26048c70dfbf33537e137215896c,1,TRUE,13,0.586986541748047
2376,twitter,8e724ece697a9958be1cb82500a257bb117e7d19077ba35962f7e44f76a30626,0,TRUE,3,0.575065612792969
2377,twitter,a30660f23614b8dc7beef7b07af90a4cc11aeee0a6a4b34a4c113b6306c82cd3,2,TRUE,6,0.581026077270508
2378,twitter,c4dd79353ad896c0c15cfed35987c1d7e9da778664015b18ceea2fc3e6caab35,3,TRUE,10,0.575065612792969
2379,twitter,e87101c3fc7838e9993aafb45399b1479baea770fecb2415e38161b625f3caa2,1,TRUE,7,0.573873519897461
2380,twitter,2aaca3060881eab4daad91c4145b1175a70da9853d20e4a2f88f3d54befedd28,1,TRUE,1,0.741004943847656
2381,twitter,4c25856e221f3ff6d84226866f6093005e4d33b8ed3e2800221b381edbeea993,3,TRUE,1,0.907182693481445
2382,twitter,d80336956c12d33c054cd3a5fa6f50993482c7fc01eeaec8f03d93bc652833b6,1,TRUE,14,0.633955001831055
2383,twitter,077cc9c8682503589aa393e8acdf9b516f1913ea410e32e4866d2a5c27083031,1,TRUE,4,0.620126724243164
2384,twitter,96dfeeeb0f22644a8efe01fd4b8263191201a9586b77a7f55b5fb717557c72c6,0,TRUE,1,0.674962997436523
2385,twitter,bc43cb74d9a7986e364adf8ce63d86c4fb58c0acf5bea62f8a6c89c6b4038a97,0,TRUE,7,0.560998916625977
2386,twitter,2cd870a106981d4c37d38243704a2ab7d7570569e7726181258b1ce338af9750,1,TRUE,3,0.610113143920898
2387,twitter,6cc7109a05126ed8402d2bf58a208b7f2fa405961d34241669ec188f85525b27,0,TRUE,7,0.572919845581055
2388,twitter,7219ba8042527cf14d68af72a37605bd16db1f3806f8cb4cf382c35750ef65f3,3,TRUE,5,0.576972961425781
2389,twitter,ab4e787319f3844ce5cd6157665f8a0e8e9e6711f911b8ba08aa0e536c035b46,0,TRUE,10,0.560998916625977
2390,twitter,a43399fec3d6d248417004957fb89ee85c7f0e8fa2614ac4311fa9ac373f8cf6,6,TRUE,2,0.586032867431641
2391,twitter,f0742f7295601d29b821b49e0406d132d2c8f94de55bd5ff63e2af447343141d,2,TRUE,10,0.567913055419922
2392,twitter,8625a291a9f82f90a5f16a14c69fabdce6d90b2ad81db0fb8403a30dc5354f4c,1,TRUE,15,0.580072402954102
2393,twitter,37e7b03aa67427de1273aa99cf8f38eeaf89697ef02649dede85265081f797c5,0,TRUE,1,0.668048858642578
2394,twitter,349f67d020614c3afa6c3212307c2bcc3686768ece9eadf67f8a68a04b00f94f,113,TRUE,6,0.571012496948242
2395,twitter,736e4c8899831a76937489bf6f8afffa1f36094d5b1e50c07fb0a67b9a40f3c5,1,TRUE,11,0.580072402954102
2396,twitter,e7f5058f952b58be8db570252712973b9db6d181b03ac821a090cbeb909213d9,4,TRUE,5,0.581979751586914
2397,twitter,5cd61383dbc521d53178cfbbb8af614cc4a10a8bc140d14a5bf4cfdab6ae888b,4,TRUE,3,0.574111938476563
2398,twitter,f2b43e22c8073b4f9833f7bcb04d296c49a3235fb48c9316a2990085db59b470,37,TRUE,8,0.576972961425781
2399,twitter,ce6f3378ef6948ea6b43a0b7ed704ac436631b830e98ee190779fdfd3d5969d2,0,TRUE,10,0.566005706787109
2400,twitter,17f7955d062ee788b25bc68e9064247c97fa3ea4c7c23645d40e5e61ac43ade6,0,TRUE,6,0.581026077270508
2401,twitter,1f27d051c35f51254beb323ebbba7164636c46f6de6d3f9d039c364b7a53360c,5,TRUE,6,0.583887100219727
2402,twitter,d70ac233657468a3ec5aa9d9e5997ac263fa2547a289f431d574839511f86ced,0,TRUE,8,0.576019287109375
2403,twitter,438e0ec5c546a2acbcc05110a5321b870eb47955bbfbb561cdf6b7c251efa4e5,3,TRUE,1,0.658988952636719
2404,twitter,ecc68578b2a2f65a033e420cb43e7aa1facba1cc2ecffde6e2197bcdd1e44a2a,0,TRUE,11,0.608921051025391
2405,twitter,9c2b76da1ced2338df2eba62e09cb5371938995a4281283c2eb35feee3c2465e,2,TRUE,2,0.590085983276367
2406,twitter,a3554d4baa7c679dd1cb5e68b99e4a09e2502a9baf750cf22ffb59f74d1901f1,0,TRUE,6,0.581026077270508
2407,twitter,089e91767750f114421f66f06e2d917d5a5fdd5bd04e0ff8a241656ab2e83f24,1,TRUE,6,0.581026077270508
2408,twitter,fc2e2ad5c3b376de002b47fc18cf1b279b3b1046a5cc792413f1f72032e09f1d,8,TRUE,13,0.612974166870117
2409,twitter,26ae0a01555ab1d2a1b425160b92380430b22737b68fa375df28dda780a46a6e,0,TRUE,4,0.589132308959961
2410,twitter,9de35f177b24cf4b5651fc50fff4f0884cd30354a0d7354f6294cff02e0c4e41,1,TRUE,9,0.600099563598633
2411,twitter,7d9627bf8e9c663c85b7c8d2cefcea2a5a0d0638fa533d5df7c174c9b2de8822,0,TRUE,7,0.600099563598633
2412,twitter,633ee9090854e9497867a7382854eaa0e7ee10fb5310dbcf822105640e507272,7,TRUE,6,0.594854354858398
2413,twitter,a2f48435ca5c6d0745e69bd7ca4777b589f34622c28ec67a239626031416b90f,2,TRUE,13,0.578880310058594
2414,twitter,4c757432644c7f23213c7c0233878316c72b7daa9602bac189b68b73ced6f900,0,TRUE,6,2.40397453308105
2415,twitter,a945636131d97d348fc26adc18d5cfa9d0ae3c5e5142509eb0e08280582f79bb,5,TRUE,8,0.581026077270508
2416,twitter,c0338ec2b4761798e374a69662c88eb15d3e72cc428e0482e4415f3d2f075ac9,1,TRUE,8,0.567913055419922
2417,twitter,94b16b9d93b3e09cf48ac66883025e2cdf46605adfc5b985fe2c4a3f39e989be,2,TRUE,21,0.580072402954102
2418,twitter,69e40b16fbdbc36fd0ff26e371e4f3bc865795862733374743ffdb5348eb710a,4,TRUE,6,0.575065612792969
2419,twitter,9858ba6d0c94ffe681d9798b281ef59896fc04c0fd2f9b5bd51d91b919d49168,2,TRUE,5,0.560998916625977
2420,twitter,b743acd38a6535d91ff43a3288868928ce11dde81b31ba60ebe2d153ba58720b,7,TRUE,3,0.588893890380859
2421,twitter,15b718c5d1833a8386e53f60b912dccff6b214e5cabd952a93b75fc2a32ce4f5,1,TRUE,14,0.568151473999023
2422,twitter,5554a5d0cfd59a8c178291bd7ac4519f0d1d1cdf3ef6c4095b427d57d50ee0fa,0,TRUE,4,0.571012496948242
2423,twitter,e3e4753c5a8cf97b2763ab9329615eec97daf3252d2b5f9f218178781794b2b6,1,TRUE,6,0.587940216064453
2424,twitter,198efc76182663e6ae34ffb10b790bfdb82aec79db779e15e8ab131519ee382c,0,TRUE,9,0.56910514831543
2425,twitter,196b33f672d31cc796e8677339f6beac46dfc0601fdc2e4ee923bba57cc141eb,37,TRUE,12,0.579833984375
2426,twitter,558438ed1fe54f164b173bffe8f171138e35b6db0dd98f34a94804da3844ea41,0,TRUE,14,0.573873519897461
2427,twitter,009d608404c1d4b2410e8562c79cbeb8e752081b090cf94997cb3c17012a2dbf,58,TRUE,15,0.586032867431641
2428,twitter,3a30ce61c948b4ea18207a508463f111a441114760ec61d2d3980ccd267766ba,0,TRUE,15,0.573873519897461
2429,twitter,0f50e99eede3af8e0ffb7e2eeac1c98c0b00366223985d1c17ae0938382e4a28,0,TRUE,2,0.599861145019531
2430,twitter,ae0bd0aa5fe5357a9b44811b5fd66774b5c4c96e1087689dbc3a4443b30bc7b6,1,TRUE,5,0.572919845581055
2431,twitter,1b5aa2320f0c36a8768ea4871a0ed1dcfdcbed1f5ed136a32030af0048b7923c,4,TRUE,7,0.571966171264648
2432,twitter,fc6391d39615307fa29e598b1ee9b1c33711d4bbe59ac042c8bdeb0e3490e649,0,TRUE,14,0.591039657592773
2433,twitter,7f9e426fe0cf8ddaec594ffbdc40899697726478f8d047f00a9388e99e60ebe6,15,TRUE,13,0.570058822631836
2434,twitter,921f2f88688c46a01d8513cd09adb7b08d584939646d3913a0415cfd82748771,13,TRUE,23,0.622987747192383
2435,twitter,b6762630a492970aecd4bbb162436c880de4928877fdc9a7527fdf14be152a61,115,TRUE,16,0.601053237915039
2436,twitter,21b40ab52446b31801b4887beee2d4692b0b1938538bd465b6d730c892499318,51,TRUE,2,0.610113143920898
2437,twitter,299a3f00192662d17cd0d2c3d7386c42f0ed6737c543495e761d3c2089076ca7,5,TRUE,17,0.610828399658203
2438,twitter,1d3a2d02f1a6771429beda0e230aac8068d59e0d56522be2dcff9ba9f2de14c4,2,TRUE,7,0.572919845581055
2439,twitter,e7f40c0e29d43b2be769b17abf48b218b870219fe022233c1be1aecde40f33a3,4,TRUE,1,0.715017318725586
2440,twitter,7bbd394d594284a6219a33a4563f4dd7c7fa0c4953f4f2d92481237b67ca86d7,2,TRUE,10,0.576019287109375
2441,twitter,4fdab563688d8364d0060d6b22d1ff8ac01de16ea0f9311e8a476437e02c35e6,0,TRUE,2,0.612020492553711
2442,twitter,5870c53f00db80a688ec678106347f042ce3b06ecfc33f1723b9347c16641d2e,0,TRUE,10,0.602960586547852
2443,twitter,54f055217fa40a21086ed12515f59e72b94b8f0228810a64f1f1b0ad2b974a47,0,TRUE,3,0.586986541748047
2444,twitter,87410639a5be7241aeaf2e10d2c1e7a7bbd26a47009a3aced03aa8ac91959f74,4,TRUE,16,0.602006912231445
2445,twitter,c14279de0535f51a1863e22349d40fc531ed781dab04b3fc1b43397ec066d5b3,1,TRUE,22,0.584840774536133
2446,twitter,da8bb0d0598a5b8f888b754e7084073cee1a2243ae015d86f8dde7bea5d6c838,0,FALSE,3,0.573873519897461
2447,twitter,827e48df5dd996b357c544a0caea572f8443d8cc5a745cf8fc5b7dad03943a42,1,TRUE,14,0.576019287109375
2448,twitter,2db7f1484d7792cdcf9a623115cb34f2381beb9ace715c84ce6125ef87447f5b,0,TRUE,5,0.633001327514648
2449,twitter,61f52c4a2fa703b960475264ffe376eac37ffebaab55f07fb169aab21fa03e79,0,TRUE,8,0.562906265258789
2450,twitter,b4f873a7292f9ec9fc584607a3e36efce3b27d882c60f3a804cea8000e9c6420,0,TRUE,5,0.576019287109375
2451,twitter,98c3082db2ab5a2460411625601317f3a42a5a9eba3d8adf6472b11f9ee802e8,0,TRUE,3,0.551939010620117
2452,twitter,137148b508ccfa1df4079851228da82c06cec90e248735995ccbbc643fb3c1a5,1,TRUE,2,0.594139099121094
2453,twitter,fd0d11f49b700a128fa576a06f963132d0f668b7338079198eed3e5585d60aa2,15,TRUE,1,0.67591667175293
2454,twitter,89182e082de029813c426e5976850c3f71bf11acfcdbb6c4af2b488ad5ab8a39,1,TRUE,21,0.59199333190918
2455,twitter,f53a38795239f0efa63a97ce3cb9f1d7b07c5b80c345854f2538c45cf3021334,0,TRUE,7,0.568866729736328
2456,twitter,0e93ea39988ea4523e8b9b7017427ab192ded389b076ea558b661433c3d03c11,8,TRUE,1,0.657081604003906
2457,twitter,19cbcdd36273d0c2e616e59a0eb1dffd213a7d8b32737b0d8e05166385167a22,14,TRUE,15,0.582218170166016
2458,twitter,38cea2cda2946011b9bb82ca6b4a384c9a73f5ca7ca17ed71559c1c258a4040f,0,TRUE,11,0.583171844482422
2459,twitter,8f66a684e0c39b36638e30f1ec7c265f1f7a4133836e5df72f2484beb20b2c39,40,TRUE,1,0.653982162475586
2460,twitter,a1f590c962a7ada46a1acd99262f679a884e4b5a82a091a8bdff37cb76f3a2ef,0,TRUE,6,0.565052032470703
2461,twitter,eb3ec16e3a023779f1dedb6847cda25822f3ec7634aadce26ab29e97882fbef5,0,TRUE,16,0.574111938476563
2462,twitter,01233baec51dd4ae314c93b0fd950ffb511fd5192adadd0d11d0f6bb94808f2d,0,TRUE,1,0.684022903442383
2463,twitter,e4d40cbf601e108a1cf5cfc07093947fa5183e9c06cafa582b4f1c5580dade4d,0,TRUE,12,0.595808029174805
2464,twitter,cbbcfca7658b32f16df97739801854c375812c86060c287d0b912a52f4389af4,1,TRUE,3,0.609159469604492
2465,twitter,6a4ed40dd8424ff5d523f1be654db4b03b47004d01840461b7ada41079110e8e,0,TRUE,2,0.581979751586914
2466,twitter,73179a7bdb308640a1119a664250b7a44e1257a40354b4113b0baf4f332f5d2d,0,TRUE,7,0.571012496948242
2467,twitter,f0604c2839913885e3ea5dde29687c34c6f46bec30bc66b2bd6cffda96303721,67,TRUE,7,0.585079193115234
2468,twitter,5baae3f1c95fd8e691ccf9469ed587f311c4bdfdc48c358a635c762b557cc6a1,8,TRUE,1,0.744104385375977
2469,twitter,ee49b20baba32f792288f8d502fda43e868911a42e80471be1560ce3701c1f09,0,TRUE,16,0.584125518798828
2470,twitter,b93a74ef91c710ff224eecd2b67650beab392741d3af6c3b8e853060204f1ce2,36,TRUE,1,0.657081604003906
2471,twitter,3b1ffa4ac1aaebf3021c7fb2f88499470a78f3a02b68f7c60cc36fc0abad6c50,1,TRUE,9,0.588893890380859
2472,twitter,2b66e296e572737ec5e0c226f3b43ba2e7c000a0be650edafe495a1e5dcbe8ca,0,TRUE,19,0.59199333190918
2473,twitter,85e9d4c0d2864fe2d750f50d71e43aae5a2908a27f81c7cda7e75d2000883547,4,TRUE,15,0.623941421508789
2474,twitter,5de56d9376daeb574a8ca56a17c9ddb46e3d9baf173d51e063b9c70537cf43f1,0,TRUE,10,0.61798095703125
2475,twitter,fd8c9cd829d2eac0bba4d5cdc2814270a9460cb18b9df1abd8b222370dde7198,0,TRUE,3,0.603199005126953
2476,twitter,662e3ae32bf556cef89c995b62065e24cbeb4a793730127d639a8cb3e61b0718,5,TRUE,5,0.573873519897461
2477,twitter,ae15dab4ef2518a322b8fc803cb894114f5dd2c75d92fe3faaaf732ed64057b1,0,TRUE,4,0.612974166870117
2478,twitter,4a94b3678cf15c918acc73515489ab813ff086229cbfe04ac98cd34b0ca6b395,56,TRUE,7,0.581026077270508
2479,twitter,5ae0ed2d5f07fad0a7e7517f398f1758035e479e8f7de43806a6e995dab7b9cc,6,TRUE,4,0.571012496948242
2480,twitter,13ae61987c847bb7583949f14a22f1ed0965e2b4d081114352be1be09af0d27a,0,TRUE,6,0.565052032470703
2481,twitter,f8c16862a3dfead3f7a06db28901a614ae4ae05d8ff337c498c523430c4ddf88,1,TRUE,22,0.588893890380859
2482,twitter,c72f7ce97ad618821c98069f63734aa53af01f881132c06035f94b64ea8c78f5,0,TRUE,11,0.570058822631836
2483,twitter,25e9c437792f7805fc8a2f4701fcfe17b179c95699401a8c391724f3248ad071,0,TRUE,10,0.571012496948242
2484,twitter,90cc68cb7b9729b9f4b51085628232d66c1a318ec25b5ec8f50f205f5caa2f04,1,TRUE,18,0.566959381103516
2485,twitter,d8914d1ff84af7a9993f43ee148aeafd03821119b9582a7fa3326eb2e2cac61d,4,TRUE,1,0.653982162475586
2486,twitter,1ded8d709fcec10027e4db7ff46018c6bd7cc016e3b5a17a115104b6d2ec5ecc,0,TRUE,9,0.576019287109375
2487,twitter,0082c7acac983ab0e4af65411d0b06d7bd5acc0d980561dab1892273a6fe94db,3,TRUE,5,0.628948211669922
2488,twitter,ed266bd42ad63c75e13142e74752a5d8da88f63e9179dca0af84655af54a52d7,6,TRUE,12,0.591039657592773
2489,twitter,7f2a090a4d2e606c332ae4ea460292dbe42a2a6d980baffc10b288d02e374652,1,TRUE,5,0.884056091308594
2490,twitter,59fdde1df87212a5ff321b7e453b182f02750a4fb5f80a133b09a942725b0c83,122,TRUE,19,0.784873962402344
2491,twitter,d534a8f52171282fa74f3efadd1454993b121d431cec66f76f6c023ad507f7fe,3,TRUE,2,0.674009323120117
2492,twitter,f20e2e97298c4f5b6bcd95c8a6f4979ac27376dc67ddc053bf9889c5ea22d831,0,TRUE,2,0.625848770141602
2493,twitter,2ea96fde12a151e36c7d39eb3bbad2dedd1c60e8ca62e1e4980221a3ab9b3790,1,TRUE,11,0.625848770141602
2494,twitter,992c3605b9582b04175b45476cae2f98861964ce87b7608c5a430f4cc727ecd7,0,TRUE,1,0.687837600708008
2495,twitter,e6d504cac640ac76eb2a9e829620ab12c805cc591c23a89fa47dfb33015cc28e,3,TRUE,2,0.608921051025391
2496,twitter,ecccd7557dcda35b2652d6c430e8f0633c68a275c27664bfe86abf721c0e8937,4,TRUE,3,0.731945037841797
2497,twitter,b34917253984702828c507f60764b5f0fec473d50e99602be6f8419b4c320183,6,TRUE,12,0.61798095703125
2498,twitter,ffb43c48b8fa01bca5e49cabfc425aa0e334ff823c9f7bd2f26968cc91373b90,58,TRUE,4,0.602960586547852
2499,twitter,29062b68004165ac611822ba9294a59a6aca0d09bc299a150304bc0498cce28f,29,TRUE,15,0.58293342590332
2500,twitter,fb5466c5bb65a670e7d6a08fc1e7dfb976777fc16aded9cdb7f3de9a42ea096f,6,TRUE,6,0.584125518798828
2501,twitter,28213a4785276db7194fc35cfeef4139f94faec7b62d5104d1f008c127c1c820,0,TRUE,2,0.721931457519531
2502,twitter,4094b4dcd22f81cd195db4c0256c50aed6c392ef6d9d9cb2b96d897df9419e05,0,TRUE,13,0.806093215942383
2503,twitter,fc3c84f7a6a7c9c25d196a1f30603e57087e2d06919fd555fcc142ae58f31707,0,TRUE,2,0.828027725219727
2504,twitter,ebbdb9c75d0ddd2f9a2c7db1b77747256c1e7911f4be91280a40d777f30842e4,19,TRUE,7,0.776052474975586
2505,twitter,e929648c7edd6fa1af5d69adaa608066f6d238f763f7d9239b47d23622e73344,6,TRUE,6,0.704050064086914
2506,twitter,aad6e83fd090757b1381a1637034e922f0a0020a77254edbe60ca23d7120f182,0,TRUE,18,0.593900680541992
2507,twitter,a82ddea38cfda9a5c211958309d54a73e0864c505364a98a36942950dde5c41a,6,TRUE,5,0.597000122070313
2508,twitter,62acd98604d26505802724ae118905b5ff6e893f96c1b8f4f1186efd0595fe14,7,TRUE,3,0.573873519897461
2509,twitter,ab16e9f907fd6370562fb11b215ed1a2c9d041bc5c89e38d12094d4893c7b670,0,TRUE,6,0.566959381103516
2510,twitter,77aae62a03292ba03f8dcbb8c8b5553888fad40f10c7384567ad4710d990309d,0,TRUE,14,0.571012496948242
2511,twitter,1f510d296ede32050f039c31f13ffc807e1461d579aed47662d2e5469464658a,0,TRUE,3,0.578880310058594
2512,twitter,884326efd1abbfbb99d8d6bea9542059cf6b78b5134d2555daf33497c986007b,9,TRUE,17,0.586986541748047
2513,twitter,7121b487611d86c9a1ff8ae67c52d442b83002f535985cc116562a3aecf5c5bb,34,TRUE,6,0.591039657592773
2514,twitter,716778c8c57f0e957135c8cd21ba29269b5c25d9af70aa6b252830f81d75ebae,89,TRUE,12,0.608921051025391
2515,twitter,0097a6c412c0596c68dc507967b1a3181f3ce2a781af94c6770264f43b84d067,5,TRUE,3,0.573873519897461
2516,twitter,0029542b8cf2013df8bf9e3719161707ec556db7aaa9ebc7b061dc28f1824319,2,TRUE,12,0.580072402954102
2517,twitter,44fb5f0848222c9f278c04d71315bfc13fd2dad7977f58095e70a30dc0aba00b,0,FALSE,20,0.578165054321289
2518,twitter,99e0378eeea141f9c8c70ef00c61006cd4843825ffa815c1ae03f2df4b5c7765,11,TRUE,1,0.667810440063477
2519,twitter,8997ade027fe6c17094ab4bbf0ebcfd8cb8f1da54b3e21168d97094b6eb102cd,1,TRUE,12,0.575065612792969
2520,twitter,e2a238d3edad9327cfe8ef9bc58be4a688e04e64bc5f0f3f667a646210df7111,5,TRUE,10,0.5950927734375
2521,twitter,15292857f27dd51e511f81a9c9e78456b7292ae0abb046f09a89b09eef1bbc36,2,TRUE,23,0.587940216064453
2522,twitter,5e1811f5eae4843a64ec78eb6223e52de9a1e54e8714c5168f2c31a968160e2b,0,TRUE,1,0.679969787597656
2523,twitter,84d5e4a2c5b111129fa91095d86eccb4245638cdc7e40da7ab4dd8c6415e6673,26,TRUE,3,0.575065612792969
2524,twitter,595233794e2d3550dc88674d95f889f3d585fb40fee1177f57a7b5b0b126b7a3,6,TRUE,15,0.625848770141602
2525,twitter,5adcd6a580c57d411cd12018a0cc2cb4fd2fc3f788e87197c1cd8b672df294af,0,TRUE,10,0.588893890380859
2526,twitter,33aed60066517b2c42cada2b997f12a26e8246136493339b538fbd3e807b5b6a,0,TRUE,20,0.583171844482422
2527,twitter,a127cca040aa02d1840a7539f6e0eb6fa462cc942ff6fe5e4a4310d635250342,8,TRUE,8,0.592947006225586
2528,twitter,13b0bfbd2149b827d1c4bddf0462c51553839b503fb491b6f487090fe602189f,53,TRUE,6,0.577926635742188
2529,twitter,84b9b3542ded5bd02977d9b0454d48645702661c948450eb2b6d367157e2d318,2,TRUE,7,0.576019287109375
2530,twitter,863af6102e5d558c9abe042979ad52a7600ba838983ad913c927dc8f6ed5f651,1,TRUE,2,0.587940216064453
2531,twitter,d00634d2c7cd52768275ad4e8a6132566b692cda59bc3a90b57b20282f498b3c,0,TRUE,7,0.56004524230957
2532,twitter,23e2bbf55dc770c6bf256598ce74933219a2d0c6ed6406404f07c0935d11a718,0,TRUE,6,0.577926635742188
2533,twitter,4423a1c932cbd11190b31182ac389922c58399ac8623048f051cb17add4ec213,0,TRUE,1,0.722169876098633
2534,twitter,ee41f5c894f2472de349ecc8093ed736dd5495bec846f43ab8b6af4acb722c3c,6,TRUE,18,0.694990158081055
2535,twitter,09a975349cb4317c3d5ab546bcd6c89634073a01d31312f7c61a9290bb1c64d0,2,TRUE,11,2.471923828125
2536,twitter,9e8f7400134838a58d2ac9b4e7a81eb97da530959f76032ffd33642b562e1ca9,4,TRUE,3,0.593900680541992
2537,twitter,80a8b18f0734d5048d41bb1dd39c639a3d12c08d1dcc52830082c07340b8c8c3,1,TRUE,13,0.571012496948242
2538,twitter,a2261dc1fbe889839176e41c7580266c64b0e7a8a711805ea7b33585c536ac04,1,TRUE,16,0.580072402954102
2539,twitter,52cfb60dd7036354c9318afd0f11024466376bb4d03a4136bdb6e9a7e1f9b895,0,TRUE,5,0.571012496948242
2540,twitter,0e9852eb56af46e5639d43d6c8f2446cc935fed31ebe48e07c8e4128e59b547b,2,TRUE,2,0.602960586547852
2541,twitter,8cfa5b201517ec14fd0d64c9a704bef07c674dcb2e80cbe162bfd3ee9cf47c3f,29,TRUE,13,0.578880310058594
2542,twitter,b2da7d6b7da7226e20723d82199cd5f1954f2a05bb61d624cf6d5ac7a22837ca,0,TRUE,2,0.586032867431641
2543,twitter,d1394c7f246c778f6852fd463653af714d7e6ba95972df8df6d2e8028de1cfa8,2,TRUE,10,0.596046447753906
2544,twitter,978560b718e797da06b7969299c2d7cbe2a3b2f8bea5dedb3c8a2bd141885d44,0,TRUE,2,0.577926635742188
2545,twitter,04707c8fe43c020a470816c50353114fe6c6d5341cd91f4c3ba7dd4eb5b2ee24,2,TRUE,1,0.658988952636719
2546,twitter,992a5b05cbc0099bdded09b102cac4d82ce62409a62f5c9ed38eb97b93a743b5,4,TRUE,20,0.58293342590332
2547,twitter,3d8312d9c362ceb20b6cfdb5ee3588345d687ec3176c92fc3f4bcb79e01060be,1,TRUE,1,0.667095184326172
2548,twitter,71aec69460bd15017f0e97ac13b0385a26f92a878c561b86a36f49198c636725,1,TRUE,1,0.671148300170898
2549,twitter,361408ec1e119ecdc56af8b8bc47319266b4ac206de43e908a28512a9bbeb076,0,TRUE,22,0.568866729736328
2550,twitter,5321606828a1f8bb4efe42606411e02d0fd2bd548ca14b9d8c1d7f52fc7afc8f,115,TRUE,12,0.592947006225586
2551,twitter,456ea308f88185dd8021c76bcf7560468ab3a1a56395035510c8ac577991a45e,1,TRUE,3,0.639915466308594
2552,twitter,ad5956dde43b4edd2c8d021fe9ab2dc9dc6bfbd87f4479dc3645741f2ceb0d9a,1,TRUE,6,0.597000122070313
2553,twitter,f56144e905c071894e4dcd53164daf0723eced622e5ed682929c81f5be857942,78,TRUE,23,0.595808029174805
2554,twitter,aa6e7b6adf792dc78e6bf7132eab616b785a6ba4d389665847ba552e7a8b0042,2,TRUE,1,0.735044479370117
2555,twitter,012ec729fc526408e61cae487f134fe363ef7b714348193a1d1d6733bfacbd6f,5,TRUE,3,0.589132308959961
2556,twitter,dc7f18aecaeeb212f5f73378c11ad669b7369581f1e5a8828052169858f01208,0,TRUE,11,0.59199333190918
2557,twitter,756d29ef97b1ceaf4b0322bef0f2427a70bf69d7aa1fb5311fc5fac72c28cef0,4,TRUE,2,0.608921051025391
2558,twitter,99bf48bf7c75ccc2c176db78376759d4663a4b5016c72a723a349c4e6612cc64,1,TRUE,11,0.593185424804688
2559,twitter,e9319589c560a089d3689dcaa1ca4ca09275db2d2e77aedfabb7a48062c90af5,1,TRUE,10,0.592947006225586
2560,twitter,1505506ffc1ab8646167091dc49d2b3b02c167605b28e5bfab9757265f08e352,0,TRUE,4,0.611066818237305
2561,twitter,3ab86740e64b931c0fbb638529b48e16729729ce62dbb7fa754a79304305d8c3,0,TRUE,4,0.580072402954102
2562,twitter,f8e0c12a6291704065284a51b70bcf2e7352a300a9ec60163ac5ff2bc5cdbcf3,0,TRUE,1,0.591039657592773
2563,twitter,f0f041b2fc610c0dc469ffdfbfe9a855ddda1c186ed7611ae599555aff811b10,75,TRUE,19,0.581979751586914
2564,twitter,094a09abfe6660575697f70cad0bd93ca810d6c06af20abe70cda9925b5dd6b7,0,TRUE,4,0.649929046630859
2565,twitter,19f1eb0c9c8609833e57d6166eaf0148444c22cacd65606fe2cd4c2d0477ae96,2,TRUE,6,0.613927841186523
2566,twitter,54bd1b713a1dd534ccc2c51666aed33b39532b03901bc8e80c5507a2d4ba1fff,0,TRUE,2,0.590801239013672
2567,twitter,2eddd3f852183d636821c66e6ebbd47855c36a9d3eef830302fa05966426e891,8,TRUE,1,0.676155090332031
2568,twitter,8ef1842cbb0a105e751ade21ed64de3b4fb99c1565e912ccf4a2636cea50f223,0,TRUE,3,0.643014907836914
2569,twitter,a4ec30c453814238fe6e18ba863106aa88af8ea383f2d11eb3cda3fdc138b1da,1,TRUE,1,0.713109970092773
2570,twitter,80c8681ff5ca79a1ab12803c3ca6cff81cfb650c4f5ceb4a6538d9cbee90eedb,2,TRUE,5,0.612974166870117
2571,twitter,d342af9617de40493f20c2e60ed1cc6c10d0e133ad0a591bb1ea1f595eec44d2,0,FALSE,4,0.586032867431641
2572,twitter,d92dcaca1e4e5eafa5f4d5be3c2882102295778f7904c00ce2df0b90e6f77124,0,TRUE,4,0.581026077270508
2573,twitter,0c6cb846a8a5d8e04054d6116046e91ca6bd756a95bba8854c19c70fa288cca8,2,TRUE,6,0.583887100219727
2574,twitter,eca6c26fb07b4a641f4a81dda71694c3a870e23e9d9271c57467c22482b5c7e0,4,TRUE,7,0.585079193115234
2575,twitter,b3b0ce9332931a44aa9c9da45b4e299a6ae80d1a76f374added4778bb1a0375f,0,TRUE,7,0.572919845581055
2576,twitter,3ca700fe07ce114204c254dc4c9de13270ac968d1db6e2c4ee1e751dc9b4a417,0,TRUE,8,0.577211380004883
2577,twitter,0379a07bcf2387cfc8bd6564ae78442b900d918e1436e080630025c89d99c9fa,1,TRUE,9,0.583887100219727
2578,twitter,011cbcfe6adc1e42a68f552f2140d9b5441e7a8663c1e42129d3cbef9591f836,1,TRUE,1,0.686883926391602
2579,twitter,7167e4dcd3fa5d57ff5fa6bcec6067fcaff3252326f30fb7d079d6fcf17a8970,71,TRUE,4,0.592947006225586
2580,twitter,a0c51ec8c42ead288f8867c79c835eb940ddf6c14aa7bdbff127066ce15da450,3,TRUE,2,0.65302848815918
2581,twitter,b58010c20e03b260c135c14c2800c65e478c4bae62927068dce0b26441059d1a,0,TRUE,5,0.644922256469727
2582,twitter,a8143c30ef106901d7c68b72ba0c145e05a6f63d6acc74c8f658bad96bd49829,2,TRUE,9,0.5950927734375
2583,twitter,44f74ca2653ba2c5841ed59b9ff2c7978cf509b63b34cdecef65e1c4f12071b4,9,TRUE,8,0.603914260864258
2584,twitter,fc7330d0b5226e8a607f2b085f86907da5ee88f8a85dc885e87a7d1094d6917a,4,TRUE,9,0.600099563598633
2585,twitter,a654c03cb3a2f50e08f92a7243db5c54eb496139a632260f12becd3b79078bb1,1,TRUE,13,0.603914260864258
2586,twitter,4a8a7a9f1b36fdbd3a4277141a0efc70d63dc2509eb6ca8c0c2fd80a8cabd59e,0,TRUE,15,0.615119934082031
2587,twitter,5d0570b52c8de443601069f5d90f3d0fb2a1a0f793bebb6c6039f99e14f63f27,91,TRUE,6,0.598907470703125
2588,twitter,d5eae7ff6bf5716dced01fdac9657589d3336fd06eaec8eae2e83c5001f141b2,3,TRUE,1,0.684022903442383
2589,twitter,877869d0405d0ae608cd38c4a0306ecb75b72709baedcd7db75e857015a78cea,1,TRUE,3,0.59199333190918
2590,twitter,9d35a03ec635bde5b09cde58a87ad443c9e8bef804db75ebc22138ec86fd1130,1,TRUE,15,0.627994537353516
2591,twitter,2f07c48bc423fd2cd2e886d43ae1fa032e569058fcd21fe2a8bf38231da90ecb,1,TRUE,3,0.585079193115234
2592,twitter,9c85f134c2b1f7fcfb6343b927de5e29bb4d74dfa9ca71b1347142efb570a699,0,TRUE,6,0.622987747192383
2593,twitter,dc59221232018b7be4ea15972a6263c83a2086653a48e0cc602f935f4409860f,0,TRUE,16,0.597953796386719
2594,twitter,ee2782ebc2031086e569ada2ad60fd0934594b35d2a96f180c9fc08e5acf7744,0,TRUE,8,0.727176666259766
2595,twitter,d100c67e5cee5ffe3bccfb2553d7e694ac7af5508aaa2d907a8c00e6d404ef45,2,TRUE,2,0.636100769042969
2596,twitter,d03582b40d358dde827ad9da97b383dcf2e36584c4cb3e60436fe1191ad57bf3,57,TRUE,7,0.586032867431641
2597,twitter,30cba62ff87a5a62eee9fd232506fd76a97e7aef798e6752bca6882874524260,59,TRUE,2,0.62108039855957
2598,twitter,f6737028e1ce3317f9b27c150bec8ae8d7381eaa6fdd07db731ff44ee36e29db,1,TRUE,14,0.648975372314453
2599,twitter,69c5f046cfa1ff3706c4907a9acdd130857193057e30fde7e6a1160c6ef197c5,11,TRUE,11,0.587940216064453
2600,twitter,b8852c5101332b80bbcd6713c32a586ed368dccbc350726f059f91ca41c8c283,13,TRUE,5,0.594854354858398
2601,twitter,df04a245e6a1d49324e957f3fe880daad8f40662d2f05e685d99d69c455f6a60,1,TRUE,7,0.600814819335938
2602,twitter,023452df293142de86673b8ffaa8017b08046333df078fd9f1c4ef75e9337b8e,0,FALSE,6,0.584840774536133
2603,twitter,eae47179abf8f7221d27f530d9ec69157cae4b0467a6e7ab4fe98a1d21797219,0,TRUE,7,0.596046447753906
2604,twitter,32fd80244200c5d9eefcbbc665443e5aa1f31d9dee6772dc8fa1a1ae56fed686,0,TRUE,12,0.585794448852539
2605,twitter,c918852119d9c3d03ed9b17d0aaf0323e35d72474176ea2bc33596c3dbcc0b85,2,TRUE,11,0.579833984375
2606,twitter,c7b0fe761e879c0fd57124ff80904f9c28d4e26248544cf9126cf2b0f2206587,0,TRUE,5,0.573873519897461
2607,twitter,50263cfb21064ff54eda047f33a577100575ea4dcb02ad03dfd35b9288580903,42,TRUE,9,0.628948211669922
2608,twitter,4ddf0aec5ab7c2bec701065f4dba113b36c8c7a144bade5e9b3e5bfb28147a87,1,TRUE,18,0.61798095703125
2609,twitter,721b4e7e94921f95a41e3c429f7034d1ef5a66c674c5eca1cdb3aaee09221bab,9,TRUE,4,0.571966171264648
2610,twitter,a4347d9584f69edc2496ef56aaaaf5812575f4ad029cbfe19979160d45bdc45c,0,TRUE,1,0.67901611328125
2611,twitter,b7c3bfe5bebb82358d2121f8cdc69b62c1cd52f3669e50d5d9db874bbe1a85b1,83,TRUE,1,0.721931457519531
2612,twitter,0279aafd372b049b2e35f5118e3dd9fd6fc23f2575c77cbf798997a798da6daa,32,TRUE,6,0.583887100219727
2613,twitter,73742f0990ff2be0cb85406e2eb4bc108015fb0592f46444d80050528a797000,0,TRUE,4,0.597000122070313
2614,twitter,ad2bd65f2ac12cc0573e47bd49f70e171c9a86a691e3c35629f070d77594027c,0,TRUE,3,0.571012496948242
2615,twitter,8fc4a4529854c77cae446e5e19995f7efad00ab6334b0b2ff74956aa9a86eb89,0,TRUE,1,0.699996948242188
2616,twitter,af7673a3b62e9341626296fc9a73d9609fab5106a2896ab2e150fce29a86a1e3,0,TRUE,2,0.591039657592773
2617,twitter,03012ad6325e0903dab284e1300d4b5dfafc3b0c225dddc74ce26ea247b5865c,1,TRUE,10,0.585079193115234
2618,twitter,dd92272cd3ba598d210ac1358b63211dde9957eed949c7eb892fe3e3e42c3acf,0,TRUE,11,0.592947006225586
2619,twitter,64113fea2f81059fd7877d9db215ec10192f0dad1ddbd869d00d9a27a13a0ee2,0,TRUE,3,0.59199333190918
2620,twitter,f57c97aac102436d3ce9f2f164d3b528b5a32eb3a6dec9a430ceeba05218a7b1,45,TRUE,15,0.586032867431641
2621,twitter,654d924ff578c7ec293a68c58acbe1c54f4459d061d9036cd2a865e35acdcbfa,0,TRUE,7,0.597953796386719
2622,twitter,88c8732e4eb185c1374441b72140d922535403ef83fcbe611db3c2520eca56f3,8,TRUE,3,0.61488151550293
2623,twitter,0423d6b762b4337edbc0f78301999aa75c13c74390eb5f53e05082370a043b84,59,TRUE,2,0.583887100219727
2624,twitter,d4e90549e25862e10b808400276d966d437f1424f168cca090c92b0f2b257bbd,0,TRUE,5,2.78306007385254
2625,twitter,4322a9428b7c3cb24d17d6e3dd97f9282cd555523d3ac58b017fb9a9140fdacd,1,TRUE,4,0.597000122070313
2626,twitter,0c82db77791ec85083f12781128e55d805e3456a53eb30e2f67d7c4c9ca1964d,0,TRUE,3,0.622987747192383
2627,twitter,9353dd416793d9eb906936277c7d9803d53814d00fbcf7b082ee41b7430f23e8,0,TRUE,25,0.613212585449219
2628,twitter,1a3fb3bc06dedc3c4ae1daccfc23190c37b3ec79796e0da2a94378d044f7ece9,0,TRUE,18,0.576972961425781
2629,twitter,0c7fdab709f05220f4dca3b11c8716919ddacd23e4406ec085b4c2be03c6dfc3,4,TRUE,8,0.571966171264648
2630,twitter,66a25753d1df8b1f85acc5dcc2d8558dc8c514d0f8be0be753ed9bda0ab519a9,0,TRUE,5,0.585794448852539
2631,twitter,51f3cbaf198fd344d66f27dd487fb758316ff0963d25cd872ae0118b13b06109,116,TRUE,5,0.578165054321289
2632,twitter,70fb590b27a883c4107107128fdb03126ff83c31cc22c7424748a58d2a63a884,0,TRUE,2,0.560998916625977
2633,twitter,f3fa24d99fc688a362b85d92c18b9337651618183b1605085c36957b1ce7a2e9,0,TRUE,5,0.581026077270508
2634,twitter,92e280098d9c7cbad1604df3defe3cf6abbe92581281f7d06afb13de1c3ad609,0,TRUE,3,0.578880310058594
2635,twitter,5bbcaa3a541a913baf4cb19f968c33831ce84bdb904f7b42f3cb71333e6d5f6b,0,TRUE,3,0.571012496948242
2636,twitter,f7404249eb056dff5380611549e5e09b34f98e4971e08b7d5cfbd828529135b5,0,TRUE,8,0.604867935180664
2637,twitter,5f167c4496370b07164a1d73432235cbcc48275849edc8972e5213e08e130829,0,TRUE,9,0.586032867431641
2638,twitter,3fc76afed3426777ddf1501e94317e301725155ee8b210f5884abdce2e30fb09,120,TRUE,16,0.578880310058594
2639,twitter,6c7170f0bda9c07cc197d9541f082279f04cdd858a3a0de5a803595e42d0e8ad,8,TRUE,6,0.608921051025391
2640,twitter,9c1eea1e2c47bd7621a9f8f457137e6459ecc4b657f91b2b04677576fff472f4,0,TRUE,1,0.690937042236328
2641,twitter,f12064b486e0040c263e44b319a7a33794c269bf62469912079e37a47826667a,3,TRUE,3,0.59199333190918
2642,twitter,dd306c68d1f4e3d3ad5dd6110d7f62bcbd3b8cc72eb71361f0a550ca6a847192,0,FALSE,1,0.684976577758789
2643,twitter,44a18d357e5a319defa9b2fd82b11d6e00db9e228ab6547098da68453db49238,7,TRUE,9,0.589847564697266
2644,twitter,f83602aa1a553cafeba898dc389b5a3d5382662b9e2316fb39756e1bf5c98437,32,TRUE,6,0.567913055419922
2645,twitter,b1d15c51e743178017b88d220bc5f5f27530070aa490d11e47f6829866d37faa,48,TRUE,7,0.596046447753906
2646,twitter,d77e623167e8ed3f1ce5919c1d22473e19e990b3d88d3066563c863d4e55c05e,1,TRUE,1,0.698089599609375
2647,twitter,840c4fb2a9177dcfadc54d74a9d1d388edb77115c026c224bf3cfa8c8dff11bb,5,TRUE,15,0.607013702392578
2648,twitter,bec880fd455f2372fc3043ed38b1659e6f9cc8764741ff0ad3add4c4bd615e7c,0,TRUE,6,0.597953796386719
2649,twitter,c24cf0a12c4e09f5cce0e99d8c84b8f6daa1b8e03f48eadf86ef9b5e8104ad6f,0,TRUE,4,0.648975372314453
2650,twitter,9e1313333ac2da3d8604d36d347b64802a20a2a8a7447c420de5a62f9c841afd,0,TRUE,19,0.583171844482422
2651,twitter,12919b76c71a89f89575cd954427a282f858ea78a00bd7ee95a403d84651f840,74,TRUE,12,0.571966171264648
2652,twitter,c3fedb850bae980d1fb6840e596c90ef0f3a4d04eb021ee4198f152b3f1ba1a8,40,TRUE,4,0.601053237915039
2653,twitter,9e83fa5323538b80bfdd20df2655b045bf3b01a60b86ee545bc6be3c5d63c61b,3,TRUE,9,0.640869140625
2654,twitter,cb68da6a379356c661ae51b7af40e2b92e3ca27b8ee3b5c3dbf898a0a5893020,0,TRUE,8,0.895023345947266
2655,twitter,b75179d2be585f9b322cd082df51f8543cf7af7d127dd020bf7218e97eaf2487,2,TRUE,4,0.640153884887695
2656,twitter,356918bb4ee45f2c785162b65450c1a43001b5d2bb60bbb1c67cba2f8937df9d,3,TRUE,16,0.61798095703125
2657,twitter,7ba0419b8b4490d8d97c9901b27b11eae893a041a1623c411a41240df2370ba8,6,TRUE,5,0.587940216064453
2658,twitter,23f675753ff5e469c64f78decce1161af1b68bc25cf123ffd44a4e0f43a0ea9c,0,TRUE,5,0.592947006225586
2659,twitter,81e9aa792723974d0fd2afabfaeec4fb09a31003893daf3d2e1542e132a77fb6,4,TRUE,12,0.59199333190918
2660,twitter,3c2e17ce8d032113af676b0011ea4b2c2f8a27b3468fb2a6df0d1a5936d597b3,0,TRUE,7,0.59199333190918
2661,twitter,988507f3b8611190de10ce73e2888d27b2472527c1d921028f740fa0e2239627,0,TRUE,3,0.624179840087891
2662,twitter,95efb73857733dbd8b6fe579e5acb206b2eb0cb727ffe0177dfbc7c8a7b99388,5,TRUE,3,0.59199333190918
2663,twitter,2e146bc3c5f8194ab03e3420cf11e323664b82cda95c9eeba914e9ea0f4e299d,37,TRUE,3,0.597953796386719
2664,twitter,2af5d70f86e0082f6f72350d129d8b7637a53d338049d5def593f03250f6dc21,11,TRUE,4,0.576019287109375
2665,twitter,eec47cce92b60d1d31f456c4859709c3b7c7aa093c9100265a4515155fa4d0df,0,TRUE,7,0.586986541748047
2666,twitter,46003f26acf6934ced3bb393d05e907e09d629dbf7514e8865ea5016d81cedb1,2,TRUE,18,0.589847564697266
2667,twitter,5591484300a721205b02d8564e6e31b8abc52b920e88f95564e9c8eddeab0e57,77,TRUE,4,0.581026077270508
2668,twitter,bffede699209224ba5a552102bf371b0749acc804f4e85a70a8a3dc7e169343c,0,TRUE,3,0.587940216064453
2669,twitter,fc42fa22748ba604df26dc2204b45a56b61ea52ab414621706f0b758663e29cc,1,TRUE,3,0.591039657592773
2670,twitter,4c9d0faec52352f1e656c95d87158e8c765bbeada40ac179c7c6f14d9c5ca19b,0,TRUE,8,0.589132308959961
2671,twitter,4029b54214c944c6ba1f82c0360e4a0579d0b741d9c8024c8959b6dc563fd90a,3,TRUE,5,0.610113143920898
2672,twitter,6abfa1ddbf2c6015b8ca71488cf0b09770ee62d800e3bd9a93c658078f149a42,0,TRUE,18,0.600814819335938
2673,twitter,6797eec6256cec85249ef14ce391c7a1e036864674ae5aa61b9966d819f69eff,0,TRUE,17,0.607013702392578
2674,twitter,611ad66f3102ee0ab8ba7d1df31d3a36d50fd79b70647876fba810d073ac33c8,0,TRUE,6,0.603914260864258
2675,twitter,7e5d3901f25effa2760b1a50ad5abc110f5ad5ac29dc6893fcb95a6597f76aac,0,TRUE,2,0.608921051025391
2676,twitter,0471ddfece5ea9acb1b94559c16114fad0ab926f86bf632d88de46464dd7168c,0,TRUE,2,0.625133514404297
2677,twitter,10d63febff99a2558f647e92dca201ed5789939654a23ab9a45c0de677981dd6,12,TRUE,4,0.611066818237305
2678,twitter,e11f56ff31c26656e5b257c49ff72e292161f771cec0d911c1408808d658431c,28,TRUE,10,0.583887100219727
2679,twitter,3a8060c17e36c6ce313cf718a0113c72f491e7f5028c2340c04c080b11d76880,0,TRUE,12,0.5950927734375
2680,twitter,e40dcbe96a515eb069d5c5b58ee101b9d835c88973571b5ff137744a725a8f81,1,TRUE,8,0.598907470703125
2681,twitter,70fce4af154c1269783bee8943890c279e06fcf31bb24d492f3d2352926c4848,0,TRUE,15,0.642061233520508
2682,twitter,ecf8983bfd995f067787d86936a1cb3d451628abdecd265685c0fb98fc239e94,88,TRUE,1,0.75078010559082
2683,twitter,f692cb5e434d5ba4e605c4d3a6231a39b3423d27db7e5073bf3a814dd0d69bd9,2,TRUE,8,0.660181045532227
2684,twitter,1bef24ede5f1ba00ab5abf18a8152d945f015b8798080d890463b911d642bcf0,1,TRUE,4,2.80594825744629
2685,twitter,86e14264c5ed4f28bbec5fad47e28389f0c7b442ad505dc315827c7260024317,0,TRUE,23,0.653982162475586
2686,twitter,ccb777fd335917e1d641b015fc7ca816af73d78a54492fbe3bec62b7763eb4ef,9,TRUE,1,0.683069229125977
2687,twitter,f2921847011a31053751203369717b70031468d5f52c5222f158fbaf0c87023f,5,TRUE,8,0.577926635742188
2688,twitter,abbdb09075d03b1e874d126424b35dbfbe5a6b450200253eac450fac370e9373,0,TRUE,5,0.591039657592773
2689,twitter,00d20bb77ff9853d8e18c0611f6ab46049ad6646ac0bafed549fee9e7de3ae3f,0,TRUE,1,0.709056854248047
2690,twitter,9e9c3798c54172117f3562fac8eba4f6037c4c71cf48e99283490d24419b55bd,5,TRUE,5,0.581979751586914
2691,twitter,386afd397c498df48454c04e7e46c1a0a5465e4d2108f1c3b1cf2f9a65e9f41d,0,TRUE,14,0.599861145019531
2692,twitter,c3241d104039dedb715d537e71e6b26a5cc4a2a52032922874b4a7f5f65b6382,0,TRUE,14,0.587940216064453
2693,twitter,57037ef6e600b59bd79303fa276b4862d146d3970a64ca1071a0c1bac6e3d048,2,TRUE,12,0.586032867431641
2694,twitter,47c32c5596b307d0c892617036b1ed1facf30192cc6b575268599e45443beced,0,TRUE,1,0.689983367919922
2695,twitter,2c5c0114861e1572f999d334f4e3a66a94c179acf9277b1e95c865536570b8a7,0,TRUE,4,0.566005706787109
2696,twitter,f8f693a4377d486ec9bf32a83eb001df7f886c7299c8094e77b147bf4ab2d80f,1,TRUE,2,0.576019287109375
2697,twitter,809f266b95ea6e9ca06aaf382aa4700d3c19b70a62032514ae7f066c747d98c0,6,TRUE,4,0.586032867431641
2698,twitter,2fe2c3e9c2f286833e9aa6d93bc2cc51072ab36c9e17a0fc61479498761d4588,0,TRUE,2,0.579833984375
2699,twitter,73a7f1ce495b1188351b57b72482b61e8d2e3fe12104828615db4a38612fbe55,0,TRUE,7,0.591039657592773
2700,twitter,e5f571d22a9858f674c971d38ca227bc353102a71c857b7e09725ce71b8666f2,1,TRUE,5,0.578880310058594
2701,twitter,a288e34924cbc96bcc12dad366ace33b05fba5f9e45ba24a2fa841b466ae86b6,1,TRUE,4,0.573873519897461
2702,twitter,8c8f98773add5901e57cfbdce36f5292d80bb4de5be2d48652a1faf5c17803f3,107,TRUE,4,0.579118728637695
2703,twitter,bb3df7dbea24fdd19689afcf142fdf547cc60b8def4150fbfe633bd31bf859e5,1,TRUE,4,0.587940216064453
2704,twitter,3de6fc62b58183e6d89dd8887429584b6aaa4ae5994a235df1a00f19710e99b5,0,TRUE,14,0.604867935180664
2705,twitter,9d6afdc872b7fe949f7b7367ff0f2f0496b0337fd5abf01a6215170a48cb2bf1,1,TRUE,1,0.705957412719727
2706,twitter,84c7a8f60791afaf7d23710097f213945e230962100e3b2b8efef5cd43e6727b,0,TRUE,12,0.575065612792969
2707,twitter,74ee706a5b78b56de370e72807404945f6531acf01859677f9ab3c7a245fb9a7,41,TRUE,1,0.680923461914063
2708,twitter,d68770d592915844d3f7bbe5bb95dffcea60f124dbf0f81e7db480c24239d96c,1,TRUE,19,0.592947006225586
2709,twitter,418489097d126cfa503db2fef639f7adcbebb31193186851525242e19845120e,0,TRUE,12,0.586032867431641
2710,twitter,86ac4f3dc0d292bc4acdeb49cb8111f4138bde22863c8c32dfa1a0a6b17c8759,0,TRUE,3,0.585079193115234
2711,twitter,ab5c52bb3cac307ccd024b9b84bc7a6b0d8fb1849a53ec96c4ffe698ef8996ff,9,TRUE,6,0.602006912231445
2712,twitter,8b53499cbdb6131db945b931f0e7da52ff496ff17e184f4c969b48ea4883bfee,4,TRUE,5,0.602006912231445
2713,twitter,8ef5b4d36e7754ad658160794e3c7714865bceb2a0058b445b80fc55bf21c2fd,0,TRUE,2,0.668048858642578
2714,twitter,00bc52c942a1b924939971ac1960d955092662bde3f90c465fbb75e97068a5c1,0,TRUE,2,2.80499458312988
2715,twitter,17e9d4bdd0b95a05f50a7eca2f571759c1a66fd60d01f12af1cd01aefd34c470,11,TRUE,16,0.644207000732422
2716,twitter,b51c364ca4a0a51a0c5bcd914763ef0d3a7fa587f79cda5ed9e34be39e2dd058,0,TRUE,4,0.554084777832031
2717,twitter,860668ef118b421ec2b79cf9be393c7e65f7a4dba3e2fb99b6863a1fa92cbf0a,26,TRUE,7,0.611782073974609
2718,twitter,604d835ceec951b7b48208926dd12d29bc745246de08d0f4738152d12d70a49d,0,TRUE,1,0.549077987670898
2719,twitter,474c2f7d9a668e07b6cb9f8beb48e4c2fd1c65b3ac85682fe560b81b16beddc3,111,TRUE,1,0.693082809448242
2720,twitter,e056abc811168f037d19489595e8eac187632e7609a5766be99dc2790d8d97a8,0,TRUE,4,0.577926635742188
2721,twitter,e59cb0942d071bb2076173f7356ee1123bef57ae1986b2b71d6a079951e0699d,1,TRUE,3,0.583887100219727
2722,twitter,b969602ba8258ab174dfb907f7ad39969796c52bb6533382edf1d94b10a620c3,0,TRUE,3,0.578880310058594
2723,twitter,693399a6f08319943ec334d9b1ad26ee2abe1e55d3e2700284b9da814fc9f3f2,1,TRUE,14,0.574111938476563
2724,twitter,a76f6b409ca25f62623dbb987eaf7253d0123f63fa77186ef86b08465c8589d5,0,TRUE,4,0.592947006225586
2725,twitter,93bfa51210a356fae9e3a53676de1390d3aa22f41d5dc2ad7f500fd640f6149a,3,TRUE,6,0.585079193115234
2726,twitter,8e4716e0ae6e6557a6beb0c9d31985c8713eb295e61a0b31f322ebbeebcf23d1,2,TRUE,18,0.574111938476563
2727,twitter,d0c546210ba72b75219a6ce083fe60fdde7bdb0486a92778956a4a8f01b6780e,0,TRUE,6,0.600099563598633
2728,twitter,864a830505d618fd7040e07021a4e9afb95a618805a0cb59576d64a873e52d31,0,TRUE,8,0.575065612792969
2729,twitter,429672caf581ab22797083093a9d015afabfecbcf51dda14feca649fe5a07477,5,TRUE,7,0.576019287109375
2730,twitter,e8ad543b332cea2ad7a5882349969ac393002947974719b2becfc5cbe3fb676e,0,TRUE,1,0.68211555480957
2731,twitter,38c3f6ebae7065f20819fcb0f36acdafb0783d4ce89f19d4d84a12628a1b37f5,0,TRUE,8,0.581026077270508
2732,twitter,a5fcda554d72f4f5b55719762695caf39cc1e338f7001ada1529a6aef83ee7d5,0,TRUE,21,0.602006912231445
2733,twitter,a50e41c250e6ef3e84aa05b80b71c3719c1c45b052653bd8ff1042b71a7a0741,0,TRUE,2,0.586986541748047
2734,twitter,5fd3c04482454409918a71bb346e3b33194f95fa219caab1f0b4e06037de445a,55,TRUE,8,0.580072402954102
2735,twitter,8ebd1d8034b046d71e912a2ab25b251063989728299639884c4ed09cb0556e8e,3,TRUE,5,0.590085983276367
2736,twitter,d5585173d8ca028051ac1b13cb4f8a5cbd5a9784531d969817073e0d71884eef,5,TRUE,9,0.597000122070313
2737,twitter,015b27ea489dd563b68f2d33af39856a3280eefb0ca68a2a3de6163065d183c0,0,TRUE,10,0.576972961425781
2738,twitter,7d2eb561a27a9ee63357b5716cb5eebc9ec4356125d79f655a4ef5bbe1340976,0,TRUE,10,0.591039657592773
2739,twitter,0ed91093738ff27dbb934a9f9d1c667a361983e9f70143ed39a7c9597faff0e2,2,TRUE,3,0.574827194213867
2740,twitter,fe685194b5385e436ddb46665658796532aa3d6a277f526b43997baf1d98080b,0,TRUE,13,0.591039657592773
2741,twitter,d7fcac4dcbbfe284dd333edcfd1a8de233eb5303c2b4eff478838a6a31213201,5,TRUE,9,0.601053237915039
2742,twitter,70d0c46365253ef2e7eaff43d375b87fbbc5d1547af0d3426f918c451d85b0fe,0,TRUE,2,0.574111938476563
2743,twitter,b6c8122d682e1f6531866b597aa7baa145fc26fc8caadbee87ceb597f14e4785,1,TRUE,8,0.602006912231445
2744,twitter,f7428d241ebe471a967d9b0a0966f017bad3ebff3bd086b6ee4988bf338ca203,8,TRUE,5,2.84695625305176
2745,twitter,7294df2db275403b5fbc0d367d20f40aa26ee097ebbd856d0108ac5fa8d5dcd1,1,TRUE,10,0.680923461914063
2746,twitter,9aed08648a24211aac2bdf2df0123dc55af556b5631d6887b77b601337a3729b,126,TRUE,2,0.58293342590332
2747,twitter,db09a8d35777cdd049eb6f297cb67e08086c8f30eb18a4ef89a1afdaa4fed60d,0,TRUE,6,0.577926635742188
2748,twitter,2ecfb95ce52373221515ee72dae95cc219b238054d803b052861a23ca0f60e6e,0,TRUE,7,0.583171844482422
2749,twitter,78e2ef5d44afa6dc6ea05f05d9cdf8ece7cfc54bb7b9a64fa02251c655aa69ba,0,TRUE,6,0.64396858215332
2750,twitter,8467fcbc8a94e308af2cd0feaff87b2898fb8098a4e34fabb784666142363a95,8,TRUE,1,0.674009323120117
2751,twitter,e52118a303aacafe5412d6da5834bdb156ced1269b69357f6d8d3870d81668b4,5,TRUE,19,0.592947006225586
2752,twitter,3ae23dd4cdb5616f23ad2e20d02d46c4de6c5d0263b661d78c4b11c90a2706ae,7,TRUE,3,0.593185424804688
2753,twitter,55ea6a9a626ce2930d8e13866a1f6cc1f1045b037cc3ff2d2ae99a625a157877,5,TRUE,11,0.603914260864258
2754,twitter,1c80e7f41d842d15944f30c98474949d5d2882696c35734268e34de2ba8b0c73,0,TRUE,10,0.574111938476563
2755,twitter,bfe5c4aaaeebdd8e03006b339af512ff1ed1fcd62d04912f44835d6bcda38938,0,TRUE,7,0.609159469604492
2756,twitter,2a4d47c6f8d188973d0734ebd0ffc1fb1d812929f35e36aacdbb186ed0484ae6,0,TRUE,18,0.590085983276367
2757,twitter,486ed6794aae39009d36a085e4c0556dabca35b673a0f0e39f1d69072cb53b67,1,TRUE,3,0.576019287109375
2758,twitter,7c98cadc1afbb607b5d40f3c7b2e7d64538ed6d376845638ca5456fbc1334ed4,10,TRUE,2,0.608921051025391
2759,twitter,0bc59858d351aa4d74190bee8dfc6b2c95ce95cb617f0d376cff0f5fa1d8c933,0,TRUE,4,0.582218170166016
2760,twitter,ac77e87ad5bc25d32278c2ef5b1ab7d345c6b519aca3e4cda30fa1b41683928d,7,TRUE,13,0.586032867431641
2761,twitter,8d70a57e7f26c757b6ba0a89b307f6cf2143effe0c41131cd19eb4d123c5ede8,3,TRUE,10,0.605106353759766
2762,twitter,a1a1a42ff590b9562be659080c8a2c39a420dabe4a96793096254d64f9385736,0,TRUE,5,0.602960586547852
2763,twitter,6a92dd9024c52ffde1f5592f2b55cd790d0d2c9c5241e353e3b6c70c9b33866a,0,TRUE,8,0.581026077270508
2764,twitter,47a1ed5ac75f7e43dce19a8829daff7ef027f9207220d111fc965355a8a3b00f,2,TRUE,2,0.5950927734375
2765,twitter,f16c49b9062a4c5ea2ce94a5b27570572eb14f74cf36e2c44299aef6d22af7b3,0,TRUE,2,0.655889511108398
2766,twitter,38be9cdba99f8572cc38ba39e7088324fc59e9ef0d50d8f340331e6a4723129a,0,TRUE,1,0.688791275024414
2767,twitter,7920913f0705f472425aaa2de6a88092a60bbdf6fed1c0f87bcdfeb02985ac31,4,TRUE,3,0.586032867431641
2768,twitter,28b46f1744973ad7cea324977fd4e69938dfee57a5fcc377652db504998b56d0,0,TRUE,11,0.571966171264648
2769,twitter,0f173279b8735efde5bcdcddc865741ec3add4f7a1e4b90c8fa62b3daa1fde42,0,TRUE,2,0.586986541748047
2770,twitter,a8330302fde67fc8ee1b405f69ed88d8646cdb889b753b6cfd981064de099d7c,1,TRUE,2,0.601053237915039
2771,twitter,5060c96fc3929f6ecc105ee9dad7480944e746dbc05aebedc958087ae874f082,2,TRUE,2,0.593900680541992
2772,twitter,68590a88c00a1e4c3d01d4d7f4a434f4bf459cb32bfe71aca32e9426d07c0329,0,TRUE,6,0.596046447753906
2773,twitter,0827e458cb3f0e4800ba09f23ddfc4da4d828c828db719be0a0927d690c7da79,3,TRUE,2,0.586986541748047
2774,twitter,849da637fe3f8b4ad0a458d75b76cc800df8ff7d28a343f4a677f0e45879f2de,9,TRUE,22,0.763893127441406
2775,twitter,7791a0d0eb7c003f6c3ba0eb07a3da0e1b945b8f380e5143a37ab6c386f5a767,7,TRUE,4,0.58293342590332
2776,twitter,58176adce6af6872740cd3c755d0e959c85c2ba912f5e89ae6d2fd5d4e1bb447,0,TRUE,1,0.680923461914063
2777,twitter,3fefcf41f7c1cb74f06920adafa32a6616b52f9c5f4bbff106b2d94783422e89,0,TRUE,19,0.587940216064453
2778,twitter,1430fdbb17ffe70bb5cb2fd53b4d763e03d8b77d121237bc2d54d87ad7decc9a,1,TRUE,9,0.592947006225586
2779,twitter,0a3331991c34c6f236e81aa58761c099a991af4e287ce3777a7a489dcb76edc4,0,TRUE,18,0.581026077270508
2780,twitter,9a3ce2645041af343ce3a1c22f4e6506ca1a627558644ff9c596e0aac14fe50d,1,TRUE,20,0.583887100219727
2781,twitter,ef27a726b9bdfffcfc86b82000552c46743e9c881306ebef5364693160a23ea3,0,TRUE,6,0.566959381103516
2782,twitter,b1320d06edd3872552218d659ccb0130a949175086a340fe43b0c8a82d38303e,2,TRUE,1,0.679969787597656
2783,twitter,29fe16f92593a9f678e41ad2dd68233e71cf05ebe47309b1715015973210ebb2,18,TRUE,9,0.555992126464844
2784,twitter,f896a120733c6406762064a1c30c802dc6edf19140c2f1a814d88b5bafc7fca2,1,TRUE,4,0.579118728637695
2785,twitter,1ba10dbcb8455062bf70dea836e4f91d4d427d2d8bd1e7df85560a17774e74f2,0,TRUE,5,0.684022903442383
2786,twitter,14b7a66c28d7213d2acb437886168a63f3add84da58536597854bfd7823f0dab,3,TRUE,2,0.586986541748047
2787,twitter,29ab6575b79b4887eff6eb8999294898a7555c7a5ba8359f128a2b8f7a38695b,8,TRUE,2,0.607013702392578
2788,twitter,04a5b03a8eeede0e410b80282f7ba8966daaa2da38ac63eac3e3235bf9aa9bb7,0,TRUE,4,0.571012496948242
2789,twitter,14c8c85c0cbfd1572d1adeac2e1697c971df5cebb4064ccc6a13526892ca1889,1,TRUE,4,0.578880310058594
2790,twitter,df5902b202f314843df0771f6cad64fa32c9e2d7acdfaaf983751da7cfee0b4b,1,TRUE,2,0.581026077270508
2791,twitter,004a5d26e8946f56903ed1f4c7518e542aafba864f0ed0d95d88f7db78760ace,1,TRUE,2,0.586986541748047
2792,twitter,2974c70a735377b4929cf57c83c736440c654b366ba24632b01d1bd06eeb948e,1,TRUE,4,0.576019287109375
2793,twitter,07c5423fa8c634d24438af2e235bbbdec255d49c45e9e803d11afbb2ea297de9,5,TRUE,4,0.576019287109375
2794,twitter,a0b30bf79adc041152b6455a8e29401318eabaa2ef84593d5ab6f4d26738fad4,0,TRUE,7,0.626087188720703
2795,twitter,f57fd1e77694040e60581014cd16b963ff22de8ba4d083674a3da1ca63fa9b1e,0,TRUE,6,0.633955001831055
2796,twitter,0be1839ba056f9d0d1bc820238e8086c2bc7b1043924bac6f1edffd92e0e70e7,6,TRUE,10,0.583887100219727
2797,twitter,4a3d80aa02b8822b2fadb377aa99e853eb46c257e8b0f43f5b389e150b55eec2,104,TRUE,6,0.58293342590332
2798,twitter,b637b5cb101c316fc14d471862a8e1015177b81c1a9081433478fca9702db7e1,0,TRUE,1,0.661134719848633
2799,twitter,2222e6af1a780f52a20c52bbcfc664c11640b6abfb5bf5f7d7ef35a1980c5c88,69,TRUE,2,0.57220458984375
2800,twitter,3308f29fe705c45461caace92ac6dcdf16f5caad585b547cc48a17bb63112ddf,1,TRUE,2,0.596046447753906
2801,twitter,61feb4f110f0132a80a1f48f3525ab9fcf4f14788f779513ef79d9d95e0497a6,0,TRUE,9,0.587224960327148
2802,twitter,0d034b4b06f2e6b777f2908ff9c3ea6b345a3f970497397841d0556d9f774801,2,TRUE,1,0.734090805053711
2803,twitter,40b9eed06ca913e81cab4769632ca6626e0164038822f24d0cb412ade10376f4,7,TRUE,12,0.634908676147461
2804,twitter,be9ce7d3b16536b22dbc175cf8450923685216d89633a880f7a41ac1b829fe1e,0,TRUE,9,0.651121139526367
2805,twitter,dbbdee5a496415e9a22188baebef1ecc05a4af11c98cefe16ad0827975d8c3f0,2,TRUE,9,0.580072402954102
2806,twitter,929039a6bbdd60610c9f99320ad90930cf8b42526d2e5c9ab4340aa2ed5730c2,0,TRUE,2,0.552892684936523
2807,twitter,a826ddf6e73a3dd05f50ad262de81a17cd71193da46fc60914fc9692a46d17d8,1,TRUE,7,0.5950927734375
2808,twitter,c40f4a2b45389055572a3695e85d41e7cee5170be306fda661491d2182dd07a0,39,TRUE,4,0.576019287109375
2809,twitter,5aa67b76557d0673e5c0a2c748023cafdf2987cf01de4f724da69404e6db1c50,12,TRUE,8,0.573158264160156
2810,twitter,75e1053f5d0db8780cb889fe4a152f979eb473f1ad211863c14b1a4567b96eee,9,TRUE,9,0.575065612792969
2811,twitter,c384ca187039e1fe5419fbf8683f7060a211b557f1a270787f38c28bba7f34b6,0,TRUE,2,0.563859939575195
2812,twitter,f398bb7d1eab4abf08e12011a7e167b9ea84628e709888e4ee6bf9e6a7faf426,0,TRUE,1,0.676155090332031
2813,twitter,c6f07ce308508c59dd3bf61b989e789e72e22d952cf8140d4ef3c8711f2c78b9,4,TRUE,16,0.592947006225586
2814,twitter,e54f26d4fa071a0a637dbe96f93da92ecaeaa891be43ba6f3dc6af597e4684f4,0,TRUE,10,0.590801239013672
2815,twitter,6cf2c33f02c80a7e2fd4c8b679641608b21cc7b5e00ac57b4202f8e9995907de,4,TRUE,1,0.664949417114258
2816,twitter,1a0d19c820052a60e8f3b5511a71889a3f78549889ee07f0731d608d6d3a6907,0,TRUE,11,0.574111938476563
2817,twitter,b918cb7405c3940bc78d3bd69b163c543b11352acdb6670f1a087bd5c348ee66,10,TRUE,1,0.658988952636719
2818,twitter,74874c93b13c5b6b42076f53ed94eb87c30b12ffc36fcf5833465bdbde05e6c3,0,TRUE,2,0.58293342590332
2819,twitter,3c0ddb63f1f72f6b7c839d542a67ecbf3a817daa460e1a0d256ef6db9bbb9f86,77,TRUE,19,0.587940216064453
2820,twitter,07f780296aef6b3d64d55a403ad4444f43800934199c51c2d7ac8e3e0bba7440,108,TRUE,8,0.573873519897461
2821,twitter,82fe2e930ba5c2299a5bbe66813f4a000a98daff1298bfe5a20eb1696d586c41,71,TRUE,3,0.567197799682617
2822,twitter,fc50e5a4c5dd7b92cef11dce546add0d630ecae251c23fc5301c24a753c7bd6c,32,TRUE,5,0.623941421508789
2823,twitter,57d7d404977833e39d094a1cba291de498bec6da8f40b7af4aae041365657f15,0,TRUE,17,0.647068023681641
2824,twitter,c9e6ce9ef293f593e474ac6e91276bf79f841316920264723608c9c84b85c62e,84,TRUE,7,0.580787658691406
2825,twitter,0e5d9b5b74bb0a16c79c1a45f43b89ab086604cf2da5dcf0c510d412be1ef5ad,0,TRUE,4,0.652074813842773
2826,twitter,153c8da839c954a1b4ae0bfc4b73839d3e4d1da1b4793e14bd9cc3fa3e4d13ec,71,TRUE,1,0.680923461914063
2827,twitter,76f66f1644f4449e296784911df14033aa98de7704beac1d4f84d332588705c3,6,TRUE,2,0.575065612792969
2828,twitter,df23300ffe9ce2df6cf91f9a116f581126a8fd6686115b8f21f37dc2d9e6cfd4,0,TRUE,4,0.588893890380859
2829,twitter,4364280e3e6f2ff134b2b477309275ef84f5dbce051aaee3ba179fc75665ade1,0,TRUE,2,0.584125518798828
2830,twitter,17fafb635d72deab8f4782d75d20f1831efa84bc610f462f0b28be0832e78849,2,TRUE,2,0.591039657592773
2831,twitter,b31056c6892beb576e55743b45807c25f799f21aa8abc6631eb361cc21e7e618,85,TRUE,1,0.676155090332031
2832,twitter,2d74ff76a9742de2a60e63216f7647396256966939ee310112b59e142f59f5d8,2,TRUE,2,0.726938247680664
2833,twitter,f86e60914332837187dfade2deb9e35fc3388a950859cc3155eaf2732765c394,2,TRUE,5,0.835895538330078
2834,twitter,06e9fa9e802011bd7874cb758434ac9a859c97a5971c7c31dc0c181d66c5450e,0,TRUE,2,0.562191009521484
2835,twitter,8fbcadac0d39e8514578d4258c6e12bc9f5ffcf14654372bf15b7342e1d7cc4d,0,TRUE,12,0.590801239013672
2836,twitter,7dbac1ff1ed55da68d2f512c358fd17ecf66b9441fc8b8caa51d55da7e2148cc,76,TRUE,5,0.568866729736328
2837,twitter,0cfdd8b5f041969c59887b5b7e170a75084d174a8822c64d6c8166e392b29f9b,1,TRUE,4,0.579833984375
2838,twitter,de518156d1ae8bdeec8d42b3d271e2332e81e4811672aa86a78070dbd7981fb3,0,TRUE,4,0.563859939575195
2839,twitter,a3800478e521e109f2faf38b5f9242494944ee6d59c8cbf9e3b5a57f30c2c7b5,2,TRUE,6,0.562191009521484
2840,twitter,4bfff2eb011b4560e38d4b80c69a559e88e71c9bc0057aa19c006a15e4a04638,0,TRUE,15,0.770807266235352
2841,twitter,c2bc0648fb01d0c039ff6ea0ac7bdbc31c40304224a8c801672fc6ef236353ab,2,TRUE,2,0.677824020385742
2842,twitter,8db9e1dbc2ad33ddad25eb9fe954d3dab15de1f4140b79d7cc2ac2fdb2b00c20,55,TRUE,6,0.638961791992188
2843,twitter,b34a0175e20959baf14dc8490a2282e2a1172d7e91a25f542cbb71a83f6484c0,3,TRUE,13,0.628948211669922
2844,twitter,da7f8e43262d7e317236942c6acde588d87a622ba4cd0294926ec95e8b952084,3,TRUE,6,0.620841979980469
2845,twitter,4a0383802e921061d6029212f128179e3a8a21a5fd9241dbd4f8f4c21de023eb,1,TRUE,3,0.617027282714844
2846,twitter,301e692fe10980c3699fb36742765fa65d2e12f76b41c2c354d48f25889b0541,1,TRUE,5,0.627040863037109
2847,twitter,0a1070b1b37dd1c88fccbac70fc411795f7710624a957da8b4375a283e049a23,1,TRUE,2,0.724077224731445
2848,twitter,297b025183fee34425d0a8d98f5f57fbc5ad1b314a370f19db5997d3416a9ed8,0,TRUE,16,0.632047653198242
2849,twitter,9ebfdfacf33e3fb8ea835efb4add4b18a7d3ff87eecb18362f84b14f43280371,0,TRUE,10,0.648975372314453
2850,twitter,d5c09bcef6ad34dc72359afd956edf57d93d7bdb1f7af97276dc18e4669faaa0,0,TRUE,11,0.6561279296875
2851,twitter,b8a8880d1f3451765fac3b42e673af542342ae763d4f143a4c9af38e03115e87,99,TRUE,2,0.615835189819336
2852,twitter,bef74976898b2fb7d8e338aa18d56a827c148747f5dd9878ea7c810db84c9c30,7,TRUE,4,0.632047653198242
2853,twitter,f1288234a69aab66becc3b52b561c6bb281ac593f2dac9b2d415eeba7a5dce82,4,TRUE,7,0.612974166870117
2854,twitter,e0cb1c92e82071ee98268a55c9e8fb4da8f22fcbd493e7d75288db315feeec02,0,TRUE,3,0.645875930786133
2855,twitter,2c772b064e435de22cfa6244bf17a9bc80b2df6d368198eb89f4ac7fa81a7be1,2,TRUE,4,0.608921051025391
2856,twitter,259ce892eff0c4e2c527898205e225ecca8e7b0760926affc6bda4cb693920b9,0,TRUE,7,0.639915466308594
2857,twitter,62af54b39f8bcf5c209265d9cb90c4b5326dbd5c6c43d9acb1c26cc05a42ade1,0,TRUE,15,0.611066818237305
2858,twitter,a86acf5c4bd11a91fd6022461ea3dfa459c420112ed797869e5b4f2b92a97e5a,2,TRUE,2,0.663995742797852
2859,twitter,2dc1cc0425c4753b500f43eb15dbe07a8b3b4f38a1f83023ae140a20392edea0,1,TRUE,11,0.645160675048828
2860,twitter,146fd8b357f0bd57a516f27fca44fd308a50b3ed444344a2188216b1ba0d296c,0,TRUE,11,0.602006912231445
2861,twitter,93dc3b5a70556b3ec896146e67de6d118f0bfaecfe7208ca48b496f6c6e65262,0,TRUE,4,0.614166259765625
2862,twitter,e1f4ebd744735b36b7f116a5db50a4a555868eee6aad160afa85c72c93b24b5e,0,FALSE,3,2.53105163574219
2863,twitter,f892469f86139676b8ffde964af2dfcb0c922abb7aa5bc11af4ed9cd90a8d755,41,TRUE,1,0.895977020263672
2864,twitter,0c48e1aa068db3bc88a0a937903e4c7442bb887583f4819208221730515b8826,0,TRUE,2,0.663042068481445
2865,twitter,0dd08d834c4333d54693d189e44c0d90bff9c1033b0b4990ec8d3bad570469a9,0,TRUE,8,0.607013702392578
2866,twitter,4d9e8c7a3dafd27530209a8dbc8307b63769eb7abbe120d3005491375a3e662a,0,TRUE,3,0.585079193115234
2867,twitter,21bef7a895ef2ceebb8cfec81811658a8a5d70f81a6147deb77038fcf40510ff,0,TRUE,11,0.589847564697266
2868,twitter,d53112a288787047ad2372b1e8dc000c67cdce05b618f5be5146d914cf1e593d,16,TRUE,5,0.596046447753906
2869,twitter,1bbb75c4b88e3973116f00a1b8f79f4f1aef1450354353694e93ead4e8d0dd30,5,TRUE,16,0.607013702392578
2870,twitter,8b3870c8ea7d3cbd217ba106d73449e7c3e691da8d6656b3602d01667f1fbf5a,0,TRUE,5,0.596046447753906
2871,twitter,be079f72fc4c2aa5996f97af2d23be1eef5733eed9f44a232940abdbd2c00b41,0,TRUE,7,0.578165054321289
2872,twitter,2d965de8c13d66bcc96dca03216021f9c6dc4c130dfa073334850820ccd7e4a0,0,TRUE,2,0.618934631347656
2873,twitter,6379fefdabf63a6e39f61b1b027770a7e6702487e8da91b2dadb81d6a1340c2a,0,TRUE,7,0.611066818237305
2874,twitter,0960c77ad85bd5f5da522aec9c5ebfd03e1420675a9151814abc9d07661ac023,0,TRUE,2,0.614166259765625
2875,twitter,e7af1e937073b909f6d3f5021097031521194c346050a50041b09d05041885e0,0,TRUE,15,0.602960586547852
2876,twitter,57a8ac7a06ef9efbe2048a2f34d95c3de044fad71aaa213d44093be52af114e4,0,TRUE,3,0.591039657592773
2877,twitter,336fc167e88c4432cb5337a32e1309823e8ddf0f28e73ac251b4a01aed52c260,0,TRUE,2,0.601053237915039
2878,twitter,a135a53eee1ce85ccefa685e6b07aad5b0ffc34db425ddfbbd05ce67b5e42e11,4,TRUE,1,0.768899917602539
2879,twitter,ea414aa6d9ef7edfbb3495d33dcbc85d15698b990d18222ab43078840c8d0345,0,TRUE,12,0.587940216064453
2880,twitter,a12d094626fa74ae1fe6495c4ca96cfa7b56d231d5b18a868c7644147d9672fa,35,TRUE,7,0.589847564697266
2881,twitter,f8fa6f9abbb3296731a47b7a4baa35b2b98866c6926e035b1318927603ab34cb,1,TRUE,13,0.662088394165039
2882,twitter,86b96a64846ede8da3ff760a8b41eb2d3fb1e9da779439c4e8a789cb9a309b92,1,TRUE,2,0.639200210571289
2883,twitter,a3ea045a6039f60b13950d186348d146f22ddc209ecbaf9fccc7f4c5e8b79651,19,TRUE,2,0.590801239013672
2884,twitter,80427d7ce765ce92c196b9d979de7c614446f2b9b8ed116e1916ae38dd4232a8,97,TRUE,2,0.594139099121094
2885,twitter,ac56ba62d108d1b2eb1615a8e1734cd2b741c3cb4f279314d5e9a33ae770d75c,6,TRUE,1,0.808954238891602
2886,twitter,6ef8c72b6fd38013b4fd1f09b07de5c16f33f034e658b87e34f10c5649975055,0,TRUE,13,0.586986541748047
2887,twitter,6227035f0cff3153f192c49b2c48bd3a9956b92ce451b2cf2a65a43b7e97de17,0,TRUE,1,0.778913497924805
2888,twitter,261843092bfbc0b1acc0297c43d2aa826b68ab7933f4c7fb7010c2b9048e6865,2,TRUE,7,0.603199005126953
2889,twitter,bb8a5c5def085ac8a5edcf5a645feb0d2fa5a0ab03c8e5c791594997ad2730b6,8,TRUE,10,0.633001327514648
2890,twitter,81e4315971adb71d20e42f74b4b8f595a817b96ea61fa6c54a3df7d948184868,0,TRUE,4,0.658035278320313
2891,twitter,bea629cafa8686c860ced2bfcaf6199a9a8f758d24a955ec12597ed2bf53c9c6,3,TRUE,2,0.625133514404297
2892,twitter,25b022077a80a4e7f6a4c876bb05a8a1ee8d1c6fabec185016d09ca0b0e07d2e,1,TRUE,6,0.663042068481445
2893,twitter,6688d9e7369d76c43e820a8e6e5354bb7cca7e25441b0f3d7a81f0fd11be8e37,6,TRUE,5,0.600099563598633
2894,twitter,f68b241b33a206d89d56f5237a3c4d0641a234ee68c1aa25a79b2117747081c0,116,TRUE,3,0.55694580078125
2895,twitter,5a7665d89e205aac79a8331b49d2a57d1ed60c15169c33e53ff509ab5ad175ce,0,FALSE,4,0.636816024780273
2896,twitter,2019c2ed40eadd36f7087d7f972e253f4f9624fe24fecef88604d7b0cd4dcb36,124,TRUE,7,0.793933868408203
2897,twitter,7ab2d1f075e6230469400463eb32454a92b9ad7dc87f7a6df4400c7aa4f1fcd0,0,TRUE,12,0.808000564575195
2898,twitter,39e24d8b63edd05c1a8b33102bc24409ccfc9c550e4fe945c678816e7ac5a24e,0,TRUE,10,0.771045684814453
2899,twitter,04ee41a6cbc5696c7a8f3225136dcccc5d360babe2c4fa43c68ccf9103cf7554,9,TRUE,3,0.623941421508789
2900,twitter,d45b8bb3eb6f768ca09e7ab6c5e8a942a463d1921b71f75c186f7286e79f2165,1,TRUE,15,0.620126724243164
2901,twitter,91d93da7d397fc27b3c2fae8dba13d7731d44df4bd75eb183f62e7b4a70eea8b,0,TRUE,2,0.619888305664063
2902,twitter,5fd772af46d47213735d0b31295dc03a4567afd8b30494d474b7b9c8f87e6424,18,TRUE,1,0.808000564575195
2903,twitter,74dc29ff2df67f220680b32185b7b664e38ec17aae0b1617a7d9fd8ea420760b,8,TRUE,2,0.620126724243164
2904,twitter,1d64d356c500e7b0c1ad397268a031850396f5c50a151573915e5b799d5392b0,34,TRUE,1,0.694990158081055
2905,twitter,6769f3f0f96a35271f327d4437ccf675f6234d4a7c76bac4103c4027472d5506,6,TRUE,5,0.597953796386719
2906,twitter,7e4bed86405a514fef55e07246f82d2a6e0218aeb815f659b6715ab54cb25248,0,TRUE,5,0.650167465209961
2907,twitter,7624c5c9bd5fcb24f83e5f46846b3846f73cc721bf42e01d4505ce9e9eb4a025,0,TRUE,5,0.5950927734375
2908,twitter,58aa04c1dcd7f4eec5e54ec030d1673a3b25078a5fac2f515da2d7e5ce7771b8,0,TRUE,23,0.61798095703125
2909,twitter,c5ab3b00a37880fc2a15203dd12889e96a328058bae00d939494d2887ab565ad,1,TRUE,1,0.746011734008789
2910,twitter,cac9dbed075a1372dd9f8b3714ac09ea15dda58e72f858f28a78d526e7899ddd,0,TRUE,16,0.586032867431641
2911,twitter,151438f83aa9cfdb37e3d43777872ffd3d5085075b700eca9a070738bd2470fe,1,TRUE,7,0.612020492553711
2912,twitter,17b6ae0d26ad6f8eef249b28d8473899d1d8f4ae2aca3234d72084b8eee496e9,0,TRUE,7,0.604152679443359
2913,twitter,005316cf9c60cc8c0c90f2866528f1f239b2d0b264a09c4d1574ee7f79715028,12,TRUE,6,0.565052032470703
2914,twitter,56555537dbf1c7a55243649f2601bd7e0ba821ad67e976ab2c79fd6b409da1e3,0,TRUE,2,0.600099563598633
2915,twitter,0c0f49c7ecd472ed08e7a465f0c1f03a5e437a07ea313df19f33c650150872ee,28,TRUE,13,0.596046447753906
2916,twitter,27a7f78b2598676f169946b6a4ba159cf4d37a4101412e7c37a4185d038e8222,1,TRUE,4,0.607967376708984
2917,twitter,17782f5285fc25eeb1ce26c8464db4abaaf68310f29a03b38e52e35e82db3961,0,TRUE,5,0.576019287109375
2918,twitter,0ac6583506fc131ff885b033ad2df2208683136a5d607023a237ea72a9103da0,0,TRUE,4,0.587940216064453
2919,twitter,cb11c6ab4a2a60850b11ef46906e056b4f434388f4257faebb6084c653585595,1,TRUE,5,0.600814819335938
2920,twitter,68870e4001c6d48958a6f0521be79de20aa97e7c54f0980eeb41131efe8e3d4a,0,TRUE,4,0.592947006225586
2921,twitter,d611c6ace77844dde6352078a615b74961c373b52b60b63e97d1031f063ee0d8,0,FALSE,10,0.715970993041992
2922,twitter,820fc5ba131ceffcb263a255d885d36285c27a74efe6bf16cc595d2b9ed01d5c,0,TRUE,12,0.608921051025391
2923,twitter,5c34236d22d3fa04b15bfb94f4dbe53b9d4b2ea17315d03b1449f81f7b8f8bbf,0,TRUE,1,0.702857971191406
2924,twitter,8b8ef06a1448fc2adc6f412310dd2268d57a697d0035db24001c282ceaa6caaf,0,TRUE,3,0.590085983276367
2925,twitter,9df27837f814012b1a0aa88ba5f772e691f137376ab72aa3cf2af3b1175543ea,2,TRUE,11,0.586986541748047
2926,twitter,0270d4912c08fe3ddfd0231b58e932a2e6c586e3da4ddb4dc6c676849e7d7bd9,1,TRUE,4,0.583171844482422
2927,twitter,220e021c47f3de277111adae6763d02f0ae94a8e666d17c8265f31b2ace1d8d8,3,TRUE,7,0.584125518798828
2928,twitter,0899f13706555e3d87171861cf8365366f5c8f92dbd024c4b05f1d546f593379,0,TRUE,9,0.571012496948242
2929,twitter,c6184d8db72a2cd0109a642fa30ee51b2002081e0ce2168a03ce771ac87b95a6,1,TRUE,11,0.59199333190918
2930,twitter,2f96c2688f515f286b46e05cf161269524d41498e37a241b57a8365e358fbb7b,29,TRUE,4,0.575065612792969
2931,twitter,6fe4209717051d5db170c2823a5b0e4c744e2c64edec989c342914d51accfe5e,0,TRUE,9,0.589847564697266
2932,twitter,0fba3de1b077d0104b9788ff2ca952365b2c5bd44205e114d36826d306b650a9,0,TRUE,1,0.684976577758789
2933,twitter,02834136139cf1f6a727d9b57e0b5446aace6265cac4ac7f9e99e9ab819b285b,0,TRUE,10,0.571012496948242
2934,twitter,2618e4d2f5ac7156704552c1bf77c4bd5c32695d662ec530d7eccc83dc449398,7,TRUE,2,0.600099563598633
2935,twitter,cf95c467a87cada9dfaae0493360c92204515c12b8ca7b51df078906761ad4d3,0,TRUE,3,0.580072402954102
2936,twitter,3bdff4dbc3fd74e47835383c6dae1bf1e2be1048112b707c6853c542bb076c23,1,TRUE,14,0.612020492553711
2937,twitter,0b94654f618a8f67e0b72264d0b07f515e7194235e893b538c6b97ee5107a85f,0,TRUE,5,0.591039657592773
2938,twitter,a09e1e69cc4cf9c83b23a6a0242e0ad6dcf8755838fcf56fbdf4b201373557b8,0,FALSE,11,0.575065612792969
2939,twitter,56afe20bee837ca66f32b20e5b0f6831a4b893d8ebe578f3d028de91309a3c0c,0,TRUE,4,0.581979751586914
2940,twitter,8442cf6cacf6e61cb2d9a8cdc2a9dbf24070b0a24162921d8e710d581770e569,1,TRUE,5,0.596046447753906
2941,twitter,07bbe09b93d560bfe9ea8246cef43b6d17abb4c869152e6769bd9a79b7d019ad,0,FALSE,7,0.588893890380859
2942,twitter,70270115d694a2bc2f4e988a0adfa081b4e76b5e477a3cc572e378c80c69a552,0,TRUE,10,0.588893890380859
2943,twitter,f81935dd16e7c09363bd0a384375b01199734b4291ccb03e7db07ccc0a5077be,3,TRUE,3,0.587940216064453
2944,twitter,746c1861cbccd0a85bf95d0fb78d62703c2e9c21fbca6e9b6c8db52d085036f6,0,TRUE,1,0.68211555480957
2945,twitter,c1ed128f73c4608930f2cfa8154c04fd3c475125a5bbae28fca64be77bb6feba,8,TRUE,17,0.59199333190918
2946,twitter,5a4d7e0a5fc0e8fbd608f7908791e992b07ecd92dbd9bba8d88ede3dcef70c04,0,TRUE,2,0.5950927734375
2947,twitter,f8c9b8c603b533ead86e9bc6ead75c6138ab29efffc5d11be813bbee256142d8,10,TRUE,7,0.622034072875977
2948,twitter,6bc1d1b16f0b56768d30563aa7bd2b8dce26692dccb47878f8370b0fbe04e2fd,1,TRUE,10,0.59199333190918
2949,twitter,191694fa4d8e88914d0b293aad91b684f672cad84414b7d3517095553a8a3701,1,TRUE,4,0.661849975585938
2950,twitter,0609127061fc90e41ecf55eece1fdaf7c0be26e70d8b3658422689f28b624475,1,TRUE,7,0.764846801757813
2951,twitter,90f68e6f439572d45681d683267324272b2bf028319af4b714591a874de05815,90,TRUE,14,0.587940216064453
2952,twitter,f56ad28477fe4fe39d2344e78622f081631ab911769dae54a863435cf1255172,30,TRUE,6,0.607013702392578
2953,twitter,ab1604b0288584340352705f86fe6fd56beaf4bfc27f29ce4b7bdd701fd0246d,1,TRUE,5,0.593900680541992
2954,twitter,38cef1fb291130ca62a785dbc95a459bd76254b4b842b2fd793475dfccf7a530,0,TRUE,9,0.590085983276367
2955,twitter,cd805f96bb0684d2427e503b637fda970b4bca36acf79c1f83c7f64c51fe4b65,3,TRUE,4,0.576019287109375
2956,twitter,847c70a4d9a28e78ffe4823e1c2cdad62073491e29bb9735400bde4d0c7d4c47,0,TRUE,1,0.677108764648438
2957,twitter,1c038bdf99af495d7737c69606de9d08aa0887ec1bc7524d221b643b6c55f6e4,0,TRUE,7,0.583887100219727
2958,twitter,4e5adf7312078c7cd2a63c5a76b519f863f4fc70c1359f25a88cdb91a1ca9793,0,TRUE,21,0.581979751586914
2959,twitter,5b76c0165ea4c1b6acc3a03b5e83dc4196bed046b52682b048b95e5a10dcc50a,3,TRUE,14,0.588893890380859
2960,twitter,d9b0405ef43d59ba690707e70e3d31d6fd59b4877de14d2dbdffb1ce12a5a915,18,TRUE,6,0.591039657592773
2961,twitter,78a4be9ea4fcabdf80630a78399564751c1342e8a59197cfe4c3fa876b7fa611,1,TRUE,3,0.586986541748047
2962,twitter,319c71c979630fcf312ce61c645bb203355999f150a48de6d44d479775cb8da5,8,TRUE,5,0.579833984375
2963,twitter,537421b541fb9dc84315745c0ab45d23cfaa53a4cd80478e1e06fb17b027c69d,0,TRUE,3,0.592947006225586
2964,twitter,d5cfdb14549728c81fc1bb54fb91c61ee06d0f6804b7929f576985410499c339,0,TRUE,16,0.58293342590332
2965,twitter,aea7e1d6a52a0bb577ab736c7b76bdcf3b2e19b8813b03242a66a1987d64b7c1,10,TRUE,6,0.597953796386719
2966,twitter,cfe9ec286cb898722bf817085305b712af7ee7f499f153d6e8c928d85aa9e9e7,112,TRUE,1,0.717878341674805
2967,twitter,4541baff9cb527146d77c6542d6929755040930b6fcc456f6dc3854f9be1eb09,0,TRUE,2,0.576019287109375
2968,twitter,fd1d2693c8c890b51258bc2aac0e02adae2254bb7fff3a36354af167e0066685,8,TRUE,4,0.579833984375
2969,twitter,fabd5665d842edb9c7658e81387a1f61dde9d12e1b4250ba6a9ee326431f8855,2,TRUE,14,0.585794448852539
2970,twitter,daf892fe4b3df56d47971989b74004cd17d0274b9ba4a91780f662a89ecd6d36,0,TRUE,6,0.580072402954102
2971,twitter,7cfa046f62d7692a9f3dfd773fd78856e1d18b6341a1be153f3eba87b3ed31b8,0,TRUE,8,0.600099563598633
2972,twitter,f13b59c750cab8d44d4952ed6028816bf9bbf66d4cc339f679d4839526e4e5ce,2,TRUE,3,0.590085983276367
2973,twitter,12d1974dfb2f42c8ef8333b8df14248a90045996b2807ddbf9ac2a43844807c4,103,TRUE,3,0.591039657592773
2974,twitter,4df3767c46a696a3c8846372fdbe5e91ded055fd28be3093ffa56c246ff6cd22,0,TRUE,12,0.594139099121094
2975,twitter,548372b6c7177dd1c7207817c13696655d6814768c6f8791be3d1116d973e244,1,TRUE,4,0.566959381103516
2976,twitter,dfda74b009cfc978bf01fafa05ec509dbb133c830e838d11c444cb5af889dd37,0,FALSE,1,0.764846801757813
2977,twitter,12fa63440113c69aacb66fe0e392e31ec52b1b11eda055ee8ae0190b45a539a1,0,TRUE,1,0.793933868408203
2978,twitter,e64e34bf2f7ee89d5964bca04f5fcf925dd557a0ecbbcd566b722917d5d306c9,4,TRUE,5,0.609159469604492
2979,twitter,86ac93833eb10117045ddc2326987723030fff295495d5b6005b9084d9d7ab34,1,TRUE,2,0.725984573364258
2980,twitter,5a72703d006b92e4147b877ae18e8455048ebe314bf2dc97988d763d23979718,128,TRUE,12,0.587940216064453
2981,twitter,2f6146869d194190bac8f7bc82900cc7e5cbb80dd5c67fe1690bb851b82707a2,0,TRUE,6,0.578165054321289
2982,twitter,f5252749c659339c38eeb75830268605ef1dd17cab528c25926c1e9fe552f12f,2,TRUE,2,0.602006912231445
2983,twitter,3bc8f6b34adbea68ef3a722eff5da72c0e6fb3b6c76d9ec494ed7036c25429f8,4,TRUE,18,0.771045684814453
2984,twitter,5b9252f73d6cd1bc7a17c7d1f349a7e3011734042dc4515a8cece8fa7b3855d7,2,TRUE,6,0.610113143920898
2985,twitter,d3181d4666a8d0d335fcf76450e6b99fb2a871501d6e11f584a0f17f31e50325,0,TRUE,7,0.720977783203125
2986,twitter,1ba7593623364e8a97c1b0014b172ae454f25eee2994d72711f9ad436199693e,0,TRUE,5,0.587940216064453
2987,twitter,0e3cbbe6efbf7000576ef06835f53b6b566cca0ff0046a160887d96421e3ea32,1,TRUE,1,0.689029693603516
2988,twitter,f38ee2ee6791d564b59285b3eb0e9aa620f73c2885c0fd2e670e2c45d70213cf,11,TRUE,17,0.598907470703125
2989,twitter,e5a45d98c781afc1248f1428b80b63ad9aeea4c2968e89ab1662898c272e2b5e,0,TRUE,6,0.59199333190918
2990,twitter,4779e604464e2030321b3d350a3a059e0c1b878ba875faafbaed7bcfa420104c,0,TRUE,1,0.667095184326172
2991,twitter,767f928c57d01fb3387f31bda0178cb40b812d0364a4cb1899d662e4cdff6302,0,TRUE,10,0.588178634643555
2992,twitter,3820c7a845a0d8902f57ee6aefa37a0a9e6e759ef459151e7729989465836ee4,48,TRUE,10,0.581026077270508
2993,twitter,8a7227ecc21bc8783bf2484ea576bdd5f09de1afdf86fddbbd3a4dba9765db0d,5,TRUE,7,0.56910514831543
2994,twitter,57c7bf6ba5a0b9db1dd70c39dc3a10f365d9c6bf43465e8fa5f471bb8f1f5232,0,FALSE,5,0.592947006225586
2995,twitter,5cf86070e4e05e4ee4787299df943cf737c3a93a720f8b04dfe6fc82d671999e,0,TRUE,6,0.59199333190918
2996,twitter,c11d0d9df8656239905f70429c8210dda83d824e965bb7fd0c382fabf8c12a72,0,TRUE,4,0.56910514831543
2997,twitter,8ee06f15b63ffca556d0f87ad37f9f3a568ff6d86c06048b0350fbb929e8177f,0,TRUE,5,0.566959381103516
2998,twitter,4612b4331b4b7ca12595f559afccd156520a4bf873f22aa08eea075d605b1b99,8,TRUE,8,0.586032867431641
2999,twitter,15d812b608417c9a2768f6961ac1104c1006d7a81c4e1d8474f3fe2f0ad0c5af,0,TRUE,15,0.595808029174805
3000,twitter,c5cc6a55d9831dc8eb40266e0f9e701233edcabdcae4ea242118ff07e4a68856,9,TRUE,8,0.592947006225586
