round,case,name,milliseconds
2,7,Strong,0.669956207275391
2,7,Gentle,0.601053237915039
2,7,Current,0.574111938476563
2,7,Strict,0.563144683837891
2,29,Gentle,0.555038452148438
2,29,Strict,0.577926635742188
2,29,Current,0.566005706787109
2,29,Strong,0.589847564697266
2,353,Current,0.684022903442383
2,353,Strict,0.689983367919922
2,353,Gentle,0.748157501220703
2,353,Strong,0.744104385375977
3,435,Strict,0.619173049926758
3,435,Gentle,0.564813613891602
3,435,Strong,4.1811466217041
3,435,Current,0.818967819213867
2,24,Strict,0.819921493530273
2,24,Gentle,0.615835189819336
2,24,Strong,0.611782073974609
2,24,Current,0.626087188720703
3,91,Strict,0.669002532958984
3,91,Current,0.643014907836914
3,91,Gentle,0.710964202880859
3,91,Strong,0.663995742797852
1,461,Gentle,0.72789192199707
1,461,Strict,0.700950622558594
1,461,Strong,0.677824020385742
1,461,Current,0.678062438964844
3,563,Gentle,0.576972961425781
3,563,Current,0.620126724243164
3,563,Strong,0.56004524230957
3,563,Strict,0.579833984375
2,26,Gentle,0.63014030456543
2,26,Current,0.637054443359375
2,26,Strong,0.632047653198242
2,26,Strict,0.623941421508789
1,260,Strong,0.641107559204102
1,260,Strict,0.586986541748047
1,260,Gentle,0.574827194213867
1,260,Current,0.576019287109375
2,133,Gentle,0.586986541748047
2,133,Current,0.59199333190918
2,133,Strict,0.611066818237305
2,133,Strong,0.61488151550293
3,188,Strong,0.615119934082031
3,188,Gentle,0.629901885986328
3,188,Current,0.627040863037109
3,188,Strict,0.582218170166016
1,280,Strict,0.583887100219727
1,280,Gentle,0.576972961425781
1,280,Current,0.572919845581055
1,280,Strong,0.58293342590332
2,194,Strict,0.603914260864258
2,194,Strong,0.58293342590332
2,194,Gentle,0.519037246704102
2,194,Current,0.545978546142578
2,300,Strong,0.539779663085938
2,300,Gentle,0.517129898071289
2,300,Strict,0.55384635925293
2,300,Current,0.557184219360352
2,420,Gentle,0.56004524230957
2,420,Strong,0.555992126464844
2,420,Strict,0.541210174560547
2,420,Current,0.5340576171875
3,595,Current,0.572919845581055
3,595,Strict,0.540971755981445
3,595,Gentle,0.551939010620117
3,595,Strong,0.538110733032227
1,579,Strong,0.544071197509766
1,579,Current,0.787973403930664
1,579,Gentle,0.734090805053711
1,579,Strict,0.663042068481445
1,162,Strict,0.587940216064453
1,162,Strong,0.557899475097656
1,162,Current,0.594139099121094
1,162,Gentle,0.552892684936523
2,292,Strong,0.565052032470703
2,292,Strict,0.571012496948242
2,292,Gentle,0.550031661987305
2,292,Current,0.536918640136719
2,386,Strong,0.575065612792969
2,386,Current,0.56004524230957
2,386,Strict,0.525951385498047
2,386,Gentle,0.533103942871094
1,395,Current,0.563144683837891
1,395,Gentle,0.532150268554688
1,395,Strict,0.53715705871582
1,395,Strong,0.596046447753906
3,153,Strict,0.589847564697266
3,153,Strong,0.561952590942383
3,153,Gentle,0.528812408447266
3,153,Current,0.531196594238281
3,302,Gentle,0.559806823730469
3,302,Current,0.55694580078125
3,302,Strict,0.622034072875977
3,302,Strong,0.64396858215332
3,500,Gentle,0.566959381103516
3,500,Strong,0.559091567993164
3,500,Strict,0.545024871826172
3,500,Current,0.528097152709961
2,81,Strong,0.554084777832031
2,81,Strict,0.571012496948242
2,81,Gentle,0.530004501342773
2,81,Current,0.617027282714844
1,321,Current,0.566005706787109
1,321,Strong,0.543117523193359
1,321,Gentle,0.61798095703125
1,321,Strict,0.54478645324707
3,515,Strong,0.828981399536133
3,515,Current,0.874042510986328
3,515,Strict,0.695943832397461
3,515,Gentle,0.646829605102539
3,393,Current,0.664949417114258
3,393,Strict,0.631093978881836
3,393,Gentle,0.613212585449219
3,393,Strong,0.642061233520508
2,217,Gentle,0.636816024780273
2,217,Current,0.633955001831055
2,217,Strong,0.607967376708984
2,217,Strict,0.566005706787109
3,418,Current,0.576019287109375
3,418,Strong,0.589132308959961
3,418,Gentle,0.581026077270508
3,418,Strict,0.646114349365234
3,48,Current,0.650882720947266
3,48,Strict,0.660181045532227
3,48,Strong,0.61798095703125
3,48,Gentle,0.628948211669922
3,401,Current,0.699996948242188
3,401,Gentle,0.689983367919922
3,401,Strong,0.677824020385742
3,401,Strict,0.609874725341797
3,398,Current,0.572919845581055
3,398,Strong,0.565767288208008
3,398,Strict,0.797033309936523
3,398,Gentle,0.654935836791992
1,272,Current,0.604152679443359
1,272,Gentle,0.581026077270508
1,272,Strict,0.666141510009766
1,272,Strong,0.624179840087891
1,154,Strict,0.705957412719727
1,154,Strong,0.693082809448242
1,154,Current,0.669002532958984
1,154,Gentle,0.665903091430664
3,327,Strict,0.583887100219727
3,327,Strong,0.563859939575195
3,327,Gentle,0.574827194213867
3,327,Current,0.567913055419922
1,177,Strong,0.549077987670898
1,177,Gentle,0.541925430297852
1,177,Strict,0.562906265258789
1,177,Current,0.557899475097656
3,23,Strong,0.641822814941406
3,23,Current,0.563859939575195
3,23,Gentle,0.558137893676758
3,23,Strict,0.559806823730469
3,561,Current,0.555038452148438
3,561,Strong,0.535011291503906
3,561,Strict,0.523090362548828
3,561,Gentle,0.575065612792969
3,453,Gentle,0.545024871826172
3,453,Strict,0.530004501342773
3,453,Current,0.563859939575195
3,453,Strong,0.520944595336914
3,388,Gentle,0.51116943359375
3,388,Strict,0.510215759277344
3,388,Strong,0.514030456542969
3,388,Current,0.607013702392578
3,326,Current,0.596046447753906
3,326,Strong,0.52189826965332
3,326,Strict,0.524997711181641
3,326,Gentle,0.533103942871094
1,578,Strong,0.536918640136719
1,578,Gentle,0.524044036865234
1,578,Current,0.524044036865234
1,578,Strict,0.524044036865234
2,451,Strict,0.535011291503906
2,451,Gentle,0.545024871826172
2,451,Current,0.554084777832031
2,451,Strong,0.554084777832031
3,2,Gentle,0.527143478393555
3,2,Strong,0.543117523193359
3,2,Current,0.538825988769531
3,2,Strict,0.639200210571289
2,295,Gentle,0.670909881591797
2,295,Current,0.5340576171875
2,295,Strong,0.523805618286133
2,295,Strict,0.545978546142578
3,103,Strict,0.571966171264648
3,103,Gentle,0.572919845581055
3,103,Current,0.550985336303711
3,103,Strong,0.547170639038086
3,499,Strong,0.545024871826172
3,499,Strict,0.614166259765625
3,499,Gentle,0.518083572387695
3,499,Current,0.531911849975586
1,510,Current,0.563144683837891
1,510,Strong,0.535011291503906
1,510,Strict,0.623941421508789
1,510,Gentle,0.566005706787109
3,168,Strict,0.524997711181641
3,168,Current,0.913143157958984
3,168,Strong,0.833988189697266
3,168,Gentle,0.697135925292969
2,98,Strict,0.750064849853516
2,98,Strong,0.648021697998047
2,98,Gentle,0.640869140625
2,98,Current,0.741958618164063
3,262,Current,0.633001327514648
3,262,Strong,0.620126724243164
3,262,Gentle,0.628948211669922
3,262,Strict,0.5950927734375
2,227,Strict,0.617027282714844
2,227,Current,0.607013702392578
2,227,Gentle,0.571012496948242
2,227,Strong,0.579833984375
1,586,Strict,0.61798095703125
1,586,Gentle,0.580072402954102
1,586,Current,0.587940216064453
1,586,Strong,0.587940216064453
2,465,Gentle,0.584840774536133
2,465,Strong,0.598907470703125
2,465,Strict,0.591039657592773
2,465,Current,0.602006912231445
2,142,Current,0.596046447753906
2,142,Gentle,0.586986541748047
2,142,Strong,0.548839569091797
2,142,Strict,0.600099563598633
2,334,Strict,0.693082809448242
2,334,Gentle,0.68211555480957
2,334,Strong,0.66685676574707
2,334,Current,0.676155090332031
1,576,Strict,0.572919845581055
1,576,Strong,0.578880310058594
1,576,Current,0.658035278320313
1,576,Gentle,0.571966171264648
1,363,Strong,0.582218170166016
1,363,Gentle,0.578165054321289
1,363,Strict,0.553131103515625
1,363,Current,0.575065612792969
2,249,Strict,0.551939010620117
2,249,Current,0.571012496948242
2,249,Gentle,0.56004524230957
2,249,Strong,0.528097152709961
3,395,Current,0.559091567993164
3,395,Strong,0.540018081665039
3,395,Gentle,0.524997711181641
3,395,Strict,0.514030456542969
2,572,Current,0.649929046630859
2,572,Strict,0.732183456420898
2,572,Strong,0.699996948242188
2,572,Gentle,0.648021697998047
3,195,Current,0.576972961425781
3,195,Strict,0.552892684936523
3,195,Gentle,0.545978546142578
3,195,Strong,0.550985336303711
3,390,Strict,0.533819198608398
3,390,Strong,0.516891479492188
3,390,Gentle,0.49591064453125
3,390,Current,0.516891479492188
2,234,Strong,0.541925430297852
2,234,Current,0.548839569091797
2,234,Gentle,0.530004501342773
2,234,Strict,0.545978546142578
1,285,Strict,0.749826431274414
1,285,Strong,0.753879547119141
1,285,Current,0.757932662963867
1,285,Gentle,0.733852386474609
1,214,Strong,0.540018081665039
1,214,Current,0.545024871826172
1,214,Gentle,0.522136688232422
1,214,Strict,0.52189826965332
1,95,Gentle,0.527143478393555
1,95,Current,0.520944595336914
1,95,Strict,0.529050827026367
1,95,Strong,0.645875930786133
3,524,Strict,0.597953796386719
3,524,Current,0.553131103515625
3,524,Gentle,0.677108764648438
3,524,Strong,0.607013702392578
2,185,Current,0.627994537353516
2,185,Strong,0.586986541748047
2,185,Gentle,0.623941421508789
2,185,Strict,0.595808029174805
1,283,Gentle,0.544071197509766
1,283,Strict,0.539064407348633
1,283,Strong,0.562906265258789
1,283,Current,0.57220458984375
3,250,Strong,0.550985336303711
3,250,Strict,0.529050827026367
3,250,Gentle,0.535964965820313
3,250,Current,0.540971755981445
2,417,Strict,0.552892684936523
2,417,Strong,0.624895095825195
2,417,Current,3.9069652557373
2,417,Gentle,0.837802886962891
3,530,Current,0.671863555908203
3,530,Strict,0.627994537353516
3,530,Strong,0.625133514404297
3,530,Gentle,0.598907470703125
3,591,Gentle,0.68211555480957
3,591,Strong,0.723123550415039
3,591,Strict,0.669956207275391
3,591,Current,0.63014030456543
2,73,Strict,0.634908676147461
2,73,Strong,0.618934631347656
2,73,Current,0.607013702392578
2,73,Gentle,0.591039657592773
3,317,Strong,0.622987747192383
3,317,Gentle,0.586986541748047
3,317,Strict,0.597000122070313
3,317,Current,0.633001327514648
1,275,Strong,0.581026077270508
1,275,Current,0.584125518798828
1,275,Gentle,0.576972961425781
1,275,Strict,0.658035278320313
1,165,Current,0.683069229125977
1,165,Strict,0.635147094726563
1,165,Gentle,0.58293342590332
1,165,Strong,0.592947006225586
2,87,Current,0.610113143920898
2,87,Strong,0.573873519897461
2,87,Strict,0.587940216064453
2,87,Gentle,0.573873519897461
2,455,Gentle,0.567913055419922
2,455,Strong,0.597953796386719
2,455,Strict,0.554800033569336
2,455,Current,0.564813613891602
1,135,Strict,0.599861145019531
1,135,Strong,0.663042068481445
1,135,Current,0.606060028076172
1,135,Gentle,0.56910514831543
2,36,Current,0.581979751586914
2,36,Strict,0.565052032470703
2,36,Strong,0.568866729736328
2,36,Gentle,0.566005706787109
3,5,Current,0.587940216064453
3,5,Strict,0.536918640136719
3,5,Gentle,0.522851943969727
3,5,Strong,0.519990921020508
3,122,Gentle,0.574827194213867
3,122,Strict,0.586032867431641
3,122,Strong,0.543832778930664
3,122,Current,0.567913055419922
1,582,Gentle,0.637054443359375
1,582,Strong,0.606060028076172
1,582,Strict,0.514030456542969
1,582,Current,0.543832778930664
3,305,Current,0.642061233520508
3,305,Strict,0.636816024780273
3,305,Strong,0.622034072875977
3,305,Gentle,0.624895095825195
2,427,Gentle,0.542163848876953
2,427,Current,0.519990921020508
2,427,Strong,0.513076782226563
2,427,Strict,0.522136688232422
3,493,Current,0.545024871826172
3,493,Strong,0.519990921020508
3,493,Gentle,0.5340576171875
3,493,Strict,0.618934631347656
2,191,Strict,0.586986541748047
2,191,Gentle,0.524997711181641
2,191,Current,0.526905059814453
2,191,Strong,0.526905059814453
3,111,Strict,0.549077987670898
3,111,Gentle,0.532150268554688
3,111,Current,0.580072402954102
3,111,Strong,0.522851943969727
1,78,Strict,0.544071197509766
1,78,Gentle,0.533103942871094
1,78,Current,0.540018081665039
1,78,Strong,0.519990921020508
3,133,Current,0.549077987670898
3,133,Gentle,0.545978546142578
3,133,Strict,0.609159469604492
3,133,Strong,0.576019287109375
1,82,Strong,0.638961791992188
1,82,Gentle,0.629901885986328
1,82,Strict,0.614166259765625
1,82,Current,0.633001327514648
3,384,Current,0.557899475097656
3,384,Strong,0.526905059814453
3,384,Strict,0.523805618286133
3,384,Gentle,0.571966171264648
2,208,Gentle,0.527143478393555
2,208,Current,0.540018081665039
2,208,Strict,3.82304191589355
2,208,Strong,0.844001770019531
3,505,Strict,0.763893127441406
3,505,Strong,0.64396858215332
3,505,Current,0.663995742797852
3,505,Gentle,0.604867935180664
3,389,Strict,0.603199005126953
3,389,Gentle,0.634908676147461
3,389,Current,0.629901885986328
3,389,Strong,0.611066818237305
3,477,Strong,0.627994537353516
3,477,Strict,0.660896301269531
3,477,Current,0.640869140625
3,477,Gentle,0.581979751586914
1,467,Current,0.604867935180664
1,467,Strong,0.578880310058594
1,467,Strict,0.575065612792969
1,467,Gentle,0.586032867431641
2,2,Strict,0.601053237915039
2,2,Gentle,0.588893890380859
2,2,Current,0.601053237915039
2,2,Strong,0.573158264160156
2,257,Strict,0.658035278320313
2,257,Strong,0.571012496948242
2,257,Current,0.594139099121094
2,257,Gentle,0.654935836791992
2,523,Gentle,0.637054443359375
2,523,Strong,0.598907470703125
2,523,Strict,0.570058822631836
2,523,Current,0.578880310058594
2,496,Strict,0.524044036865234
2,496,Current,0.531911849975586
2,496,Strong,0.5340576171875
2,496,Gentle,0.567913055419922
1,365,Current,0.576019287109375
1,365,Strong,0.551939010620117
1,365,Gentle,0.554084777832031
1,365,Strict,0.565052032470703
1,30,Current,0.592947006225586
1,30,Strict,0.578880310058594
1,30,Strong,0.649929046630859
1,30,Gentle,0.60582160949707
2,254,Strong,0.571966171264648
2,254,Gentle,0.56910514831543
2,254,Current,0.690937042236328
2,254,Strict,0.537872314453125
2,204,Strong,0.576972961425781
2,204,Current,0.571966171264648
2,204,Strict,0.531911849975586
2,204,Gentle,0.536203384399414
3,253,Strong,0.568866729736328
3,253,Strict,0.550985336303711
3,253,Gentle,0.56004524230957
3,253,Current,0.568866729736328
1,357,Current,0.53095817565918
1,357,Gentle,0.624895095825195
1,357,Strong,0.524997711181641
1,357,Strict,0.535964965820313
2,121,Gentle,0.524044036865234
2,121,Current,0.522851943969727
2,121,Strict,0.549793243408203
2,121,Strong,0.520944595336914
2,521,Strong,0.53095817565918
2,521,Current,0.544071197509766
2,521,Strict,0.509023666381836
2,521,Gentle,0.511884689331055
3,513,Strong,0.655889511108398
3,513,Current,0.633001327514648
3,513,Gentle,0.622034072875977
3,513,Strict,0.670909881591797
2,209,Gentle,0.693082809448242
2,209,Current,0.681877136230469
2,209,Strong,0.562906265258789
2,209,Strict,0.533103942871094
3,502,Strong,0.537872314453125
3,502,Gentle,0.520944595336914
3,502,Strict,0.533103942871094
3,502,Current,0.524997711181641
3,210,Current,0.532865524291992
3,210,Strong,0.535964965820313
3,210,Strict,0.536918640136719
3,210,Gentle,0.531911849975586
2,280,Strict,0.545024871826172
2,280,Gentle,0.541925430297852
2,280,Current,0.54621696472168
2,280,Strong,0.610113143920898
2,307,Strong,0.560998916625977
2,307,Current,0.535964965820313
2,307,Gentle,0.53095817565918
2,307,Strict,0.504970550537109
1,487,Current,0.641107559204102
1,487,Strict,0.674009323120117
1,487,Gentle,0.643014907836914
1,487,Strong,3.6931037902832
3,228,Strong,0.885009765625
3,228,Current,0.756978988647461
3,228,Gentle,0.634908676147461
3,228,Strict,0.648975372314453
3,76,Gentle,0.632047653198242
3,76,Strict,0.611066818237305
3,76,Strong,0.601053237915039
3,76,Current,0.634908676147461
2,397,Strong,0.60582160949707
2,397,Strict,0.606060028076172
2,397,Gentle,0.577211380004883
2,397,Current,0.576972961425781
2,294,Gentle,0.580072402954102
2,294,Strong,0.572919845581055
2,294,Current,0.667095184326172
2,294,Strict,0.619888305664063
2,369,Current,0.576972961425781
2,369,Strict,0.571966171264648
2,369,Gentle,0.574111938476563
2,369,Strong,0.56910514831543
3,213,Gentle,0.635862350463867
3,213,Strict,0.651836395263672
3,213,Current,0.592947006225586
3,213,Strong,0.578165054321289
2,584,Current,0.613927841186523
2,584,Strict,0.579118728637695
2,584,Strong,0.573158264160156
2,584,Gentle,0.581026077270508
3,304,Gentle,0.571966171264648
3,304,Strict,0.55384635925293
3,304,Current,0.545978546142578
3,304,Strong,0.535964965820313
1,150,Strong,0.562191009521484
1,150,Current,0.547885894775391
1,150,Gentle,0.548124313354492
1,150,Strict,0.545024871826172
3,10,Strict,0.559806823730469
3,10,Gentle,0.576019287109375
3,10,Current,0.581026077270508
3,10,Strong,0.570058822631836
3,240,Strong,0.590085983276367
3,240,Current,0.586986541748047
3,240,Strict,0.593185424804688
3,240,Gentle,0.596046447753906
3,584,Strict,0.608205795288086
3,584,Current,0.591039657592773
3,584,Strong,0.546932220458984
3,584,Gentle,0.53095817565918
1,216,Strong,0.545978546142578
1,216,Gentle,0.545024871826172
1,216,Strict,0.535964965820313
1,216,Current,0.536203384399414
2,406,Strict,0.652074813842773
2,406,Current,0.651121139526367
2,406,Gentle,0.627994537353516
2,406,Strong,0.646829605102539
2,147,Strict,0.543117523193359
2,147,Current,0.560998916625977
2,147,Gentle,0.566005706787109
2,147,Strong,0.550031661987305
2,535,Gentle,0.538825988769531
2,535,Strict,0.524997711181641
2,535,Current,0.524044036865234
2,535,Strong,0.532865524291992
2,549,Current,0.546932220458984
2,549,Strong,0.540018081665039
2,549,Strict,0.545978546142578
2,549,Gentle,0.547885894775391
3,241,Strict,0.577211380004883
3,241,Strong,0.530004501342773
3,241,Gentle,0.543117523193359
3,241,Current,0.524997711181641
1,436,Strict,0.540971755981445
1,436,Strong,0.538110733032227
1,436,Current,0.586986541748047
1,436,Gentle,0.561952590942383
1,474,Current,0.540971755981445
1,474,Gentle,0.53715705871582
1,474,Strong,0.5340576171875
1,474,Strict,0.530004501342773
3,17,Current,0.527143478393555
3,17,Strict,0.516176223754883
3,17,Gentle,0.49281120300293
3,17,Strong,0.518083572387695
1,52,Strict,0.527858734130859
1,52,Strong,0.519037246704102
1,52,Gentle,0.540018081665039
1,52,Current,0.526189804077148
2,347,Strict,0.537872314453125
2,347,Current,0.587940216064453
2,347,Gentle,0.684976577758789
2,347,Strong,0.58293342590332
3,518,Gentle,0.854969024658203
3,518,Strong,0.819206237792969
3,518,Strict,0.648021697998047
3,518,Current,0.654935836791992
2,1,Strong,0.647068023681641
2,1,Gentle,0.735044479370117
2,1,Strict,0.660896301269531
2,1,Current,0.61798095703125
1,58,Strong,0.931978225708008
1,58,Gentle,0.647068023681641
1,58,Current,0.810146331787109
1,58,Strict,0.5950927734375
2,435,Strong,0.590085983276367
2,435,Gentle,0.586032867431641
2,435,Strict,0.58293342590332
2,435,Current,0.576019287109375
3,553,Current,0.588893890380859
3,553,Strict,0.588178634643555
3,553,Gentle,0.578880310058594
3,553,Strong,0.609874725341797
3,134,Strict,0.609159469604492
3,134,Strong,0.590085983276367
3,134,Current,0.602006912231445
3,134,Gentle,0.59199333190918
1,460,Gentle,0.59199333190918
1,460,Current,0.586986541748047
1,460,Strict,0.600099563598633
1,460,Strong,0.609874725341797
2,253,Strong,0.611066818237305
2,253,Strict,0.560998916625977
2,253,Gentle,0.576019287109375
2,253,Current,0.563859939575195
2,329,Strong,0.543117523193359
2,329,Current,0.560998916625977
2,329,Gentle,0.661849975585938
2,329,Strict,0.53715705871582
2,517,Strong,0.553131103515625
2,517,Current,0.533103942871094
2,517,Strict,0.504970550537109
2,517,Gentle,0.566005706787109
1,139,Current,0.598907470703125
1,139,Strict,0.557899475097656
1,139,Strong,0.555038452148438
1,139,Gentle,0.550985336303711
2,460,Strict,0.609874725341797
2,460,Current,0.572919845581055
2,460,Gentle,0.540018081665039
2,460,Strong,0.5340576171875
3,569,Strict,0.541925430297852
3,569,Gentle,0.510931015014648
3,569,Current,0.509023666381836
3,569,Strong,0.500917434692383
2,534,Current,0.56004524230957
2,534,Strong,0.536918640136719
2,534,Gentle,0.973224639892578
2,534,Strict,0.572919845581055
1,208,Current,0.599861145019531
1,208,Gentle,0.554084777832031
1,208,Strong,0.559806823730469
1,208,Strict,0.768184661865234
2,67,Strong,0.581979751586914
2,67,Current,0.598907470703125
2,67,Gentle,0.550985336303711
2,67,Strict,0.567913055419922
2,297,Gentle,0.528812408447266
2,297,Strict,0.524044036865234
2,297,Strong,0.524044036865234
2,297,Current,0.507116317749023
1,99,Gentle,0.555992126464844
1,99,Current,0.552892684936523
1,99,Strict,0.536918640136719
1,99,Strong,0.545978546142578
2,241,Strict,0.544071197509766
2,241,Gentle,0.531911849975586
2,241,Current,0.546932220458984
2,241,Strong,0.507116317749023
2,422,Strong,0.540018081665039
2,422,Strict,0.583887100219727
2,422,Gentle,0.581026077270508
2,422,Current,0.566005706787109
3,516,Gentle,0.576972961425781
3,516,Strict,0.550031661987305
3,516,Strong,0.522851943969727
3,516,Current,0.549077987670898
3,131,Current,0.646114349365234
3,131,Strict,0.629186630249023
3,131,Gentle,0.633955001831055
3,131,Strong,0.628948211669922
1,350,Strong,0.544071197509766
1,350,Strict,0.569820404052734
1,350,Gentle,0.540018081665039
1,350,Current,0.516891479492188
2,183,Strict,3.74007225036621
2,183,Gentle,0.804901123046875
2,183,Current,0.726938247680664
2,183,Strong,0.622987747192383
1,123,Strict,0.646114349365234
1,123,Current,0.65302848815918
1,123,Strong,0.628948211669922
1,123,Gentle,0.622034072875977
1,239,Strict,0.623941421508789
1,239,Current,0.673770904541016
1,239,Strong,0.658988952636719
1,239,Gentle,0.590085983276367
2,309,Current,0.583887100219727
2,309,Gentle,0.581026077270508
2,309,Strict,0.578880310058594
2,309,Strong,0.563859939575195
2,93,Current,0.589847564697266
2,93,Gentle,0.597000122070313
2,93,Strong,0.58293342590332
2,93,Strict,0.571966171264648
2,341,Strong,0.599861145019531
2,341,Gentle,0.597953796386719
2,341,Strict,0.581979751586914
2,341,Current,0.639915466308594
2,211,Strict,0.662088394165039
2,211,Strong,0.581979751586914
2,211,Current,0.617027282714844
2,211,Gentle,0.571966171264648
2,504,Gentle,0.56004524230957
2,504,Strict,0.541210174560547
2,504,Current,0.530004501342773
2,504,Strong,0.511884689331055
1,11,Strong,0.541925430297852
1,11,Current,0.530004501342773
1,11,Gentle,0.524997711181641
1,11,Strict,0.533819198608398
1,2,Current,0.546932220458984
1,2,Gentle,0.533819198608398
1,2,Strict,0.53095817565918
1,2,Strong,0.526189804077148
2,580,Strict,0.571012496948242
2,580,Current,0.571966171264648
2,580,Strong,0.555038452148438
2,580,Gentle,0.547885894775391
1,273,Strong,0.562906265258789
1,273,Strict,0.506877899169922
1,273,Gentle,0.524044036865234
1,273,Current,0.524044036865234
2,111,Current,0.545978546142578
2,111,Strong,0.553131103515625
2,111,Strict,0.548124313354492
2,111,Gentle,0.517129898071289
3,328,Strict,0.524044036865234
3,328,Gentle,0.566005706787109
3,328,Strong,0.550031661987305
3,328,Current,0.557184219360352
2,537,Gentle,0.648021697998047
2,537,Strict,0.634193420410156
2,537,Current,0.623941421508789
2,537,Strong,0.619173049926758
2,278,Strict,0.5340576171875
2,278,Strong,0.519990921020508
2,278,Current,0.547170639038086
2,278,Gentle,0.516891479492188
3,404,Strict,0.620126724243164
3,404,Gentle,0.632047653198242
3,404,Strong,0.634908676147461
3,404,Current,0.614166259765625
2,219,Strong,0.56004524230957
2,219,Strict,0.555992126464844
2,219,Current,0.545024871826172
2,219,Gentle,0.733852386474609
3,575,Gentle,0.576019287109375
3,575,Strict,0.527858734130859
3,575,Strong,0.542163848876953
3,575,Current,0.527858734130859
3,529,Current,0.652074813842773
3,529,Strong,0.641107559204102
3,529,Strict,0.632047653198242
3,529,Gentle,0.633955001831055
3,227,Current,0.549077987670898
3,227,Strict,0.535964965820313
3,227,Strong,0.550985336303711
3,227,Gentle,0.554084777832031
1,21,Strict,0.590085983276367
1,21,Strong,0.535011291503906
1,21,Gentle,0.53715705871582
1,21,Current,0.549793243408203
2,351,Strong,0.571966171264648
2,351,Gentle,0.532865524291992
2,351,Strict,0.525951385498047
2,351,Current,0.619888305664063
1,127,Strict,3.54099273681641
1,127,Strong,0.849008560180664
1,127,Current,0.733137130737305
1,127,Gentle,0.600099563598633
1,144,Strict,0.632047653198242
1,144,Strong,0.618934631347656
1,144,Current,0.625133514404297
1,144,Gentle,0.612020492553711
3,152,Gentle,0.71406364440918
3,152,Strict,0.716924667358398
3,152,Strong,0.693082809448242
3,152,Current,0.673055648803711
2,522,Strict,0.566005706787109
2,522,Gentle,0.574111938476563
2,522,Strong,0.580072402954102
2,522,Current,0.607967376708984
2,366,Current,0.564098358154297
2,366,Strict,0.552177429199219
2,366,Strong,0.612020492553711
2,366,Gentle,0.548124313354492
1,526,Gentle,0.624895095825195
1,526,Current,0.651121139526367
1,526,Strong,0.568151473999023
1,526,Strict,0.585079193115234
3,344,Current,0.589132308959961
3,344,Gentle,0.560998916625977
3,344,Strict,0.560998916625977
3,344,Strong,0.550031661987305
2,502,Strict,0.580072402954102
2,502,Gentle,0.651121139526367
2,502,Current,0.526905059814453
2,502,Strong,0.524997711181641
3,269,Gentle,0.55384635925293
3,269,Current,0.55384635925293
3,269,Strict,0.530004501342773
3,269,Strong,0.543832778930664
3,7,Current,0.562906265258789
3,7,Gentle,0.543117523193359
3,7,Strong,0.564098358154297
3,7,Strict,0.549077987670898
3,279,Strict,0.632047653198242
3,279,Current,0.651121139526367
3,279,Gentle,0.646114349365234
3,279,Strong,0.760793685913086
2,62,Gentle,0.655174255371094
2,62,Strict,0.580072402954102
2,62,Current,0.548839569091797
2,62,Strong,0.540018081665039
1,288,Strong,0.536203384399414
1,288,Current,0.550031661987305
1,288,Strict,0.515937805175781
1,288,Gentle,0.523090362548828
3,246,Strict,0.546932220458984
3,246,Current,0.544071197509766
3,246,Gentle,0.535011291503906
3,246,Strong,0.550985336303711
1,210,Strict,0.536203384399414
1,210,Gentle,0.544071197509766
1,210,Current,0.575065612792969
1,210,Strong,0.558853149414063
1,557,Current,0.535964965820313
1,557,Strict,0.535964965820313
1,557,Gentle,0.542879104614258
1,557,Strong,0.509977340698242
2,339,Current,0.568151473999023
2,339,Gentle,0.566005706787109
2,339,Strict,0.524044036865234
2,339,Strong,0.516176223754883
2,136,Gentle,0.609874725341797
2,136,Strict,0.530004501342773
2,136,Strong,0.572919845581055
2,136,Current,0.558137893676758
2,333,Strict,0.555992126464844
2,333,Current,0.538110733032227
2,333,Strong,0.643014907836914
2,333,Gentle,0.571012496948242
1,566,Current,0.658988952636719
1,566,Strict,0.627040863037109
1,566,Gentle,0.62108039855957
1,566,Strong,0.638961791992188
3,532,Gentle,0.524044036865234
3,532,Strict,0.521183013916016
3,532,Current,0.552892684936523
3,532,Strong,0.516891479492188
3,416,Strong,0.538110733032227
3,416,Gentle,0.561952590942383
3,416,Current,0.528097152709961
3,416,Strict,0.510931015014648
1,315,Strict,0.658035278320313
1,315,Current,0.605106353759766
1,315,Strong,0.552892684936523
1,315,Gentle,0.590085983276367
2,259,Gentle,3.46016883850098
2,259,Strict,0.833034515380859
2,259,Current,0.734806060791016
2,259,Strong,0.584840774536133
1,108,Gentle,0.65302848815918
1,108,Strict,0.648975372314453
1,108,Current,0.779867172241211
1,108,Strong,0.627040863037109
2,431,Current,0.640153884887695
2,431,Strict,0.603914260864258
2,431,Strong,0.586986541748047
2,431,Gentle,0.581979751586914
3,121,Strict,0.575065612792969
3,121,Strong,0.566005706787109
3,121,Gentle,0.598907470703125
3,121,Current,0.61798095703125
3,30,Strict,0.579118728637695
3,30,Current,0.591039657592773
3,30,Strong,0.569820404052734
3,30,Gentle,0.581979751586914
1,261,Strong,0.645875930786133
1,261,Gentle,0.655889511108398
1,261,Current,0.593900680541992
1,261,Strict,0.56004524230957
2,498,Gentle,0.559091567993164
2,498,Strict,0.566005706787109
2,498,Current,0.564813613891602
2,498,Strong,0.538110733032227
1,129,Gentle,0.603914260864258
1,129,Current,0.588893890380859
1,129,Strong,0.557899475097656
1,129,Strict,0.531196594238281
3,519,Strong,0.535964965820313
3,519,Current,0.546932220458984
3,519,Strict,0.618934631347656
3,519,Gentle,0.551939010620117
1,119,Current,0.544071197509766
1,119,Strong,0.542163848876953
1,119,Gentle,0.616073608398438
1,119,Strict,0.520944595336914
3,190,Strict,0.533103942871094
3,190,Strong,0.514030456542969
3,190,Current,0.519037246704102
3,190,Gentle,0.514984130859375
3,203,Current,0.558137893676758
3,203,Gentle,0.540971755981445
3,203,Strong,0.574111938476563
3,203,Strict,0.589847564697266
3,522,Strict,0.539064407348633
3,522,Current,0.532150268554688
3,522,Gentle,0.632047653198242
3,522,Strong,0.546932220458984
1,196,Current,0.540971755981445
1,196,Gentle,0.55694580078125
1,196,Strict,0.515937805175781
1,196,Strong,0.526905059814453
2,382,Current,0.573873519897461
2,382,Strong,0.555038452148438
2,382,Strict,0.535964965820313
2,382,Gentle,0.559091567993164
1,335,Current,0.532150268554688
1,335,Strict,0.519990921020508
1,335,Strong,0.519037246704102
1,335,Gentle,0.522136688232422
2,85,Gentle,0.53095817565918
2,85,Strict,0.612020492553711
2,85,Current,0.555038452148438
2,85,Strong,0.512123107910156
1,375,Strict,0.540018081665039
1,375,Gentle,0.531196594238281
1,375,Strong,0.510215759277344
1,375,Current,0.513076782226563
3,37,Current,0.619888305664063
3,37,Gentle,0.540018081665039
3,37,Strong,0.541925430297852
3,37,Strict,0.525951385498047
2,394,Gentle,0.535964965820313
2,394,Strict,0.514030456542969
2,394,Current,0.524044036865234
2,394,Strong,0.524044036865234
2,505,Strict,0.536918640136719
2,505,Strong,0.638961791992188
2,505,Gentle,0.519990921020508
2,505,Current,0.507116317749023
2,3,Strict,0.535964965820313
2,3,Current,0.550031661987305
2,3,Strong,0.519990921020508
2,3,Gentle,0.523805618286133
2,293,Gentle,0.579118728637695
2,293,Current,0.544071197509766
2,293,Strict,0.535964965820313
2,293,Strong,0.545024871826172
3,521,Strong,3.35502624511719
3,521,Gentle,0.915050506591797
3,521,Strict,0.741958618164063
3,521,Current,0.627994537353516
2,574,Strong,0.620841979980469
2,574,Strict,0.62108039855957
2,574,Gentle,0.61488151550293
2,574,Current,0.618934631347656
1,300,Strict,0.624895095825195
1,300,Strong,0.597000122070313
1,300,Gentle,0.602006912231445
1,300,Current,0.565052032470703
3,15,Gentle,0.571966171264648
3,15,Strict,1.86300277709961
3,15,Current,0.710964202880859
3,15,Strong,0.670194625854492
1,68,Strong,0.657081604003906
1,68,Strict,0.602960586547852
1,68,Current,0.638008117675781
1,68,Gentle,0.587940216064453
1,302,Strong,0.596046447753906
1,302,Current,0.59199333190918
1,302,Gentle,0.65302848815918
1,302,Strict,0.571012496948242
2,25,Gentle,0.584125518798828
2,25,Current,0.678062438964844
2,25,Strong,0.610113143920898
2,25,Strict,0.566959381103516
1,64,Strong,0.557899475097656
1,64,Strict,0.583887100219727
1,64,Gentle,0.544071197509766
1,64,Current,0.588178634643555
1,270,Strong,0.612020492553711
1,270,Strict,0.571012496948242
1,270,Current,0.591039657592773
1,270,Gentle,0.585079193115234
3,472,Strict,0.575065612792969
3,472,Gentle,0.571012496948242
3,472,Strong,0.587940216064453
3,472,Current,0.560998916625977
3,136,Gentle,0.633955001831055
3,136,Current,0.597953796386719
3,136,Strong,0.575065612792969
3,136,Strict,0.563859939575195
2,508,Strict,0.571966171264648
2,508,Gentle,0.567913055419922
2,508,Strong,0.633001327514648
2,508,Current,0.584125518798828
3,187,Strict,0.561952590942383
3,187,Strong,0.558853149414063
3,187,Current,0.555992126464844
3,187,Gentle,0.561952590942383
3,130,Current,0.813007354736328
3,130,Strong,0.894069671630859
3,130,Strict,0.819921493530273
3,130,Gentle,0.787019729614258
2,437,Strong,0.584125518798828
2,437,Strict,0.555992126464844
2,437,Gentle,0.672101974487305
2,437,Current,0.586032867431641
3,39,Strong,0.581979751586914
3,39,Strict,0.576019287109375
3,39,Gentle,0.5950927734375
3,39,Current,0.631093978881836
2,418,Gentle,0.586986541748047
2,418,Strict,0.603914260864258
2,418,Current,0.567913055419922
2,418,Strong,0.654935836791992
1,62,Current,0.796079635620117
1,62,Gentle,0.638008117675781
1,62,Strict,0.686883926391602
1,62,Strong,0.730037689208984
3,443,Strong,0.669956207275391
3,443,Gentle,0.650882720947266
3,443,Current,0.658035278320313
3,443,Strict,0.571966171264648
1,519,Current,0.622034072875977
1,519,Strict,0.576972961425781
1,519,Strong,0.59819221496582
1,519,Gentle,0.577211380004883
1,112,Current,0.701189041137695
1,112,Strong,0.611066818237305
1,112,Gentle,0.566959381103516
1,112,Strict,0.565052032470703
3,212,Strict,0.586986541748047
3,212,Gentle,0.611066818237305
3,212,Current,0.574827194213867
3,212,Strong,0.589132308959961
3,597,Current,0.58293342590332
3,597,Strict,0.547885894775391
3,597,Gentle,0.59199333190918
3,597,Strong,0.656843185424805
1,568,Strict,0.848054885864258
1,568,Current,0.657081604003906
1,568,Gentle,0.55694580078125
1,568,Strong,0.545024871826172
1,290,Current,0.576019287109375
1,290,Gentle,0.581979751586914
1,290,Strong,0.566959381103516
1,290,Strict,0.56910514831543
1,193,Gentle,0.55694580078125
1,193,Strict,0.514984130859375
1,193,Current,0.55384635925293
1,193,Strong,0.540018081665039
1,161,Current,0.593185424804688
1,161,Strict,0.58293342590332
1,161,Gentle,0.580787658691406
1,161,Strong,0.571012496948242
2,424,Gentle,0.589132308959961
2,424,Strict,0.566005706787109
2,424,Strong,0.571012496948242
2,424,Current,0.561952590942383
1,431,Strict,0.600814819335938
1,431,Gentle,0.539779663085938
1,431,Current,0.555992126464844
1,431,Strong,0.524997711181641
2,64,Gentle,0.526189804077148
2,64,Strict,0.527858734130859
2,64,Strong,0.504970550537109
2,64,Current,0.524997711181641
1,248,Gentle,0.541925430297852
1,248,Current,0.549077987670898
1,248,Strong,0.544071197509766
1,248,Strict,0.524997711181641
3,371,Strict,0.613927841186523
3,371,Gentle,0.608921051025391
3,371,Current,0.633955001831055
3,371,Strong,0.591039657592773
1,189,Strong,0.592947006225586
1,189,Current,0.557899475097656
1,189,Gentle,0.56004524230957
1,189,Strict,0.551939010620117
3,229,Strong,0.576019287109375
3,229,Current,0.576972961425781
3,229,Strict,0.552892684936523
3,229,Gentle,0.560998916625977
1,289,Current,0.581979751586914
1,289,Gentle,0.561952590942383
1,289,Strict,0.552177429199219
1,289,Strong,0.547170639038086
1,346,Strong,0.566005706787109
1,346,Gentle,0.530004501342773
1,346,Current,0.5950927734375
1,346,Strict,0.545024871826172
3,149,Gentle,0.563144683837891
3,149,Strict,0.543117523193359
3,149,Current,0.543832778930664
3,149,Strong,0.524997711181641
2,28,Strict,0.566005706787109
2,28,Current,0.567913055419922
2,28,Gentle,0.550031661987305
2,28,Strong,0.558137893676758
2,526,Strong,0.567913055419922
2,526,Gentle,0.589132308959961
2,526,Current,0.545024871826172
2,526,Strict,0.558137893676758
1,219,Strong,0.590085983276367
1,219,Gentle,0.575065612792969
1,219,Strict,0.578165054321289
1,219,Current,0.544071197509766
2,79,Gentle,0.561952590942383
2,79,Strong,0.549793243408203
2,79,Current,0.555992126464844
2,79,Strict,0.563144683837891
1,20,Strict,0.530004501342773
1,20,Current,0.535011291503906
1,20,Gentle,0.509977340698242
1,20,Strong,0.504016876220703
1,317,Strong,0.585079193115234
1,317,Strict,0.575065612792969
1,317,Current,0.562191009521484
1,317,Gentle,0.574827194213867
1,250,Strong,0.578880310058594
1,250,Strict,0.543832778930664
1,250,Current,0.555992126464844
1,250,Gentle,0.538110733032227
1,50,Strict,0.578165054321289
1,50,Current,0.577926635742188
1,50,Gentle,0.566005706787109
1,50,Strong,0.545978546142578
3,4,Gentle,0.577926635742188
3,4,Strict,0.571966171264648
3,4,Strong,0.558853149414063
3,4,Current,0.565052032470703
3,275,Strict,0.555992126464844
3,275,Current,0.554084777832031
3,275,Gentle,0.552892684936523
3,275,Strong,3.20601463317871
1,355,Strict,0.765085220336914
1,355,Strong,0.593900680541992
1,355,Current,0.565052032470703
1,355,Gentle,0.557899475097656
3,581,Gentle,0.59199333190918
3,581,Strict,0.559091567993164
3,581,Current,0.637054443359375
3,581,Strong,0.771045684814453
2,298,Current,0.778913497924805
2,298,Strong,0.850915908813477
2,298,Strict,0.612020492553711
2,298,Gentle,0.633001327514648
1,324,Strict,0.600099563598633
1,324,Strong,0.596046447753906
1,324,Current,0.588893890380859
1,324,Gentle,0.576972961425781
2,126,Current,0.596046447753906
2,126,Strict,0.572919845581055
2,126,Gentle,0.53095817565918
2,126,Strong,0.536203384399414
3,184,Gentle,0.571012496948242
3,184,Current,0.580072402954102
3,184,Strict,0.590085983276367
3,184,Strong,0.571012496948242
2,49,Current,0.540018081665039
2,49,Strict,0.541925430297852
2,49,Gentle,0.543117523193359
2,49,Strong,0.538110733032227
2,251,Gentle,0.56004524230957
2,251,Current,0.543117523193359
2,251,Strict,0.528097152709961
2,251,Strong,0.535964965820313
2,256,Gentle,0.573873519897461
2,256,Strong,0.570058822631836
2,256,Strict,0.595808029174805
2,256,Current,0.56004524230957
1,325,Strong,0.550031661987305
1,325,Current,0.555992126464844
1,325,Strict,0.549077987670898
1,325,Gentle,0.531911849975586
1,227,Current,0.561952590942383
1,227,Gentle,0.542879104614258
1,227,Strict,0.550031661987305
1,227,Strong,0.519990921020508
2,403,Current,0.540971755981445
2,403,Strict,0.529050827026367
2,403,Strong,0.547170639038086
2,403,Gentle,0.530004501342773
3,589,Current,0.543832778930664
3,589,Strict,0.532150268554688
3,589,Strong,0.5340576171875
3,589,Gentle,0.540971755981445
3,437,Strong,0.607013702392578
3,437,Strict,0.567913055419922
3,437,Current,0.531911849975586
3,437,Gentle,0.52189826965332
2,543,Strong,0.550985336303711
2,543,Current,0.525951385498047
2,543,Gentle,0.520944595336914
2,543,Strict,0.545978546142578
3,110,Strict,0.546932220458984
3,110,Current,0.562906265258789
3,110,Gentle,0.547885894775391
3,110,Strong,0.524997711181641
1,414,Strict,0.535011291503906
1,414,Strong,0.547885894775391
1,414,Gentle,0.53095817565918
1,414,Current,0.538110733032227
1,497,Current,0.555038452148438
1,497,Strict,0.571966171264648
1,497,Gentle,0.540018081665039
1,497,Strong,0.546932220458984
2,276,Gentle,0.549077987670898
2,276,Strict,0.538825988769531
2,276,Strong,0.53095817565918
2,276,Current,0.543832778930664
2,416,Strict,0.614166259765625
2,416,Gentle,0.558137893676758
2,416,Strong,0.524044036865234
2,416,Current,0.533819198608398
1,589,Current,0.540018081665039
1,589,Strong,0.524997711181641
1,589,Gentle,0.531911849975586
1,589,Strict,0.513076782226563
3,481,Current,0.588178634643555
3,481,Gentle,0.604152679443359
3,481,Strict,0.540018081665039
3,481,Strong,0.539064407348633
2,448,Gentle,0.53095817565918
2,448,Strict,0.524997711181641
2,448,Strong,0.524997711181641
2,448,Current,0.514030456542969
3,523,Current,0.540971755981445
3,523,Strict,0.536918640136719
3,523,Strong,0.864028930664063
3,523,Gentle,0.778913497924805
2,265,Current,0.612974166870117
2,265,Strict,0.575065612792969
2,265,Gentle,0.571966171264648
2,265,Strong,0.559091567993164
1,590,Strict,0.580072402954102
1,590,Strong,0.585079193115234
1,590,Current,0.579833984375
1,590,Gentle,0.56910514831543
3,397,Gentle,0.575065612792969
3,397,Current,0.595808029174805
3,397,Strong,0.571012496948242
3,397,Strict,0.568151473999023
3,413,Strong,0.686168670654297
3,413,Gentle,0.711917877197266
3,413,Strict,0.629186630249023
3,413,Current,0.633001327514648
3,165,Gentle,0.555992126464844
3,165,Strong,0.525951385498047
3,165,Strict,0.529050827026367
3,165,Current,0.565052032470703
3,176,Strong,0.570058822631836
3,176,Strict,0.587940216064453
3,176,Current,0.581979751586914
3,176,Gentle,0.535011291503906
1,47,Gentle,0.561952590942383
1,47,Current,0.540018081665039
1,47,Strong,0.533103942871094
1,47,Strict,0.559091567993164
1,376,Strict,0.564098358154297
1,376,Strong,0.542879104614258
1,376,Gentle,0.535011291503906
1,376,Current,0.538110733032227
2,141,Strong,0.541925430297852
2,141,Current,0.590085983276367
2,141,Gentle,0.561952590942383
2,141,Strict,0.55694580078125
1,151,Strict,0.540018081665039
1,151,Current,0.527143478393555
1,151,Strong,0.536918640136719
1,151,Gentle,0.531196594238281
3,38,Current,0.543117523193359
3,38,Strict,0.545024871826172
3,38,Strong,0.550031661987305
3,38,Gentle,0.564098358154297
1,546,Strong,0.561952590942383
1,546,Gentle,0.545024871826172
1,546,Strict,0.547885894775391
1,546,Current,0.535964965820313
2,357,Strict,0.524997711181641
2,357,Strong,0.519990921020508
2,357,Current,0.528097152709961
2,357,Gentle,0.500917434692383
1,341,Strong,0.531911849975586
1,341,Gentle,0.535964965820313
1,341,Current,0.519037246704102
1,341,Strict,0.529050827026367
1,427,Strong,0.541925430297852
1,427,Gentle,0.509977340698242
1,427,Current,0.552892684936523
1,427,Strict,0.580072402954102
3,426,Strict,0.545024871826172
3,426,Current,0.548839569091797
3,426,Strong,0.539064407348633
3,426,Gentle,0.523090362548828
1,16,Strong,0.592947006225586
1,16,Strict,0.566005706787109
1,16,Current,0.551939010620117
1,16,Gentle,0.550031661987305
1,116,Strong,0.61798095703125
1,116,Current,0.644922256469727
1,116,Gentle,0.686883926391602
1,116,Strict,0.662088394165039
2,320,Strong,0.559091567993164
2,320,Current,0.603914260864258
2,320,Strict,0.530004501342773
2,320,Gentle,0.525951385498047
3,482,Gentle,0.554084777832031
3,482,Current,0.544071197509766
3,482,Strict,0.527858734130859
3,482,Strong,0.529050827026367
3,349,Strong,0.519990921020508
3,349,Current,0.5340576171875
3,349,Gentle,0.531196594238281
3,349,Strict,0.535011291503906
3,294,Gentle,0.543832778930664
3,294,Strict,0.542163848876953
3,294,Strong,0.529050827026367
3,294,Current,0.516176223754883
1,406,Strong,0.771999359130859
1,406,Gentle,0.761985778808594
1,406,Current,0.792026519775391
1,406,Strict,0.795841217041016
3,468,Strict,3.30305099487305
3,468,Gentle,0.823020935058594
3,468,Current,0.611066818237305
3,468,Strong,0.587940216064453
3,22,Current,0.560998916625977
3,22,Strict,0.612020492553711
3,22,Gentle,0.543832778930664
3,22,Strong,0.527143478393555
3,265,Current,0.578880310058594
3,265,Strict,0.613927841186523
3,265,Gentle,0.573873519897461
3,265,Strong,0.602960586547852
1,90,Current,0.605106353759766
1,90,Strict,0.580072402954102
1,90,Gentle,0.587940216064453
1,90,Strong,0.589847564697266
3,449,Strict,0.585079193115234
3,449,Current,0.576019287109375
3,449,Gentle,0.543117523193359
3,449,Strong,0.552177429199219
2,156,Gentle,0.581979751586914
2,156,Current,0.55694580078125
2,156,Strong,0.56004524230957
2,156,Strict,0.560998916625977
3,141,Strict,0.549077987670898
3,141,Gentle,0.552177429199219
3,141,Current,0.548124313354492
3,141,Strong,0.524997711181641
1,551,Strong,0.528812408447266
1,551,Gentle,0.535011291503906
1,551,Current,0.530004501342773
1,551,Strict,0.518083572387695
3,332,Strong,0.530004501342773
3,332,Gentle,0.535011291503906
3,332,Strict,0.509023666381836
3,332,Current,0.561952590942383
2,554,Current,0.574111938476563
2,554,Gentle,0.530004501342773
2,554,Strict,0.527858734130859
2,554,Strong,0.530004501342773
2,281,Current,0.536918640136719
2,281,Strict,0.542163848876953
2,281,Strong,0.529050827026367
2,281,Gentle,0.511884689331055
1,182,Strict,0.640869140625
1,182,Strong,0.626087188720703
1,182,Gentle,0.626087188720703
1,182,Current,0.622987747192383
2,78,Strong,0.555038452148438
2,78,Gentle,0.522851943969727
2,78,Strict,0.564098358154297
2,78,Current,0.54621696472168
2,200,Strong,0.555992126464844
2,200,Current,0.565052032470703
2,200,Gentle,0.572919845581055
2,200,Strict,0.532865524291992
3,75,Strong,0.547170639038086
3,75,Current,0.547885894775391
3,75,Strict,0.541925430297852
3,75,Gentle,0.53095817565918
2,21,Strong,0.526905059814453
2,21,Current,0.585079193115234
2,21,Strict,0.543117523193359
2,21,Gentle,0.531911849975586
3,359,Gentle,0.540971755981445
3,359,Current,0.559091567993164
3,359,Strong,0.535964965820313
3,359,Strict,0.516891479492188
1,254,Gentle,0.552892684936523
1,254,Current,0.549793243408203
1,254,Strict,0.531196594238281
1,254,Strong,0.525951385498047
2,412,Strong,0.538825988769531
2,412,Current,0.515937805175781
2,412,Gentle,0.520944595336914
2,412,Strict,0.540018081665039
2,569,Gentle,0.514984130859375
2,569,Strong,0.498056411743164
2,569,Strict,0.493049621582031
2,569,Current,0.521183013916016
2,55,Current,0.551939010620117
2,55,Strict,0.55694580078125
2,55,Strong,0.517845153808594
2,55,Gentle,0.586032867431641
2,82,Strong,0.67591667175293
2,82,Strict,0.670194625854492
2,82,Gentle,0.659942626953125
2,82,Current,0.662088394165039
3,286,Gentle,0.550985336303711
3,286,Current,0.540018081665039
3,286,Strict,0.545978546142578
3,286,Strong,0.520944595336914
2,356,Strict,0.538825988769531
2,356,Gentle,0.535964965820313
2,356,Strong,0.526905059814453
2,356,Current,3.2050609588623
2,33,Gentle,0.808954238891602
2,33,Strict,0.615119934082031
2,33,Current,0.591039657592773
2,33,Strong,0.569820404052734
3,544,Strict,0.581979751586914
3,544,Current,0.577926635742188
3,544,Gentle,0.554084777832031
3,544,Strong,0.560998916625977
2,474,Strong,0.571012496948242
2,474,Strict,0.574827194213867
2,474,Gentle,0.58293342590332
2,474,Current,0.610113143920898
3,26,Strict,0.612020492553711
3,26,Gentle,0.590801239013672
3,26,Current,0.607013702392578
3,26,Strong,0.597000122070313
3,596,Gentle,0.575065612792969
3,596,Current,0.561952590942383
3,596,Strong,0.533819198608398
3,596,Strict,0.547170639038086
3,402,Current,0.558137893676758
3,402,Gentle,0.530004501342773
3,402,Strong,0.519990921020508
3,402,Strict,0.525951385498047
3,365,Strict,0.530004501342773
3,365,Strong,0.578880310058594
3,365,Current,0.550031661987305
3,365,Gentle,0.514030456542969
2,442,Strict,0.545024871826172
2,442,Current,0.532865524291992
2,442,Strong,0.527858734130859
2,442,Gentle,0.535964965820313
2,32,Gentle,0.553131103515625
2,32,Current,0.555992126464844
2,32,Strong,0.531911849975586
2,32,Strict,0.560998916625977
3,419,Gentle,0.59199333190918
3,419,Strict,0.526189804077148
3,419,Current,0.520229339599609
3,419,Strong,0.517845153808594
2,69,Strong,0.555992126464844
2,69,Current,0.539064407348633
2,69,Gentle,0.537872314453125
2,69,Strict,0.520944595336914
2,89,Strong,0.523090362548828
2,89,Current,0.524997711181641
2,89,Strict,0.513076782226563
2,89,Gentle,0.523090362548828
3,65,Strict,0.545024871826172
3,65,Strong,0.528097152709961
3,65,Gentle,0.52189826965332
3,65,Current,0.5340576171875
2,525,Gentle,0.531911849975586
2,525,Current,0.544071197509766
2,525,Strong,0.53095817565918
2,525,Strict,0.514984130859375
1,170,Gentle,0.566005706787109
1,170,Strict,0.53715705871582
1,170,Current,0.540971755981445
1,170,Strong,0.525951385498047
3,84,Strong,0.567913055419922
3,84,Strict,0.53095817565918
3,84,Gentle,0.530004501342773
3,84,Current,0.758886337280273
1,309,Current,0.575065612792969
1,309,Strong,0.554084777832031
1,309,Gentle,0.548839569091797
1,309,Strict,0.524997711181641
1,364,Strict,0.56004524230957
1,364,Current,0.56004524230957
1,364,Gentle,0.519037246704102
1,364,Strong,0.54478645324707
3,346,Strong,0.549077987670898
3,346,Strict,0.526905059814453
3,346,Gentle,0.513076782226563
3,346,Current,0.528097152709961
1,463,Current,0.543117523193359
1,463,Strict,0.540971755981445
1,463,Gentle,0.550985336303711
1,463,Strong,0.521183013916016
1,528,Current,0.529050827026367
1,528,Strict,0.5340576171875
1,528,Strong,0.526905059814453
1,528,Gentle,0.514984130859375
3,52,Strict,0.536918640136719
3,52,Current,0.52189826965332
3,52,Gentle,0.528097152709961
3,52,Strong,0.557899475097656
3,593,Strong,0.563144683837891
3,593,Strict,0.514984130859375
3,593,Current,0.524044036865234
3,593,Gentle,0.538110733032227
1,505,Current,0.540971755981445
1,505,Gentle,0.543117523193359
1,505,Strict,0.842094421386719
1,505,Strong,0.706195831298828
2,154,Strict,0.691890716552734
2,154,Strong,0.768899917602539
2,154,Current,0.683069229125977
2,154,Gentle,0.671863555908203
1,549,Gentle,0.584125518798828
1,549,Current,0.602006912231445
1,549,Strong,0.581026077270508
1,549,Strict,0.571012496948242
1,453,Current,0.570058822631836
1,453,Strong,0.600099563598633
1,453,Gentle,0.583171844482422
1,453,Strict,0.588893890380859
1,306,Current,0.591039657592773
1,306,Gentle,0.564098358154297
1,306,Strong,0.579118728637695
1,306,Strict,0.600814819335938
1,277,Current,0.655889511108398
1,277,Strong,0.631809234619141
1,277,Gentle,0.644207000732422
1,277,Strict,0.660896301269531
3,247,Current,0.542163848876953
3,247,Strong,0.50806999206543
3,247,Gentle,0.516891479492188
3,247,Strict,0.542879104614258
3,582,Strict,0.543117523193359
3,582,Strong,0.529050827026367
3,582,Current,0.514030456542969
3,582,Gentle,0.535011291503906
2,182,Gentle,0.750064849853516
2,182,Strict,0.756978988647461
2,182,Current,0.723838806152344
2,182,Strong,0.687837600708008
1,146,Gentle,0.607013702392578
1,146,Strict,0.522851943969727
1,146,Strong,0.528812408447266
1,146,Current,0.563859939575195
3,538,Current,0.555992126464844
3,538,Strong,0.522136688232422
3,538,Strict,0.543117523193359
3,538,Gentle,0.524044036865234
2,12,Strong,0.524997711181641
2,12,Current,0.524044036865234
2,12,Strict,0.518083572387695
2,12,Gentle,0.524044036865234
2,197,Strict,0.567913055419922
2,197,Gentle,0.509023666381836
2,197,Strong,0.509977340698242
2,197,Current,0.532865524291992
2,242,Strict,0.55384635925293
2,242,Strong,0.544071197509766
2,242,Current,0.524044036865234
2,242,Gentle,0.543117523193359
2,181,Gentle,0.553131103515625
2,181,Strong,0.5340576171875
2,181,Strict,0.530004501342773
2,181,Current,0.542879104614258
2,282,Strict,0.541925430297852
2,282,Gentle,0.533103942871094
2,282,Strong,0.5340576171875
2,282,Current,0.545024871826172
2,90,Strong,0.647068023681641
2,90,Gentle,0.548839569091797
2,90,Current,0.540971755981445
2,90,Strict,0.535964965820313
1,226,Current,0.544071197509766
1,226,Gentle,0.525951385498047
1,226,Strict,0.535964965820313
1,226,Strong,0.5340576171875
2,404,Gentle,0.725030899047852
2,404,Current,0.784873962402344
2,404,Strong,0.804901123046875
2,404,Strict,0.814914703369141
1,580,Strong,0.547885894775391
1,580,Current,0.541925430297852
1,580,Gentle,0.544071197509766
1,580,Strict,0.50806999206543
1,124,Current,0.559091567993164
1,124,Strict,0.560998916625977
1,124,Strong,0.558853149414063
1,124,Gentle,0.540971755981445
3,462,Gentle,0.562906265258789
3,462,Strict,0.52189826965332
3,462,Strong,0.523090362548828
3,462,Current,0.528097152709961
3,288,Strong,0.538110733032227
3,288,Strict,0.635147094726563
3,288,Gentle,0.603914260864258
3,288,Current,0.570058822631836
3,565,Gentle,0.648975372314453
3,565,Strict,0.610828399658203
3,565,Strong,0.628948211669922
3,565,Current,0.584125518798828
2,335,Strong,3.43799591064453
2,335,Current,0.712156295776367
2,335,Gentle,0.568151473999023
2,335,Strict,0.574111938476563
1,337,Gentle,0.591039657592773
1,337,Strict,0.585079193115234
1,337,Strong,0.583887100219727
1,337,Current,1.04308128356934
2,561,Strong,0.597000122070313
2,561,Gentle,0.576972961425781
2,561,Strict,0.581026077270508
2,561,Current,0.579833984375
1,383,Gentle,0.701904296875
1,383,Current,0.688076019287109
1,383,Strict,0.649929046630859
1,383,Strong,0.673055648803711
1,354,Gentle,0.579118728637695
1,354,Current,0.570058822631836
1,354,Strong,0.5340576171875
1,354,Strict,0.538110733032227
2,19,Gentle,0.576019287109375
2,19,Strict,0.552892684936523
2,19,Current,0.548839569091797
2,19,Strong,0.549077987670898
2,473,Strong,0.53095817565918
2,473,Current,0.539064407348633
2,473,Gentle,0.527143478393555
2,473,Strict,0.658988952636719
3,576,Strict,0.550031661987305
3,576,Current,0.544071197509766
3,576,Strong,0.520944595336914
3,576,Gentle,0.516891479492188
2,550,Gentle,0.535964965820313
2,550,Strict,0.536918640136719
2,550,Current,0.540018081665039
2,550,Strong,0.545978546142578
1,200,Current,0.579118728637695
1,200,Strict,0.53095817565918
1,200,Gentle,0.544071197509766
1,200,Strong,0.571966171264648
2,189,Strong,0.530004501342773
2,189,Current,0.533819198608398
2,189,Gentle,0.532150268554688
2,189,Strict,0.515937805175781
1,527,Gentle,0.533103942871094
1,527,Strict,0.531911849975586
1,527,Strong,0.520944595336914
1,527,Current,0.517129898071289
3,457,Strict,0.523805618286133
3,457,Strong,0.532150268554688
3,457,Current,0.567913055419922
3,457,Gentle,0.598907470703125
2,110,Gentle,0.568151473999023
2,110,Strong,0.555992126464844
2,110,Current,0.547885894775391
2,110,Strict,0.559091567993164
3,511,Gentle,0.53095817565918
3,511,Strict,0.529050827026367
3,511,Strong,0.526905059814453
3,511,Current,0.518083572387695
3,180,Gentle,0.524044036865234
3,180,Strict,0.540018081665039
3,180,Current,0.56004524230957
3,180,Strong,0.516176223754883
2,97,Strict,0.611066818237305
2,97,Strong,0.566959381103516
2,97,Current,0.613927841186523
2,97,Gentle,0.584125518798828
3,405,Strict,0.551939010620117
3,405,Current,0.53095817565918
3,405,Gentle,0.536918640136719
3,405,Strong,0.519037246704102
2,270,Strong,0.540971755981445
2,270,Current,0.600099563598633
2,270,Strict,0.550985336303711
2,270,Gentle,0.540971755981445
3,254,Current,0.559091567993164
3,254,Strict,0.540018081665039
3,254,Strong,0.524997711181641
3,254,Gentle,0.539064407348633
2,377,Strict,0.643014907836914
2,377,Current,0.67901611328125
2,377,Gentle,0.619888305664063
2,377,Strong,0.627040863037109
1,415,Strict,0.612020492553711
1,415,Current,0.650167465209961
1,415,Strong,0.616073608398438
1,415,Gentle,0.659942626953125
3,205,Current,0.545024871826172
3,205,Strict,0.530004501342773
3,205,Strong,0.526189804077148
3,205,Gentle,0.522851943969727
2,413,Strict,0.528097152709961
2,413,Strong,0.517129898071289
2,413,Gentle,3.46684455871582
2,413,Current,0.737905502319336
2,575,Strong,0.586032867431641
2,575,Strict,0.572919845581055
2,575,Current,0.586032867431641
2,575,Gentle,0.577926635742188
2,589,Current,0.574827194213867
2,589,Strict,0.577926635742188
2,589,Strong,0.568151473999023
2,589,Gentle,0.559091567993164
2,118,Strict,0.61798095703125
2,118,Gentle,0.572919845581055
2,118,Current,0.638008117675781
2,118,Strong,0.597000122070313
2,459,Strong,0.547885894775391
2,459,Gentle,0.561952590942383
2,459,Current,0.575065612792969
2,459,Strict,0.547885894775391
1,180,Strict,0.542163848876953
1,180,Strong,0.531911849975586
1,180,Gentle,0.524044036865234
1,180,Current,0.550031661987305
3,492,Gentle,0.653982162475586
3,492,Strict,0.62108039855957
3,492,Current,0.630855560302734
3,492,Strong,0.627040863037109
1,539,Current,0.585079193115234
1,539,Strong,0.538110733032227
1,539,Strict,0.539064407348633
1,539,Gentle,0.518083572387695
2,331,Current,0.541925430297852
2,331,Gentle,0.53095817565918
2,331,Strong,0.517129898071289
2,331,Strict,0.519037246704102
1,190,Strong,0.536918640136719
1,190,Gentle,0.526905059814453
1,190,Current,0.534772872924805
1,190,Strict,0.533103942871094
3,494,Strict,0.661134719848633
3,494,Strong,0.633001327514648
3,494,Gentle,0.612974166870117
3,494,Current,0.641822814941406
1,26,Strong,0.571012496948242
1,26,Current,0.583171844482422
1,26,Gentle,0.542163848876953
1,26,Strict,0.558853149414063
3,69,Strong,0.542879104614258
3,69,Gentle,0.523090362548828
3,69,Strict,0.539064407348633
3,69,Current,0.540018081665039
3,263,Current,0.551939010620117
3,263,Gentle,0.540971755981445
3,263,Strict,0.546932220458984
3,263,Strong,0.526905059814453
1,56,Current,0.550031661987305
1,56,Gentle,0.524044036865234
1,56,Strong,0.550031661987305
1,56,Strict,0.5340576171875
2,244,Strict,0.537872314453125
2,244,Current,0.530004501342773
2,244,Gentle,0.529050827026367
2,244,Strong,0.53095817565918
2,46,Current,0.562191009521484
2,46,Gentle,0.576019287109375
2,46,Strict,0.597000122070313
2,46,Strong,0.574111938476563
1,49,Strict,0.607967376708984
1,49,Current,0.607013702392578
1,49,Strong,0.63014030456543
1,49,Gentle,0.581026077270508
1,113,Current,0.562906265258789
1,113,Gentle,0.575065612792969
1,113,Strict,0.520944595336914
1,113,Strong,0.511884689331055
3,485,Gentle,0.557899475097656
3,485,Current,0.542879104614258
3,485,Strict,0.535964965820313
3,485,Strong,0.526905059814453
1,233,Strong,0.548839569091797
1,233,Strict,0.538110733032227
1,233,Current,0.572919845581055
1,233,Gentle,0.540018081665039
3,382,Gentle,0.561952590942383
3,382,Strong,0.55384635925293
3,382,Strict,0.58293342590332
3,382,Current,0.559091567993164
2,367,Strict,0.58293342590332
2,367,Gentle,0.608921051025391
2,367,Strong,0.525951385498047
2,367,Current,0.543117523193359
2,144,Gentle,0.56004524230957
2,144,Strong,0.527858734130859
2,144,Strict,0.528097152709961
2,144,Current,3.06582450866699
2,338,Strong,0.855922698974609
2,338,Gentle,0.640869140625
2,338,Current,0.648975372314453
2,338,Strict,0.575065612792969
3,11,Strong,0.588893890380859
3,11,Strict,0.580072402954102
3,11,Current,0.583171844482422
3,11,Gentle,0.566005706787109
1,59,Strong,0.57220458984375
1,59,Current,0.578880310058594
1,59,Strict,0.560998916625977
1,59,Gentle,0.565052032470703
1,292,Current,0.631093978881836
1,292,Strict,0.586032867431641
1,292,Strong,0.566959381103516
1,292,Gentle,0.574111938476563
1,573,Gentle,0.614166259765625
1,573,Strict,0.576972961425781
1,573,Current,0.550031661987305
1,573,Strong,0.548124313354492
3,62,Strict,0.561952590942383
3,62,Current,0.555992126464844
3,62,Strong,0.530004501342773
3,62,Gentle,0.534772872924805
1,72,Strict,0.519037246704102
1,72,Gentle,0.509023666381836
1,72,Strong,0.488996505737305
1,72,Current,0.504970550537109
1,561,Current,0.552177429199219
1,561,Strict,0.541925430297852
1,561,Strong,0.539779663085938
1,561,Gentle,0.512123107910156
2,166,Strict,0.602960586547852
2,166,Current,0.544071197509766
2,166,Gentle,0.526905059814453
2,166,Strong,0.535011291503906
1,500,Strict,0.539064407348633
1,500,Strong,0.519990921020508
1,500,Gentle,0.593900680541992
1,500,Current,0.523090362548828
3,64,Strong,0.53095817565918
3,64,Current,0.515937805175781
3,64,Gentle,0.515937805175781
3,64,Strict,0.522136688232422
3,355,Gentle,0.533103942871094
3,355,Strong,0.548124313354492
3,355,Current,0.559806823730469
3,355,Strict,0.546932220458984
2,261,Strong,0.558137893676758
2,261,Gentle,0.528812408447266
2,261,Strict,0.502824783325195
2,261,Current,0.530004501342773
2,399,Strong,0.571966171264648
2,399,Strict,0.552177429199219
2,399,Current,0.548124313354492
2,399,Gentle,0.535011291503906
2,566,Current,0.638008117675781
2,566,Gentle,0.645160675048828
2,566,Strong,0.638961791992188
2,566,Strict,0.631093978881836
1,362,Strong,0.555038452148438
1,362,Strict,0.550031661987305
1,362,Current,0.586032867431641
1,362,Gentle,0.616073608398438
1,305,Current,0.631093978881836
1,305,Gentle,0.64396858215332
1,305,Strict,0.609874725341797
1,305,Strong,0.605106353759766
3,403,Current,0.547170639038086
3,403,Strict,0.524997711181641
3,403,Strong,0.53095817565918
3,403,Gentle,0.541925430297852
3,282,Strict,0.535011291503906
3,282,Gentle,0.527858734130859
3,282,Strong,0.549077987670898
3,282,Current,0.532150268554688
2,179,Strict,0.539064407348633
2,179,Current,0.549077987670898
2,179,Strong,0.521183013916016
2,179,Gentle,0.508785247802734
2,593,Current,0.516176223754883
2,593,Gentle,0.528097152709961
2,593,Strict,0.509977340698242
2,593,Strong,0.49901008605957
1,191,Current,0.571966171264648
1,191,Gentle,0.632047653198242
1,191,Strict,0.53095817565918
1,191,Strong,0.524044036865234
3,177,Gentle,0.551223754882813
3,177,Strict,0.554084777832031
3,177,Current,0.545978546142578
3,177,Strong,0.5340576171875
3,420,Strong,0.538825988769531
3,420,Strict,3.20792198181152
3,420,Gentle,0.814914703369141
3,420,Current,0.630855560302734
1,450,Current,0.582218170166016
1,450,Gentle,0.572919845581055
1,450,Strict,0.599145889282227
1,450,Strong,0.56910514831543
2,169,Strong,0.679969787597656
2,169,Current,0.694990158081055
2,169,Strict,0.674962997436523
2,169,Gentle,0.663995742797852
1,308,Current,0.587940216064453
1,308,Strong,0.572919845581055
1,308,Strict,0.570058822631836
1,308,Gentle,0.553131103515625
3,564,Current,0.689983367919922
3,564,Strong,0.562906265258789
3,564,Gentle,0.550985336303711
3,564,Strict,0.551939010620117
3,510,Gentle,0.549793243408203
3,510,Strict,0.531911849975586
3,510,Strong,0.531911849975586
3,510,Current,0.542879104614258
3,209,Strong,0.580072402954102
3,209,Gentle,0.588893890380859
3,209,Current,0.540018081665039
3,209,Strict,0.557184219360352
1,100,Current,0.553131103515625
1,100,Strict,0.546932220458984
1,100,Strong,0.53715705871582
1,100,Gentle,0.520944595336914
1,596,Strong,0.524044036865234
1,596,Current,0.550031661987305
1,596,Gentle,0.510215759277344
1,596,Strict,0.539779663085938
1,443,Strong,0.555038452148438
1,443,Current,0.549077987670898
1,443,Strict,0.533103942871094
1,443,Gentle,0.547885894775391
1,33,Strict,0.566959381103516
1,33,Gentle,0.598907470703125
1,33,Current,0.540971755981445
1,33,Strong,0.529050827026367
3,347,Strict,0.538825988769531
3,347,Strong,0.530004501342773
3,347,Current,0.549793243408203
3,347,Gentle,0.539064407348633
1,584,Strict,0.545024871826172
1,584,Strong,0.521183013916016
1,584,Current,0.528097152709961
1,584,Gentle,0.540971755981445
2,546,Current,0.545024871826172
2,546,Gentle,0.525951385498047
2,546,Strict,0.538110733032227
2,546,Strong,0.540018081665039
1,74,Strict,0.604867935180664
1,74,Gentle,0.524997711181641
1,74,Strong,0.530004501342773
1,74,Current,0.607967376708984
3,423,Current,0.535964965820313
3,423,Strict,0.520944595336914
3,423,Strong,0.525951385498047
3,423,Gentle,0.527858734130859
1,506,Gentle,0.637054443359375
1,506,Current,0.632047653198242
1,506,Strict,0.624179840087891
1,506,Strong,0.65302848815918
1,473,Current,0.552177429199219
1,473,Strict,0.523090362548828
1,473,Gentle,0.530004501342773
1,473,Strong,0.535011291503906
1,396,Current,0.562191009521484
1,396,Gentle,0.548124313354492
1,396,Strict,0.509023666381836
1,396,Strong,0.527143478393555
1,117,Strong,0.529050827026367
1,117,Gentle,0.53095817565918
1,117,Strict,0.520944595336914
1,117,Current,0.529050827026367
2,190,Gentle,0.5340576171875
2,190,Strong,0.602960586547852
2,190,Current,0.532865524291992
2,190,Strict,0.5340576171875
2,539,Current,0.562906265258789
2,539,Strong,0.543117523193359
2,539,Gentle,0.539779663085938
2,539,Strict,0.546932220458984
3,415,Strict,0.629901885986328
3,415,Current,0.692844390869141
3,415,Gentle,0.702142715454102
3,415,Strong,0.624895095825195
1,265,Gentle,0.600099563598633
1,265,Strong,0.53095817565918
1,265,Current,0.513076782226563
1,265,Strict,1.01304054260254
3,539,Gentle,0.67901611328125
3,539,Strong,0.635862350463867
3,539,Strict,0.59199333190918
3,539,Current,0.575065612792969
3,551,Strong,0.754117965698242
3,551,Gentle,0.571966171264648
3,551,Strict,0.581026077270508
3,551,Current,0.579833984375
3,585,Current,0.662088394165039
3,585,Strong,0.662088394165039
3,585,Gentle,0.648021697998047
3,585,Strict,0.658035278320313
2,374,Gentle,0.597000122070313
2,374,Current,0.586032867431641
2,374,Strict,0.629901885986328
2,374,Strong,0.623941421508789
3,182,Strong,0.632047653198242
3,182,Gentle,0.642061233520508
3,182,Current,0.633955001831055
3,182,Strict,0.607967376708984
2,337,Strict,0.554084777832031
2,337,Current,0.535011291503906
2,337,Gentle,0.526905059814453
2,337,Strong,0.528097152709961
2,600,Current,0.545978546142578
2,600,Gentle,0.513076782226563
2,600,Strict,0.524044036865234
2,600,Strong,0.512838363647461
1,93,Current,0.543117523193359
1,93,Gentle,0.594854354858398
1,93,Strict,0.529050827026367
1,93,Strong,0.529050827026367
3,320,Strict,0.535964965820313
3,320,Strong,0.519037246704102
3,320,Current,0.543117523193359
3,320,Gentle,0.52189826965332
3,600,Gentle,0.509977340698242
3,600,Current,0.502824783325195
3,600,Strong,0.509977340698242
3,600,Strict,0.519990921020508
3,107,Gentle,0.583887100219727
3,107,Current,0.529050827026367
3,107,Strong,0.515937805175781
3,107,Strict,0.516891479492188
1,560,Strict,0.524997711181641
1,560,Strong,0.545024871826172
1,560,Gentle,0.524997711181641
1,560,Current,0.511884689331055
1,36,Current,0.549793243408203
1,36,Gentle,0.530004501342773
1,36,Strong,0.512838363647461
1,36,Strict,0.518083572387695
3,459,Strong,0.548124313354492
3,459,Strict,0.528097152709961
3,459,Current,0.505924224853516
3,459,Gentle,0.529050827026367
1,138,Strong,0.61488151550293
1,138,Strict,0.597000122070313
1,138,Current,0.646829605102539
1,138,Gentle,0.603914260864258
1,232,Gentle,0.565052032470703
1,232,Strong,0.5340576171875
1,232,Strict,0.526905059814453
1,232,Current,0.539064407348633
1,217,Strict,0.545978546142578
1,217,Strong,0.518083572387695
1,217,Current,0.554084777832031
1,217,Gentle,0.513076782226563
2,428,Current,0.536918640136719
2,428,Strong,0.522136688232422
2,428,Gentle,0.52189826965332
2,428,Strict,0.533819198608398
2,221,Current,0.55384635925293
2,221,Strict,0.517845153808594
2,221,Gentle,0.566959381103516
2,221,Strong,0.553131103515625
3,125,Strict,0.572919845581055
3,125,Current,0.522851943969727
3,125,Gentle,0.516891479492188
3,125,Strong,0.522851943969727
2,159,Strict,0.544071197509766
2,159,Current,0.524044036865234
2,159,Gentle,0.519990921020508
2,159,Strong,0.536918640136719
2,588,Strong,0.524044036865234
2,588,Strict,0.504016876220703
2,588,Current,0.517129898071289
2,588,Gentle,0.51116943359375
2,596,Strict,0.519990921020508
2,596,Strong,0.524044036865234
2,596,Gentle,0.494003295898438
2,596,Current,0.555038452148438
1,24,Gentle,3.14903259277344
1,24,Strict,0.747919082641602
1,24,Current,0.555038452148438
1,24,Strong,0.816106796264648
3,566,Current,0.715017318725586
3,566,Strict,0.681161880493164
3,566,Strong,0.657081604003906
3,566,Gentle,0.651836395263672
2,559,Strict,0.578880310058594
2,559,Gentle,0.625133514404297
2,559,Current,0.592947006225586
2,559,Strong,0.550031661987305
1,1,Current,0.595808029174805
1,1,Strong,0.579118728637695
1,1,Gentle,0.572919845581055
1,1,Strict,0.564098358154297
1,313,Strict,0.590085983276367
1,313,Strong,0.575065612792969
1,313,Current,0.538110733032227
1,313,Gentle,0.584125518798828
3,256,Current,0.573873519897461
3,256,Gentle,0.567197799682617
3,256,Strict,0.581026077270508
3,256,Strong,0.579118728637695
1,342,Strong,0.570058822631836
1,342,Current,0.571012496948242
1,342,Gentle,0.538825988769531
1,342,Strict,0.519990921020508
3,350,Strong,0.56910514831543
3,350,Current,0.545978546142578
3,350,Gentle,0.536918640136719
3,350,Strict,0.528097152709961
2,565,Strict,0.560998916625977
2,565,Strong,0.520944595336914
2,565,Gentle,0.535011291503906
2,565,Current,0.531911849975586
2,127,Current,0.517845153808594
2,127,Strong,0.525951385498047
2,127,Gentle,0.504970550537109
2,127,Strict,0.558137893676758
2,391,Strong,0.520944595336914
2,391,Gentle,0.497102737426758
2,391,Strict,0.491142272949219
2,391,Current,0.509977340698242
2,124,Current,0.578165054321289
2,124,Gentle,0.563144683837891
2,124,Strict,0.531911849975586
2,124,Strong,0.591039657592773
2,363,Strict,0.547170639038086
2,363,Current,0.535964965820313
2,363,Strong,0.53095817565918
2,363,Gentle,0.513076782226563
3,559,Gentle,0.524044036865234
3,559,Current,0.546932220458984
3,559,Strong,0.535011291503906
3,559,Strict,0.550031661987305
2,581,Strict,0.551939010620117
2,581,Strong,0.535964965820313
2,581,Gentle,0.5340576171875
2,581,Current,0.539064407348633
1,356,Current,0.541925430297852
1,356,Strict,0.523090362548828
1,356,Gentle,0.503063201904297
1,356,Strong,0.532150268554688
1,134,Strict,0.537872314453125
1,134,Gentle,0.535964965820313
1,134,Current,0.544071197509766
1,134,Strong,0.535964965820313
2,104,Current,0.546932220458984
2,104,Gentle,0.555992126464844
2,104,Strong,0.544071197509766
2,104,Strict,0.571012496948242
2,255,Current,0.558137893676758
2,255,Gentle,0.525951385498047
2,255,Strong,0.514984130859375
2,255,Strict,0.527858734130859
3,32,Strong,0.55384635925293
3,32,Gentle,0.566959381103516
3,32,Strict,0.549077987670898
3,32,Current,0.559091567993164
3,314,Gentle,0.549077987670898
3,314,Strong,0.530004501342773
3,314,Strict,0.517129898071289
3,314,Current,0.537872314453125
1,312,Current,0.555038452148438
1,312,Strong,0.541925430297852
1,312,Strict,0.545978546142578
1,312,Gentle,0.550031661987305
2,430,Current,0.547885894775391
2,430,Gentle,0.53095817565918
2,430,Strict,0.516176223754883
2,430,Strong,0.512838363647461
3,410,Current,0.539064407348633
3,410,Strict,3.27801704406738
3,410,Gentle,0.83613395690918
3,410,Strong,0.607013702392578
3,298,Gentle,0.685214996337891
3,298,Current,0.593900680541992
3,298,Strict,0.565052032470703
3,298,Strong,0.571966171264648
1,571,Strong,0.612020492553711
1,571,Current,0.580072402954102
1,571,Gentle,0.568151473999023
1,571,Strict,0.587940216064453
1,514,Current,0.680923461914063
1,514,Strong,0.666141510009766
1,514,Gentle,0.699996948242188
1,514,Strict,0.642061233520508
3,97,Strict,0.606060028076172
3,97,Strong,0.597953796386719
3,97,Gentle,0.629901885986328
3,97,Current,0.603914260864258
3,106,Strong,0.564098358154297
3,106,Gentle,0.522136688232422
3,106,Strict,0.548839569091797
3,106,Current,0.543117523193359
1,594,Gentle,0.599861145019531
1,594,Strong,0.541925430297852
1,594,Current,0.535964965820313
1,594,Strict,0.535964965820313
3,179,Current,0.566005706787109
3,179,Gentle,0.523805618286133
3,179,Strong,0.521183013916016
3,179,Strict,0.527858734130859
2,595,Strict,0.538110733032227
2,595,Current,0.555992126464844
2,595,Strong,0.544071197509766
2,595,Gentle,0.5340576171875
1,153,Current,0.548124313354492
1,153,Strict,0.528097152709961
1,153,Gentle,0.524044036865234
1,153,Strong,0.514984130859375
1,331,Strong,0.526905059814453
1,331,Current,0.540971755981445
1,331,Strict,0.530004501342773
1,331,Gentle,0.514030456542969
3,68,Strong,0.555992126464844
3,68,Current,0.522136688232422
3,68,Strict,0.535964965820313
3,68,Gentle,0.521183013916016
3,487,Current,0.650882720947266
3,487,Strong,0.708818435668945
3,487,Strict,0.663995742797852
3,487,Gentle,0.622034072875977
1,40,Gentle,0.626087188720703
1,40,Strong,0.626087188720703
1,40,Strict,0.621795654296875
1,40,Current,0.671863555908203
3,80,Current,0.548124313354492
3,80,Strong,0.526189804077148
3,80,Strict,0.546932220458984
3,80,Gentle,0.53095817565918
3,34,Strong,0.5340576171875
3,34,Strict,0.532865524291992
3,34,Current,0.550031661987305
3,34,Gentle,0.526189804077148
1,478,Strong,0.531911849975586
1,478,Gentle,0.525951385498047
1,478,Strict,0.529050827026367
1,478,Current,0.522851943969727
2,544,Gentle,0.518083572387695
2,544,Current,0.535964965820313
2,544,Strong,0.500917434692383
2,544,Strict,0.550031661987305
1,247,Strict,0.526905059814453
1,247,Current,0.540018081665039
1,247,Strong,0.52189826965332
1,247,Gentle,0.535011291503906
1,496,Strict,0.515937805175781
1,496,Strong,0.555038452148438
1,496,Current,0.524997711181641
1,496,Gentle,0.548124313354492
3,237,Gentle,0.536918640136719
3,237,Strict,0.535011291503906
3,237,Current,0.532150268554688
3,237,Strong,0.528097152709961
1,282,Strong,0.535011291503906
1,282,Gentle,0.527143478393555
1,282,Current,0.539064407348633
1,282,Strict,0.519990921020508
2,518,Strict,0.537872314453125
2,518,Gentle,0.528812408447266
2,518,Current,0.537872314453125
2,518,Strong,0.53095817565918
2,119,Strong,0.540018081665039
2,119,Strict,0.542879104614258
2,119,Gentle,3.2958984375
2,119,Current,0.823020935058594
2,586,Strong,0.607013702392578
2,586,Gentle,0.566005706787109
2,586,Current,0.581026077270508
2,586,Strict,0.629186630249023
3,129,Gentle,0.601053237915039
3,129,Strict,0.569820404052734
3,129,Strong,0.570058822631836
3,129,Current,0.597953796386719
3,6,Current,0.591039657592773
3,6,Strong,0.570058822631836
3,6,Strict,0.581026077270508
3,6,Gentle,0.566005706787109
3,108,Strict,0.607967376708984
3,108,Gentle,0.584125518798828
3,108,Current,0.586986541748047
3,108,Strong,0.580072402954102
2,409,Current,0.581979751586914
2,409,Gentle,0.548124313354492
2,409,Strong,0.550031661987305
2,409,Strict,0.584125518798828
2,15,Current,0.555992126464844
2,15,Gentle,0.536918640136719
2,15,Strong,0.5340576171875
2,15,Strict,0.529050827026367
3,531,Current,0.616073608398438
3,531,Strong,0.559091567993164
3,531,Gentle,0.547885894775391
3,531,Strict,0.561952590942383
3,137,Gentle,0.583887100219727
3,137,Current,0.546932220458984
3,137,Strong,0.535011291503906
3,137,Strict,0.54621696472168
1,382,Strict,0.55694580078125
1,382,Current,0.566005706787109
1,382,Strong,0.55694580078125
1,382,Gentle,0.550031661987305
1,532,Strong,0.549077987670898
1,532,Strict,0.525951385498047
1,532,Current,0.519990921020508
1,532,Gentle,0.522136688232422
1,541,Strong,0.566005706787109
1,541,Current,0.584125518798828
1,541,Strict,0.55384635925293
1,541,Gentle,0.531911849975586
1,212,Strong,0.523090362548828
1,212,Strict,0.526905059814453
1,212,Gentle,0.540018081665039
1,212,Current,0.514984130859375
1,296,Current,0.52189826965332
1,296,Gentle,0.581979751586914
1,296,Strong,0.509023666381836
1,296,Strict,0.510931015014648
2,277,Current,0.67591667175293
2,277,Strong,0.751972198486328
2,277,Gentle,0.652074813842773
2,277,Strict,0.625848770141602
2,312,Strict,0.5340576171875
2,312,Current,0.5340576171875
2,312,Gentle,0.541925430297852
2,312,Strong,0.51116943359375
2,485,Current,0.547885894775391
2,485,Strong,0.52189826965332
2,485,Gentle,0.528097152709961
2,485,Strict,0.524997711181641
1,10,Strict,0.545978546142578
1,10,Gentle,0.542879104614258
1,10,Strong,0.513792037963867
1,10,Current,0.552177429199219
1,310,Strict,0.658988952636719
1,310,Gentle,0.524044036865234
1,310,Current,0.530004501342773
1,310,Strong,0.510215759277344
2,362,Strong,0.547170639038086
2,362,Gentle,0.545978546142578
2,362,Strict,0.586986541748047
2,362,Current,0.571966171264648
2,330,Gentle,0.565052032470703
2,330,Current,0.5340576171875
2,330,Strong,0.515937805175781
2,330,Strict,0.531911849975586
2,343,Gentle,0.543117523193359
2,343,Current,0.524044036865234
2,343,Strong,0.513076782226563
2,343,Strict,0.555992126464844
1,521,Gentle,0.589847564697266
1,521,Strong,0.504970550537109
1,521,Current,0.540971755981445
1,521,Strict,0.547170639038086
1,114,Strict,0.597953796386719
1,114,Gentle,0.690937042236328
1,114,Current,0.720977783203125
1,114,Strong,3.53598594665527
1,67,Strong,0.699043273925781
1,67,Strict,0.607013702392578
1,67,Current,0.657796859741211
1,67,Gentle,0.587940216064453
1,459,Strong,0.587940216064453
1,459,Strict,0.566959381103516
1,459,Gentle,0.555992126464844
1,459,Current,0.560998916625977
1,400,Strong,0.591039657592773
1,400,Strict,0.563144683837891
1,400,Gentle,0.58293342590332
1,400,Current,0.566005706787109
3,126,Strict,0.561952590942383
3,126,Current,0.591039657592773
3,126,Strong,0.561952590942383
3,126,Gentle,0.545978546142578
2,326,Current,0.632047653198242
2,326,Strict,0.53715705871582
2,326,Strong,0.536918640136719
2,326,Gentle,0.55694580078125
1,425,Strong,0.539064407348633
1,425,Current,0.555992126464844
1,425,Strict,0.515937805175781
1,425,Gentle,0.518083572387695
3,475,Strong,0.522851943969727
3,475,Strict,0.547170639038086
3,475,Gentle,0.510931015014648
3,475,Current,0.566959381103516
2,411,Strict,0.531911849975586
2,411,Gentle,0.527143478393555
2,411,Current,0.532150268554688
2,411,Strong,0.535011291503906
3,267,Gentle,0.654935836791992
3,267,Current,0.640153884887695
3,267,Strong,0.652074813842773
3,267,Strict,0.617027282714844
1,202,Strict,0.607013702392578
1,202,Strong,1.01590156555176
1,202,Gentle,0.663995742797852
1,202,Current,0.588893890380859
3,366,Strong,0.567913055419922
3,366,Current,0.560998916625977
3,366,Gentle,0.590085983276367
3,366,Strict,0.564098358154297
1,466,Current,0.619888305664063
1,466,Gentle,0.580072402954102
1,466,Strong,0.558137893676758
1,466,Strict,0.550985336303711
1,258,Strict,0.601053237915039
1,258,Current,0.635862350463867
1,258,Gentle,0.607967376708984
1,258,Strong,0.56910514831543
2,359,Strict,0.55694580078125
2,359,Gentle,0.561952590942383
2,359,Current,0.573158264160156
2,359,Strong,0.567913055419922
3,428,Gentle,0.583887100219727
3,428,Current,0.655889511108398
3,428,Strict,0.667095184326172
3,428,Strong,0.597000122070313
2,14,Current,0.59199333190918
2,14,Strict,0.576972961425781
2,14,Gentle,0.61488151550293
2,14,Strong,0.562906265258789
3,1,Current,0.589847564697266
3,1,Strict,0.581026077270508
3,1,Strong,0.564098358154297
3,1,Gentle,0.552892684936523
1,148,Current,0.800132751464844
1,148,Strong,0.772953033447266
1,148,Strict,0.795841217041016
1,148,Gentle,0.892877578735352
1,304,Strict,0.659942626953125
1,304,Gentle,0.56910514831543
1,304,Strong,0.562906265258789
1,304,Current,0.545978546142578
2,39,Gentle,0.555992126464844
2,39,Current,0.560998916625977
2,39,Strong,0.536918640136719
2,39,Strict,0.585079193115234
3,458,Strong,0.560998916625977
3,458,Gentle,0.558137893676758
3,458,Strict,0.555038452148438
3,458,Current,0.549077987670898
3,473,Current,0.55694580078125
3,473,Strict,0.56910514831543
3,473,Strong,0.648975372314453
3,473,Gentle,0.55384635925293
1,19,Strong,0.58293342590332
1,19,Gentle,0.581026077270508
1,19,Current,0.586986541748047
1,19,Strict,3.0820369720459
1,77,Strong,0.869989395141602
1,77,Gentle,0.613927841186523
1,77,Current,0.57220458984375
1,77,Strict,0.576019287109375
1,253,Gentle,0.633955001831055
1,253,Strict,0.60582160949707
1,253,Current,0.594139099121094
1,253,Strong,0.574827194213867
2,99,Strong,0.629901885986328
2,99,Current,0.586986541748047
2,99,Gentle,0.579118728637695
2,99,Strict,0.589132308959961
2,423,Gentle,0.573158264160156
2,423,Strong,0.584125518798828
2,423,Current,0.580072402954102
2,423,Strict,0.55384635925293
2,503,Strict,0.557184219360352
2,503,Gentle,0.549793243408203
2,503,Current,0.674009323120117
2,503,Strong,0.517845153808594
2,321,Strict,0.558853149414063
2,321,Strong,0.562906265258789
2,321,Current,0.536918640136719
2,321,Gentle,0.53095817565918
2,70,Strong,0.661134719848633
2,70,Strict,0.590801239013672
2,70,Current,0.593900680541992
2,70,Gentle,0.578880310058594
3,378,Strict,0.566005706787109
3,378,Strong,0.545978546142578
3,378,Current,0.536918640136719
3,378,Gentle,0.533103942871094
3,537,Gentle,0.719070434570313
3,537,Strong,0.663995742797852
3,537,Current,0.638008117675781
3,537,Strict,0.607967376708984
3,57,Strict,0.546932220458984
3,57,Strong,0.549077987670898
3,57,Current,0.547170639038086
3,57,Gentle,0.5340576171875
1,570,Strict,0.532865524291992
1,570,Gentle,0.514030456542969
1,570,Current,0.535011291503906
1,570,Strong,0.504970550537109
1,377,Current,0.630855560302734
1,377,Strict,0.613927841186523
1,377,Strong,0.632047653198242
1,377,Gentle,0.74005126953125
2,429,Current,0.638008117675781
2,429,Strong,0.531911849975586
2,429,Gentle,0.514984130859375
2,429,Strict,0.784873962402344
2,553,Gentle,0.581979751586914
2,553,Strict,0.530004501342773
2,553,Strong,0.525951385498047
2,553,Current,0.525951385498047
3,295,Current,0.575065612792969
3,295,Gentle,0.519037246704102
3,295,Strong,0.543117523193359
3,295,Strict,0.535011291503906
1,359,Strict,0.540971755981445
1,359,Current,0.56004524230957
1,359,Strong,0.566959381103516
1,359,Gentle,0.52189826965332
3,60,Current,0.58293342590332
3,60,Gentle,0.583171844482422
3,60,Strong,0.578165054321289
3,60,Strict,0.56004524230957
2,545,Strict,0.53715705871582
2,545,Strong,0.521183013916016
2,545,Gentle,0.53095817565918
2,545,Current,0.514030456542969
2,8,Strong,0.530004501342773
2,8,Strict,0.564813613891602
2,8,Gentle,0.592947006225586
2,8,Current,0.572919845581055
2,61,Strict,0.684976577758789
2,61,Gentle,0.579118728637695
2,61,Strong,0.555992126464844
2,61,Current,0.547170639038086
2,22,Strong,0.510931015014648
2,22,Strict,0.53715705871582
2,22,Gentle,0.49591064453125
2,22,Current,0.498056411743164
3,504,Current,0.524997711181641
3,504,Strict,0.539064407348633
3,504,Strong,0.501871109008789
3,504,Gentle,0.525951385498047
1,166,Current,0.55694580078125
1,166,Strict,0.55384635925293
1,166,Strong,0.526905059814453
1,166,Gentle,0.557184219360352
2,112,Gentle,3.35502624511719
2,112,Strict,0.864982604980469
2,112,Current,0.648975372314453
2,112,Strong,0.579118728637695
3,429,Strict,0.570058822631836
3,429,Gentle,0.56004524230957
3,429,Strong,0.56910514831543
3,429,Current,0.567913055419922
2,328,Strong,0.610113143920898
2,328,Gentle,0.567913055419922
2,328,Current,0.602006912231445
2,328,Strict,0.637054443359375
3,470,Gentle,0.597953796386719
3,470,Current,0.584125518798828
3,470,Strong,0.584125518798828
3,470,Strict,0.575065612792969
3,464,Strict,0.575065612792969
3,464,Strong,0.579118728637695
3,464,Current,0.547885894775391
3,464,Gentle,0.5340576171875
1,222,Gentle,0.560998916625977
1,222,Strict,0.545978546142578
1,222,Strong,0.539064407348633
1,222,Current,0.541925430297852
2,401,Strong,0.874996185302734
2,401,Gentle,1.06096267700195
2,401,Strict,0.688076019287109
2,401,Current,0.647783279418945
1,485,Current,0.566959381103516
1,485,Strong,0.547170639038086
1,485,Strict,0.540971755981445
1,485,Gentle,0.528812408447266
2,585,Gentle,0.648975372314453
2,585,Strict,0.617027282714844
2,585,Current,0.640869140625
2,585,Strong,0.622987747192383
3,14,Strict,0.551939010620117
3,14,Current,0.559091567993164
3,14,Gentle,0.545978546142578
3,14,Strong,0.53095817565918
3,301,Gentle,0.561952590942383
3,301,Strict,0.529050827026367
3,301,Strong,0.511884689331055
3,301,Current,0.538110733032227
2,291,Strong,0.545024871826172
2,291,Gentle,0.5340576171875
2,291,Strict,0.678062438964844
2,291,Current,0.558853149414063
2,450,Strict,0.543117523193359
2,450,Strong,0.608921051025391
2,450,Current,0.552177429199219
2,450,Gentle,0.530004501342773
2,289,Strict,0.565052032470703
2,289,Gentle,0.552892684936523
2,289,Current,0.545978546142578
2,289,Strong,0.56004524230957
1,268,Strong,0.551939010620117
1,268,Current,0.542879104614258
1,268,Strict,0.537872314453125
1,268,Gentle,0.514030456542969
2,13,Strong,0.525951385498047
2,13,Gentle,0.519037246704102
2,13,Strict,0.513792037963867
2,13,Current,0.530004501342773
2,563,Strict,0.528097152709961
2,563,Strong,0.524997711181641
2,563,Current,0.534772872924805
2,563,Gentle,0.530004501342773
1,262,Current,0.598907470703125
1,262,Strong,0.558137893676758
1,262,Gentle,0.53715705871582
1,262,Strict,0.539779663085938
1,390,Current,0.529050827026367
1,390,Gentle,0.497817993164063
1,390,Strong,0.506877899169922
1,390,Strict,0.535011291503906
2,53,Gentle,0.548839569091797
2,53,Strong,0.555038452148438
2,53,Current,0.562191009521484
2,53,Strict,0.538825988769531
1,333,Strict,0.555992126464844
1,333,Strong,0.535011291503906
1,333,Current,0.535011291503906
1,333,Gentle,0.524044036865234
2,360,Strict,0.565052032470703
2,360,Strong,0.583171844482422
2,360,Gentle,0.542879104614258
2,360,Current,0.522851943969727
3,375,Gentle,0.527143478393555
3,375,Strong,0.535011291503906
3,375,Strict,0.555038452148438
3,375,Current,0.550985336303711
2,107,Current,0.566959381103516
2,107,Strong,0.853061676025391
2,107,Gentle,0.697135925292969
2,107,Strict,0.59199333190918
2,173,Strong,0.638961791992188
2,173,Gentle,0.590085983276367
2,173,Strict,0.566005706787109
2,173,Current,0.577926635742188
1,565,Gentle,0.579118728637695
1,565,Strong,0.567913055419922
1,565,Current,0.587940216064453
1,565,Strict,0.577926635742188
3,433,Strong,0.56004524230957
3,433,Current,0.612020492553711
3,433,Gentle,0.564098358154297
3,433,Strict,0.540018081665039
2,267,Current,0.70500373840332
2,267,Strong,0.705957412719727
2,267,Strict,0.671148300170898
2,267,Gentle,0.674962997436523
3,592,Strong,0.559091567993164
3,592,Current,0.550031661987305
3,592,Strict,0.526189804077148
3,592,Gentle,0.5340576171875
1,458,Gentle,0.545978546142578
1,458,Current,0.538110733032227
1,458,Strict,0.529050827026367
1,458,Strong,0.509977340698242
1,599,Gentle,0.550031661987305
1,599,Strong,0.524997711181641
1,599,Current,0.529050827026367
1,599,Strict,0.611066818237305
3,99,Strict,0.659942626953125
3,99,Current,0.667095184326172
3,99,Strong,0.566005706787109
3,99,Gentle,0.580072402954102
1,422,Gentle,0.56004524230957
1,422,Current,0.553131103515625
1,422,Strict,0.527858734130859
1,422,Strong,0.516891479492188
2,344,Strict,0.532150268554688
2,344,Strong,0.526189804077148
2,344,Gentle,0.536918640136719
2,344,Current,0.540018081665039
1,562,Strong,0.581026077270508
1,562,Current,0.537872314453125
1,562,Gentle,0.539064407348633
1,562,Strict,0.547885894775391
3,236,Strong,0.555992126464844
3,236,Strict,0.555992126464844
3,236,Gentle,0.535964965820313
3,236,Current,0.53715705871582
1,255,Current,0.544071197509766
1,255,Gentle,0.566005706787109
1,255,Strong,0.593900680541992
1,255,Strict,0.543117523193359
2,384,Current,0.520944595336914
2,384,Strict,0.504970550537109
2,384,Gentle,0.521183013916016
2,384,Strong,0.520944595336914
3,160,Current,0.633001327514648
3,160,Strict,0.648021697998047
3,160,Gentle,0.66685676574707
3,160,Strong,0.626087188720703
2,286,Gentle,0.553131103515625
2,286,Strict,0.526905059814453
2,286,Current,0.541925430297852
2,286,Strong,0.550031661987305
2,4,Gentle,0.561952590942383
2,4,Strict,0.545024871826172
2,4,Current,0.564098358154297
2,4,Strong,0.540971755981445
3,45,Strict,0.510931015014648
3,45,Current,0.514030456542969
3,45,Strong,0.49591064453125
3,45,Gentle,0.487089157104492
2,5,Strict,0.570058822631836
2,5,Current,0.616073608398438
2,5,Gentle,0.620126724243164
2,5,Strong,0.529050827026367
3,450,Strict,0.55694580078125
3,450,Gentle,0.540018081665039
3,450,Current,0.535011291503906
3,450,Strong,0.52189826965332
1,339,Strict,0.527858734130859
1,339,Strong,0.529050827026367
1,339,Gentle,0.526905059814453
1,339,Current,0.532150268554688
3,558,Strict,0.551939010620117
3,558,Current,0.537872314453125
3,558,Strong,0.541925430297852
3,558,Gentle,0.524044036865234
2,16,Strict,0.606060028076172
2,16,Gentle,3.5099983215332
2,16,Current,0.763893127441406
2,16,Strong,0.60582160949707
2,201,Current,0.635862350463867
2,201,Strong,0.581026077270508
2,201,Strict,0.579118728637695
2,201,Gentle,0.617027282714844
2,131,Strict,0.678062438964844
2,131,Current,0.707149505615234
2,131,Strong,0.733137130737305
2,131,Gentle,0.664949417114258
3,145,Strong,0.594139099121094
3,145,Current,0.592947006225586
3,145,Gentle,0.562906265258789
3,145,Strict,0.587940216064453
3,58,Gentle,0.566005706787109
3,58,Strong,0.563859939575195
3,58,Strict,0.528812408447266
3,58,Current,0.544071197509766
1,147,Strict,0.545978546142578
1,147,Current,0.551939010620117
1,147,Strong,0.543832778930664
1,147,Gentle,0.53715705871582
3,506,Gentle,0.644922256469727
3,506,Strict,0.648975372314453
3,506,Current,0.638008117675781
3,506,Strong,0.61798095703125
1,169,Gentle,0.756025314331055
1,169,Current,0.796079635620117
1,169,Strong,0.721931457519531
1,169,Strict,0.751972198486328
2,58,Current,0.543832778930664
2,58,Gentle,0.514984130859375
2,58,Strict,0.535964965820313
2,58,Strong,0.527143478393555
1,421,Strict,0.536918640136719
1,421,Gentle,0.552892684936523
1,421,Strong,0.522136688232422
1,421,Current,0.527143478393555
2,235,Gentle,0.552892684936523
2,235,Current,0.550985336303711
2,235,Strict,0.515937805175781
2,235,Strong,0.514984130859375
1,102,Strong,0.546932220458984
1,102,Current,0.537872314453125
1,102,Gentle,0.543832778930664
1,102,Strict,0.5340576171875
1,12,Current,0.525951385498047
1,12,Gentle,0.514984130859375
1,12,Strong,0.533103942871094
1,12,Strict,0.517845153808594
2,315,Strong,0.547885894775391
2,315,Current,0.536918640136719
2,315,Gentle,0.561952590942383
2,315,Strict,0.516891479492188
1,600,Strict,0.524997711181641
1,600,Gentle,0.519037246704102
1,600,Strong,0.519037246704102
1,600,Current,0.509977340698242
3,363,Strong,0.53095817565918
3,363,Strict,0.535011291503906
3,363,Gentle,0.517845153808594
3,363,Current,0.52189826965332
2,146,Strict,0.5340576171875
2,146,Strong,0.523090362548828
2,146,Current,0.552892684936523
2,146,Gentle,0.520944595336914
2,313,Current,0.520944595336914
2,313,Gentle,0.566959381103516
2,313,Strong,0.531196594238281
2,313,Strict,0.514984130859375
3,174,Strict,0.545024871826172
3,174,Strong,0.523090362548828
3,174,Gentle,0.519990921020508
3,174,Current,0.52189826965332
1,159,Strict,0.547885894775391
1,159,Strong,0.532150268554688
1,159,Current,0.540971755981445
1,159,Gentle,0.527143478393555
1,426,Current,0.543117523193359
1,426,Strict,0.56004524230957
1,426,Gentle,0.554800033569336
1,426,Strong,0.532150268554688
1,107,Strong,0.554084777832031
1,107,Gentle,0.539064407348633
1,107,Current,0.538110733032227
1,107,Strict,0.516176223754883
1,149,Strong,0.573873519897461
1,149,Gentle,0.585079193115234
1,149,Current,0.568151473999023
1,149,Strict,0.586032867431641
2,214,Current,0.575065612792969
2,214,Strict,3.29685211181641
2,214,Gentle,0.738859176635742
2,214,Strong,0.596046447753906
3,251,Current,0.604867935180664
3,251,Gentle,0.574827194213867
3,251,Strict,0.55694580078125
3,251,Strong,0.562906265258789
3,47,Strong,0.592947006225586
3,47,Gentle,0.617027282714844
3,47,Strict,0.628948211669922
3,47,Current,0.587224960327148
3,498,Gentle,0.56004524230957
3,498,Strict,0.550985336303711
3,498,Strong,0.547170639038086
3,498,Current,0.548839569091797
2,31,Strong,0.585079193115234
2,31,Strict,0.602960586547852
2,31,Current,0.577926635742188
2,31,Gentle,0.561952590942383
2,59,Gentle,0.553131103515625
2,59,Current,0.545024871826172
2,59,Strong,0.522851943969727
2,59,Strict,0.516891479492188
2,54,Gentle,0.566005706787109
2,54,Strong,0.541925430297852
2,54,Current,0.550031661987305
2,54,Strict,0.546932220458984
3,173,Gentle,0.555992126464844
3,173,Strong,0.528097152709961
3,173,Strict,0.545024871826172
3,173,Current,0.536918640136719
1,223,Gentle,0.59199333190918
1,223,Strong,0.550031661987305
1,223,Strict,0.550985336303711
1,223,Current,0.694036483764648
3,216,Current,0.557899475097656
3,216,Strict,0.547885894775391
3,216,Strong,0.551939010620117
3,216,Gentle,0.524997711181641
3,293,Strong,0.55694580078125
3,293,Strict,0.531911849975586
3,293,Gentle,0.526905059814453
3,293,Current,0.532865524291992
1,251,Gentle,0.522136688232422
1,251,Strict,0.529050827026367
1,251,Strong,0.520944595336914
1,251,Current,0.53095817565918
2,524,Gentle,0.544071197509766
2,524,Strict,0.529050827026367
2,524,Current,0.527858734130859
2,524,Strong,0.540018081665039
1,25,Gentle,0.564813613891602
1,25,Strict,0.537872314453125
1,25,Current,0.560998916625977
1,25,Strong,0.531911849975586
2,125,Current,0.535964965820313
2,125,Strong,0.549077987670898
2,125,Strict,0.532865524291992
2,125,Gentle,0.544071197509766
2,592,Current,0.690937042236328
2,592,Gentle,0.672101974487305
2,592,Strong,0.704050064086914
2,592,Strict,0.641822814941406
2,467,Strong,0.673055648803711
2,467,Strict,0.561952590942383
2,467,Current,0.535964965820313
2,467,Gentle,0.504016876220703
1,360,Gentle,0.550985336303711
1,360,Strong,0.529050827026367
1,360,Current,0.535011291503906
1,360,Strict,0.529050827026367
3,333,Strict,0.544071197509766
3,333,Gentle,0.533103942871094
3,333,Strong,0.533103942871094
3,333,Current,0.540018081665039
1,499,Strong,0.524997711181641
1,499,Gentle,0.515937805175781
1,499,Current,0.545978546142578
1,499,Strict,0.666141510009766
3,509,Gentle,0.545978546142578
3,509,Strong,0.520229339599609
3,509,Current,0.532865524291992
3,509,Strict,0.535011291503906
2,510,Strict,0.570058822631836
2,510,Strong,0.574111938476563
2,510,Current,0.531911849975586
2,510,Gentle,0.522136688232422
2,224,Gentle,0.587940216064453
2,224,Current,0.555992126464844
2,224,Strict,0.55694580078125
2,224,Strong,0.587940216064453
3,150,Strict,0.595808029174805
3,150,Strong,3.4031867980957
3,150,Current,0.819921493530273
3,150,Gentle,0.603199005126953
3,579,Current,0.577211380004883
3,579,Strong,0.555992126464844
3,579,Strict,0.576019287109375
3,579,Gentle,0.56910514831543
3,31,Strict,0.592947006225586
3,31,Gentle,0.58293342590332
3,31,Strong,0.586986541748047
3,31,Current,0.592947006225586
3,297,Strong,0.650882720947266
3,297,Current,0.558137893676758
3,297,Gentle,0.566005706787109
3,297,Strict,0.562906265258789
3,454,Current,0.572919845581055
3,454,Strong,0.581979751586914
3,454,Gentle,0.536203384399414
3,454,Strict,0.530004501342773
3,86,Strict,0.555992126464844
3,86,Gentle,0.540971755981445
3,86,Current,0.555992126464844
3,86,Strong,0.537872314453125
2,199,Gentle,0.539064407348633
2,199,Strict,0.542879104614258
2,199,Strong,0.575780868530273
2,199,Current,0.55694580078125
3,44,Strong,0.56004524230957
3,44,Gentle,0.554084777832031
3,44,Current,0.566005706787109
3,44,Strict,0.581979751586914
2,407,Strong,0.568866729736328
2,407,Strict,0.53715705871582
2,407,Gentle,0.524044036865234
2,407,Current,0.514984130859375
2,419,Strict,0.538110733032227
2,419,Strong,0.535011291503906
2,419,Current,0.544071197509766
2,419,Gentle,0.532865524291992
3,73,Current,0.560998916625977
3,73,Gentle,0.550031661987305
3,73,Strict,0.574827194213867
3,73,Strong,0.544071197509766
3,444,Strong,0.540018081665039
3,444,Strict,0.531911849975586
3,444,Current,0.518083572387695
3,444,Gentle,0.519990921020508
3,183,Gentle,0.558853149414063
3,183,Strong,0.540971755981445
3,183,Current,0.53095817565918
3,183,Strict,0.543117523193359
3,225,Strong,0.554084777832031
3,225,Strict,0.530004501342773
3,225,Gentle,0.535011291503906
3,225,Current,0.519990921020508
1,393,Current,0.55694580078125
1,393,Strong,0.588178634643555
1,393,Strict,0.517129898071289
1,393,Gentle,0.510931015014648
2,218,Strict,0.583887100219727
2,218,Gentle,0.53715705871582
2,218,Current,0.53715705871582
2,218,Strong,0.55694580078125
1,206,Strong,0.538110733032227
1,206,Current,0.532150268554688
1,206,Strict,0.524044036865234
1,206,Gentle,0.519037246704102
2,493,Gentle,0.519037246704102
2,493,Current,0.533103942871094
2,493,Strong,0.52189826965332
2,493,Strict,0.503063201904297
2,247,Strict,0.548124313354492
2,247,Gentle,0.567913055419922
2,247,Current,0.517845153808594
2,247,Strong,0.507831573486328
1,259,Strong,0.531911849975586
1,259,Current,0.529766082763672
1,259,Gentle,0.524044036865234
1,259,Strict,0.514984130859375
3,248,Current,0.562191009521484
3,248,Gentle,0.5340576171875
3,248,Strict,0.52189826965332
3,248,Strong,0.514030456542969
2,213,Gentle,0.527143478393555
2,213,Current,0.597000122070313
2,213,Strict,0.532865524291992
2,213,Strong,0.539064407348633
2,170,Current,0.557184219360352
2,170,Strict,0.615119934082031
2,170,Gentle,0.550031661987305
2,170,Strong,0.555992126464844
2,372,Gentle,0.55694580078125
2,372,Strict,5.18608093261719
2,372,Current,0.797033309936523
2,372,Strong,0.786066055297852
2,74,Current,0.633955001831055
2,74,Strict,0.586986541748047
2,74,Gentle,0.551939010620117
2,74,Strong,0.56004524230957
1,303,Strong,0.571012496948242
1,303,Current,0.578165054321289
1,303,Strict,0.564098358154297
1,303,Gentle,0.565052032470703
2,317,Gentle,0.600099563598633
2,317,Strong,0.581026077270508
2,317,Strict,0.627994537353516
2,317,Current,0.584125518798828
2,202,Gentle,0.571966171264648
2,202,Strong,0.642061233520508
2,202,Current,0.627040863037109
2,202,Strict,0.571966171264648
1,242,Strict,0.58293342590332
1,242,Strong,0.597953796386719
1,242,Current,0.589847564697266
1,242,Gentle,0.56910514831543
2,577,Strong,0.567913055419922
2,577,Strict,0.52189826965332
2,577,Current,0.535964965820313
2,577,Gentle,0.515937805175781
2,472,Strict,0.579118728637695
2,472,Current,0.53095817565918
2,472,Gentle,0.541925430297852
2,472,Strong,0.531196594238281
3,590,Strong,0.619888305664063
3,590,Strict,0.560998916625977
3,590,Current,0.53715705871582
3,590,Gentle,0.514030456542969
1,229,Gentle,0.547170639038086
1,229,Current,0.540971755981445
1,229,Strong,0.586032867431641
1,229,Strict,0.596046447753906
2,223,Strong,0.522851943969727
2,223,Gentle,0.505924224853516
2,223,Current,0.540018081665039
2,223,Strict,0.513076782226563
1,585,Strong,0.628948211669922
1,585,Gentle,0.648021697998047
1,585,Current,0.658035278320313
1,585,Strict,0.693798065185547
1,228,Current,0.557899475097656
1,228,Strong,0.530004501342773
1,228,Gentle,0.522136688232422
1,228,Strict,0.53095817565918
2,441,Current,0.546932220458984
2,441,Gentle,0.522851943969727
2,441,Strict,0.528097152709961
2,441,Strong,0.522851943969727
3,587,Current,0.540018081665039
3,587,Strict,0.524997711181641
3,587,Strong,0.505924224853516
3,587,Gentle,0.524044036865234
2,576,Gentle,0.547170639038086
2,576,Strict,0.531911849975586
2,576,Strong,0.517129898071289
2,576,Current,0.64396858215332
1,388,Strict,0.5340576171875
1,388,Current,0.509023666381836
1,388,Gentle,0.53095817565918
1,388,Strong,0.512123107910156
1,184,Strict,0.530004501342773
1,184,Strong,0.522851943969727
1,184,Gentle,0.525951385498047
1,184,Current,0.53095817565918
2,138,Strict,0.640153884887695
2,138,Strong,0.628948211669922
2,138,Gentle,0.623941421508789
2,138,Current,0.659942626953125
2,594,Strong,0.591039657592773
2,594,Strict,0.624179840087891
2,594,Current,0.669002532958984
2,594,Gentle,0.568866729736328
3,345,Current,0.566005706787109
3,345,Gentle,0.558137893676758
3,345,Strict,0.555992126464844
3,345,Strong,0.536918640136719
1,218,Strict,0.550985336303711
1,218,Strong,0.535964965820313
1,218,Gentle,0.514984130859375
1,218,Current,0.543117523193359
2,184,Strict,0.554084777832031
2,184,Current,0.570058822631836
2,184,Strong,0.536918640136719
2,184,Gentle,0.53095817565918
2,332,Gentle,0.526905059814453
2,332,Strict,0.548839569091797
2,332,Strong,0.502824783325195
2,332,Current,3.32093238830566
1,470,Strict,0.861883163452148
1,470,Gentle,0.802040100097656
1,470,Strong,0.607013702392578
1,470,Current,0.566005706787109
2,238,Current,0.586986541748047
2,238,Strict,0.552892684936523
2,238,Gentle,0.597000122070313
2,238,Strong,0.594854354858398
2,137,Strong,0.581026077270508
2,137,Gentle,0.62108039855957
2,137,Current,0.625848770141602
2,137,Strict,0.597953796386719
3,318,Strong,0.620126724243164
3,318,Current,0.573158264160156
3,318,Strict,0.555038452148438
3,318,Gentle,0.563859939575195
3,147,Strict,0.578880310058594
3,147,Gentle,0.576019287109375
3,147,Strong,0.586986541748047
3,147,Current,0.581979751586914
1,438,Gentle,0.55694580078125
1,438,Strict,0.589132308959961
1,438,Current,0.602006912231445
1,438,Strong,0.597000122070313
3,312,Gentle,0.561952590942383
3,312,Strict,0.5340576171875
3,312,Strong,0.520229339599609
3,312,Current,0.535964965820313
3,291,Gentle,0.540971755981445
3,291,Strong,0.533103942871094
3,291,Current,0.536918640136719
3,291,Strict,0.520944595336914
3,196,Current,0.559091567993164
3,196,Strong,0.544071197509766
3,196,Strict,0.528097152709961
3,196,Gentle,0.526905059814453
1,411,Strong,0.603914260864258
1,411,Gentle,0.577926635742188
1,411,Current,0.535011291503906
1,411,Strict,0.543117523193359
2,152,Strong,0.640869140625
2,152,Current,0.644207000732422
2,152,Strict,0.653982162475586
2,152,Gentle,0.629901885986328
3,167,Strict,0.554084777832031
3,167,Gentle,0.53095817565918
3,167,Strong,0.522136688232422
3,167,Current,0.522851943969727
3,155,Current,0.620126724243164
3,155,Gentle,0.56004524230957
3,155,Strong,0.566959381103516
3,155,Strict,0.626087188720703
3,432,Current,0.56910514831543
3,432,Strong,0.545024871826172
3,432,Strict,0.5340576171875
3,432,Gentle,0.526905059814453
2,63,Gentle,0.535964965820313
2,63,Strict,0.535011291503906
2,63,Strong,0.523090362548828
2,63,Current,0.519990921020508
1,534,Strong,0.55384635925293
1,534,Gentle,0.541925430297852
1,534,Current,0.55694580078125
1,534,Strict,0.514984130859375
1,142,Strict,0.533819198608398
1,142,Strong,0.542879104614258
1,142,Gentle,0.557184219360352
1,142,Current,0.525951385498047
1,454,Strong,0.5340576171875
1,454,Strict,0.531911849975586
1,454,Gentle,0.545024871826172
1,454,Current,0.522851943969727
1,240,Current,0.558137893676758
1,240,Strict,0.538110733032227
1,240,Gentle,0.551939010620117
1,240,Strong,0.540971755981445
3,233,Gentle,0.564813613891602
3,233,Strong,0.547885894775391
3,233,Current,0.550985336303711
3,233,Strict,0.565052032470703
3,340,Strict,0.548124313354492
3,340,Current,0.548124313354492
3,340,Strong,0.545024871826172
3,340,Gentle,0.512838363647461
3,260,Strong,0.542163848876953
3,260,Gentle,0.555038452148438
3,260,Strict,0.547170639038086
3,260,Current,0.55694580078125
2,439,Strict,0.553131103515625
2,439,Current,0.528097152709961
2,439,Strong,0.531911849975586
2,439,Gentle,0.525951385498047
1,246,Strict,0.551939010620117
1,246,Gentle,3.46112251281738
1,246,Strong,0.867843627929688
1,246,Current,0.802993774414063
1,318,Strong,0.589847564697266
1,318,Current,0.576019287109375
1,318,Gentle,0.588893890380859
1,318,Strict,0.56004524230957
3,166,Gentle,0.589847564697266
3,166,Current,0.592947006225586
3,166,Strict,0.566005706787109
3,166,Strong,0.558853149414063
2,101,Strong,0.612020492553711
2,101,Current,0.591039657592773
2,101,Gentle,0.638961791992188
2,101,Strict,0.597953796386719
3,495,Strong,0.592947006225586
3,495,Current,0.585079193115234
3,495,Strict,0.550985336303711
3,495,Gentle,0.544071197509766
3,50,Strict,0.591039657592773
3,50,Strong,0.576019287109375
3,50,Current,0.580787658691406
3,50,Gentle,0.585079193115234
3,276,Strict,0.545978546142578
3,276,Strong,0.540971755981445
3,276,Current,0.545024871826172
3,276,Gentle,0.532150268554688
2,514,Current,0.640153884887695
2,514,Strong,0.669956207275391
2,514,Gentle,0.626802444458008
2,514,Strict,0.613927841186523
3,201,Gentle,0.557184219360352
3,201,Strong,0.53095817565918
3,201,Current,0.562906265258789
3,201,Strict,0.548124313354492
3,197,Gentle,0.525951385498047
3,197,Strict,0.523090362548828
3,197,Strong,0.540018081665039
3,197,Current,0.572919845581055
3,372,Strict,0.540018081665039
3,372,Gentle,0.52189826965332
3,372,Strong,0.519037246704102
3,372,Current,0.559091567993164
3,12,Gentle,0.540018081665039
3,12,Strict,0.517129898071289
3,12,Current,0.529050827026367
3,12,Strong,0.515937805175781
3,310,Gentle,0.542879104614258
3,310,Strong,0.53095817565918
3,310,Strict,0.520229339599609
3,310,Current,0.519990921020508
3,316,Strong,0.524044036865234
3,316,Current,0.531911849975586
3,316,Gentle,0.527143478393555
3,316,Strict,0.513792037963867
1,469,Strict,0.5340576171875
1,469,Strong,0.530004501342773
1,469,Gentle,0.524044036865234
1,469,Current,0.552177429199219
2,456,Strong,0.542879104614258
2,456,Current,0.528097152709961
2,456,Gentle,0.530004501342773
2,456,Strict,0.540018081665039
2,477,Current,0.543832778930664
2,477,Strong,0.53095817565918
2,477,Strict,0.603914260864258
2,477,Gentle,0.537872314453125
2,206,Strong,0.56004524230957
2,206,Strict,0.562906265258789
2,206,Gentle,0.552892684936523
2,206,Current,0.565052032470703
2,481,Current,0.563859939575195
2,481,Strong,0.550031661987305
2,481,Gentle,0.547885894775391
2,481,Strict,0.587940216064453
2,548,Strict,0.553131103515625
2,548,Current,0.53715705871582
2,548,Gentle,0.543117523193359
2,548,Strong,0.536918640136719
2,378,Strict,0.55384635925293
2,378,Strong,0.551939010620117
2,378,Current,0.546932220458984
2,378,Gentle,0.551939010620117
1,63,Gentle,0.565767288208008
1,63,Current,0.544071197509766
1,63,Strong,0.5340576171875
1,63,Strict,0.545978546142578
3,101,Strong,0.548839569091797
3,101,Gentle,0.53095817565918
3,101,Current,0.632047653198242
3,101,Strict,0.565052032470703
3,36,Gentle,0.560998916625977
3,36,Strong,0.540971755981445
3,36,Current,0.536203384399414
3,36,Strict,3.44109535217285
1,535,Gentle,0.828981399536133
1,535,Strict,0.756025314331055
1,535,Current,0.590801239013672
1,535,Strong,0.597000122070313
1,118,Gentle,0.597953796386719
1,118,Strong,0.578165054321289
1,118,Strict,0.591039657592773
1,118,Current,0.573873519897461
2,486,Strong,0.573158264160156
2,486,Strict,0.571966171264648
2,486,Gentle,0.567913055419922
2,486,Current,0.577926635742188
2,161,Gentle,0.638961791992188
2,161,Current,0.606775283813477
2,161,Strict,0.570058822631836
2,161,Strong,0.568866729736328
3,142,Gentle,0.59199333190918
3,142,Current,0.600814819335938
3,142,Strict,0.615835189819336
3,142,Strong,0.573873519897461
2,311,Current,0.616073608398438
2,311,Gentle,0.581026077270508
2,311,Strict,0.540018081665039
2,311,Strong,0.531196594238281
1,319,Strong,0.524044036865234
1,319,Strict,0.533819198608398
1,319,Current,0.542163848876953
1,319,Gentle,0.52189826965332
3,191,Strong,0.55694580078125
3,191,Current,0.545024871826172
3,191,Strict,0.530004501342773
3,191,Gentle,0.530004501342773
3,461,Strong,0.67901611328125
3,461,Strict,0.650167465209961
3,461,Gentle,0.63014030456543
3,461,Current,1.02400779724121
2,305,Gentle,0.715970993041992
2,305,Current,0.70500373840332
2,305,Strict,0.630855560302734
2,305,Strong,0.640153884887695
2,336,Gentle,0.542879104614258
2,336,Current,0.536918640136719
2,336,Strong,0.523805618286133
2,336,Strict,0.511884689331055
2,352,Current,0.545978546142578
2,352,Strong,0.637054443359375
2,352,Strict,0.564098358154297
2,352,Gentle,0.5340576171875
2,562,Strict,0.554084777832031
2,562,Gentle,0.544071197509766
2,562,Current,0.540018081665039
2,562,Strong,0.540018081665039
1,3,Strict,0.535011291503906
1,3,Gentle,0.530004501342773
1,3,Strong,0.520944595336914
1,3,Current,0.523090362548828
3,278,Strict,0.540018081665039
3,278,Current,0.542879104614258
3,278,Strong,0.533819198608398
3,278,Gentle,0.523090362548828
3,548,Gentle,0.576972961425781
3,548,Current,0.753879547119141
3,548,Strict,0.561952590942383
3,548,Strong,0.540018081665039
1,53,Current,0.564098358154297
1,53,Strict,0.540971755981445
1,53,Strong,0.552892684936523
1,53,Gentle,0.538110733032227
3,115,Current,0.550985336303711
3,115,Strict,0.529050827026367
3,115,Gentle,0.552892684936523
3,115,Strong,0.545024871826172
1,323,Strict,0.509023666381836
1,323,Gentle,0.50806999206543
1,323,Current,0.506877899169922
1,323,Strong,0.504016876220703
3,140,Strict,0.782012939453125
3,140,Current,0.663995742797852
3,140,Gentle,0.679969787597656
3,140,Strong,0.625133514404297
2,91,Strict,0.56910514831543
2,91,Gentle,0.624895095825195
2,91,Current,0.565052032470703
2,91,Strong,0.55694580078125
3,577,Current,0.552177429199219
3,577,Gentle,0.515937805175781
3,577,Strict,0.551939010620117
3,577,Strong,0.542163848876953
1,591,Gentle,0.548124313354492
1,591,Current,0.539064407348633
1,591,Strict,0.634908676147461
1,591,Strong,0.557899475097656
3,24,Gentle,0.552892684936523
3,24,Current,0.902175903320312
3,24,Strict,0.818014144897461
3,24,Strong,0.735998153686523
3,118,Current,0.588178634643555
3,118,Gentle,0.580072402954102
3,118,Strict,0.581979751586914
3,118,Strong,0.571966171264648
3,222,Strong,0.61798095703125
3,222,Strict,0.566959381103516
3,222,Current,0.594854354858398
3,222,Gentle,0.571966171264648
3,43,Gentle,0.567197799682617
3,43,Strict,0.638961791992188
3,43,Current,0.610113143920898
3,43,Strong,0.559091567993164
2,37,Strong,0.610113143920898
2,37,Gentle,0.581026077270508
2,37,Strict,0.589132308959961
2,37,Current,0.588893890380859
3,479,Current,0.605106353759766
3,479,Strict,0.576972961425781
3,479,Gentle,0.892877578735352
3,479,Strong,0.704050064086914
2,50,Current,0.581026077270508
2,50,Gentle,0.540018081665039
2,50,Strict,0.514984130859375
2,50,Strong,0.5340576171875
2,260,Current,0.552892684936523
2,260,Strong,0.538110733032227
2,260,Gentle,0.576019287109375
2,260,Strict,0.542163848876953
3,411,Current,0.551939010620117
3,411,Strict,0.524044036865234
3,411,Strong,0.526905059814453
3,411,Gentle,0.530004501342773
3,146,Strict,0.541925430297852
3,146,Gentle,0.597000122070313
3,146,Current,0.544071197509766
3,146,Strong,0.537872314453125
2,27,Strict,0.547170639038086
2,27,Strong,0.539064407348633
2,27,Gentle,0.53715705871582
2,27,Current,0.531911849975586
1,401,Gentle,0.637054443359375
1,401,Strong,0.640869140625
1,401,Current,0.643014907836914
1,401,Strict,0.633001327514648
2,542,Strict,0.633001327514648
2,542,Strong,0.612020492553711
2,542,Current,0.638008117675781
2,542,Gentle,0.648021697998047
1,54,Gentle,0.559091567993164
1,54,Strong,0.548124313354492
1,54,Current,0.567197799682617
1,54,Strict,0.576019287109375
1,245,Current,0.557899475097656
1,245,Strong,0.538110733032227
1,245,Gentle,0.522851943969727
1,245,Strict,0.514030456542969
2,323,Strong,0.519990921020508
2,323,Strict,0.507116317749023
2,323,Current,0.524044036865234
2,323,Gentle,0.502109527587891
2,231,Strong,0.535011291503906
2,231,Strict,0.524997711181641
2,231,Gentle,0.53715705871582
2,231,Current,0.56910514831543
3,463,Strong,0.535011291503906
3,463,Current,0.55694580078125
3,463,Gentle,0.531911849975586
3,463,Strict,0.538110733032227
3,53,Gentle,0.559091567993164
3,53,Strict,0.545024871826172
3,53,Current,0.540971755981445
3,53,Strong,0.549077987670898
2,308,Strong,0.543117523193359
2,308,Current,0.538825988769531
2,308,Strict,0.545978546142578
2,308,Gentle,0.536203384399414
2,379,Strict,0.541210174560547
2,379,Strong,0.520944595336914
2,379,Gentle,0.525951385498047
2,379,Current,0.532865524291992
2,212,Strict,0.532150268554688
2,212,Current,0.547885894775391
2,212,Strong,0.506162643432617
2,212,Gentle,0.509023666381836
2,354,Current,0.598907470703125
2,354,Gentle,0.535964965820313
2,354,Strict,0.520944595336914
2,354,Strong,0.520944595336914
1,486,Current,0.548124313354492
1,486,Strict,0.53095817565918
1,486,Strong,3.22699546813965
1,486,Gentle,0.853061676025391
1,4,Current,0.759124755859375
1,4,Strong,0.590085983276367
1,4,Gentle,0.586986541748047
1,4,Strict,0.751972198486328
2,551,Strong,0.584840774536133
2,551,Strict,0.571012496948242
2,551,Gentle,0.573158264160156
2,551,Current,0.568151473999023
3,573,Strict,0.578880310058594
3,573,Current,0.606060028076172
3,573,Strong,0.566005706787109
3,573,Gentle,0.59199333190918
3,61,Strong,0.580072402954102
3,61,Gentle,0.576972961425781
3,61,Current,0.571012496948242
3,61,Strict,0.550985336303711
3,88,Strict,0.586986541748047
3,88,Strong,0.590085983276367
3,88,Current,0.632047653198242
3,88,Gentle,0.558137893676758
2,468,Gentle,0.545024871826172
2,468,Strong,0.527143478393555
2,468,Strict,0.528097152709961
2,468,Current,0.543117523193359
1,175,Strict,0.542163848876953
1,175,Gentle,0.532865524291992
1,175,Strong,0.570774078369141
1,175,Current,0.511884689331055
1,336,Current,0.555038452148438
1,336,Gentle,0.512123107910156
1,336,Strict,0.523090362548828
1,336,Strong,0.509023666381836
1,181,Strong,0.545978546142578
1,181,Gentle,0.524044036865234
1,181,Strict,0.528097152709961
1,181,Current,0.542879104614258
3,273,Gentle,0.493049621582031
3,273,Strong,0.530004501342773
3,273,Current,0.504016876220703
3,273,Strict,0.494003295898438
2,316,Gentle,0.529050827026367
2,316,Strong,0.551939010620117
2,316,Current,0.539064407348633
2,316,Strict,0.566959381103516
1,320,Strict,0.564813613891602
1,320,Current,0.565052032470703
1,320,Gentle,0.540018081665039
1,320,Strong,0.529050827026367
3,144,Strong,0.547885894775391
3,144,Current,0.522851943969727
3,144,Strict,0.527858734130859
3,144,Gentle,0.529050827026367
1,225,Current,0.540018081665039
1,225,Gentle,0.531911849975586
1,225,Strict,0.524997711181641
1,225,Strong,0.507831573486328
1,14,Current,0.555038452148438
1,14,Strong,0.554084777832031
1,14,Gentle,0.526905059814453
1,14,Strict,0.576019287109375
1,278,Strong,0.549077987670898
1,278,Gentle,0.53715705871582
1,278,Current,0.52189826965332
1,278,Strict,0.56910514831543
2,533,Gentle,0.515937805175781
2,533,Current,0.512123107910156
2,533,Strict,0.520944595336914
2,533,Strong,0.513076782226563
1,441,Gentle,0.512838363647461
1,441,Strict,0.526905059814453
1,441,Current,0.528097152709961
1,441,Strong,0.498056411743164
2,461,Strong,0.619888305664063
2,461,Strict,0.653982162475586
2,461,Current,0.60582160949707
2,461,Gentle,0.632047653198242
2,415,Gentle,0.625848770141602
2,415,Current,0.602960586547852
2,415,Strict,0.618934631347656
2,415,Strong,0.612020492553711
2,203,Current,0.555992126464844
2,203,Strong,0.536918640136719
2,203,Strict,0.518083572387695
2,203,Gentle,0.549077987670898
1,416,Current,0.549077987670898
1,416,Strong,0.559091567993164
1,416,Gentle,0.533103942871094
1,416,Strict,0.55384635925293
2,240,Gentle,1.00398063659668
2,240,Strong,0.566005706787109
2,240,Current,0.558853149414063
2,240,Strict,3.36599349975586
1,558,Gentle,0.844001770019531
1,558,Strict,0.755071640014648
1,558,Strong,0.576019287109375
1,558,Current,0.571012496948242
3,290,Current,0.591039657592773
3,290,Strict,0.603914260864258
3,290,Strong,0.589847564697266
3,290,Gentle,0.586986541748047
2,122,Gentle,0.592947006225586
2,122,Current,0.578880310058594
2,122,Strict,0.568866729736328
2,122,Strong,0.573873519897461
3,338,Strong,0.590801239013672
3,338,Strict,0.581026077270508
3,338,Gentle,0.586986541748047
3,338,Current,0.611066818237305
1,338,Current,0.622987747192383
1,338,Strong,0.570058822631836
1,338,Strict,0.604152679443359
1,338,Gentle,0.602960586547852
1,492,Strict,0.684022903442383
1,492,Current,0.663042068481445
1,492,Strong,0.652074813842773
1,492,Gentle,0.627994537353516
1,554,Gentle,0.555038452148438
1,554,Strong,0.543117523193359
1,554,Current,0.536918640136719
1,554,Strict,0.519037246704102
1,164,Strong,0.541925430297852
1,164,Gentle,0.522136688232422
1,164,Current,0.53095817565918
1,164,Strict,0.552177429199219
3,484,Strong,0.640153884887695
3,484,Gentle,0.68211555480957
3,484,Strict,0.634908676147461
3,484,Current,0.633001327514648
3,514,Current,0.664949417114258
3,514,Strong,0.67901611328125
3,514,Strict,0.654935836791992
3,514,Gentle,0.643014907836914
2,355,Strict,0.543117523193359
2,355,Gentle,0.516891479492188
2,355,Strong,0.542879104614258
2,355,Current,0.530004501342773
2,361,Current,0.545978546142578
2,361,Gentle,0.551939010620117
2,361,Strict,0.514984130859375
2,361,Strong,0.545978546142578
3,270,Strict,0.597000122070313
3,270,Current,0.549077987670898
3,270,Strong,0.5340576171875
3,270,Gentle,0.559806823730469
1,472,Current,0.553131103515625
1,472,Gentle,0.53095817565918
1,472,Strict,0.545024871826172
1,472,Strong,0.533819198608398
2,220,Current,0.548124313354492
2,220,Strict,0.540018081665039
2,220,Strong,0.544071197509766
2,220,Gentle,0.545978546142578
1,435,Gentle,0.542879104614258
1,435,Current,0.589132308959961
1,435,Strict,0.581979751586914
1,435,Strong,0.588893890380859
1,287,Strict,0.540018081665039
1,287,Strong,0.530004501342773
1,287,Current,0.545978546142578
1,287,Gentle,0.528097152709961
3,9,Gentle,0.532865524291992
3,9,Strict,0.535964965820313
3,9,Strong,0.525951385498047
3,9,Current,0.527858734130859
2,571,Strict,0.561952590942383
2,571,Strong,0.524044036865234
2,571,Current,0.536918640136719
2,571,Gentle,0.536918640136719
2,375,Strict,0.545978546142578
2,375,Current,0.538110733032227
2,375,Strong,0.540018081665039
2,375,Gentle,0.530004501342773
1,46,Current,0.563859939575195
1,46,Strict,0.53715705871582
1,46,Strong,0.56004524230957
1,46,Gentle,0.554084777832031
3,476,Strict,0.731945037841797
3,476,Strong,0.702142715454102
3,476,Gentle,0.707149505615234
3,476,Current,0.816106796264648
3,71,Current,0.604152679443359
3,71,Strong,0.613212585449219
3,71,Gentle,0.5950927734375
3,71,Strict,0.575065612792969
1,433,Strict,0.900030136108398
1,433,Gentle,0.860214233398438
1,433,Current,0.732183456420898
1,433,Strong,0.55694580078125
3,562,Current,0.591039657592773
3,562,Strict,0.581026077270508
3,562,Gentle,0.548839569091797
3,562,Strong,0.573873519897461
1,508,Strong,0.576019287109375
1,508,Gentle,0.630855560302734
1,508,Strict,0.554084777832031
1,508,Current,0.727176666259766
3,199,Gentle,0.640153884887695
3,199,Strict,0.588893890380859
3,199,Strong,0.612974166870117
3,199,Current,0.598907470703125
2,215,Strong,0.580072402954102
2,215,Gentle,0.571966171264648
2,215,Current,0.592947006225586
2,215,Strict,0.587940216064453
2,84,Current,0.586986541748047
2,84,Strict,0.575065612792969
2,84,Strong,0.541925430297852
2,84,Gentle,0.539779663085938
2,529,Current,0.640869140625
2,529,Strong,0.627040863037109
2,529,Gentle,0.648975372314453
2,529,Strict,0.63014030456543
1,358,Strict,0.627994537353516
1,358,Gentle,0.640153884887695
1,358,Current,0.64396858215332
1,358,Strong,0.622034072875977
2,547,Gentle,0.550985336303711
2,547,Strong,0.546932220458984
2,547,Current,0.530004501342773
2,547,Strict,0.527143478393555
2,303,Current,0.564098358154297
2,303,Strong,0.548124313354492
2,303,Strict,0.563859939575195
2,303,Gentle,0.518083572387695
1,84,Strong,0.533103942871094
1,84,Gentle,0.53715705871582
1,84,Current,0.540018081665039
1,84,Strict,0.523090362548828
2,245,Current,0.56004524230957
2,245,Strong,0.543117523193359
2,245,Gentle,0.526189804077148
2,245,Strict,0.532865524291992
1,204,Current,0.550031661987305
1,204,Strict,0.531911849975586
1,204,Gentle,0.549077987670898
1,204,Strong,0.56004524230957
3,356,Strict,0.539064407348633
3,356,Gentle,0.579118728637695
3,356,Current,0.522851943969727
3,356,Strong,0.516891479492188
3,543,Strong,0.539064407348633
3,543,Gentle,0.547885894775391
3,543,Strict,0.511884689331055
3,543,Current,0.53095817565918
1,588,Current,0.555992126464844
1,588,Gentle,0.517129898071289
1,588,Strict,0.509023666381836
1,588,Strong,0.535964965820313
1,211,Strict,0.560998916625977
1,211,Current,0.539064407348633
1,211,Strong,0.52189826965332
1,211,Gentle,0.538825988769531
2,470,Gentle,0.550985336303711
2,470,Strong,0.641822814941406
2,470,Current,0.561952590942383
2,470,Strict,0.804901123046875
2,389,Gentle,0.555992126464844
2,389,Current,0.554084777832031
2,389,Strong,0.538110733032227
2,389,Strict,0.507116317749023
1,389,Strong,0.522851943969727
1,389,Gentle,0.535011291503906
1,389,Strict,0.510215759277344
1,389,Current,0.513076782226563
1,444,Gentle,0.543832778930664
1,444,Strict,0.530004501342773
1,444,Current,0.544071197509766
1,444,Strong,0.531196594238281
3,348,Gentle,0.574111938476563
3,348,Current,0.546932220458984
3,348,Strict,0.554084777832031
3,348,Strong,0.524997711181641
3,102,Gentle,0.531911849975586
3,102,Strong,0.552892684936523
3,102,Strict,0.551939010620117
3,102,Current,0.524997711181641
3,135,Current,3.22198867797852
3,135,Gentle,0.900030136108398
3,135,Strong,0.865936279296875
3,135,Strict,0.703096389770508
2,445,Strong,0.684976577758789
2,445,Current,0.671148300170898
2,445,Strict,0.679969787597656
2,445,Gentle,0.65302848815918
2,168,Strict,0.567913055419922
2,168,Gentle,0.568866729736328
2,168,Current,0.578880310058594
2,168,Strong,0.567913055419922
2,540,Strict,0.59199333190918
2,540,Strong,0.567197799682617
2,540,Gentle,0.593900680541992
2,540,Current,0.612020492553711
1,224,Current,0.637054443359375
1,224,Gentle,0.571966171264648
1,224,Strong,0.578165054321289
1,224,Strict,0.555038452148438
2,476,Gentle,0.674009323120117
2,476,Strict,0.667095184326172
2,476,Current,0.665903091430664
2,476,Strong,0.640153884887695
3,157,Gentle,0.546932220458984
3,157,Current,0.540018081665039
3,157,Strict,0.519037246704102
3,157,Strong,0.519990921020508
2,38,Strict,0.605106353759766
2,38,Gentle,0.560998916625977
2,38,Current,0.571012496948242
2,38,Strong,0.509023666381836
3,226,Strict,0.548839569091797
3,226,Gentle,0.531911849975586
3,226,Current,0.530004501342773
3,226,Strong,0.539064407348633
2,436,Current,0.555038452148438
2,436,Strict,0.535011291503906
2,436,Gentle,0.530004501342773
2,436,Strong,0.528097152709961
2,193,Strict,0.5340576171875
2,193,Strong,0.510215759277344
2,193,Gentle,0.505924224853516
2,193,Current,0.488996505737305
1,332,Current,0.509977340698242
1,332,Strict,0.557899475097656
1,332,Strong,0.506162643432617
1,332,Gentle,0.500202178955078
1,380,Gentle,0.540971755981445
1,380,Strict,0.519037246704102
1,380,Current,0.518798828125
1,380,Strong,0.543832778930664
3,230,Current,0.569820404052734
3,230,Gentle,0.539779663085938
3,230,Strict,0.524997711181641
3,230,Strong,0.523090362548828
1,366,Strict,0.514030456542969
1,366,Gentle,0.524997711181641
1,366,Strong,0.506877899169922
1,366,Current,0.506877899169922
3,82,Current,0.694036483764648
3,82,Strong,0.663042068481445
3,82,Strict,0.612020492553711
3,82,Gentle,0.633001327514648
3,412,Current,0.552177429199219
3,412,Strong,0.534772872924805
3,412,Gentle,0.536918640136719
3,412,Strict,0.520944595336914
3,424,Gentle,0.53715705871582
3,424,Strong,0.550031661987305
3,424,Current,0.548839569091797
3,424,Strict,0.519037246704102
2,9,Strong,0.532865524291992
2,9,Current,0.525951385498047
2,9,Strict,0.519990921020508
2,9,Gentle,1.24502182006836
2,383,Gentle,0.984907150268555
2,383,Strong,0.832080841064453
2,383,Strict,0.803947448730469
2,383,Current,0.80108642578125
1,572,Strict,0.771999359130859
1,572,Gentle,0.789165496826172
1,572,Strong,0.793933868408203
1,572,Current,0.786066055297852
1,221,Current,0.604867935180664
1,221,Strict,0.607967376708984
1,221,Strong,0.581026077270508
1,221,Gentle,0.642061233520508
1,369,Strict,0.607013702392578
1,369,Current,0.627994537353516
1,369,Strong,0.562906265258789
1,369,Gentle,0.561952590942383
1,110,Strong,0.636100769042969
1,110,Current,3.1440258026123
1,110,Gentle,0.904083251953125
1,110,Strict,0.833988189697266
2,463,Gentle,0.739097595214844
2,463,Strict,0.594854354858398
2,463,Current,0.576972961425781
2,463,Strong,0.575065612792969
1,402,Strong,0.578165054321289
1,402,Strict,0.566005706787109
1,402,Gentle,0.546932220458984
1,402,Current,0.571012496948242
1,328,Gentle,0.592947006225586
1,328,Strict,0.596046447753906
1,328,Current,0.634908676147461
1,328,Strong,0.573873519897461
3,244,Strict,0.589847564697266
3,244,Current,0.584125518798828
3,244,Gentle,0.597953796386719
3,244,Strong,0.593900680541992
3,40,Gentle,0.694036483764648
3,40,Current,0.699996948242188
3,40,Strict,0.68211555480957
3,40,Strong,0.666141510009766
3,414,Gentle,0.559091567993164
3,414,Strict,0.543117523193359
3,414,Strong,0.524044036865234
3,414,Current,0.537872314453125
2,483,Strong,0.550985336303711
2,483,Current,0.559091567993164
2,483,Gentle,0.555992126464844
2,483,Strict,0.548839569091797
2,299,Gentle,0.558137893676758
2,299,Current,0.542163848876953
2,299,Strict,0.510931015014648
2,299,Strong,0.520944595336914
3,116,Strict,0.655889511108398
3,116,Strong,0.63014030456543
3,116,Gentle,0.648975372314453
3,116,Current,0.694036483764648
3,308,Strong,0.555992126464844
3,308,Strict,0.524997711181641
3,308,Gentle,1.06477737426758
3,308,Current,0.593185424804688
2,520,Gentle,0.704050064086914
2,520,Current,0.566959381103516
2,520,Strict,0.580072402954102
2,520,Strong,0.544071197509766
2,358,Strict,0.639915466308594
2,358,Gentle,0.653982162475586
2,358,Strong,0.615119934082031
2,358,Current,0.636100769042969
3,489,Strict,0.545978546142578
3,489,Strong,0.530004501342773
3,489,Current,0.544071197509766
3,489,Gentle,0.634193420410156
3,74,Strict,0.558137893676758
3,74,Gentle,0.526189804077148
3,74,Current,0.542163848876953
3,74,Strong,0.55694580078125
1,163,Current,0.593900680541992
1,163,Gentle,0.648021697998047
1,163,Strict,0.584125518798828
1,163,Strong,0.608205795288086
3,368,Current,0.550985336303711
3,368,Strict,0.530004501342773
3,368,Gentle,0.5340576171875
3,368,Strong,0.529050827026367
1,511,Strict,0.545978546142578
1,511,Strong,0.526189804077148
1,511,Gentle,0.535011291503906
1,511,Current,0.509977340698242
1,587,Gentle,0.52189826965332
1,587,Strong,0.5340576171875
1,587,Current,0.522136688232422
1,587,Strict,0.523090362548828
1,96,Strict,0.576972961425781
1,96,Current,0.550985336303711
1,96,Strong,0.540018081665039
1,96,Gentle,0.536918640136719
2,18,Current,0.555038452148438
2,18,Gentle,0.533819198608398
2,18,Strict,0.535964965820313
2,18,Strong,0.543832778930664
2,222,Strong,0.543117523193359
2,222,Current,0.525951385498047
2,222,Strict,0.525951385498047
2,222,Gentle,0.825881958007813
3,92,Gentle,0.578880310058594
3,92,Strong,0.564813613891602
3,92,Current,0.660181045532227
3,92,Strict,0.538110733032227
2,513,Current,0.658988952636719
2,513,Gentle,0.650167465209961
2,513,Strict,3.47900390625
2,513,Strong,0.927925109863281
1,60,Strict,0.795841217041016
1,60,Gentle,0.590085983276367
1,60,Strong,0.594139099121094
1,60,Current,1.11913681030273
1,368,Strict,0.59819221496582
1,368,Current,0.59199333190918
1,368,Strong,0.572919845581055
1,368,Gentle,0.545978546142578
1,374,Gentle,0.604867935180664
1,374,Strong,0.586986541748047
1,374,Current,0.574827194213867
1,374,Strict,0.576019287109375
1,13,Strong,0.555038452148438
1,13,Gentle,0.565052032470703
1,13,Strict,0.575065612792969
1,13,Current,0.576972961425781
2,250,Current,0.575065612792969
2,250,Strict,0.597953796386719
2,250,Gentle,0.558853149414063
2,250,Strong,0.560998916625977
1,249,Gentle,0.555038452148438
1,249,Strong,0.527858734130859
1,249,Strict,0.52189826965332
1,249,Current,0.542879104614258
2,158,Gentle,0.545978546142578
2,158,Strong,0.524997711181641
2,158,Strict,0.516891479492188
2,158,Current,0.541925430297852
3,93,Current,0.552892684936523
3,93,Strict,0.559091567993164
3,93,Strong,0.539064407348633
3,93,Gentle,0.535964965820313
2,440,Strong,0.566005706787109
2,440,Strict,0.514984130859375
2,440,Current,0.516891479492188
2,440,Gentle,0.494956970214844
1,43,Strong,0.541925430297852
1,43,Current,0.530004501342773
1,43,Strict,0.540018081665039
1,43,Gentle,0.530004501342773
1,301,Current,0.526905059814453
1,301,Gentle,0.533103942871094
1,301,Strong,0.536918640136719
1,301,Strict,0.535964965820313
2,302,Strong,0.550031661987305
2,302,Gentle,0.555992126464844
2,302,Strict,0.549077987670898
2,302,Current,0.542163848876953
3,399,Strict,0.609874725341797
3,399,Strong,0.566005706787109
3,399,Current,0.574111938476563
3,399,Gentle,0.549077987670898
1,241,Strict,0.653982162475586
1,241,Current,0.558137893676758
1,241,Strong,0.601053237915039
1,241,Gentle,0.571966171264648
3,42,Strong,0.671148300170898
3,42,Strict,0.708818435668945
3,42,Gentle,0.715970993041992
3,42,Current,0.691890716552734
3,29,Gentle,0.695943832397461
3,29,Strong,0.730037689208984
3,29,Current,0.636100769042969
3,29,Strict,0.576972961425781
3,322,Strict,0.545024871826172
3,322,Current,0.535964965820313
3,322,Gentle,0.521183013916016
3,322,Strong,0.524997711181641
2,11,Gentle,0.543117523193359
2,11,Strict,0.540018081665039
2,11,Current,0.545978546142578
2,11,Strong,0.512838363647461
3,306,Current,0.554084777832031
3,306,Strict,0.527858734130859
3,306,Gentle,0.53715705871582
3,306,Strong,0.535964965820313
1,381,Current,0.616073608398438
1,381,Strong,0.53715705871582
1,381,Gentle,0.528097152709961
1,381,Strict,0.544071197509766
1,536,Strong,0.560998916625977
1,536,Gentle,0.5340576171875
1,536,Current,0.567913055419922
1,536,Strict,0.512123107910156
3,520,Strict,0.546932220458984
3,520,Gentle,0.529050827026367
3,520,Current,0.536918640136719
3,520,Strong,0.571966171264648
1,515,Current,0.576019287109375
1,515,Gentle,0.544071197509766
1,515,Strong,0.525951385498047
1,515,Strict,0.928163528442383
3,373,Strong,0.825881958007813
3,373,Current,0.701904296875
3,373,Strict,0.596046447753906
3,373,Gentle,0.583171844482422
1,567,Gentle,0.574827194213867
1,567,Current,0.725984573364258
1,567,Strict,0.587940216064453
1,567,Strong,0.585079193115234
1,171,Current,0.759124755859375
1,171,Strong,0.613927841186523
1,171,Gentle,0.597953796386719
1,171,Strict,0.586032867431641
2,570,Strict,0.584125518798828
2,570,Strong,0.576019287109375
2,570,Gentle,0.566005706787109
2,570,Current,0.56004524230957
1,520,Gentle,0.563859939575195
1,520,Strict,0.567913055419922
1,520,Strong,0.607967376708984
1,520,Current,0.593185424804688
3,283,Gentle,0.584125518798828
3,283,Strict,0.566005706787109
3,283,Strong,0.684022903442383
3,283,Current,0.533819198608398
1,111,Strong,0.548839569091797
1,111,Current,0.538110733032227
1,111,Strict,0.52189826965332
1,111,Gentle,0.574827194213867
2,10,Strong,0.559091567993164
2,10,Gentle,0.541210174560547
2,10,Strict,0.549077987670898
2,10,Current,0.543117523193359
3,223,Strong,0.531911849975586
3,223,Current,0.608921051025391
3,223,Gentle,0.544071197509766
3,223,Strict,0.542163848876953
2,432,Current,0.765085220336914
2,432,Strict,0.66685676574707
2,432,Gentle,0.695943832397461
2,432,Strong,0.577926635742188
3,123,Current,0.602960586547852
3,123,Strong,0.548124313354492
3,123,Gentle,0.557899475097656
3,123,Strict,0.562906265258789
2,143,Strong,0.540018081665039
2,143,Gentle,0.53095817565918
2,143,Current,0.53715705871582
2,143,Strict,0.549077987670898
1,85,Gentle,0.539064407348633
1,85,Strong,0.550985336303711
1,85,Current,0.630855560302734
1,85,Strict,0.555038452148438
3,586,Strong,0.648975372314453
3,586,Gentle,0.545978546142578
3,586,Strict,0.537872314453125
3,586,Current,0.540971755981445
1,104,Strict,0.558137893676758
1,104,Strong,0.548839569091797
1,104,Current,0.646114349365234
1,104,Gentle,0.538110733032227
3,243,Gentle,0.55694580078125
3,243,Current,0.55694580078125
3,243,Strong,0.532150268554688
3,243,Strict,0.524044036865234
1,15,Gentle,0.559091567993164
1,15,Strict,0.525951385498047
1,15,Strong,0.529050827026367
1,15,Current,0.571966171264648
2,258,Gentle,0.551939010620117
2,258,Current,0.552892684936523
2,258,Strong,0.547170639038086
2,258,Strict,0.538825988769531
3,221,Strict,0.535964965820313
3,221,Gentle,0.530004501342773
3,221,Strong,0.527143478393555
3,221,Current,0.546932220458984
3,381,Strict,0.566959381103516
3,381,Current,0.568151473999023
3,381,Strong,0.539064407348633
3,381,Gentle,0.510931015014648
1,75,Gentle,0.542163848876953
1,75,Strict,0.550985336303711
1,75,Current,0.557899475097656
1,75,Strong,0.627994537353516
2,188,Strict,0.541925430297852
2,188,Gentle,0.562191009521484
2,188,Strong,0.550031661987305
2,188,Current,0.544071197509766
1,480,Strong,0.535964965820313
1,480,Gentle,0.552177429199219
1,480,Current,0.535011291503906
1,480,Strict,3.54814529418945
2,40,Strict,0.988960266113281
2,40,Gentle,0.826835632324219
2,40,Strong,0.684976577758789
2,40,Current,0.701904296875
2,41,Strict,0.596046447753906
2,41,Strong,0.575065612792969
2,41,Gentle,0.581026077270508
2,41,Current,0.602006912231445
1,547,Gentle,0.639915466308594
1,547,Current,0.647068023681641
1,547,Strong,0.571966171264648
1,547,Strict,0.576972961425781
3,541,Current,0.600814819335938
3,541,Strict,0.654935836791992
3,541,Gentle,0.58293342590332
3,541,Strong,0.555992126464844
3,292,Strong,0.591039657592773
3,292,Current,0.585079193115234
3,292,Strict,0.590085983276367
3,292,Gentle,0.589132308959961
2,96,Gentle,0.571966171264648
2,96,Strict,0.547885894775391
2,96,Strong,0.550985336303711
2,96,Current,0.528812408447266
1,475,Gentle,0.522136688232422
1,475,Strong,0.531911849975586
1,475,Strict,0.523090362548828
1,475,Current,0.517129898071289
3,330,Gentle,0.560998916625977
3,330,Current,0.545024871826172
3,330,Strict,0.545024871826172
3,330,Strong,0.562906265258789
2,44,Gentle,0.565052032470703
2,44,Strict,0.588893890380859
2,44,Strong,0.571966171264648
2,44,Current,0.571012496948242
1,348,Strict,0.564813613891602
1,348,Current,0.544071197509766
1,348,Gentle,0.547170639038086
1,348,Strong,0.536918640136719
2,421,Strict,0.538110733032227
2,421,Current,0.53095817565918
2,421,Strong,0.516891479492188
2,421,Gentle,0.549077987670898
2,57,Strong,0.571012496948242
2,57,Strict,0.553131103515625
2,57,Current,0.541925430297852
2,57,Gentle,0.535011291503906
1,445,Gentle,0.631809234619141
1,445,Strict,0.649213790893555
1,445,Strong,0.650882720947266
1,445,Current,0.642061233520508
1,178,Strong,0.563859939575195
1,178,Current,0.555038452148438
1,178,Gentle,0.550031661987305
1,178,Strict,0.540971755981445
2,60,Strict,0.59199333190918
2,60,Gentle,0.548124313354492
2,60,Strong,0.592947006225586
2,60,Current,0.607967376708984
3,488,Current,0.549793243408203
3,488,Strong,0.533103942871094
3,488,Gentle,0.518083572387695
3,488,Strict,0.524044036865234
1,121,Strong,0.532150268554688
1,121,Current,0.540971755981445
1,121,Gentle,0.539779663085938
1,121,Strict,0.517129898071289
2,288,Strict,0.546932220458984
2,288,Current,0.535964965820313
2,288,Gentle,0.669956207275391
2,288,Strong,0.692844390869141
2,327,Strong,0.808000564575195
2,327,Current,0.759124755859375
2,327,Strict,0.664949417114258
2,327,Gentle,0.529050827026367
1,199,Strict,0.576019287109375
1,199,Gentle,0.56004524230957
1,199,Strong,0.533819198608398
1,199,Current,0.529050827026367
2,319,Gentle,0.550985336303711
2,319,Strong,0.52189826965332
2,319,Current,0.550031661987305
2,319,Strict,0.592947006225586
3,407,Current,0.550031661987305
3,407,Strong,0.512838363647461
3,407,Strict,0.535964965820313
3,407,Gentle,0.545024871826172
1,437,Current,0.59199333190918
1,437,Strong,0.527143478393555
1,437,Strict,0.524044036865234
1,437,Gentle,0.91099739074707
1,269,Current,0.835180282592773
1,269,Strict,0.681161880493164
1,269,Strong,0.58293342590332
1,269,Gentle,0.591039657592773
2,248,Gentle,0.577926635742188
2,248,Current,0.606775283813477
2,248,Strict,0.566959381103516
2,248,Strong,0.588178634643555
1,598,Current,0.560998916625977
1,598,Strict,0.540018081665039
1,598,Strong,0.585079193115234
1,598,Gentle,0.553131103515625
2,157,Current,0.563859939575195
2,157,Strong,0.576972961425781
2,157,Strict,0.684022903442383
2,157,Gentle,0.586986541748047
1,413,Current,0.596046447753906
1,413,Gentle,0.581026077270508
1,413,Strong,0.568866729736328
1,413,Strict,0.597953796386719
2,380,Strong,0.566005706787109
2,380,Current,0.559091567993164
2,380,Strict,0.541925430297852
2,380,Gentle,0.52189826965332
1,234,Strict,0.541925430297852
1,234,Gentle,0.524044036865234
1,234,Current,0.518083572387695
1,234,Strong,0.526905059814453
3,351,Strong,0.571966171264648
3,351,Strict,0.537872314453125
3,351,Gentle,0.512838363647461
3,351,Current,0.55694580078125
2,178,Gentle,0.535011291503906
2,178,Strict,0.53095817565918
2,178,Strong,0.560998916625977
2,178,Current,0.571012496948242
3,172,Strict,0.550031661987305
3,172,Gentle,0.571012496948242
3,172,Strong,0.518083572387695
3,172,Current,0.530004501342773
2,567,Strong,0.543117523193359
2,567,Current,0.519037246704102
2,567,Gentle,0.50806999206543
2,567,Strict,0.540971755981445
2,233,Strict,0.563859939575195
2,233,Strong,0.557899475097656
2,233,Gentle,0.550985336303711
2,233,Current,0.546932220458984
1,314,Gentle,0.546932220458984
1,314,Current,0.545978546142578
1,314,Strict,0.546932220458984
1,314,Strong,0.524044036865234
3,95,Gentle,0.524997711181641
3,95,Strong,0.53095817565918
3,95,Strict,0.519990921020508
3,95,Current,0.517129898071289
3,478,Strong,0.533819198608398
3,478,Strict,0.530004501342773
3,478,Current,0.545978546142578
3,478,Gentle,0.544071197509766
3,451,Strict,0.547885894775391
3,451,Current,0.581979751586914
3,451,Strong,0.5340576171875
3,451,Gentle,0.523090362548828
2,23,Strict,0.545978546142578
2,23,Strong,0.555992126464844
2,23,Gentle,0.576019287109375
2,23,Current,0.555038452148438
2,552,Gentle,0.537872314453125
2,552,Strong,0.532865524291992
2,552,Strict,0.503063201904297
2,552,Current,0.523090362548828
1,87,Current,0.548124313354492
1,87,Gentle,0.514984130859375
1,87,Strong,0.526905059814453
1,87,Strict,0.540971755981445
1,493,Strong,0.535011291503906
1,493,Current,0.505924224853516
1,493,Strict,0.52189826965332
1,493,Gentle,0.518798828125
1,394,Current,0.548839569091797
1,394,Gentle,0.56004524230957
1,394,Strong,0.568866729736328
1,394,Strict,0.529050827026367
3,342,Current,0.536203384399414
3,342,Strict,0.536918640136719
3,342,Gentle,0.527143478393555
3,342,Strong,0.550031661987305
2,132,Strict,0.594139099121094
2,132,Gentle,0.555992126464844
2,132,Current,2.91895866394043
2,132,Strong,0.880956649780273
2,443,Strict,0.847816467285156
2,443,Strong,0.628948211669922
2,443,Current,0.573873519897461
2,443,Gentle,0.55694580078125
2,176,Strict,0.574827194213867
2,176,Strong,0.574111938476563
2,176,Current,0.579118728637695
2,176,Gentle,0.561952590942383
1,379,Current,0.581026077270508
1,379,Strict,0.576019287109375
1,379,Strong,0.540971755981445
1,379,Gentle,0.563859939575195
2,43,Strong,0.567913055419922
2,43,Gentle,0.574111938476563
2,43,Current,0.586032867431641
2,43,Strict,0.630855560302734
3,114,Gentle,0.569820404052734
3,114,Strong,0.597000122070313
3,114,Strict,0.571966171264648
3,114,Current,0.604867935180664
2,527,Gentle,0.550985336303711
2,527,Strict,0.524997711181641
2,527,Current,0.527858734130859
2,527,Strong,0.538825988769531
1,455,Gentle,0.528097152709961
1,455,Current,0.532865524291992
1,455,Strict,0.526905059814453
1,455,Strong,0.53095817565918
1,387,Strict,0.527858734130859
1,387,Current,0.544071197509766
1,387,Gentle,0.560998916625977
1,387,Strong,0.504016876220703
2,466,Current,0.545978546142578
2,466,Strict,0.539064407348633
2,466,Strong,0.538825988769531
2,466,Gentle,0.531911849975586
1,512,Strong,0.53095817565918
1,512,Current,0.526189804077148
1,512,Gentle,0.514984130859375
1,512,Strict,0.524997711181641
1,489,Strict,0.572919845581055
1,489,Gentle,0.554084777832031
1,489,Strong,0.519990921020508
1,489,Current,0.516891479492188
3,376,Current,0.541925430297852
3,376,Gentle,0.570058822631836
3,376,Strong,0.546932220458984
3,376,Strict,0.524997711181641
3,89,Strict,0.535011291503906
3,89,Current,0.517129898071289
3,89,Strong,0.518083572387695
3,89,Gentle,0.52189826965332
3,303,Strong,0.531911849975586
3,303,Current,0.515937805175781
3,303,Strict,0.535964965820313
3,303,Gentle,0.52189826965332
3,329,Strict,0.514030456542969
3,329,Strong,0.513076782226563
3,329,Current,0.545978546142578
3,329,Gentle,0.522851943969727
3,467,Strict,0.531911849975586
3,467,Current,0.576019287109375
3,467,Gentle,0.525951385498047
3,467,Strong,0.514984130859375
2,349,Current,0.535011291503906
2,349,Gentle,0.520944595336914
2,349,Strong,0.561952590942383
2,349,Strict,0.541925430297852
3,151,Strong,0.536203384399414
3,151,Strict,0.527858734130859
3,151,Gentle,0.514030456542969
3,151,Current,0.532865524291992
1,267,Strict,0.623941421508789
1,267,Strong,0.624895095825195
1,267,Current,0.638008117675781
1,267,Gentle,0.602960586547852
3,117,Gentle,0.559091567993164
3,117,Strong,0.548839569091797
3,117,Current,0.532865524291992
3,117,Strict,0.52189826965332
1,452,Strict,0.519990921020508
1,452,Gentle,0.526905059814453
1,452,Strong,0.528097152709961
1,452,Current,0.514030456542969
1,507,Gentle,0.511884689331055
1,507,Strict,0.518083572387695
1,507,Current,0.563859939575195
1,507,Strong,0.503063201904297
2,272,Current,0.524997711181641
2,272,Strict,0.540971755981445
2,272,Gentle,3.3409595489502
2,272,Strong,0.869035720825195
3,280,Strong,0.769853591918945
3,280,Strict,0.583887100219727
3,280,Gentle,0.588893890380859
3,280,Current,0.571966171264648
1,530,Gentle,0.575065612792969
1,530,Strong,0.571966171264648
1,530,Strict,0.570058822631836
1,530,Current,0.573158264160156
1,446,Strict,0.666141510009766
1,446,Current,0.799894332885742
1,446,Gentle,0.709772109985352
1,446,Strong,0.669002532958984
1,392,Strong,0.56910514831543
1,392,Strict,0.566005706787109
1,392,Gentle,0.545024871826172
1,392,Current,0.568866729736328
2,177,Strong,0.605106353759766
2,177,Current,0.597000122070313
2,177,Strict,0.576019287109375
2,177,Gentle,0.648975372314453
2,556,Strict,0.531911849975586
2,556,Gentle,0.545024871826172
2,556,Current,0.535011291503906
2,556,Strong,0.533103942871094
2,30,Current,0.565052032470703
2,30,Gentle,0.517129898071289
2,30,Strong,0.514984130859375
2,30,Strict,0.528097152709961
1,542,Strong,0.645875930786133
1,542,Strict,0.626802444458008
1,542,Gentle,0.622987747192383
1,542,Current,0.630855560302734
1,279,Gentle,0.645875930786133
1,279,Strong,0.615119934082031
1,279,Strict,0.607013702392578
1,279,Current,0.635862350463867
1,412,Strict,0.566959381103516
1,412,Strong,0.525951385498047
1,412,Current,0.583887100219727
1,412,Gentle,0.53715705871582
2,408,Strong,0.620126724243164
2,408,Strict,0.620841979980469
2,408,Gentle,0.620841979980469
2,408,Current,0.661134719848633
2,322,Gentle,0.542879104614258
2,322,Strict,0.549077987670898
2,322,Current,0.532865524291992
2,322,Strong,0.49901008605957
3,528,Current,0.548124313354492
3,528,Gentle,0.523805618286133
3,528,Strict,0.526189804077148
3,528,Strong,0.519990921020508
3,161,Strict,0.588178634643555
3,161,Current,0.593185424804688
3,161,Strong,0.535964965820313
3,161,Gentle,0.524997711181641
2,264,Current,0.782012939453125
2,264,Strict,0.792980194091797
2,264,Strong,0.71406364440918
2,264,Gentle,0.710964202880859
3,207,Gentle,0.565052032470703
3,207,Strict,0.542163848876953
3,207,Strong,0.528097152709961
3,207,Current,0.527858734130859
1,420,Strong,0.535964965820313
1,420,Strict,0.547170639038086
1,420,Current,0.594139099121094
1,420,Gentle,0.725984573364258
1,417,Gentle,0.53715705871582
1,417,Strong,0.539064407348633
1,417,Strict,0.533103942871094
1,417,Current,0.536918640136719
1,524,Current,0.543117523193359
1,524,Strict,0.529050827026367
1,524,Strong,0.527858734130859
1,524,Gentle,0.526905059814453
1,132,Strong,0.552177429199219
1,132,Gentle,0.53095817565918
1,132,Current,0.585079193115234
1,132,Strict,0.532865524291992
1,274,Strong,0.52189826965332
1,274,Strict,0.53095817565918
1,274,Gentle,0.538110733032227
1,274,Current,0.524044036865234
2,187,Strong,0.550985336303711
2,187,Gentle,0.593900680541992
2,187,Current,0.591039657592773
2,187,Strict,0.600099563598633
3,162,Strict,0.635862350463867
3,162,Gentle,2.85696983337402
3,162,Strong,0.886917114257813
3,162,Current,0.823020935058594
1,263,Current,0.698089599609375
1,263,Strong,0.587940216064453
1,263,Strict,0.607013702392578
1,263,Gentle,0.571012496948242
3,361,Strict,0.567913055419922
3,361,Current,0.597000122070313
3,361,Gentle,0.547885894775391
3,361,Strong,0.554084777832031
2,195,Strict,0.616788864135742
2,195,Strong,0.576972961425781
2,195,Gentle,0.575780868530273
2,195,Current,0.597000122070313
3,98,Current,0.597000122070313
3,98,Strict,0.578880310058594
3,98,Strong,0.59199333190918
3,98,Gentle,0.566959381103516
3,113,Strict,0.571966171264648
3,113,Current,0.567913055419922
3,113,Gentle,0.560998916625977
3,113,Strong,0.547885894775391
2,47,Strong,0.584840774536133
2,47,Gentle,0.545978546142578
2,47,Strict,0.531196594238281
2,47,Current,0.545024871826172
1,484,Gentle,0.608205795288086
1,484,Strict,0.622987747192383
1,484,Current,0.649929046630859
1,484,Strong,0.615119934082031
1,284,Strict,0.567913055419922
1,284,Gentle,0.566959381103516
1,284,Strong,0.513076782226563
1,284,Current,0.528812408447266
2,229,Strict,0.540018081665039
2,229,Current,0.545978546142578
2,229,Strong,0.540971755981445
2,229,Gentle,0.543117523193359
3,323,Gentle,0.509023666381836
3,323,Strong,0.515937805175781
3,323,Current,0.512838363647461
3,323,Strict,0.476837158203125
3,51,Current,0.625848770141602
3,51,Gentle,0.623941421508789
3,51,Strong,0.618934631347656
3,51,Strict,0.638961791992188
1,236,Strict,0.724077224731445
1,236,Current,0.547885894775391
1,236,Gentle,0.555992126464844
1,236,Strong,0.5340576171875
3,249,Strict,0.756978988647461
3,249,Current,0.780820846557617
3,249,Strong,0.53095817565918
3,249,Gentle,0.509023666381836
1,447,Gentle,0.528097152709961
1,447,Strict,0.520944595336914
1,447,Current,0.535964965820313
1,447,Strong,0.516176223754883
3,321,Gentle,0.543832778930664
3,321,Current,0.551939010620117
3,321,Strong,0.649213790893555
3,321,Strict,0.560998916625977
1,81,Current,0.548124313354492
1,81,Strong,0.565052032470703
1,81,Gentle,0.533103942871094
1,81,Strict,0.530004501342773
1,430,Gentle,0.544071197509766
1,430,Strict,0.523805618286133
1,430,Current,0.514030456542969
1,430,Strong,0.519990921020508
3,164,Current,0.543117523193359
3,164,Gentle,0.581979751586914
3,164,Strong,0.539064407348633
3,164,Strict,0.535011291503906
3,442,Current,0.550031661987305
3,442,Strong,0.541925430297852
3,442,Gentle,0.551939010620117
3,442,Strict,0.528097152709961
1,479,Gentle,0.550031661987305
1,479,Strict,0.527858734130859
1,479,Strong,0.514984130859375
1,479,Current,0.540971755981445
3,112,Current,0.538110733032227
3,112,Strict,0.524997711181641
3,112,Gentle,0.540971755981445
3,112,Strong,0.538110733032227
2,105,Gentle,0.558137893676758
2,105,Strong,0.542163848876953
2,105,Current,0.542879104614258
2,105,Strict,0.531911849975586
2,491,Gentle,0.547885894775391
2,491,Current,3.55410575866699
2,491,Strong,0.916004180908203
2,491,Strict,0.758886337280273
3,460,Gentle,0.609874725341797
3,460,Strong,0.558137893676758
3,460,Current,0.613927841186523
3,460,Strict,0.607967376708984
3,28,Strict,0.58293342590332
3,28,Strong,0.591039657592773
3,28,Gentle,0.669956207275391
3,28,Current,0.609874725341797
2,591,Strict,0.607967376708984
2,591,Strong,0.5950927734375
2,591,Current,0.590085983276367
2,591,Gentle,0.587940216064453
2,45,Strict,0.541925430297852
2,45,Current,0.545978546142578
2,45,Gentle,0.524997711181641
2,45,Strong,0.530004501342773
3,555,Current,0.566005706787109
3,555,Strict,0.550985336303711
3,555,Gentle,0.522136688232422
3,555,Strong,0.518083572387695
1,593,Strict,0.581026077270508
1,593,Strong,0.700950622558594
1,593,Current,0.644922256469727
1,593,Gentle,0.526905059814453
3,471,Strict,0.525951385498047
3,471,Strong,0.522136688232422
3,471,Gentle,0.540971755981445
3,471,Current,0.523090362548828
3,546,Gentle,0.53095817565918
3,546,Current,0.553131103515625
3,546,Strict,0.531911849975586
3,546,Strong,0.514984130859375
2,140,Strict,0.654935836791992
2,140,Gentle,0.635862350463867
2,140,Current,0.631093978881836
2,140,Strong,0.751972198486328
3,56,Current,0.597000122070313
3,56,Strong,0.551939010620117
3,56,Strict,0.530004501342773
3,56,Gentle,0.536918640136719
1,468,Strong,0.558137893676758
1,468,Strict,0.521183013916016
1,468,Current,0.527143478393555
1,468,Gentle,0.522136688232422
2,345,Strong,0.547170639038086
2,345,Strict,0.561952590942383
2,345,Current,0.603914260864258
2,345,Gentle,0.528097152709961
3,438,Current,0.505924224853516
3,438,Strict,0.512123107910156
3,438,Gentle,0.494003295898438
3,438,Strong,0.602960586547852
3,367,Gentle,0.520944595336914
3,367,Current,0.540018081665039
3,367,Strong,0.506877899169922
3,367,Strict,0.503063201904297
1,89,Current,0.550031661987305
1,89,Strong,0.516176223754883
1,89,Gentle,0.53095817565918
1,89,Strict,0.542879104614258
3,268,Strict,0.537872314453125
3,268,Current,0.535964965820313
3,268,Gentle,0.524044036865234
3,268,Strong,0.510931015014648
1,334,Gentle,0.622987747192383
1,334,Strict,0.64396858215332
1,334,Strong,0.702857971191406
1,334,Current,0.648975372314453
3,552,Strict,0.561952590942383
3,552,Current,0.540018081665039
3,552,Strong,0.518083572387695
3,552,Gentle,0.524044036865234
1,295,Strict,0.55384635925293
1,295,Strong,0.524997711181641
1,295,Current,0.55694580078125
1,295,Gentle,0.528097152709961
2,275,Gentle,0.518083572387695
2,275,Current,0.514030456542969
2,275,Strict,0.515937805175781
2,275,Strong,0.514984130859375
3,319,Gentle,0.555038452148438
3,319,Current,0.586032867431641
3,319,Strong,0.566959381103516
3,319,Strict,0.525951385498047
2,434,Gentle,0.539064407348633
2,434,Strict,0.554084777832031
2,434,Current,0.53715705871582
2,434,Strong,0.520944595336914
3,194,Gentle,3.22794914245605
3,194,Current,0.883817672729492
3,194,Strict,0.787973403930664
3,194,Strong,0.735044479370117
2,230,Current,0.646114349365234
2,230,Gentle,0.586986541748047
2,230,Strong,0.554084777832031
2,230,Strict,0.545978546142578
2,285,Current,0.69117546081543
2,285,Gentle,0.674009323120117
2,285,Strong,0.684022903442383
2,285,Strict,0.653982162475586
3,425,Gentle,0.571966171264648
3,425,Current,0.575065612792969
3,425,Strict,0.568866729736328
3,425,Strong,0.56910514831543
1,230,Current,0.58293342590332
1,230,Strong,0.669002532958984
1,230,Gentle,0.578165054321289
1,230,Strict,0.56910514831543
1,80,Strict,0.585079193115234
1,80,Gentle,0.578880310058594
1,80,Strong,0.597953796386719
1,80,Current,0.549077987670898
3,315,Gentle,0.523090362548828
3,315,Strict,0.52189826965332
3,315,Current,0.526905059814453
3,315,Strong,0.517129898071289
3,364,Strong,0.593900680541992
3,364,Gentle,0.531911849975586
3,364,Current,0.531911849975586
3,364,Strict,0.545024871826172
1,509,Current,0.612974166870117
1,509,Strict,0.524997711181641
1,509,Gentle,0.496149063110352
1,509,Strong,0.506877899169922
1,370,Strict,0.538110733032227
1,370,Gentle,0.519037246704102
1,370,Current,0.519990921020508
1,370,Strong,0.497102737426758
3,335,Strong,0.535964965820313
3,335,Current,0.552892684936523
3,335,Strict,0.509023666381836
3,335,Gentle,0.535011291503906
2,489,Gentle,0.540018081665039
2,489,Current,0.527858734130859
2,489,Strict,0.50806999206543
2,489,Strong,0.647068023681641
3,324,Strong,0.559091567993164
3,324,Gentle,0.530004501342773
3,324,Current,0.558853149414063
3,324,Strict,0.531196594238281
2,207,Gentle,0.5340576171875
2,207,Current,0.577926635742188
2,207,Strict,0.586032867431641
2,207,Strong,0.574111938476563
2,186,Current,0.592947006225586
2,186,Gentle,0.593900680541992
2,186,Strict,0.581979751586914
2,186,Strong,0.543117523193359
3,446,Current,0.707864761352539
3,446,Strong,0.652074813842773
3,446,Gentle,0.720977783203125
3,446,Strict,0.643014907836914
3,232,Strict,0.560998916625977
3,232,Gentle,0.53715705871582
3,232,Current,0.544071197509766
3,232,Strong,0.526905059814453
1,105,Strict,0.537872314453125
1,105,Strong,0.55694580078125
1,105,Gentle,0.545978546142578
1,105,Current,0.524997711181641
2,590,Strong,0.530004501342773
2,590,Current,0.545978546142578
2,590,Gentle,0.513076782226563
2,590,Strict,0.509023666381836
2,83,Current,0.659942626953125
2,83,Gentle,0.913143157958984
2,83,Strong,0.703096389770508
2,83,Strict,0.627994537353516
1,353,Strong,0.624895095825195
1,353,Gentle,0.620126724243164
1,353,Strict,0.644922256469727
1,353,Current,0.626087188720703
2,501,Gentle,0.544071197509766
2,501,Strict,0.542879104614258
2,501,Current,0.539064407348633
2,501,Strong,0.542879104614258
2,68,Gentle,0.56004524230957
2,68,Strict,0.563144683837891
2,68,Current,0.535964965820313
2,68,Strong,0.561952590942383
2,239,Current,0.946044921875
2,239,Gentle,0.81181526184082
2,239,Strict,0.702857971191406
2,239,Strong,0.567913055419922
1,423,Strong,0.637054443359375
1,423,Current,0.593900680541992
1,423,Gentle,0.580072402954102
1,423,Strict,0.561952590942383
2,444,Strong,0.629901885986328
2,444,Current,0.594139099121094
2,444,Gentle,0.555992126464844
2,444,Strict,0.577926635742188
1,540,Gentle,0.588178634643555
1,540,Strict,0.589847564697266
1,540,Strong,0.561952590942383
1,540,Current,0.568866729736328
1,213,Strong,0.593900680541992
1,213,Current,0.578880310058594
1,213,Strict,0.56910514831543
1,213,Gentle,0.592947006225586
1,352,Current,0.573158264160156
1,352,Strong,0.538110733032227
1,352,Gentle,0.566959381103516
1,352,Strict,0.533103942871094
1,48,Gentle,0.587940216064453
1,48,Strong,0.613927841186523
1,48,Current,0.591039657592773
1,48,Strict,0.566959381103516
3,189,Strict,0.62108039855957
3,189,Current,0.526905059814453
3,189,Gentle,0.523805618286133
3,189,Strong,0.542879104614258
1,543,Gentle,0.550031661987305
1,543,Strict,0.529050827026367
1,543,Strong,0.544071197509766
1,543,Current,0.538110733032227
1,6,Gentle,0.535964965820313
1,6,Current,0.573873519897461
1,6,Strong,0.544071197509766
1,6,Strict,0.514984130859375
1,276,Strict,0.550985336303711
1,276,Strong,0.540971755981445
1,276,Current,0.526189804077148
1,276,Gentle,0.515937805175781
3,427,Current,0.536918640136719
3,427,Strong,0.524997711181641
3,427,Gentle,0.519990921020508
3,427,Strict,0.539064407348633
2,76,Current,0.527858734130859
2,76,Gentle,0.522136688232422
2,76,Strong,0.531911849975586
2,76,Strict,0.533103942871094
1,299,Strict,0.535964965820313
1,299,Current,0.55694580078125
1,299,Gentle,0.720977783203125
1,299,Strong,0.56004524230957
3,218,Gentle,0.577926635742188
3,218,Strict,0.550985336303711
3,218,Current,0.543832778930664
3,218,Strong,0.523090362548828
2,564,Strict,0.535964965820313
2,564,Strong,0.524997711181641
2,564,Gentle,0.535964965820313
2,564,Current,0.517845153808594
3,525,Current,0.539064407348633
3,525,Strict,0.554084777832031
3,525,Gentle,0.520944595336914
3,525,Strong,0.524044036865234
2,449,Strong,0.555992126464844
2,449,Gentle,0.564813613891602
2,449,Current,0.518083572387695
2,449,Strict,0.540018081665039
1,548,Strict,0.5340576171875
1,548,Strong,0.519037246704102
1,548,Current,0.545024871826172
1,548,Gentle,0.540018081665039
1,577,Current,0.559806823730469
1,577,Strong,0.535964965820313
1,577,Strict,0.522136688232422
1,577,Gentle,0.514030456542969
3,138,Strict,0.632047653198242
3,138,Strong,0.644922256469727
3,138,Gentle,0.623941421508789
3,138,Current,0.671148300170898
2,153,Current,0.569820404052734
2,153,Strong,0.583887100219727
2,153,Strict,0.548839569091797
2,153,Gentle,0.53095817565918
1,503,Strict,0.532150268554688
1,503,Current,0.555038452148438
1,503,Gentle,0.528097152709961
1,503,Strong,0.890016555786133
2,598,Strong,0.781059265136719
2,598,Gentle,0.658035278320313
2,598,Strict,0.561952590942383
2,598,Current,0.554084777832031
2,17,Strong,0.559091567993164
2,17,Strict,0.549793243408203
2,17,Current,0.567913055419922
2,17,Gentle,0.597000122070313
1,513,Strict,0.674009323120117
1,513,Current,0.694990158081055
1,513,Strong,0.674009323120117
1,513,Gentle,0.655889511108398
1,155,Strict,0.641822814941406
1,155,Strong,0.607013702392578
1,155,Current,0.618934631347656
1,155,Gentle,0.636816024780273
3,545,Current,0.580787658691406
3,545,Strict,0.591039657592773
3,545,Strong,0.566005706787109
3,545,Gentle,0.564098358154297
3,20,Strict,0.530004501342773
3,20,Current,0.509977340698242
3,20,Strong,0.506877899169922
3,20,Gentle,0.490903854370117
2,536,Strong,0.5340576171875
2,536,Gentle,0.519037246704102
2,536,Strict,0.520944595336914
2,536,Current,0.536918640136719
1,101,Strong,0.551939010620117
1,101,Strict,0.530004501342773
1,101,Gentle,0.607013702392578
1,101,Current,0.586032867431641
3,408,Gentle,0.668048858642578
3,408,Strict,0.627994537353516
3,408,Strong,0.628948211669922
3,408,Current,0.640153884887695
3,536,Gentle,0.540971755981445
3,536,Strict,0.541925430297852
3,536,Current,0.524044036865234
3,536,Strong,0.527143478393555
2,368,Current,0.534772872924805
2,368,Strong,0.540018081665039
2,368,Strict,0.519990921020508
2,368,Gentle,0.53095817565918
1,537,Strong,0.732898712158203
1,537,Current,0.658988952636719
1,537,Gentle,0.624179840087891
1,537,Strict,0.632047653198242
1,533,Strict,0.545978546142578
1,533,Strong,0.509977340698242
1,533,Gentle,0.528097152709961
1,533,Current,0.535964965820313
1,9,Current,0.535964965820313
1,9,Strict,0.532865524291992
1,9,Gentle,0.561952590942383
1,9,Strong,0.573873519897461
3,406,Strong,0.735998153686523
3,406,Current,0.635147094726563
3,406,Strict,0.615119934082031
3,406,Gentle,0.660181045532227
1,57,Strong,0.553131103515625
1,57,Strict,0.557899475097656
1,57,Current,0.536918640136719
1,57,Gentle,0.545024871826172
3,572,Strict,0.633955001831055
3,572,Strong,0.739097595214844
3,572,Gentle,0.69117546081543
3,572,Current,0.771999359130859
2,446,Gentle,0.710964202880859
2,446,Strong,0.715970993041992
2,446,Strict,0.706911087036133
2,446,Current,0.742912292480469
1,76,Gentle,0.575065612792969
1,76,Strong,0.512123107910156
1,76,Current,0.519037246704102
1,76,Strict,0.525951385498047
2,167,Strict,0.682830810546875
2,167,Current,0.823974609375
2,167,Strong,0.54621696472168
2,167,Gentle,0.533103942871094
2,77,Strict,0.575065612792969
2,77,Strong,0.578165054321289
2,77,Gentle,0.566005706787109
2,77,Current,0.593900680541992
3,391,Strong,0.566959381103516
3,391,Strict,0.565052032470703
3,391,Gentle,0.64396858215332
3,391,Current,0.591039657592773
3,440,Gentle,0.584125518798828
3,440,Strong,7.37595558166504
3,440,Current,1.06287002563477
3,440,Strict,0.796079635620117
3,85,Gentle,0.620841979980469
3,85,Strong,0.576019287109375
3,85,Strict,0.563859939575195
3,85,Current,0.575065612792969
1,293,Strict,0.576972961425781
1,293,Strong,0.580072402954102
1,293,Current,0.575065612792969
1,293,Gentle,0.571966171264648
1,70,Strict,0.640153884887695
1,70,Current,0.612020492553711
1,70,Strong,0.648975372314453
1,70,Gentle,0.707864761352539
1,581,Gentle,0.610113143920898
1,581,Strong,0.578165054321289
1,581,Strict,0.566005706787109
1,581,Current,0.571966171264648
1,192,Strong,0.622034072875977
1,192,Strict,0.626087188720703
1,192,Current,0.622987747192383
1,192,Gentle,0.601053237915039
1,136,Gentle,0.586032867431641
1,136,Strong,0.707149505615234
1,136,Current,0.571012496948242
1,136,Strict,0.547885894775391
3,235,Current,0.564098358154297
3,235,Strong,0.62108039855957
3,235,Strict,0.562191009521484
3,235,Gentle,0.536918640136719
3,257,Gentle,0.539064407348633
3,257,Current,0.535964965820313
3,257,Strict,0.526905059814453
3,257,Strong,0.514030456542969
1,502,Current,0.535011291503906
1,502,Strong,0.522851943969727
1,502,Gentle,0.509023666381836
1,502,Strict,0.514984130859375
3,417,Strict,0.547885894775391
3,417,Current,0.54478645324707
3,417,Strong,0.53095817565918
3,417,Gentle,0.519990921020508
1,440,Gentle,0.506877899169922
1,440,Current,0.547170639038086
1,440,Strict,0.510931015014648
1,440,Strong,0.520944595336914
3,568,Strict,0.539064407348633
3,568,Current,0.524997711181641
3,568,Gentle,0.575065612792969
3,568,Strong,0.615119934082031
3,66,Gentle,0.598907470703125
3,66,Current,0.59199333190918
3,66,Strong,0.577926635742188
3,66,Strict,0.584125518798828
3,285,Current,0.673055648803711
3,285,Strict,0.648975372314453
3,285,Gentle,0.639915466308594
3,285,Strong,0.73695182800293
3,281,Gentle,0.579118728637695
3,281,Strong,0.566959381103516
3,281,Strict,0.532865524291992
3,281,Current,0.540018081665039
1,471,Strong,0.579118728637695
1,471,Gentle,0.552177429199219
1,471,Strict,0.555038452148438
1,471,Current,0.557899475097656
1,125,Gentle,0.563859939575195
1,125,Strong,0.552892684936523
1,125,Current,0.563144683837891
1,125,Strict,0.568866729736328
3,49,Strong,0.565767288208008
3,49,Gentle,0.59199333190918
3,49,Current,0.721931457519531
3,49,Strict,0.608921051025391
1,481,Gentle,0.568151473999023
1,481,Strict,0.555038452148438
1,481,Strong,0.554084777832031
1,481,Current,0.552892684936523
2,365,Gentle,0.535011291503906
2,365,Strong,0.548839569091797
2,365,Current,0.561952590942383
2,365,Strict,0.541925430297852
1,128,Strict,0.548124313354492
1,128,Strong,0.5340576171875
1,128,Current,0.542163848876953
1,128,Gentle,0.542879104614258
3,374,Strong,0.673055648803711
3,374,Current,0.593185424804688
3,374,Gentle,0.563859939575195
3,374,Strict,0.55384635925293
3,339,Strict,0.567913055419922
3,339,Gentle,0.543117523193359
3,339,Current,0.571012496948242
3,339,Strong,1.2059211730957
1,168,Gentle,0.79798698425293
1,168,Current,0.666141510009766
1,168,Strong,0.689029693603516
1,168,Strict,0.562906265258789
2,454,Strict,0.5950927734375
2,454,Gentle,0.576972961425781
2,454,Strong,0.562906265258789
2,454,Current,0.581026077270508
3,41,Current,0.575065612792969
3,41,Gentle,0.573158264160156
3,41,Strict,0.568866729736328
3,41,Strong,0.555038452148438
2,310,Gentle,0.571012496948242
2,310,Current,0.570058822631836
2,310,Strict,0.557184219360352
2,310,Strong,0.576019287109375
3,252,Current,0.691890716552734
3,252,Gentle,0.624179840087891
3,252,Strong,0.581979751586914
3,252,Strict,0.557184219360352
3,46,Current,0.598907470703125
3,46,Gentle,0.63014030456543
3,46,Strict,0.595808029174805
3,46,Strong,0.563859939575195
2,155,Gentle,0.638961791992188
2,155,Current,0.581026077270508
2,155,Strict,0.570058822631836
2,155,Strong,0.566005706787109
2,301,Current,0.53715705871582
2,301,Strict,0.520944595336914
2,301,Strong,0.617027282714844
2,301,Gentle,0.581979751586914
2,172,Current,0.547885894775391
2,172,Strong,0.550985336303711
2,172,Gentle,0.535011291503906
2,172,Strict,0.523090362548828
2,371,Current,0.628948211669922
2,371,Strict,0.639915466308594
2,371,Strong,0.597000122070313
2,371,Gentle,0.624179840087891
1,271,Gentle,0.527858734130859
1,271,Current,0.515937805175781
1,271,Strong,0.519037246704102
1,271,Strict,0.514984130859375
1,351,Gentle,0.551939010620117
1,351,Current,0.650882720947266
1,351,Strict,0.731945037841797
1,351,Strong,0.558853149414063
1,31,Current,0.563144683837891
1,31,Strict,0.548839569091797
1,31,Strong,0.552892684936523
1,31,Gentle,0.535011291503906
2,236,Gentle,0.539064407348633
2,236,Current,0.544071197509766
2,236,Strict,0.542163848876953
2,236,Strong,0.526905059814453
1,298,Strict,0.535964965820313
1,298,Current,0.546932220458984
1,298,Strong,0.543117523193359
1,298,Gentle,0.530004501342773
2,381,Gentle,0.646114349365234
2,381,Strong,0.573158264160156
2,381,Current,0.555992126464844
2,381,Strict,0.539779663085938
1,538,Strong,0.541925430297852
1,538,Strict,0.513076782226563
1,538,Current,0.540018081665039
1,538,Gentle,0.532150268554688
3,556,Current,0.54478645324707
3,556,Strict,0.528097152709961
3,556,Gentle,0.518798828125
3,556,Strong,0.542163848876953
3,396,Strict,0.574111938476563
3,396,Strong,0.531911849975586
3,396,Current,0.524044036865234
3,396,Gentle,0.548839569091797
3,445,Strict,0.781059265136719
3,445,Gentle,0.649929046630859
3,445,Current,0.646829605102539
3,445,Strong,0.61798095703125
3,200,Current,0.559806823730469
3,200,Strong,0.542163848876953
3,200,Strict,0.542879104614258
3,200,Gentle,0.528097152709961
3,455,Gentle,0.580072402954102
3,455,Strict,0.511884689331055
3,455,Current,0.529050827026367
3,455,Strong,0.519990921020508
1,439,Strong,0.519990921020508
1,439,Current,0.529050827026367
1,439,Gentle,0.535964965820313
1,439,Strict,0.545978546142578
1,569,Current,0.993013381958008
1,569,Strong,0.779867172241211
1,569,Gentle,0.652074813842773
1,569,Strict,0.550031661987305
3,533,Strong,0.558853149414063
3,533,Current,0.576972961425781
3,533,Strict,0.573158264160156
3,533,Gentle,0.565052032470703
1,7,Current,0.710964202880859
1,7,Gentle,0.616073608398438
1,7,Strong,0.60582160949707
1,7,Strict,0.594854354858398
2,51,Strict,0.669002532958984
2,51,Current,0.685930252075195
2,51,Strong,0.676155090332031
2,51,Gentle,0.674009323120117
3,486,Strong,0.586032867431641
3,486,Current,0.579118728637695
3,486,Strict,0.573158264160156
3,486,Gentle,0.566005706787109
1,256,Gentle,0.588178634643555
1,256,Strong,0.703096389770508
1,256,Strict,0.669002532958984
1,256,Current,0.612020492553711
3,284,Gentle,0.575065612792969
3,284,Current,0.56910514831543
3,284,Strict,0.522136688232422
3,284,Strong,0.533103942871094
2,582,Current,0.524997711181641
2,582,Gentle,0.529050827026367
2,582,Strong,0.535964965820313
2,582,Strict,0.52189826965332
3,535,Gentle,0.5340576171875
3,535,Strict,0.549077987670898
3,535,Current,0.528097152709961
3,535,Strong,0.514984130859375
2,164,Strict,0.566005706787109
2,164,Current,0.568151473999023
2,164,Strong,0.530004501342773
2,164,Gentle,0.533819198608398
2,487,Strong,0.634908676147461
2,487,Strict,0.622987747192383
2,487,Gentle,0.657081604003906
2,487,Current,0.645160675048828
3,206,Strict,0.543832778930664
3,206,Strong,0.543117523193359
3,206,Gentle,0.529050827026367
3,206,Current,0.602960586547852
1,373,Current,0.547885894775391
1,373,Strong,0.538825988769531
1,373,Gentle,0.523090362548828
1,373,Strict,0.602960586547852
1,361,Current,0.567197799682617
1,361,Gentle,0.524997711181641
1,361,Strict,0.547885894775391
1,361,Strong,0.515937805175781
3,465,Gentle,0.540971755981445
3,465,Current,0.530004501342773
3,465,Strict,0.531911849975586
3,465,Strong,0.522136688232422
3,527,Strict,0.547885894775391
3,527,Strong,0.530004501342773
3,527,Gentle,0.524997711181641
3,527,Current,0.536918640136719
3,202,Gentle,0.542879104614258
3,202,Current,0.535964965820313
3,202,Strict,0.540971755981445
3,202,Strong,0.619173049926758
3,557,Gentle,0.573158264160156
3,557,Strong,0.519037246704102
3,557,Current,0.538110733032227
3,557,Strict,0.52189826965332
1,17,Gentle,0.524044036865234
1,17,Current,0.543832778930664
1,17,Strict,0.518083572387695
1,17,Strong,0.49591064453125
1,595,Strict,0.552177429199219
1,595,Current,0.539064407348633
1,595,Gentle,0.533103942871094
1,595,Strong,0.549077987670898
3,501,Gentle,0.55694580078125
3,501,Strong,0.536203384399414
3,501,Current,0.626802444458008
3,501,Strict,0.555992126464844
3,25,Current,0.579118728637695
3,25,Gentle,0.56910514831543
3,25,Strong,0.528097152709961
3,25,Strict,0.549077987670898
2,180,Strong,0.540018081665039
2,180,Current,0.540971755981445
2,180,Strict,0.524044036865234
2,180,Gentle,0.546932220458984
3,3,Gentle,0.540971755981445
3,3,Strict,1.10721588134766
3,3,Strong,1.08790397644043
3,3,Current,0.85902214050293
3,18,Gentle,0.612974166870117
3,18,Strong,0.604867935180664
3,18,Strict,1.0979175567627
3,18,Current,0.787019729614258
3,377,Current,0.952959060668945
3,377,Strong,0.921964645385742
3,377,Gentle,0.85902214050293
3,377,Strict,0.890970230102539
1,18,Current,0.661134719848633
1,18,Strong,0.620841979980469
1,18,Gentle,0.609159469604492
1,18,Strict,0.606060028076172
1,27,Strong,0.623941421508789
1,27,Current,0.625133514404297
1,27,Gentle,0.612974166870117
1,27,Strict,0.612974166870117
1,61,Strong,0.649929046630859
1,61,Strict,0.633001327514648
1,61,Gentle,0.602960586547852
1,61,Current,0.615835189819336
2,314,Strict,0.638008117675781
2,314,Gentle,0.619888305664063
2,314,Strong,0.581979751586914
2,314,Current,0.558137893676758
3,181,Strict,0.604152679443359
3,181,Current,0.581026077270508
3,181,Gentle,0.568151473999023
3,181,Strong,0.586032867431641
1,5,Current,0.586986541748047
1,5,Gentle,0.561952590942383
1,5,Strong,0.579118728637695
1,5,Strict,0.562906265258789
1,73,Strong,0.597000122070313
1,73,Current,0.616073608398438
1,73,Strict,0.594854354858398
1,73,Gentle,0.607967376708984
2,457,Current,0.581026077270508
2,457,Strict,0.567913055419922
2,457,Strong,0.564813613891602
2,457,Gentle,0.559091567993164
3,55,Gentle,0.604867935180664
3,55,Strict,0.583887100219727
3,55,Strong,0.574111938476563
3,55,Current,0.668048858642578
3,214,Strong,0.607967376708984
3,214,Gentle,0.580072402954102
3,214,Current,0.59199333190918
3,214,Strict,0.585079193115234
2,538,Strict,0.606060028076172
2,538,Gentle,0.59199333190918
2,538,Current,0.581979751586914
2,538,Strong,0.555038452148438
1,195,Current,0.59199333190918
1,195,Strong,0.588178634643555
1,195,Strict,0.590085983276367
1,195,Gentle,0.585794448852539
2,376,Gentle,0.59199333190918
2,376,Strict,0.57220458984375
2,376,Current,0.583171844482422
2,376,Strong,0.604152679443359
3,369,Strong,0.575065612792969
3,369,Current,0.587940216064453
3,369,Strict,0.607967376708984
3,369,Gentle,0.590801239013672
1,592,Gentle,0.651836395263672
1,592,Strict,0.604867935180664
1,592,Strong,0.787019729614258
1,592,Current,0.589132308959961
3,72,Strict,0.566005706787109
3,72,Current,0.542879104614258
3,72,Gentle,0.542879104614258
3,72,Strong,0.546932220458984
3,360,Strong,0.574827194213867
3,360,Current,0.573873519897461
3,360,Gentle,0.574111938476563
3,360,Strict,0.567913055419922
1,194,Gentle,0.555038452148438
1,194,Strong,0.589132308959961
1,194,Strict,0.597953796386719
1,194,Current,0.579118728637695
2,396,Gentle,0.587940216064453
2,396,Current,0.58293342590332
2,396,Strict,0.56004524230957
2,396,Strong,0.571012496948242
1,152,Current,0.815153121948242
1,152,Gentle,0.802993774414063
1,152,Strong,0.823974609375
1,152,Strict,0.786066055297852
1,183,Gentle,0.596046447753906
1,183,Strong,3.33905220031738
1,183,Current,0.946998596191406
1,183,Strict,0.797033309936523
2,578,Strict,0.607013702392578
2,578,Current,0.576019287109375
2,578,Gentle,0.585079193115234
2,578,Strong,0.547170639038086
1,44,Strong,0.603914260864258
1,44,Strict,0.612974166870117
1,44,Gentle,0.58293342590332
1,44,Current,0.622987747192383
2,252,Gentle,0.728845596313477
2,252,Current,0.586032867431641
2,252,Strict,0.599861145019531
2,252,Strong,0.560998916625977
3,394,Strict,0.570774078369141
3,394,Gentle,0.620841979980469
3,394,Strong,0.573873519897461
3,394,Current,0.594854354858398
1,157,Current,0.592947006225586
1,157,Gentle,0.574111938476563
1,157,Strict,0.587940216064453
1,157,Strong,0.577926635742188
2,34,Strong,0.578165054321289
2,34,Gentle,0.580072402954102
2,34,Strict,0.586032867431641
2,34,Current,0.544071197509766
1,456,Strong,0.547885894775391
1,456,Gentle,0.525951385498047
1,456,Current,0.531911849975586
1,456,Strict,0.540971755981445
3,271,Strict,0.535011291503906
3,271,Strong,0.529050827026367
3,271,Gentle,0.515937805175781
3,271,Current,0.514984130859375
1,209,Current,0.589847564697266
1,209,Strong,0.55384635925293
1,209,Strict,0.547885894775391
1,209,Gentle,0.538825988769531
3,540,Strict,0.571966171264648
3,540,Current,0.707864761352539
3,540,Gentle,0.968217849731445
3,540,Strong,0.586032867431641
3,296,Gentle,0.574111938476563
3,296,Strong,0.531911849975586
3,296,Strict,0.524997711181641
3,296,Current,0.535964965820313
1,517,Gentle,0.537872314453125
1,517,Strong,0.541210174560547
1,517,Current,0.526905059814453
1,517,Strict,0.516176223754883
2,210,Gentle,0.549077987670898
2,210,Current,0.551939010620117
2,210,Strong,0.5340576171875
2,210,Strict,0.539779663085938
1,343,Strong,0.540018081665039
1,343,Strict,0.535964965820313
1,343,Current,0.530004501342773
1,343,Gentle,0.55694580078125
1,525,Current,0.570058822631836
1,525,Strong,0.5340576171875
1,525,Gentle,0.545978546142578
1,525,Strict,0.545024871826172
1,384,Current,0.524997711181641
1,384,Strict,0.514984130859375
1,384,Strong,0.581026077270508
1,384,Gentle,0.518083572387695
2,109,Current,0.588893890380859
2,109,Strict,0.572919845581055
2,109,Gentle,0.557184219360352
2,109,Strong,0.574111938476563
1,32,Strict,0.571012496948242
1,32,Strong,0.560998916625977
1,32,Gentle,0.555992126464844
1,32,Current,0.561952590942383
1,409,Current,0.56910514831543
1,409,Gentle,0.562906265258789
1,409,Strong,0.539064407348633
1,409,Strict,0.550985336303711
1,574,Current,0.557184219360352
1,574,Strong,0.525951385498047
1,574,Gentle,0.537872314453125
1,574,Strict,0.548839569091797
3,83,Strict,0.648975372314453
3,83,Current,0.68211555480957
3,83,Gentle,0.632047653198242
3,83,Strong,0.702857971191406
3,19,Gentle,0.579118728637695
3,19,Strong,0.538110733032227
3,19,Strict,0.540971755981445
3,19,Current,0.547885894775391
1,494,Current,0.658035278320313
1,494,Strong,0.627040863037109
1,494,Strict,3.46493721008301
1,494,Gentle,1.07002258300781
2,65,Current,0.798940658569336
2,65,Strict,0.61488151550293
2,65,Strong,0.570058822631836
2,65,Gentle,0.586032867431641
2,516,Current,0.597000122070313
2,516,Strong,0.567197799682617
2,516,Gentle,0.56910514831543
2,516,Strict,0.574827194213867
2,558,Strict,0.634193420410156
2,558,Current,0.597953796386719
2,558,Strong,0.593185424804688
2,558,Gentle,0.576019287109375
3,16,Gentle,0.694990158081055
3,16,Strong,0.602006912231445
3,16,Strict,0.59199333190918
3,16,Current,0.601053237915039
1,22,Gentle,0.548124313354492
1,22,Strict,0.550031661987305
1,22,Current,0.550985336303711
1,22,Strong,0.536918640136719
3,96,Strong,0.588893890380859
3,96,Current,0.606060028076172
3,96,Strict,0.575780868530273
3,96,Gentle,0.576019287109375
1,490,Strict,0.555038452148438
1,490,Current,0.536918640136719
1,490,Strong,0.546932220458984
1,490,Gentle,0.585079193115234
2,290,Gentle,0.542879104614258
2,290,Strong,0.550031661987305
2,290,Strict,0.536918640136719
2,290,Current,0.527143478393555
3,353,Current,0.673055648803711
3,353,Strict,0.648021697998047
3,353,Strong,0.674009323120117
3,353,Gentle,0.668048858642578
1,553,Current,0.573158264160156
1,553,Strong,0.519990921020508
1,553,Strict,0.535964965820313
1,553,Gentle,0.578880310058594
2,395,Strong,0.821828842163086
2,395,Gentle,0.647068023681641
2,395,Current,0.685930252075195
2,395,Strict,0.555038452148438
2,225,Gentle,0.604152679443359
2,225,Strict,0.674009323120117
2,225,Strong,0.555992126464844
2,225,Current,0.55694580078125
1,158,Gentle,0.535964965820313
1,158,Current,0.543832778930664
1,158,Strong,0.544071197509766
1,158,Strict,0.541925430297852
3,143,Gentle,0.548839569091797
3,143,Strong,0.586986541748047
3,143,Current,0.55694580078125
3,143,Strict,0.599145889282227
1,109,Strict,0.569820404052734
1,109,Current,0.571966171264648
1,109,Strong,0.529050827026367
1,109,Gentle,0.550031661987305
2,325,Current,0.627040863037109
2,325,Gentle,0.570058822631836
2,325,Strong,0.536918640136719
2,325,Strict,0.540018081665039
1,347,Strong,0.549077987670898
1,347,Gentle,0.55384635925293
1,347,Strict,0.536203384399414
1,347,Current,0.550985336303711
2,568,Current,0.544071197509766
2,568,Strong,0.619888305664063
2,568,Strict,0.570058822631836
2,568,Gentle,0.517129898071289
3,466,Strong,0.590801239013672
3,466,Current,0.545978546142578
3,466,Gentle,0.566005706787109
3,466,Strict,0.53095817565918
2,163,Strict,0.58293342590332
2,163,Gentle,0.591039657592773
2,163,Current,0.610113143920898
2,163,Strong,0.566959381103516
2,390,Strong,0.542879104614258
2,390,Current,0.524997711181641
2,390,Strict,0.494003295898438
2,390,Gentle,0.518798828125
2,108,Strict,0.663042068481445
2,108,Strong,0.661849975585938
2,108,Current,0.60582160949707
2,108,Gentle,0.554084777832031
2,438,Current,0.544071197509766
2,438,Gentle,0.50806999206543
2,438,Strong,0.518083572387695
2,438,Strict,3.5090446472168
2,475,Current,0.847101211547852
2,475,Gentle,0.72789192199707
2,475,Strict,0.660896301269531
2,475,Strong,0.584840774536133
3,547,Strong,0.571012496948242
3,547,Gentle,0.566005706787109
3,547,Current,0.58293342590332
3,547,Strict,0.585079193115234
1,495,Current,0.584840774536133
1,495,Gentle,0.574827194213867
1,495,Strict,0.552177429199219
1,495,Strong,0.587940216064453
2,56,Current,0.680923461914063
2,56,Strict,0.580072402954102
2,56,Strong,0.558853149414063
2,56,Gentle,0.601053237915039
1,575,Strong,0.688076019287109
1,575,Gentle,0.595808029174805
1,575,Strict,0.578165054321289
1,575,Current,0.583171844482422
3,274,Strong,0.597953796386719
3,274,Strict,0.576019287109375
3,274,Current,0.55694580078125
3,274,Gentle,0.565052032470703
1,244,Gentle,0.564098358154297
1,244,Strict,0.547170639038086
1,244,Strong,0.540971755981445
1,244,Current,0.535011291503906
1,550,Strong,0.547885894775391
1,550,Current,0.550985336303711
1,550,Strict,0.530004501342773
1,550,Gentle,0.613927841186523
3,309,Current,0.579118728637695
3,309,Strict,0.532865524291992
3,309,Gentle,0.539064407348633
3,309,Strong,0.545978546142578
1,167,Strict,0.581026077270508
1,167,Gentle,0.570058822631836
1,167,Strong,0.548124313354492
1,167,Current,0.56004524230957
3,245,Strict,0.555992126464844
3,245,Strong,0.555038452148438
3,245,Current,0.53095817565918
3,245,Gentle,0.524044036865234
2,171,Current,0.554084777832031
2,171,Strict,0.540018081665039
2,171,Gentle,0.635147094726563
2,171,Strong,0.540971755981445
3,231,Strict,0.535011291503906
3,231,Current,0.533819198608398
3,231,Strong,0.509023666381836
3,231,Gentle,0.519037246704102
3,27,Strict,0.541925430297852
3,27,Current,0.545024871826172
3,27,Strong,0.544071197509766
3,27,Gentle,0.526905059814453
3,343,Gentle,0.551939010620117
3,343,Strong,0.549077987670898
3,343,Current,0.545978546142578
3,343,Strict,0.5340576171875
1,465,Current,0.604152679443359
1,465,Strong,0.622034072875977
1,465,Gentle,0.560998916625977
1,465,Strict,0.540971755981445
3,127,Strict,0.522136688232422
3,127,Current,0.501155853271484
3,127,Strong,0.523090362548828
3,127,Gentle,0.540018081665039
1,220,Current,0.570058822631836
1,220,Strict,0.571966171264648
1,220,Gentle,0.535964965820313
1,220,Strong,0.525951385498047
1,483,Gentle,0.535964965820313
1,483,Strict,0.529050827026367
1,483,Strong,0.537872314453125
1,483,Current,0.535011291503906
2,490,Strong,0.535011291503906
2,490,Gentle,0.583171844482422
2,490,Strict,0.552892684936523
2,490,Current,0.539064407348633
3,258,Current,0.58293342590332
3,258,Strong,0.560998916625977
3,258,Strict,0.545978546142578
3,258,Gentle,0.545024871826172
2,494,Gentle,0.668048858642578
2,494,Strong,0.658988952636719
2,494,Current,0.674009323120117
2,494,Strict,0.782966613769531
3,386,Current,0.627040863037109
3,386,Gentle,0.567197799682617
3,386,Strong,0.551939010620117
3,386,Strict,3.43608856201172
3,588,Current,0.874996185302734
3,588,Strong,0.713109970092773
3,588,Strict,0.584125518798828
3,588,Gentle,0.565052032470703
1,501,Strict,0.596046447753906
1,501,Strong,0.588893890380859
1,501,Gentle,0.578165054321289
1,501,Current,0.59199333190918
1,462,Gentle,0.618934631347656
1,462,Strict,0.589847564697266
1,462,Current,0.5950927734375
1,462,Strong,0.581979751586914
1,583,Gentle,0.685930252075195
1,583,Current,0.766992568969727
1,583,Strong,0.664949417114258
1,583,Strict,0.701189041137695
2,134,Strict,0.571012496948242
2,134,Strong,0.585079193115234
2,134,Current,0.596046447753906
2,134,Gentle,0.58293342590332
3,387,Gentle,0.58293342590332
3,387,Current,0.629901885986328
3,387,Strong,0.576972961425781
3,387,Strict,0.560998916625977
1,516,Strict,0.576019287109375
1,516,Current,0.545024871826172
1,516,Gentle,0.55384635925293
1,516,Strong,0.524044036865234
3,554,Strict,0.534772872924805
3,554,Gentle,0.550985336303711
3,554,Current,0.537872314453125
3,554,Strong,0.519990921020508
3,139,Gentle,0.541925430297852
3,139,Current,0.543117523193359
3,139,Strong,0.529050827026367
3,139,Strict,0.540018081665039
3,215,Gentle,0.540971755981445
3,215,Strict,0.597953796386719
3,215,Current,0.592947006225586
3,215,Strong,0.530004501342773
1,329,Current,0.53095817565918
1,329,Strong,0.530004501342773
1,329,Strict,0.536918640136719
1,329,Gentle,0.535011291503906
1,28,Strong,0.541925430297852
1,28,Strict,0.567913055419922
1,28,Current,0.545024871826172
1,28,Gentle,0.5340576171875
3,380,Strong,0.554084777832031
3,380,Gentle,0.528812408447266
3,380,Strict,0.53095817565918
3,380,Current,0.571012496948242
2,243,Current,0.645160675048828
2,243,Strict,0.567913055419922
2,243,Gentle,0.544071197509766
2,243,Strong,0.536203384399414
1,176,Current,0.571012496948242
1,176,Strict,0.576019287109375
1,176,Strong,0.555038452148438
1,176,Gentle,0.530004501342773
1,410,Gentle,0.571012496948242
1,410,Current,0.542879104614258
1,410,Strict,0.557899475097656
1,410,Strong,0.609874725341797
3,491,Strong,0.580072402954102
3,491,Gentle,0.555038452148438
3,491,Strict,0.543832778930664
3,491,Current,0.592947006225586
2,469,Gentle,0.546932220458984
2,469,Current,0.539064407348633
2,469,Strong,0.540018081665039
2,469,Strict,0.531196594238281
1,143,Gentle,0.547885894775391
1,143,Strict,0.551939010620117
1,143,Current,0.540971755981445
1,143,Strong,0.529050827026367
2,42,Current,0.648021697998047
2,42,Strong,0.627040863037109
2,42,Strict,0.632047653198242
2,42,Gentle,0.632047653198242
2,452,Gentle,0.545024871826172
2,452,Current,0.640869140625
2,452,Strong,0.563859939575195
2,452,Strict,0.529050827026367
3,358,Gentle,0.749826431274414
3,358,Strong,0.835180282592773
3,358,Strict,0.863075256347656
3,358,Current,0.84686279296875
3,178,Gentle,0.594854354858398
3,178,Current,0.570058822631836
3,178,Strong,0.587940216064453
3,178,Strict,3.57985496520996
2,116,Strong,0.982999801635742
2,116,Strict,0.792026519775391
2,116,Gentle,0.654935836791992
2,116,Current,0.690937042236328
2,35,Strong,0.587940216064453
2,35,Gentle,0.591039657592773
2,35,Strict,0.585079193115234
2,35,Current,0.5950927734375
2,560,Strong,0.572919845581055
2,560,Strict,0.574827194213867
2,560,Current,0.566959381103516
2,560,Gentle,0.698089599609375
2,370,Strong,0.56910514831543
2,370,Gentle,0.540018081665039
2,370,Current,0.555992126464844
2,370,Strict,0.549077987670898
2,587,Strong,0.570058822631836
2,587,Gentle,0.572919845581055
2,587,Current,0.562906265258789
2,587,Strict,0.561952590942383
1,564,Strict,0.578165054321289
1,564,Current,0.575065612792969
1,564,Gentle,0.557184219360352
1,564,Strong,0.574111938476563
1,71,Current,0.586986541748047
1,71,Gentle,0.664949417114258
1,71,Strong,0.551939010620117
1,71,Strict,0.523090362548828
3,550,Current,0.554800033569336
3,550,Strict,0.53715705871582
3,550,Strong,0.524044036865234
3,550,Gentle,0.514984130859375
2,20,Strong,0.598907470703125
2,20,Gentle,0.489950180053711
2,20,Strict,0.501871109008789
2,20,Current,0.513076782226563
1,126,Strict,0.613927841186523
1,126,Current,0.540018081665039
1,126,Gentle,0.532865524291992
1,126,Strong,0.5340576171875
1,160,Current,0.705957412719727
1,160,Strict,0.661849975585938
1,160,Strong,0.622987747192383
1,160,Gentle,0.618934631347656
3,570,Strict,0.53095817565918
3,570,Gentle,0.527858734130859
3,570,Current,0.521183013916016
3,570,Strong,0.536918640136719
3,266,Gentle,0.545978546142578
3,266,Strict,0.519990921020508
3,266,Current,0.523090362548828
3,266,Strong,0.520944595336914
1,45,Gentle,0.504970550537109
1,45,Strong,0.491142272949219
1,45,Strict,0.488042831420898
1,45,Current,0.49591064453125
3,105,Strong,0.629901885986328
3,105,Gentle,0.53095817565918
3,105,Current,0.536918640136719
3,105,Strict,0.517845153808594
3,259,Current,0.550031661987305
3,259,Strong,0.510931015014648
3,259,Gentle,0.55694580078125
3,259,Strict,0.519990921020508
1,79,Gentle,0.524997711181641
1,79,Strict,0.530004501342773
1,79,Strong,0.525951385498047
1,79,Current,0.524044036865234
3,163,Strong,0.573873519897461
3,163,Strict,0.541925430297852
3,163,Current,0.552892684936523
3,163,Gentle,0.552892684936523
2,426,Current,0.571012496948242
2,426,Strict,0.533103942871094
2,426,Gentle,0.514030456542969
2,426,Strong,0.518083572387695
1,198,Current,0.62108039855957
1,198,Gentle,0.62108039855957
1,198,Strong,0.624895095825195
1,198,Strict,0.627994537353516
2,130,Strong,0.735998153686523
2,130,Current,0.791072845458984
2,130,Gentle,0.838994979858398
2,130,Strict,0.905990600585938
2,48,Gentle,0.720977783203125
2,48,Strong,0.773906707763672
2,48,Current,0.653982162475586
2,48,Strict,0.595808029174805
2,509,Gentle,0.573158264160156
2,509,Strong,0.497102737426758
2,509,Current,0.505924224853516
2,509,Strict,3.2038688659668
2,263,Strong,0.90789794921875
2,263,Strict,0.796794891357422
2,263,Gentle,0.65302848815918
2,263,Current,0.648021697998047
3,94,Strong,0.618934631347656
3,94,Current,0.598907470703125
3,94,Gentle,0.586032867431641
3,94,Strict,0.588893890380859
3,567,Current,0.577926635742188
3,567,Strong,0.565052032470703
3,567,Strict,0.56004524230957
3,567,Gentle,0.55694580078125
3,456,Strict,0.608205795288086
3,456,Current,0.566005706787109
3,456,Strong,0.563144683837891
3,456,Gentle,0.540971755981445
3,357,Current,0.655889511108398
3,357,Strict,0.568151473999023
3,357,Strong,0.575065612792969
3,357,Gentle,0.551939010620117
2,198,Strong,0.662088394165039
2,198,Current,0.667095184326172
2,198,Strict,0.655889511108398
2,198,Gentle,0.639915466308594
1,451,Current,0.566005706787109
1,451,Gentle,0.540971755981445
1,451,Strict,0.545978546142578
1,451,Strong,0.540971755981445
2,447,Gentle,0.536918640136719
2,447,Strict,0.51116943359375
2,447,Strong,0.593900680541992
2,447,Current,0.551939010620117
1,544,Gentle,0.538110733032227
1,544,Current,0.520944595336914
1,544,Strong,0.521183013916016
1,544,Strict,0.518798828125
2,273,Strong,0.589847564697266
2,273,Strict,0.535964965820313
2,273,Gentle,0.509977340698242
2,273,Current,0.496864318847656
1,41,Strict,0.572919845581055
1,41,Current,0.551223754882813
1,41,Gentle,0.509023666381836
1,41,Strong,0.523090362548828
3,341,Gentle,0.536203384399414
3,341,Strong,0.533103942871094
3,341,Strict,0.615835189819336
3,341,Current,0.553131103515625
1,173,Strict,0.543117523193359
1,173,Current,0.537872314453125
1,173,Strong,0.524997711181641
1,173,Gentle,0.520944595336914
2,583,Strong,0.612020492553711
2,583,Current,0.628948211669922
2,583,Strict,0.61488151550293
2,583,Gentle,0.616073608398438
3,517,Gentle,0.535964965820313
3,517,Strong,0.499963760375977
3,517,Current,0.519037246704102
3,517,Strict,0.526189804077148
1,197,Strong,0.5340576171875
1,197,Gentle,0.681877136230469
1,197,Strict,0.690937042236328
1,197,Current,0.543832778930664
2,151,Strong,0.546932220458984
2,151,Gentle,0.526905059814453
2,151,Strict,0.526905059814453
2,151,Current,0.55694580078125
2,479,Strict,0.543117523193359
2,479,Strong,0.533819198608398
2,479,Current,0.557184219360352
2,479,Gentle,0.523090362548828
2,128,Gentle,0.535011291503906
2,128,Current,0.535964965820313
2,128,Strong,0.53095817565918
2,128,Strict,0.535964965820313
2,139,Current,0.566005706787109
2,139,Strong,0.560998916625977
2,139,Strict,0.513076782226563
2,139,Gentle,0.519990921020508
1,98,Gentle,0.550985336303711
1,98,Current,0.535964965820313
1,98,Strict,0.532865524291992
1,98,Strong,0.540018081665039
3,325,Strict,0.550031661987305
3,325,Current,0.550031661987305
3,325,Strong,0.524997711181641
3,325,Gentle,0.58293342590332
1,51,Strict,0.688076019287109
1,51,Current,0.657081604003906
1,51,Gentle,0.617027282714844
1,51,Strong,3.58104705810547
2,499,Strong,0.834226608276367
2,499,Strict,0.846147537231445
2,499,Current,0.597000122070313
2,499,Gentle,0.581979751586914
2,86,Strict,0.585079193115234
2,86,Gentle,0.571012496948242
2,86,Strong,0.570058822631836
2,86,Current,0.583887100219727
3,185,Gentle,0.628948211669922
3,185,Strict,0.581979751586914
3,185,Strong,0.56004524230957
3,185,Current,0.569820404052734
1,92,Strong,0.602960586547852
1,92,Strict,0.626802444458008
1,92,Gentle,0.577926635742188
1,92,Current,0.570058822631836
1,237,Current,0.594139099121094
1,237,Strict,0.585079193115234
1,237,Strong,0.580072402954102
1,237,Gentle,0.56004524230957
3,234,Strict,0.579833984375
3,234,Current,0.583887100219727
3,234,Strong,0.581026077270508
3,234,Gentle,0.597953796386719
2,192,Gentle,0.579118728637695
2,192,Strict,0.574111938476563
2,192,Strong,0.549793243408203
2,192,Current,0.571966171264648
3,63,Strict,0.548124313354492
3,63,Gentle,0.540971755981445
3,63,Strong,0.518083572387695
3,63,Current,0.5340576171875
3,79,Strict,0.573873519897461
3,79,Current,0.547885894775391
3,79,Gentle,0.548124313354492
3,79,Strong,0.53095817565918
3,436,Strict,0.536203384399414
3,436,Current,0.55694580078125
3,436,Gentle,0.689029693603516
3,436,Strong,0.580072402954102
3,549,Strong,0.672101974487305
3,549,Current,0.598907470703125
3,549,Gentle,0.859975814819336
3,549,Strict,0.938177108764648
3,542,Current,1.04022026062012
3,542,Strong,0.885963439941406
3,542,Gentle,0.650882720947266
3,542,Strict,0.647068023681641
1,398,Strict,0.547170639038086
1,398,Strong,0.629186630249023
1,398,Current,0.572919845581055
1,398,Gentle,0.53095817565918
3,497,Strong,0.55384635925293
3,497,Gentle,0.53095817565918
3,497,Strict,0.519990921020508
3,497,Current,0.540971755981445
1,66,Strict,0.575065612792969
1,66,Current,0.567197799682617
1,66,Strong,0.555038452148438
1,66,Gentle,0.563859939575195
3,21,Gentle,0.581026077270508
3,21,Current,0.531911849975586
3,21,Strong,0.530004501342773
3,21,Strict,0.518083572387695
2,100,Gentle,0.670194625854492
2,100,Strict,0.597000122070313
2,100,Current,0.56910514831543
2,100,Strong,0.53095817565918
3,159,Current,0.555038452148438
3,159,Strict,0.5340576171875
3,159,Strong,0.552892684936523
3,159,Gentle,0.526189804077148
3,452,Gentle,0.535964965820313
3,452,Strong,0.530004501342773
3,452,Current,0.52189826965332
3,452,Strict,0.517845153808594
1,326,Strict,0.550985336303711
1,326,Strong,0.540971755981445
1,326,Current,0.541925430297852
1,326,Gentle,0.544071197509766
1,522,Strict,0.552177429199219
1,522,Strong,0.56004524230957
1,522,Current,0.545978546142578
1,522,Gentle,0.519990921020508
2,433,Current,0.561952590942383
2,433,Strong,0.58293342590332
2,433,Gentle,0.542163848876953
2,433,Strict,0.519037246704102
1,34,Strict,0.536203384399414
1,34,Gentle,0.524997711181641
1,34,Strong,3.53789329528809
1,34,Current,0.891208648681641
3,158,Gentle,0.716924667358398
3,158,Strong,0.566005706787109
3,158,Strict,0.55384635925293
3,158,Current,0.581026077270508
3,35,Strict,0.592231750488281
3,35,Strong,0.567913055419922
3,35,Gentle,0.563859939575195
3,35,Current,0.604867935180664
1,103,Current,0.587940216064453
1,103,Strong,0.559806823730469
1,103,Gentle,0.559091567993164
1,103,Strict,0.579118728637695
2,175,Strict,0.907182693481445
2,175,Strong,0.593900680541992
2,175,Gentle,0.572919845581055
2,175,Current,0.575065612792969
2,120,Strong,0.69880485534668
2,120,Current,0.588893890380859
2,120,Gentle,0.584125518798828
2,120,Strict,0.571966171264648
3,560,Strict,0.577926635742188
3,560,Current,0.562906265258789
3,560,Gentle,0.545978546142578
3,560,Strong,0.55694580078125
3,217,Strong,0.555038452148438
3,217,Gentle,0.525951385498047
3,217,Strict,0.628948211669922
3,217,Current,0.551939010620117
1,504,Gentle,0.519990921020508
1,504,Strong,0.501871109008789
1,504,Current,0.513792037963867
1,504,Strict,0.514984130859375
2,398,Strict,0.539064407348633
2,398,Strong,0.540018081665039
2,398,Current,0.533103942871094
2,398,Gentle,0.53095817565918
3,503,Strong,0.544071197509766
3,503,Current,0.590085983276367
3,503,Gentle,0.514030456542969
3,503,Strict,0.523090362548828
1,266,Current,0.578165054321289
1,266,Strong,0.689983367919922
1,266,Strict,0.699996948242188
1,266,Gentle,0.536918640136719
1,83,Current,0.647068023681641
1,83,Gentle,0.636100769042969
1,83,Strong,0.615835189819336
1,83,Strict,0.645875930786133
1,141,Strong,0.532865524291992
1,141,Current,0.527143478393555
1,141,Gentle,0.535964965820313
1,141,Strict,0.530004501342773
3,238,Gentle,0.538110733032227
3,238,Current,0.540971755981445
3,238,Strong,0.526189804077148
3,238,Strict,0.513076782226563
2,228,Gentle,0.641107559204102
2,228,Current,0.543832778930664
2,228,Strict,0.531911849975586
2,228,Strong,0.539064407348633
2,117,Strong,0.562906265258789
2,117,Gentle,0.578880310058594
2,117,Current,0.573873519897461
2,117,Strict,0.554084777832031
3,594,Strict,0.56910514831543
3,594,Current,0.546932220458984
3,594,Strong,0.545978546142578
3,594,Gentle,0.522136688232422
1,371,Gentle,0.633001327514648
1,371,Strict,0.633955001831055
1,371,Current,0.638008117675781
1,371,Strong,0.67901611328125
2,506,Current,0.641107559204102
2,506,Strong,0.646114349365234
2,506,Strict,0.627994537353516
2,506,Gentle,0.622987747192383
2,216,Gentle,0.554800033569336
2,216,Current,0.555992126464844
2,216,Strong,0.533819198608398
2,216,Strict,0.5340576171875
3,287,Gentle,0.554084777832031
3,287,Current,0.536918640136719
3,287,Strong,0.509977340698242
3,287,Strict,0.5340576171875
2,340,Current,0.544071197509766
2,340,Strong,0.725984573364258
2,340,Gentle,0.572919845581055
2,340,Strict,0.523090362548828
1,133,Gentle,0.540971755981445
1,133,Strong,3.24416160583496
1,133,Current,0.932931900024414
1,133,Strict,0.782012939453125
2,458,Gentle,0.586986541748047
2,458,Current,0.574111938476563
2,458,Strong,0.565052032470703
2,458,Strict,0.660896301269531
3,474,Current,0.602960586547852
3,474,Strict,0.586032867431641
3,474,Strong,0.58293342590332
3,474,Gentle,0.571012496948242
1,8,Current,0.604867935180664
1,8,Gentle,0.566959381103516
1,8,Strict,0.56004524230957
1,8,Strong,0.576019287109375
1,243,Current,0.597000122070313
1,243,Gentle,0.617027282714844
1,243,Strict,0.547885894775391
1,243,Strong,0.567913055419922
3,224,Strict,0.586986541748047
3,224,Strong,0.663042068481445
3,224,Current,0.592947006225586
3,224,Gentle,0.56004524230957
2,80,Strict,0.576972961425781
2,80,Gentle,0.580072402954102
2,80,Strong,0.566005706787109
2,80,Current,0.541925430297852
3,354,Strong,0.54621696472168
3,354,Strict,0.533103942871094
3,354,Gentle,0.520944595336914
3,354,Current,0.526905059814453
1,408,Current,0.636100769042969
1,408,Gentle,0.637054443359375
1,408,Strict,0.650882720947266
1,408,Strong,0.743865966796875
1,257,Strict,0.55694580078125
1,257,Strong,0.517845153808594
1,257,Current,0.658035278320313
1,257,Gentle,0.541925430297852
2,306,Strict,0.551939010620117
2,306,Current,0.584125518798828
2,306,Gentle,0.530004501342773
2,306,Strong,0.529050827026367
3,100,Strict,0.548124313354492
3,100,Gentle,0.545978546142578
3,100,Current,0.545978546142578
3,100,Strong,0.524997711181641
2,346,Strong,0.533103942871094
2,346,Strict,0.545978546142578
2,346,Current,0.601053237915039
2,346,Gentle,0.535011291503906
2,123,Gentle,0.555038452148438
2,123,Current,0.540971755981445
2,123,Strong,0.545024871826172
2,123,Strict,0.544071197509766
3,192,Strong,0.562906265258789
3,192,Strict,0.555038452148438
3,192,Gentle,0.55694580078125
3,192,Current,0.571966171264648
3,156,Current,0.560998916625977
3,156,Strong,0.536918640136719
3,156,Gentle,0.536918640136719
3,156,Strict,0.542163848876953
1,294,Strong,0.554084777832031
1,294,Strict,0.524997711181641
1,294,Current,0.663042068481445
1,294,Gentle,0.555038452148438
2,387,Strong,0.535011291503906
2,387,Strict,0.520944595336914
2,387,Current,0.521183013916016
2,387,Gentle,0.520944595336914
3,124,Gentle,0.552177429199219
3,124,Strong,0.555038452148438
3,124,Current,0.550031661987305
3,124,Strict,0.542879104614258
1,482,Strong,0.553131103515625
1,482,Gentle,0.53715705871582
1,482,Current,0.524997711181641
1,482,Strict,0.522851943969727
1,291,Strict,0.53095817565918
1,291,Strong,0.620126724243164
1,291,Current,0.558853149414063
1,291,Gentle,0.539064407348633
1,174,Current,0.551939010620117
1,174,Gentle,0.541925430297852
1,174,Strict,0.535011291503906
1,174,Strong,0.509977340698242
3,434,Current,0.545978546142578
3,434,Strong,0.550985336303711
3,434,Strict,0.538110733032227
3,434,Gentle,0.503778457641602
2,196,Strong,0.624895095825195
2,196,Gentle,0.99492073059082
2,196,Strict,0.821113586425781
2,196,Current,0.663042068481445
1,448,Strong,0.578880310058594
1,448,Current,0.583887100219727
1,448,Gentle,0.584125518798828
1,448,Strict,0.564813613891602
3,261,Current,0.568866729736328
3,261,Strong,0.568151473999023
3,261,Strict,0.573873519897461
3,261,Gentle,0.550031661987305
3,67,Current,0.617027282714844
3,67,Strong,0.666141510009766
3,67,Gentle,0.596046447753906
3,67,Strict,0.599145889282227
2,373,Gentle,0.586032867431641
2,373,Strong,0.562906265258789
2,373,Strict,0.604152679443359
2,373,Current,0.629901885986328
2,462,Gentle,0.600099563598633
2,462,Strict,0.59199333190918
2,462,Current,0.583887100219727
2,462,Strong,0.59199333190918
1,457,Current,0.586032867431641
1,457,Gentle,0.550031661987305
1,457,Strong,0.531911849975586
1,457,Strict,0.544071197509766
1,429,Gentle,0.566005706787109
1,429,Current,0.553131103515625
1,429,Strict,0.532865524291992
1,429,Strong,0.52189826965332
2,145,Strict,0.56004524230957
2,145,Gentle,0.58293342590332
2,145,Strong,0.558137893676758
2,145,Current,0.55694580078125
1,477,Gentle,0.537872314453125
1,477,Strict,0.514984130859375
1,477,Current,0.535964965820313
1,477,Strong,0.53095817565918
2,388,Gentle,0.514030456542969
2,388,Strict,0.507831573486328
2,388,Current,0.512123107910156
2,388,Strong,0.589847564697266
1,345,Strong,0.860929489135742
1,345,Strict,0.669956207275391
1,345,Gentle,0.603914260864258
1,345,Current,0.5950927734375
3,128,Gentle,0.559806823730469
3,128,Current,0.592947006225586
3,128,Strong,0.576972961425781
3,128,Strict,0.52189826965332
2,579,Current,0.540971755981445
2,579,Strong,0.540971755981445
2,579,Gentle,0.538110733032227
2,579,Strict,0.510931015014648
2,597,Gentle,0.757932662963867
2,597,Current,0.753164291381836
2,597,Strong,0.680208206176758
2,597,Strict,0.662088394165039
2,135,Gentle,0.576019287109375
2,135,Strict,0.586986541748047
2,135,Strong,0.564813613891602
2,135,Current,0.57220458984375
3,204,Current,0.589132308959961
3,204,Strict,0.548124313354492
3,204,Strong,0.605106353759766
3,204,Gentle,0.709056854248047
1,322,Gentle,0.551939010620117
1,322,Strong,0.545024871826172
1,322,Current,0.524044036865234
1,322,Strict,0.607967376708984
2,103,Strong,0.553131103515625
2,103,Strict,0.538110733032227
2,103,Current,0.524044036865234
2,103,Gentle,0.509977340698242
1,491,Gentle,0.548124313354492
1,491,Current,0.544071197509766
1,491,Strong,0.5340576171875
1,491,Strict,0.559091567993164
2,92,Strict,0.524997711181641
2,92,Strong,0.515937805175781
2,92,Gentle,0.546932220458984
2,92,Current,0.5340576171875
1,552,Strong,0.53715705871582
1,552,Strict,0.555038452148438
1,552,Current,0.61798095703125
1,552,Gentle,0.525951385498047
3,392,Strict,0.576972961425781
3,392,Gentle,0.545978546142578
3,392,Current,0.525951385498047
3,392,Strong,0.530004501342773
2,519,Strict,0.962018966674805
2,519,Current,0.812053680419922
2,519,Gentle,0.651121139526367
2,519,Strong,0.593185424804688
2,271,Strict,0.667095184326172
2,271,Strong,0.586032867431641
2,271,Gentle,0.566005706787109
2,271,Current,0.56910514831543
3,534,Strict,0.592947006225586
3,534,Strong,0.577926635742188
3,534,Current,0.589847564697266
3,534,Gentle,0.578165054321289
1,252,Strict,0.576019287109375
1,252,Gentle,0.584125518798828
1,252,Strong,0.580072402954102
1,252,Current,0.558853149414063
1,187,Strong,0.562191009521484
1,187,Strict,0.588893890380859
1,187,Current,0.666141510009766
1,187,Gentle,0.741004943847656
3,208,Strict,0.624895095825195
3,208,Current,0.673055648803711
3,208,Gentle,0.585794448852539
3,208,Strong,0.55694580078125
3,334,Current,0.671863555908203
3,334,Strong,0.63014030456543
3,334,Gentle,0.624895095825195
3,334,Strict,0.628948211669922
1,94,Gentle,0.561952590942383
1,94,Strong,0.604152679443359
1,94,Current,0.574111938476563
1,94,Strict,0.545978546142578
2,385,Gentle,0.650882720947266
2,385,Strong,0.553131103515625
2,385,Strict,0.528812408447266
2,385,Current,0.542163848876953
1,29,Strict,0.555038452148438
1,29,Strong,0.551223754882813
1,29,Current,0.563859939575195
1,29,Gentle,0.541925430297852
3,507,Gentle,0.529050827026367
3,507,Strong,0.545978546142578
3,507,Current,0.581979751586914
3,507,Strict,0.595808029174805
2,405,Current,0.566959381103516
2,405,Gentle,0.545978546142578
2,405,Strict,0.5340576171875
2,405,Strong,0.636100769042969
2,205,Current,0.566959381103516
2,205,Strong,0.550031661987305
2,205,Gentle,0.545978546142578
2,205,Strict,0.533819198608398
2,511,Strong,0.528812408447266
2,511,Gentle,0.529766082763672
2,511,Current,0.5340576171875
2,511,Strict,0.526189804077148
2,541,Strong,0.579833984375
2,541,Gentle,0.532150268554688
2,541,Current,0.536918640136719
2,541,Strict,0.531911849975586
3,352,Strong,0.536918640136719
3,352,Gentle,0.546932220458984
3,352,Strict,0.599145889282227
3,352,Current,0.566005706787109
1,35,Current,0.558137893676758
1,35,Strong,0.522136688232422
1,35,Strict,0.535964965820313
1,35,Gentle,0.511884689331055
2,279,Strict,0.701189041137695
2,279,Current,0.634908676147461
2,279,Gentle,0.622987747192383
2,279,Strong,0.630855560302734
2,266,Strict,0.546932220458984
2,266,Current,0.612974166870117
2,266,Strong,0.628948211669922
2,266,Gentle,0.611066818237305
3,109,Strict,0.559091567993164
3,109,Strong,0.601053237915039
3,109,Gentle,0.529050827026367
3,109,Current,0.529050827026367
1,555,Strict,0.519037246704102
1,555,Gentle,0.485897064208984
1,555,Current,0.493049621582031
1,555,Strong,0.507116317749023
3,441,Current,0.5340576171875
3,441,Strong,0.517845153808594
3,441,Strict,0.533819198608398
3,441,Gentle,0.532865524291992
3,422,Strong,0.580787658691406
3,422,Strict,0.542163848876953
3,422,Current,2.87699699401855
3,422,Gentle,0.955104827880859
2,287,Strict,0.811100006103516
2,287,Gentle,0.620841979980469
2,287,Current,0.583887100219727
2,287,Strong,0.569820404052734
2,52,Gentle,0.581979751586914
2,52,Strong,0.561952590942383
2,52,Current,0.559091567993164
2,52,Strict,0.572919845581055
1,201,Gentle,0.588893890380859
1,201,Current,0.597953796386719
1,201,Strong,0.634193420410156
1,201,Strict,0.608921051025391
1,115,Strict,0.598907470703125
1,115,Strong,0.59819221496582
1,115,Gentle,0.568866729736328
1,115,Current,0.568866729736328
2,262,Gentle,0.568151473999023
2,262,Strict,0.575065612792969
2,262,Strong,0.566005706787109
2,262,Current,0.581026077270508
1,122,Strong,0.64396858215332
1,122,Current,0.578165054321289
1,122,Strict,0.564813613891602
1,122,Gentle,0.608921051025391
1,281,Strong,0.564098358154297
1,281,Gentle,0.566005706787109
1,281,Strict,0.531196594238281
1,281,Current,0.527143478393555
2,530,Gentle,0.547885894775391
2,530,Current,0.537872314453125
2,530,Strict,0.513076782226563
2,530,Strong,0.517129898071289
2,232,Current,0.541925430297852
2,232,Strong,0.527143478393555
2,232,Gentle,0.540971755981445
2,232,Strict,0.52189826965332
3,370,Strong,0.510931015014648
3,370,Strict,0.514030456542969
3,370,Current,0.492095947265625
3,370,Gentle,0.503063201904297
3,90,Strong,0.604867935180664
3,90,Current,0.586986541748047
3,90,Gentle,0.540018081665039
3,90,Strict,0.557899475097656
3,300,Gentle,0.535011291503906
3,300,Current,0.540018081665039
3,300,Strong,0.540018081665039
3,300,Strict,0.520944595336914
1,207,Strong,0.530004501342773
1,207,Gentle,0.533103942871094
1,207,Current,0.532865524291992
1,207,Strict,0.524044036865234
1,403,Strict,0.530004501342773
1,403,Gentle,0.537872314453125
1,403,Strong,0.538825988769531
1,403,Current,0.515937805175781
1,179,Gentle,0.57220458984375
1,179,Strict,0.52189826965332
1,179,Strong,0.520944595336914
1,179,Current,0.540018081665039
1,428,Current,0.540971755981445
1,428,Strong,0.515937805175781
1,428,Strict,0.524044036865234
1,428,Gentle,0.521183013916016
1,424,Gentle,0.53095817565918
1,424,Strong,0.5340576171875
1,424,Current,0.533103942871094
1,424,Strict,0.529050827026367
2,72,Current,0.524997711181641
2,72,Strong,0.493049621582031
2,72,Gentle,0.494003295898438
2,72,Strict,0.494956970214844
1,131,Gentle,0.652074813842773
1,131,Current,0.619888305664063
1,131,Strict,0.612974166870117
1,131,Strong,0.617027282714844
1,531,Current,0.571966171264648
1,531,Strong,0.56910514831543
1,531,Gentle,0.563144683837891
1,531,Strict,0.55694580078125
3,120,Strong,0.546932220458984
3,120,Current,0.537872314453125
3,120,Strict,0.502824783325195
3,120,Gentle,0.500917434692383
2,162,Current,0.550031661987305
2,162,Strict,0.540971755981445
2,162,Strong,0.512123107910156
2,162,Gentle,0.581979751586914
3,490,Gentle,0.545978546142578
3,490,Strong,3.04412841796875
3,490,Current,0.906944274902344
3,490,Strict,0.755071640014648
1,419,Gentle,0.581026077270508
1,419,Strict,0.571012496948242
1,419,Current,0.566959381103516
1,419,Strong,0.555992126464844
1,498,Current,0.573873519897461
1,498,Strong,0.555038452148438
1,498,Gentle,0.553131103515625
1,498,Strict,0.530004501342773
2,284,Gentle,0.566959381103516
2,284,Strong,0.571012496948242
2,284,Strict,0.553131103515625
2,284,Current,0.584840774536133
2,165,Current,0.548839569091797
2,165,Strict,0.550985336303711
2,165,Gentle,0.560998916625977
2,165,Strong,0.545024871826172
2,66,Strong,0.602006912231445
2,66,Current,0.615835189819336
2,66,Gentle,0.597953796386719
2,66,Strict,0.613927841186523
2,528,Gentle,0.571012496948242
2,528,Current,0.567913055419922
2,528,Strict,0.523090362548828
2,528,Strong,0.520944595336914
1,55,Current,0.540018081665039
1,55,Strong,0.572919845581055
1,55,Strict,0.533103942871094
1,55,Gentle,0.504970550537109
1,372,Strong,0.541925430297852
1,372,Gentle,0.542163848876953
1,372,Strict,0.529050827026367
1,372,Current,0.525951385498047
3,13,Strong,0.5340576171875
3,13,Current,0.505924224853516
3,13,Strict,0.520944595336914
3,13,Gentle,0.519990921020508
3,337,Strong,0.552177429199219
3,337,Current,0.522136688232422
3,337,Gentle,0.517129898071289
3,337,Strict,0.543117523193359
3,242,Current,0.55694580078125
3,242,Gentle,0.53095817565918
3,242,Strict,0.546932220458984
3,242,Strong,0.514984130859375
2,532,Gentle,0.520944595336914
2,532,Strict,0.526905059814453
2,532,Current,0.524997711181641
2,532,Strong,0.491857528686523
3,496,Current,0.540971755981445
3,496,Strong,0.520944595336914
3,496,Gentle,0.519037246704102
3,496,Strict,0.545024871826172
3,480,Gentle,0.540971755981445
3,480,Strong,0.519037246704102
3,480,Current,0.548124313354492
3,480,Strict,0.519990921020508
1,391,Gentle,0.49901008605957
1,391,Strong,0.505924224853516
1,391,Strict,0.496149063110352
1,391,Current,0.49591064453125
1,97,Gentle,0.566959381103516
1,97,Strong,0.579833984375
1,97,Strict,0.557899475097656
1,97,Current,0.566005706787109
3,336,Gentle,0.546932220458984
3,336,Current,0.513076782226563
3,336,Strong,0.524997711181641
3,336,Strict,0.535964965820313
3,385,Strict,0.540018081665039
3,385,Current,0.550031661987305
3,385,Gentle,0.814914703369141
3,385,Strong,0.545978546142578
2,71,Current,0.538110733032227
2,71,Strong,0.536918640136719
2,71,Strict,0.528812408447266
2,71,Gentle,0.519990921020508
1,39,Current,0.542163848876953
1,39,Strict,0.587940216064453
1,39,Strong,0.498056411743164
1,39,Gentle,0.517845153808594
1,386,Strong,0.54621696472168
1,386,Gentle,0.529050827026367
1,386,Strict,0.630855560302734
1,386,Current,0.5340576171875
1,203,Strict,0.579833984375
1,203,Current,0.546932220458984
1,203,Strong,0.553131103515625
1,203,Gentle,0.54478645324707
2,400,Strong,3.06296348571777
2,400,Current,1.02400779724121
2,400,Gentle,0.757932662963867
2,400,Strict,0.601053237915039
2,492,Current,0.719070434570313
2,492,Strong,0.668048858642578
2,492,Strict,0.663995742797852
2,492,Gentle,0.688076019287109
3,186,Strong,0.638008117675781
3,186,Gentle,0.561952590942383
3,186,Strict,0.579118728637695
3,186,Current,0.550985336303711
3,469,Gentle,0.567913055419922
3,469,Strict,0.586986541748047
3,469,Current,0.571966171264648
3,469,Strong,0.560998916625977
3,526,Strict,0.581026077270508
3,526,Gentle,0.639915466308594
3,526,Strong,0.599145889282227
3,526,Current,0.577926635742188
1,559,Strict,0.562906265258789
1,559,Strong,0.579833984375
1,559,Current,0.562906265258789
1,559,Gentle,0.553131103515625
2,102,Strong,0.578880310058594
2,102,Gentle,0.533103942871094
2,102,Current,0.517129898071289
2,102,Strict,0.516891479492188
1,399,Strict,0.56910514831543
1,399,Gentle,0.535964965820313
1,399,Strong,0.543117523193359
1,399,Current,0.576972961425781
3,220,Gentle,0.666141510009766
3,220,Strong,0.663042068481445
3,220,Current,0.572919845581055
3,220,Strict,0.55384635925293
2,402,Strong,0.531911849975586
2,402,Gentle,0.600099563598633
2,402,Strict,0.541925430297852
2,402,Current,0.526189804077148
1,330,Strong,0.566959381103516
1,330,Current,0.559091567993164
1,330,Gentle,0.527143478393555
1,330,Strict,0.546932220458984
2,515,Strict,0.550985336303711
2,515,Gentle,0.629901885986328
2,515,Strong,0.56910514831543
2,515,Current,0.566005706787109
1,523,Gentle,0.555992126464844
1,523,Current,0.553131103515625
1,523,Strict,0.519037246704102
1,523,Strong,0.539064407348633
1,137,Strong,0.571966171264648
1,137,Gentle,0.563859939575195
1,137,Current,0.541925430297852
1,137,Strict,0.535011291503906
1,188,Current,0.555038452148438
1,188,Strong,0.560998916625977
1,188,Gentle,0.515937805175781
1,188,Strict,0.535011291503906
2,148,Strict,0.690937042236328
2,148,Gentle,0.667095184326172
2,148,Strong,0.700950622558594
2,148,Current,0.629901885986328
2,174,Current,0.550031661987305
2,174,Strict,0.519037246704102
2,174,Gentle,0.513076782226563
2,174,Strong,0.511884689331055
1,476,Strong,0.693082809448242
1,476,Current,0.779151916503906
1,476,Strict,0.696897506713867
1,476,Gentle,0.685214996337891
3,170,Gentle,0.550985336303711
3,170,Current,0.561952590942383
3,170,Strong,0.524044036865234
3,170,Strict,0.543117523193359
2,304,Strong,0.571966171264648
2,304,Current,0.5340576171875
2,304,Strict,0.511884689331055
2,304,Gentle,0.527858734130859
1,344,Strong,0.540018081665039
1,344,Strict,0.533819198608398
1,344,Current,0.551939010620117
1,344,Gentle,0.526905059814453
3,439,Gentle,0.535964965820313
3,439,Strict,0.536918640136719
3,439,Strong,0.509023666381836
3,439,Current,0.523090362548828
3,512,Current,0.538110733032227
3,512,Gentle,0.535011291503906
3,512,Strict,3.22508811950684
3,512,Strong,1.17897987365723
1,235,Strong,0.880002975463867
1,235,Current,0.647068023681641
1,235,Gentle,0.584125518798828
1,235,Strict,0.562906265258789
3,193,Strong,0.545024871826172
3,193,Gentle,0.550031661987305
3,193,Strict,0.539064407348633
3,193,Current,0.540971755981445
2,410,Strict,0.604152679443359
2,410,Current,0.611066818237305
2,410,Gentle,0.609159469604492
2,410,Strong,0.607967376708984
2,531,Gentle,0.598907470703125
2,531,Current,0.581026077270508
2,531,Strong,0.576972961425781
2,531,Strict,0.573158264160156
3,78,Current,0.589847564697266
3,78,Strict,0.604867935180664
3,78,Gentle,0.564098358154297
3,78,Strong,0.578880310058594
3,81,Strong,0.578165054321289
3,81,Current,0.571012496948242
3,81,Gentle,0.573158264160156
3,81,Strict,0.587940216064453
1,286,Strict,0.545024871826172
1,286,Gentle,0.540018081665039
1,286,Strong,0.529050827026367
1,286,Current,0.538825988769531
1,69,Strong,0.552177429199219
1,69,Gentle,0.535011291503906
1,69,Current,0.540018081665039
1,69,Strict,0.524997711181641
2,94,Gentle,0.555038452148438
2,94,Current,0.576972961425781
2,94,Strong,0.566005706787109
2,94,Strict,0.554084777832031
1,91,Strict,0.561952590942383
1,91,Strong,0.569820404052734
1,91,Current,0.597953796386719
1,91,Gentle,0.536918640136719
2,274,Strict,0.545024871826172
2,274,Strong,1.04403495788574
2,274,Current,0.690937042236328
2,274,Gentle,0.653982162475586
1,120,Strict,0.590085983276367
1,120,Strong,0.555992126464844
1,120,Gentle,0.566005706787109
1,120,Current,0.581026077270508
3,447,Strong,0.56004524230957
3,447,Current,0.584125518798828
3,447,Gentle,0.571012496948242
3,447,Strict,0.64396858215332
1,367,Gentle,0.584125518798828
1,367,Strict,0.561952590942383
1,367,Current,0.570058822631836
1,367,Strong,0.57220458984375
2,296,Gentle,0.610113143920898
2,296,Strict,0.574111938476563
2,296,Current,0.579118728637695
2,296,Strong,0.535011291503906
3,379,Strict,0.56910514831543
3,379,Strong,0.571966171264648
3,379,Gentle,0.562906265258789
3,379,Current,0.549077987670898
3,277,Current,0.819921493530273
3,277,Gentle,0.949859619140625
3,277,Strong,0.845909118652344
3,277,Strict,0.794887542724609
1,106,Strict,0.602006912231445
1,106,Strong,0.567913055419922
1,106,Current,0.576019287109375
1,106,Gentle,0.565052032470703
3,431,Strict,0.573158264160156
3,431,Strong,0.574111938476563
3,431,Gentle,0.56004524230957
3,431,Current,0.555992126464844
2,393,Gentle,0.563144683837891
2,393,Current,0.571966171264648
2,393,Strict,0.559091567993164
2,393,Strong,0.694990158081055
2,283,Gentle,0.608921051025391
2,283,Strict,0.562906265258789
2,283,Strong,0.694990158081055
2,283,Current,0.595808029174805
1,231,Strong,0.571012496948242
1,231,Gentle,0.61798095703125
1,231,Strict,0.547885894775391
1,231,Current,0.55384635925293
3,400,Gentle,0.619888305664063
3,400,Strong,3.62110137939453
3,400,Strict,0.824928283691406
3,400,Current,0.67591667175293
1,432,Current,0.597953796386719
1,432,Strict,0.571966171264648
1,432,Gentle,0.56910514831543
1,432,Strong,0.58293342590332
1,385,Strict,0.591039657592773
1,385,Current,0.586032867431641
1,385,Strong,0.642061233520508
1,385,Gentle,0.59199333190918
3,171,Strong,0.587940216064453
3,171,Current,0.591039657592773
3,171,Strict,0.675201416015625
3,171,Gentle,0.604152679443359
3,59,Current,0.580072402954102
3,59,Strict,0.563144683837891
3,59,Gentle,0.555992126464844
3,59,Strong,0.557899475097656
1,418,Strong,0.576019287109375
1,418,Gentle,0.597000122070313
1,418,Strict,0.558853149414063
1,418,Current,0.575065612792969
2,246,Strong,0.583171844482422
2,246,Strict,0.559091567993164
2,246,Gentle,0.540018081665039
2,246,Current,0.545978546142578
3,77,Strict,0.5340576171875
3,77,Gentle,0.637054443359375
3,77,Strong,0.573873519897461
3,77,Current,0.528097152709961
3,289,Gentle,0.536918640136719
3,289,Strong,0.549077987670898
3,289,Strict,0.576019287109375
3,289,Current,0.622987747192383
1,488,Strict,0.551939010620117
1,488,Gentle,0.519990921020508
1,488,Current,0.524044036865234
1,488,Strong,0.524044036865234
2,484,Strong,0.654935836791992
2,484,Current,0.634908676147461
2,484,Strict,0.630855560302734
2,484,Gentle,0.609159469604492
2,75,Gentle,0.586986541748047
2,75,Current,0.550985336303711
2,75,Strong,0.544071197509766
2,75,Strict,0.539064407348633
3,154,Current,0.756978988647461
3,154,Gentle,0.767946243286133
3,154,Strict,0.758886337280273
3,154,Strong,0.78892707824707
2,507,Current,0.576972961425781
2,507,Gentle,0.537872314453125
2,507,Strict,0.515937805175781
2,507,Strong,0.52189826965332
3,599,Current,0.536918640136719
3,599,Strong,0.764131546020508
3,599,Gentle,0.718116760253906
3,599,Strict,0.685930252075195
2,342,Current,0.574827194213867
2,342,Gentle,0.546932220458984
2,342,Strong,0.538110733032227
2,342,Strict,0.532865524291992
1,349,Strict,0.550031661987305
1,349,Current,0.537872314453125
1,349,Gentle,0.532150268554688
1,349,Strong,0.532865524291992
1,404,Current,0.80108642578125
1,404,Strong,0.775814056396484
1,404,Gentle,0.771045684814453
1,404,Strict,0.88810920715332
1,215,Gentle,0.560998916625977
1,215,Strong,0.542879104614258
1,215,Current,0.545978546142578
1,215,Strict,0.525951385498047
1,464,Gentle,0.542163848876953
1,464,Current,0.53095817565918
1,464,Strict,0.530004501342773
1,464,Strong,0.536918640136719
1,140,Gentle,0.746965408325195
1,140,Strict,0.808954238891602
1,140,Current,0.761032104492188
1,140,Strong,0.761032104492188
3,383,Gentle,0.83613395690918
3,383,Strict,0.76603889465332
3,383,Strong,0.751972198486328
3,383,Current,0.780105590820313
2,324,Current,0.608921051025391
2,324,Strict,0.547170639038086
2,324,Strong,0.567913055419922
2,324,Gentle,3.53503227233887
2,350,Gentle,0.864028930664063
2,350,Strong,0.715970993041992
2,350,Current,1.01590156555176
2,350,Strict,0.737905502319336
3,574,Strict,0.591039657592773
3,574,Current,0.663995742797852
3,574,Strong,0.584125518798828
3,574,Gentle,0.583887100219727
3,313,Current,0.591039657592773
3,313,Strong,0.558853149414063
3,313,Gentle,0.555992126464844
3,313,Strict,0.581026077270508
3,54,Current,0.623941421508789
3,54,Strong,0.602006912231445
3,54,Strict,0.642061233520508
3,54,Gentle,0.586032867431641
1,307,Gentle,0.585079193115234
1,307,Strict,0.590085983276367
1,307,Current,0.568866729736328
1,307,Strong,0.562191009521484
3,583,Strict,0.686883926391602
3,583,Current,0.696897506713867
3,583,Strong,0.664949417114258
3,583,Gentle,0.663995742797852
2,160,Current,0.633001327514648
2,160,Strong,0.622987747192383
2,160,Gentle,0.653982162475586
2,160,Strict,0.765085220336914
3,198,Gentle,0.659942626953125
3,198,Strong,0.637054443359375
3,198,Strict,0.677108764648438
3,198,Current,0.638961791992188
3,255,Gentle,0.561952590942383
3,255,Current,0.555992126464844
3,255,Strong,0.530004501342773
3,255,Strict,0.531911849975586
2,471,Gentle,0.55384635925293
2,471,Current,0.553131103515625
2,471,Strict,0.519037246704102
2,471,Strong,0.540971755981445
1,407,Gentle,0.529050827026367
1,407,Strict,0.581026077270508
1,407,Strong,0.568866729736328
1,407,Current,0.524997711181641
1,434,Strong,0.540018081665039
1,434,Current,0.590085983276367
1,434,Gentle,0.543117523193359
1,434,Strict,0.519037246704102
3,508,Strict,0.543117523193359
3,508,Gentle,0.528812408447266
3,508,Current,0.523090362548828
3,508,Strong,0.531196594238281
3,33,Current,0.64396858215332
3,33,Strict,0.56004524230957
3,33,Strong,0.580072402954102
3,33,Gentle,0.687122344970703
2,318,Gentle,0.627994537353516
2,318,Strong,0.629901885986328
2,318,Current,0.607967376708984
2,318,Strict,0.553131103515625
3,272,Strict,0.559091567993164
3,272,Strong,0.540971755981445
3,272,Current,0.543832778930664
3,272,Gentle,0.524997711181641
1,397,Strict,0.535964965820313
1,397,Gentle,0.522136688232422
1,397,Strong,0.529766082763672
1,397,Current,0.545024871826172
3,169,Strong,0.653982162475586
3,169,Gentle,0.631809234619141
3,169,Strict,0.652074813842773
3,169,Current,0.668048858642578
2,364,Gentle,0.555992126464844
2,364,Strict,0.536918640136719
2,364,Current,0.547170639038086
2,364,Strong,0.547885894775391
2,237,Strong,0.597953796386719
2,237,Gentle,0.585079193115234
2,237,Current,0.543832778930664
2,237,Strict,0.53715705871582
2,555,Strict,0.537872314453125
2,555,Current,0.529050827026367
2,555,Gentle,0.492095947265625
2,555,Strong,0.5340576171875
3,104,Strict,0.554084777832031
3,104,Strong,0.529050827026367
3,104,Current,0.592947006225586
3,104,Gentle,0.566005706787109
2,573,Strong,5.27000427246094
2,573,Current,0.794172286987305
2,573,Strict,0.867128372192383
2,573,Gentle,0.857830047607422
3,70,Current,0.772953033447266
3,70,Strong,0.668048858642578
3,70,Gentle,0.619888305664063
3,70,Strict,0.610828399658203
2,392,Current,0.606060028076172
2,392,Strict,0.585079193115234
2,392,Gentle,0.571966171264648
2,392,Strong,0.58293342590332
1,264,Strict,0.699043273925781
1,264,Gentle,0.665187835693359
1,264,Strong,0.665903091430664
1,264,Current,0.668048858642578
2,348,Gentle,0.597000122070313
2,348,Current,0.602960586547852
2,348,Strong,0.603914260864258
2,348,Strict,0.573158264160156
2,414,Strong,0.612974166870117
2,414,Current,0.599861145019531
2,414,Gentle,0.580072402954102
2,414,Strict,0.582218170166016
3,331,Strict,0.574827194213867
3,331,Gentle,0.576019287109375
3,331,Strong,0.550031661987305
3,331,Current,0.575065612792969
2,497,Strict,0.586032867431641
2,497,Current,0.571966171264648
2,497,Strong,0.571966171264648
2,497,Gentle,0.56004524230957
2,129,Strict,0.56004524230957
2,129,Gentle,0.542879104614258
2,129,Current,0.540018081665039
2,129,Strong,0.535964965820313
3,211,Strong,0.551939010620117
3,211,Gentle,0.538110733032227
3,211,Strict,0.514030456542969
3,211,Current,0.535011291503906
2,88,Gentle,0.540971755981445
2,88,Strict,0.555038452148438
2,88,Current,0.545978546142578
2,88,Strong,0.514030456542969
3,219,Strict,0.532150268554688
3,219,Gentle,0.527858734130859
3,219,Current,0.540018081665039
3,219,Strong,0.525951385498047
1,88,Strong,0.665903091430664
1,88,Current,0.555992126464844
1,88,Strict,0.546932220458984
1,88,Gentle,0.730991363525391
2,557,Current,0.58293342590332
2,557,Strong,0.602960586547852
2,557,Strict,0.599145889282227
2,557,Gentle,0.552892684936523
1,42,Gentle,0.84996223449707
1,42,Strong,0.670909881591797
1,42,Current,0.715017318725586
1,42,Strict,0.627040863037109
1,238,Strong,0.567913055419922
1,238,Current,0.696897506713867
1,238,Gentle,0.535964965820313
1,238,Strict,0.533103942871094
3,8,Strong,0.555992126464844
3,8,Gentle,0.538110733032227
3,8,Current,0.538825988769531
3,8,Strict,0.529766082763672
1,23,Strong,0.542879104614258
1,23,Strict,0.560998916625977
1,23,Current,0.574111938476563
1,23,Gentle,0.537872314453125
1,340,Gentle,0.545978546142578
1,340,Current,0.544071197509766
1,340,Strict,0.540971755981445
1,340,Strong,0.521183013916016
1,130,Strict,0.817060470581055
1,130,Gentle,0.684976577758789
1,130,Current,0.687122344970703
1,130,Strong,0.623941421508789
1,529,Current,0.658988952636719
1,529,Strong,0.648021697998047
1,529,Gentle,0.643014907836914
1,529,Strict,0.619888305664063
3,264,Strong,0.639915466308594
3,264,Gentle,0.633001327514648
3,264,Strict,0.637054443359375
3,264,Current,0.658988952636719
1,378,Strict,0.574111938476563
1,378,Current,0.602960586547852
1,378,Strong,0.577926635742188
1,378,Gentle,0.577211380004883
2,464,Current,3.14879417419434
2,464,Strict,0.903844833374023
2,464,Strong,0.936985015869141
2,464,Gentle,0.876188278198242
3,148,Strict,0.780820846557617
3,148,Strong,0.685930252075195
3,148,Gentle,0.685930252075195
3,148,Current,0.699043273925781
2,95,Strict,0.576972961425781
2,95,Strong,0.576019287109375
2,95,Gentle,0.58293342590332
2,95,Current,0.57220458984375
1,145,Gentle,0.58293342590332
1,145,Strict,0.592947006225586
1,145,Strong,0.570058822631836
1,145,Current,0.58293342590332
1,186,Current,0.607967376708984
1,186,Gentle,0.568151473999023
1,186,Strict,0.56910514831543
1,186,Strong,0.563859939575195
1,205,Current,0.63014030456543
1,205,Strong,0.564098358154297
1,205,Strict,0.587940216064453
1,205,Gentle,0.583887100219727
2,149,Gentle,0.590085983276367
2,149,Strong,0.587940216064453
2,149,Strict,0.540018081665039
2,149,Current,0.566959381103516
3,580,Gentle,0.579118728637695
3,580,Strict,0.567913055419922
3,580,Current,0.564098358154297
3,580,Strong,0.512838363647461
3,362,Gentle,0.550031661987305
3,362,Strong,0.554084777832031
3,362,Strict,0.560998916625977
3,362,Current,0.566005706787109
1,597,Strict,0.545978546142578
1,597,Strong,0.533103942871094
1,597,Current,0.538110733032227
1,597,Gentle,0.530004501342773
1,545,Current,0.579118728637695
1,545,Strong,0.530004501342773
1,545,Strict,0.505924224853516
1,545,Gentle,0.538110733032227
2,268,Current,0.548839569091797
2,268,Strong,0.530004501342773
2,268,Strict,0.540971755981445
2,268,Gentle,0.515937805175781
1,86,Strict,0.545024871826172
1,86,Strong,0.545978546142578
1,86,Current,0.592947006225586
1,86,Gentle,0.516891479492188
2,599,Current,0.550031661987305
2,599,Strong,0.523805618286133
2,599,Gentle,0.509977340698242
2,599,Strict,0.533103942871094
1,65,Strong,0.545978546142578
1,65,Strict,0.524997711181641
1,65,Gentle,0.552892684936523
1,65,Current,0.546932220458984
3,311,Strong,0.539779663085938
3,311,Current,0.548124313354492
3,311,Gentle,0.535964965820313
3,311,Strict,0.537872314453125
3,119,Strong,0.555992126464844
3,119,Gentle,0.568866729736328
3,119,Strict,0.577926635742188
3,119,Current,0.545024871826172
1,316,Strict,0.542879104614258
1,316,Current,0.542879104614258
1,316,Strong,0.530004501342773
1,316,Gentle,0.509023666381836
2,500,Current,0.530004501342773
2,500,Gentle,0.533103942871094
2,500,Strong,0.514030456542969
2,500,Strict,0.513076782226563
2,488,Current,0.591039657592773
2,488,Strict,0.537872314453125
2,488,Strong,0.506162643432617
2,488,Gentle,0.50806999206543
2,269,Current,0.583887100219727
2,269,Gentle,0.579118728637695
2,269,Strong,0.538110733032227
2,269,Strict,0.55384635925293
3,239,Gentle,0.546932220458984
3,239,Strong,0.528097152709961
3,239,Strict,0.5340576171875
3,239,Current,0.535964965820313
3,571,Strong,0.559806823730469
3,571,Strict,0.547170639038086
3,571,Gentle,0.53095817565918
3,571,Current,0.545978546142578
1,518,Gentle,0.565052032470703
1,518,Strict,3.51786613464355
1,518,Strong,0.912189483642578
1,518,Current,0.878095626831055
2,425,Current,0.839948654174805
2,425,Gentle,0.587940216064453
2,425,Strict,0.580072402954102
2,425,Strong,0.578880310058594
1,311,Gentle,0.5950927734375
1,311,Current,0.597953796386719
1,311,Strict,0.581026077270508
1,311,Strong,0.571012496948242
1,563,Current,0.604867935180664
1,563,Strong,0.626087188720703
1,563,Gentle,0.585079193115234
1,563,Strict,0.580787658691406
2,150,Current,0.606060028076172
2,150,Strong,0.592947006225586
2,150,Strict,0.584125518798828
2,150,Gentle,0.567913055419922
1,442,Current,0.610113143920898
1,442,Strong,0.580072402954102
1,442,Gentle,0.571966171264648
1,442,Strict,0.567913055419922
1,172,Current,0.599861145019531
1,172,Strong,0.56004524230957
1,172,Gentle,0.598907470703125
1,172,Strict,0.61798095703125
3,299,Strict,0.576972961425781
3,299,Gentle,0.559091567993164
3,299,Current,0.539064407348633
3,299,Strong,0.518083572387695
2,106,Strict,0.540971755981445
2,106,Strong,0.537872314453125
2,106,Current,0.531911849975586
2,106,Gentle,0.524997711181641
1,38,Strong,0.530004501342773
1,38,Gentle,0.525951385498047
1,38,Strict,0.5340576171875
1,38,Current,0.540971755981445
1,449,Strict,0.530004501342773
1,449,Current,0.554084777832031
1,449,Gentle,0.555038452148438
1,449,Strong,0.525951385498047
1,156,Current,0.567913055419922
1,156,Strict,0.548839569091797
1,156,Gentle,0.522851943969727
1,156,Strong,0.547170639038086
3,421,Current,0.546932220458984
3,421,Strong,0.510931015014648
3,421,Gentle,0.526905059814453
3,421,Strict,0.525951385498047
2,478,Gentle,0.526905059814453
2,478,Current,0.545024871826172
2,478,Strong,0.535011291503906
2,478,Strict,0.527858734130859
3,598,Gentle,0.538110733032227
3,598,Strong,0.504970550537109
3,598,Strict,0.542163848876953
3,598,Current,0.504970550537109
3,307,Gentle,0.527143478393555
3,307,Current,0.527858734130859
3,307,Strict,0.524044036865234
3,307,Strong,0.522851943969727
3,483,Strict,0.555038452148438
3,483,Strong,0.542879104614258
3,483,Gentle,0.541925430297852
3,483,Current,0.542879104614258
3,409,Current,0.562906265258789
3,409,Strict,0.558853149414063
3,409,Strong,0.537872314453125
3,409,Gentle,0.523090362548828
1,405,Current,0.555992126464844
1,405,Gentle,0.550031661987305
1,405,Strict,0.547885894775391
1,405,Strong,0.538110733032227
2,512,Strict,0.532150268554688
2,512,Strong,0.514984130859375
2,512,Gentle,0.525236129760742
2,512,Current,0.557899475097656
2,113,Strict,0.535011291503906
2,113,Strong,0.535011291503906
2,113,Gentle,0.531911849975586
2,113,Current,0.525951385498047
3,448,Strict,0.541925430297852
3,448,Strong,0.547170639038086
3,448,Gentle,0.546932220458984
3,448,Current,0.548839569091797
3,430,Current,0.574111938476563
3,430,Strict,0.563144683837891
3,430,Strong,0.51116943359375
3,430,Gentle,0.527143478393555
3,132,Current,0.566005706787109
3,132,Gentle,3.39794158935547
3,132,Strict,0.883102416992188
3,132,Strong,0.905036926269531
1,297,Gentle,0.741958618164063
1,297,Strict,0.586986541748047
1,297,Current,0.658988952636719
1,297,Strong,0.56910514831543
2,114,Current,0.61798095703125
2,114,Strong,0.576972961425781
2,114,Gentle,0.571966171264648
2,114,Strict,0.602006912231445
3,175,Strict,0.586986541748047
3,175,Strong,0.580787658691406
3,175,Current,0.574111938476563
3,175,Gentle,0.563144683837891
3,87,Current,0.591039657592773
3,87,Strict,0.571012496948242
3,87,Strong,0.572919845581055
3,87,Gentle,0.576972961425781
2,226,Strong,0.604152679443359
2,226,Current,0.577926635742188
2,226,Strict,0.639915466308594
2,226,Gentle,0.577926635742188
2,480,Current,0.594854354858398
2,480,Strict,0.590085983276367
2,480,Strong,0.55384635925293
2,480,Gentle,0.555992126464844
2,495,Strict,0.573873519897461
2,495,Current,0.574111938476563
2,495,Strong,0.586032867431641
2,495,Gentle,0.544071197509766
3,578,Gentle,0.525951385498047
3,578,Current,0.533819198608398
3,578,Strict,0.538825988769531
3,578,Strong,0.533103942871094
1,37,Current,0.555992126464844
1,37,Gentle,0.548839569091797
1,37,Strict,0.553131103515625
1,37,Strong,0.546932220458984
2,115,Strong,0.555992126464844
2,115,Current,0.543832778930664
2,115,Strict,0.545024871826172
2,115,Gentle,0.546932220458984
2,482,Current,0.550031661987305
2,482,Strict,0.536918640136719
2,482,Strong,0.540971755981445
2,482,Gentle,0.523090362548828
1,327,Strong,0.536918640136719
1,327,Strict,0.551939010620117
1,327,Current,0.569820404052734
1,327,Gentle,0.551939010620117
1,185,Strict,0.546932220458984
1,185,Current,0.539064407348633
1,185,Gentle,0.524044036865234
1,185,Strong,0.528812408447266
2,453,Gentle,0.566959381103516
2,453,Current,0.548124313354492
2,453,Strong,0.525951385498047
2,453,Strict,0.529050827026367
1,556,Current,0.538825988769531
1,556,Strong,0.522136688232422
1,556,Gentle,0.54478645324707
1,556,Strict,0.522136688232422
2,6,Current,0.544071197509766
2,6,Strict,0.560998916625977
2,6,Gentle,0.567913055419922
2,6,Strong,0.512838363647461
