round,case,method,milliseconds
1,286,Indexed,0.773906707763672
1,286,Original,2.15506553649902
2,21,Original,2.11596488952637
2,21,Indexed,0.600099563598633
1,314,Original,2.10809707641602
1,314,Indexed,0.62108039855957
4,598,Original,2.04682350158691
4,598,Indexed,0.585079193115234
1,70,Indexed,0.669002532958984
1,70,Original,2.06184387207031
1,169,Original,1.91593170166016
1,169,Indexed,0.664949417114258
3,484,Original,1.98483467102051
3,484,Indexed,0.696897506713867
1,339,Indexed,0.610113143920898
1,339,Original,1.9841194152832
3,52,Original,2.02512741088867
3,52,Indexed,0.550985336303711
3,295,Indexed,0.602960586547852
3,295,Original,2.01702117919922
1,121,Indexed,0.59199333190918
1,121,Original,4.87494468688965
1,64,Indexed,0.929117202758789
1,64,Original,2.21896171569824
3,416,Original,2.12597846984863
3,416,Indexed,0.61488151550293
3,134,Indexed,0.600099563598633
3,134,Original,2.06303596496582
4,315,Indexed,0.604867935180664
4,315,Original,2.03609466552734
1,419,Original,1.99413299560547
1,419,Indexed,0.567913055419922
5,442,Original,1.9528865814209
5,442,Indexed,0.674962997436523
5,103,Original,1.96099281311035
5,103,Indexed,0.616073608398438
1,417,Original,2.01296806335449
1,417,Indexed,0.572919845581055
2,331,Original,1.91712379455566
2,331,Indexed,0.561952590942383
1,57,Indexed,0.572919845581055
1,57,Original,1.94311141967773
5,261,Original,1.93381309509277
5,261,Indexed,0.585079193115234
3,113,Indexed,0.551939010620117
3,113,Original,2.06398963928223
1,388,Original,4.44197654724121
1,388,Indexed,0.794172286987305
1,519,Indexed,0.916957855224609
1,519,Original,2.20298767089844
3,397,Original,2.05016136169434
3,397,Indexed,0.597000122070313
3,425,Indexed,0.607967376708984
3,425,Original,2.01988220214844
3,24,Indexed,0.591039657592773
3,24,Original,1.99699401855469
2,52,Original,1.91712379455566
2,52,Indexed,0.564098358154297
4,369,Indexed,0.551939010620117
4,369,Original,1.91211700439453
1,505,Original,1.89709663391113
1,505,Indexed,0.549077987670898
4,46,Indexed,0.576972961425781
4,46,Original,1.89900398254395
4,116,Original,1.85298919677734
4,116,Indexed,0.637054443359375
3,552,Indexed,0.560998916625977
3,552,Original,1.90305709838867
1,356,Indexed,0.565052032470703
1,356,Original,1.89900398254395
2,24,Original,1.87897682189941
2,24,Indexed,0.558853149414063
3,491,Original,4.48989868164063
3,491,Indexed,0.856161117553711
3,60,Original,2.47406959533691
3,60,Indexed,0.613927841186523
1,78,Indexed,0.637054443359375
1,78,Original,2.02703475952148
1,229,Indexed,0.597953796386719
1,229,Original,2.03704833984375
5,568,Indexed,0.576019287109375
5,568,Original,1.97100639343262
4,473,Original,1.87182426452637
4,473,Indexed,0.557899475097656
1,552,Original,2.04682350158691
1,552,Indexed,0.566959381103516
1,557,Original,1.89709663391113
1,557,Indexed,0.5950927734375
5,496,Original,1.83796882629395
5,496,Indexed,0.551939010620117
4,339,Indexed,0.551223754882813
4,339,Original,1.85203552246094
5,415,Original,1.83391571044922
5,415,Indexed,0.620126724243164
3,61,Indexed,0.572919845581055
3,61,Original,1.93595886230469
3,426,Indexed,0.639915466308594
3,426,Original,2.1660327911377
4,309,Indexed,0.5950927734375
4,309,Original,5.12790679931641
1,355,Original,2.38513946533203
1,355,Indexed,0.615119934082031
5,121,Indexed,0.593900680541992
5,121,Original,2.1970272064209
4,87,Original,2.04110145568848
4,87,Indexed,0.581979751586914
2,591,Original,2.01916694641113
2,591,Indexed,0.601053237915039
4,295,Original,1.94096565246582
4,295,Indexed,0.565052032470703
2,512,Original,1.89900398254395
2,512,Indexed,0.566005706787109
1,315,Original,1.86586380004883
1,315,Indexed,0.576019287109375
2,147,Indexed,0.576972961425781
2,147,Original,1.87397003173828
5,92,Original,1.87397003173828
5,92,Indexed,0.566005706787109
1,338,Indexed,0.558853149414063
1,338,Original,1.88612937927246
2,597,Original,1.91307067871094
2,597,Indexed,0.553131103515625
5,436,Indexed,0.550985336303711
5,436,Original,1.9228458404541
4,292,Original,4.73093986511231
4,292,Indexed,0.941038131713867
4,47,Original,2.14910507202148
4,47,Indexed,0.603914260864258
2,570,Indexed,0.595808029174805
2,570,Original,2.03394889831543
5,437,Indexed,0.593900680541992
5,437,Original,1.97887420654297
5,99,Original,2.0289421081543
5,99,Indexed,0.609874725341797
4,84,Indexed,0.545024871826172
4,84,Original,1.83916091918945
4,161,Indexed,0.576972961425781
4,161,Original,1.90591812133789
1,139,Indexed,0.573873519897461
1,139,Original,1.8620491027832
4,357,Original,1.84512138366699
4,357,Indexed,0.56910514831543
4,118,Original,1.91402435302734
4,118,Indexed,0.547170639038086
5,140,Indexed,0.646114349365234
5,140,Original,1.90114974975586
4,231,Indexed,0.560998916625977
4,231,Original,1.86896324157715
1,39,Original,1.86395645141602
1,39,Indexed,0.575065612792969
2,528,Original,5.06114959716797
2,528,Indexed,0.91099739074707
1,226,Indexed,0.749826431274414
1,226,Original,2.36392021179199
5,194,Indexed,0.663995742797852
5,194,Original,2.09498405456543
5,331,Original,2.06589698791504
5,331,Indexed,0.59199333190918
1,147,Indexed,0.598907470703125
1,147,Original,1.99699401855469
5,230,Original,1.87802314758301
5,230,Indexed,0.565052032470703
4,452,Original,2.24518775939941
4,452,Indexed,0.575065612792969
4,154,Original,1.8458366394043
4,154,Indexed,0.638008117675781
3,309,Indexed,0.565052032470703
3,309,Original,1.8761157989502
3,375,Indexed,0.555038452148438
3,375,Original,1.85799598693848
1,62,Indexed,0.580072402954102
1,62,Original,1.90591812133789
5,398,Indexed,0.59199333190918
5,398,Original,1.93691253662109
3,109,Indexed,0.627994537353516
3,109,Original,7.3549747467041
4,352,Original,3.1280517578125
4,352,Indexed,0.671863555908203
4,336,Indexed,0.597953796386719
4,336,Original,2.10285186767578
2,91,Original,2.16293334960938
2,91,Indexed,0.600814819335938
4,506,Original,2.00390815734863
4,506,Indexed,0.697135925292969
1,73,Indexed,0.612020492553711
1,73,Original,2.00486183166504
4,289,Indexed,0.605106353759766
4,289,Original,1.98101997375488
4,134,Indexed,0.558137893676758
4,134,Original,1.92379951477051
2,468,Indexed,0.55384635925293
2,468,Original,1.8610954284668
5,535,Original,1.91998481750488
5,535,Indexed,0.569820404052734
3,284,Original,1.85799598693848
3,284,Indexed,0.555992126464844
1,18,Original,1.94382667541504
1,18,Indexed,0.601053237915039
5,297,Indexed,0.550031661987305
5,297,Original,1.9230842590332
2,479,Indexed,0.570058822631836
2,479,Original,1.92785263061523
2,56,Indexed,0.56910514831543
2,56,Original,5.40709495544434
2,587,Indexed,0.771999359130859
2,587,Original,2.01916694641113
5,471,Indexed,0.605106353759766
5,471,Original,2.0449161529541
2,84,Original,2.00104713439941
2,84,Indexed,0.589132308959961
1,42,Original,1.95813179016113
1,42,Indexed,0.665187835693359
1,60,Original,2.00510025024414
1,60,Indexed,0.650167465209961
1,37,Indexed,0.603914260864258
1,37,Original,2.34580039978027
4,41,Indexed,0.719070434570313
4,41,Original,1.9681453704834
5,292,Original,1.89495086669922
5,292,Indexed,0.570058822631836
4,191,Indexed,0.568866729736328
4,191,Original,1.85799598693848
3,137,Original,1.96099281311035
3,137,Indexed,0.583887100219727
2,529,Indexed,0.637054443359375
2,529,Original,1.89900398254395
4,6,Indexed,0.571012496948242
4,6,Original,1.8770694732666
4,394,Original,4.47797775268555
4,394,Indexed,0.861167907714844
1,412,Original,2.72607803344727
1,412,Indexed,0.624179840087891
3,196,Original,2.06303596496582
3,196,Indexed,0.613927841186523
1,221,Original,2.07781791687012
1,221,Indexed,0.602006912231445
5,89,Indexed,0.575065612792969
5,89,Original,1.98698043823242
1,26,Indexed,0.63014030456543
1,26,Original,1.9838809967041
2,227,Indexed,0.582218170166016
2,227,Original,1.92403793334961
3,73,Original,1.90496444702148
3,73,Indexed,0.565052032470703
5,136,Original,1.86491012573242
5,136,Indexed,0.58293342590332
5,384,Original,1.86800956726074
5,384,Indexed,0.539064407348633
3,277,Indexed,0.657081604003906
3,277,Original,1.87397003173828
3,209,Indexed,0.583887100219727
3,209,Original,1.87587738037109
5,39,Original,1.86300277709961
5,39,Indexed,0.552892684936523
3,201,Original,1.94096565246582
3,201,Indexed,2.99596786499023
2,246,Indexed,0.898122787475586
2,246,Original,2.79688835144043
4,581,Indexed,0.606060028076172
4,581,Original,2.03704833984375
5,567,Indexed,0.587940216064453
5,567,Original,2.04586982727051
3,394,Indexed,0.607013702392578
3,394,Original,2.02107429504395
4,31,Indexed,0.607967376708984
4,31,Original,1.99794769287109
5,146,Original,2.06685066223145
5,146,Indexed,0.555038452148438
4,25,Indexed,0.571966171264648
4,25,Original,1.87206268310547
5,464,Original,1.83796882629395
5,464,Indexed,0.561952590942383
2,72,Indexed,0.528097152709961
2,72,Original,1.83701515197754
5,333,Indexed,0.552177429199219
5,333,Original,1.86395645141602
3,442,Indexed,0.540018081665039
3,442,Original,1.86705589294434
1,2,Indexed,0.560998916625977
1,2,Original,1.95908546447754
5,477,Indexed,0.558137893676758
5,477,Original,1.84512138366699
1,247,Indexed,0.898838043212891
1,247,Original,3.08012962341309
4,152,Original,2.02393531799316
4,152,Indexed,0.689029693603516
3,131,Indexed,0.681161880493164
3,131,Original,2.01082229614258
2,119,Indexed,0.661134719848633
2,119,Original,2.02107429504395
5,347,Original,2.01988220214844
5,347,Indexed,0.593900680541992
2,327,Indexed,0.577926635742188
2,327,Original,1.99198722839355
5,215,Original,1.89590454101563
5,215,Indexed,0.555992126464844
4,415,Original,1.84297561645508
4,415,Indexed,0.647068023681641
1,564,Original,1.85298919677734
1,564,Indexed,0.557899475097656
3,480,Original,1.91688537597656
3,480,Indexed,0.565052032470703
3,208,Indexed,0.560998916625977
3,208,Original,1.84917449951172
3,182,Original,2.3500919342041
3,182,Indexed,0.632047653198242
4,187,Original,1.8608570098877
4,187,Indexed,0.565052032470703
4,348,Original,5.33390045166016
4,348,Indexed,0.936031341552734
1,431,Indexed,0.597953796386719
1,431,Original,2.03895568847656
3,370,Indexed,0.629901885986328
3,370,Original,2.03609466552734
1,555,Indexed,0.564098358154297
1,555,Original,1.96385383605957
4,63,Indexed,0.61798095703125
4,63,Original,1.99508666992188
1,220,Indexed,0.616073608398438
1,220,Original,2.04205513000488
2,405,Original,1.95622444152832
2,405,Indexed,0.581026077270508
1,330,Indexed,0.587224960327148
1,330,Original,1.90114974975586
4,361,Indexed,0.565052032470703
4,361,Original,1.89709663391113
4,259,Indexed,0.558853149414063
4,259,Original,1.87015533447266
1,390,Indexed,0.540971755981445
1,390,Original,1.86896324157715
5,238,Original,1.8470287322998
5,238,Indexed,0.550985336303711
2,397,Original,1.95717811584473
2,397,Indexed,0.567913055419922
3,451,Indexed,0.558137893676758
3,451,Original,3.33094596862793
5,433,Indexed,0.650882720947266
5,433,Original,2.03609466552734
5,376,Original,2.02608108520508
5,376,Indexed,0.602006912231445
4,399,Original,2.05087661743164
4,399,Indexed,0.612020492553711
1,570,Indexed,0.620841979980469
1,570,Original,1.98793411254883
2,196,Original,2.00486183166504
2,196,Indexed,0.560998916625977
4,48,Original,1.9688606262207
4,48,Indexed,0.629186630249023
2,379,Original,1.85894966125488
2,379,Indexed,0.545978546142578
5,117,Indexed,0.546932220458984
5,117,Original,1.85108184814453
1,11,Indexed,0.583887100219727
1,11,Original,1.92403793334961
2,342,Original,1.86300277709961
2,342,Indexed,0.545978546142578
3,212,Original,1.85394287109375
3,212,Indexed,0.57220458984375
5,372,Indexed,0.573873519897461
5,372,Original,1.86800956726074
2,90,Original,4.96697425842285
2,90,Indexed,0.962972640991211
5,582,Indexed,0.94294548034668
5,582,Original,2.27689743041992
2,351,Indexed,0.663995742797852
2,351,Original,2.0899772644043
5,337,Indexed,0.616073608398438
5,337,Original,2.07304954528809
4,547,Original,2.15601921081543
4,547,Indexed,0.597000122070313
4,33,Original,2.12001800537109
4,33,Indexed,0.605106353759766
3,464,Indexed,0.660896301269531
3,464,Original,1.94692611694336
4,276,Indexed,0.586986541748047
4,276,Original,1.9068717956543
4,81,Indexed,0.559806823730469
4,81,Original,1.92117691040039
3,554,Indexed,0.568866729736328
3,554,Original,1.89995765686035
4,61,Indexed,0.558137893676758
4,61,Original,1.89113616943359
1,210,Indexed,0.558853149414063
1,210,Original,1.9078254699707
5,178,Indexed,0.587940216064453
5,178,Original,1.90401077270508
3,415,Original,4.95004653930664
3,415,Indexed,1.04689598083496
5,269,Indexed,0.750064849853516
5,269,Original,2.07114219665527
3,516,Indexed,0.612020492553711
3,516,Original,2.07114219665527
2,402,Original,2.02393531799316
2,402,Indexed,0.59199333190918
5,516,Indexed,0.566005706787109
5,516,Original,2.04586982727051
4,205,Indexed,0.587940216064453
4,205,Original,1.97696685791016
1,525,Indexed,0.577211380004883
1,525,Original,1.9068717956543
2,330,Original,1.92785263061523
2,330,Indexed,0.571012496948242
5,563,Original,1.92689895629883
5,563,Indexed,0.578880310058594
2,153,Indexed,0.565052032470703
2,153,Original,1.88398361206055
5,180,Original,1.91903114318848
5,180,Indexed,0.543832778930664
2,503,Indexed,0.593900680541992
2,503,Original,2.11405754089355
4,373,Indexed,0.620126724243164
4,373,Original,1.93309783935547
3,83,Indexed,2.67696380615234
3,83,Original,3.30114364624023
5,454,Indexed,0.655889511108398
5,454,Original,2.06494331359863
5,167,Indexed,0.651121139526367
5,167,Original,2.03609466552734
1,227,Indexed,0.602006912231445
1,227,Original,2.00796127319336
4,144,Original,2.03180313110352
4,144,Indexed,0.617027282714844
4,443,Indexed,0.5950927734375
4,443,Original,2.12287902832031
3,20,Indexed,0.587940216064453
3,20,Original,1.87993049621582
1,68,Indexed,0.586032867431641
1,68,Original,1.96504592895508
4,515,Original,1.91688537597656
4,515,Indexed,0.561952590942383
3,236,Indexed,0.575065612792969
3,236,Original,2.02488899230957
4,553,Indexed,0.653982162475586
4,553,Original,2.25186347961426
2,133,Indexed,0.703096389770508
2,133,Original,2.04896926879883
4,421,Indexed,0.579118728637695
4,421,Original,2.08711624145508
1,508,Indexed,3.48091125488281
1,508,Original,3.52883338928223
1,362,Indexed,0.684976577758789
1,362,Original,2.37607955932617
5,175,Original,2.37393379211426
5,175,Indexed,0.645875930786133
3,363,Indexed,0.672101974487305
3,363,Original,2.13003158569336
3,312,Original,2.11882591247559
3,312,Indexed,0.610113143920898
5,205,Indexed,0.608921051025391
5,205,Original,2.00605392456055
3,324,Indexed,0.594139099121094
3,324,Original,1.96599960327148
3,186,Indexed,0.577926635742188
3,186,Original,1.92499160766602
1,331,Original,1.97315216064453
1,331,Indexed,0.57220458984375
2,121,Indexed,0.571966171264648
2,121,Original,1.96695327758789
4,297,Indexed,0.571012496948242
4,297,Original,1.90210342407227
1,432,Original,1.95693969726563
1,432,Indexed,0.546932220458984
3,77,Indexed,0.574827194213867
3,77,Original,1.88899040222168
4,554,Indexed,0.909090042114258
4,554,Original,3.1578540802002
2,544,Original,2.18892097473145
2,544,Indexed,0.642061233520508
2,255,Original,2.2118091583252
2,255,Indexed,0.596046447753906
3,124,Indexed,0.632047653198242
3,124,Original,2.0601749420166
1,406,Original,2.03895568847656
1,406,Indexed,0.694036483764648
2,364,Original,1.96003913879395
2,364,Indexed,0.573158264160156
3,400,Indexed,0.570058822631836
3,400,Original,1.86014175415039
3,130,Indexed,0.886917114257813
3,130,Original,2.11000442504883
2,295,Indexed,0.669002532958984
2,295,Original,2.01296806335449
1,578,Original,1.90114974975586
1,578,Indexed,0.574111938476563
1,445,Original,1.9080638885498
1,445,Indexed,0.696897506713867
4,278,Indexed,0.599145889282227
4,278,Original,1.91998481750488
1,597,Original,2.01201438903809
1,597,Indexed,3.27301025390625
5,171,Original,3.11708450317383
5,171,Indexed,0.606060028076172
3,210,Original,2.0759105682373
3,210,Indexed,0.601053237915039
5,474,Indexed,0.594139099121094
5,474,Original,2.06398963928223
1,308,Indexed,0.601053237915039
1,308,Original,2.08878517150879
5,250,Original,2.07185745239258
5,250,Indexed,0.61488151550293
5,13,Original,1.92904472351074
5,13,Indexed,0.558853149414063
5,344,Indexed,0.560998916625977
5,344,Original,1.93905830383301
1,21,Original,1.88708305358887
1,21,Indexed,0.558137893676758
5,573,Original,1.91211700439453
5,573,Indexed,0.571966171264648
4,590,Original,1.94501876831055
4,590,Indexed,0.624895095825195
1,342,Indexed,0.604152679443359
1,342,Original,1.87993049621582
1,408,Original,1.8470287322998
1,408,Indexed,0.649929046630859
1,83,Indexed,0.670909881591797
1,83,Original,4.94909286499023
5,159,Indexed,0.939846038818359
5,159,Original,2.3961067199707
2,178,Indexed,0.633955001831055
2,178,Original,2.13789939880371
3,33,Original,2.11286544799805
3,33,Indexed,0.632047653198242
2,132,Original,2.06995010375977
2,132,Indexed,0.623941421508789
3,235,Original,2.03800201416016
3,235,Indexed,0.585079193115234
5,349,Indexed,0.55694580078125
5,349,Original,1.93595886230469
2,566,Indexed,0.657081604003906
2,566,Original,1.88899040222168
5,354,Original,1.92689895629883
5,354,Indexed,0.565052032470703
4,91,Indexed,0.626087188720703
4,91,Original,1.93309783935547
5,232,Indexed,0.566959381103516
5,232,Original,1.89399719238281
2,156,Indexed,0.567913055419922
2,156,Original,1.90401077270508
2,508,Indexed,0.546932220458984
2,508,Original,2.00390815734863
4,372,Indexed,0.602960586547852
4,372,Original,5.59687614440918
3,253,Original,2.29597091674805
3,253,Indexed,0.627994537353516
2,311,Indexed,0.62108039855957
2,311,Original,2.07996368408203
3,388,Indexed,0.580072402954102
3,388,Original,2.21490859985352
4,203,Original,2.19202041625977
4,203,Indexed,0.615119934082031
1,572,Indexed,0.758886337280273
1,572,Original,1.97505950927734
4,446,Indexed,0.683069229125977
4,446,Original,1.89709663391113
3,301,Indexed,0.576972961425781
3,301,Original,1.89304351806641
4,371,Original,1.92117691040039
4,371,Indexed,0.578880310058594
3,101,Indexed,0.620841979980469
3,101,Original,1.89399719238281
2,298,Indexed,0.573158264160156
2,298,Original,1.90496444702148
2,429,Original,1.91283226013184
2,429,Indexed,0.542879104614258
5,432,Original,1.89113616943359
5,432,Indexed,0.566005706787109
2,450,Original,3.54886054992676
2,450,Indexed,0.735998153686523
3,141,Original,2.08902359008789
3,141,Indexed,0.619173049926758
1,77,Original,2.11215019226074
1,77,Indexed,0.587940216064453
4,93,Indexed,0.593185424804688
4,93,Original,2.0439624786377
1,140,Indexed,0.693082809448242
1,140,Original,2.01892852783203
1,349,Original,2.12812423706055
1,349,Indexed,0.570058822631836
2,137,Indexed,0.59199333190918
2,137,Original,1.95503234863281
3,15,Original,1.90091133117676
3,15,Indexed,0.584840774536133
3,291,Original,1.96290016174316
3,291,Indexed,0.575780868530273
1,380,Indexed,0.567913055419922
1,380,Original,1.8928050994873
4,207,Indexed,0.565052032470703
4,207,Original,1.94597244262695
5,323,Indexed,0.531911849975586
5,323,Original,1.85608863830566
1,460,Original,4.40502166748047
1,460,Indexed,0.892877578735352
3,346,Original,2.92801856994629
3,346,Indexed,0.585079193115234
3,18,Original,2.08902359008789
3,18,Indexed,0.614166259765625
2,555,Original,2.02488899230957
2,555,Indexed,0.581026077270508
4,165,Original,2.01010704040527
4,165,Indexed,0.601053237915039
1,258,Original,2.01320648193359
1,258,Indexed,0.615119934082031
4,277,Original,1.94382667541504
4,277,Indexed,0.684976577758789
2,466,Indexed,0.563859939575195
2,466,Original,1.93595886230469
1,153,Indexed,0.572919845581055
1,153,Original,1.98602676391602
1,92,Original,1.91402435302734
1,92,Indexed,0.579118728637695
4,180,Indexed,0.557899475097656
4,180,Original,1.89399719238281
3,475,Original,1.90091133117676
3,475,Indexed,0.560998916625977
3,12,Indexed,0.540018081665039
3,12,Original,1.88994407653809
3,175,Original,5.22708892822266
3,175,Indexed,0.944137573242188
1,241,Indexed,0.705957412719727
1,241,Original,2.03895568847656
2,588,Original,2.0298957824707
2,588,Indexed,0.579118728637695
5,499,Original,2.04014778137207
5,499,Indexed,0.607013702392578
3,274,Original,2.05492973327637
3,274,Indexed,0.584125518798828
4,284,Indexed,0.574827194213867
4,284,Original,2.62594223022461
2,470,Indexed,0.642061233520508
2,470,Original,2.00414657592773
1,91,Indexed,0.658988952636719
1,91,Original,2.00605392456055
1,195,Indexed,0.625133514404297
1,195,Original,1.99604034423828
3,399,Original,2.04300880432129
3,399,Indexed,0.635147094726563
2,572,Original,2.24804878234863
2,572,Indexed,0.84686279296875
4,172,Original,2.11095809936523
4,172,Indexed,0.626087188720703
1,270,Original,2.08306312561035
1,270,Indexed,3.23104858398438
5,527,Original,3.2660961151123
5,527,Indexed,0.62108039855957
2,34,Original,2.14600563049316
2,34,Indexed,0.613212585449219
2,332,Indexed,0.598907470703125
2,332,Original,2.11215019226074
5,19,Indexed,0.638961791992188
5,19,Original,2.11691856384277
2,218,Original,2.10809707641602
2,218,Indexed,0.608205795288086
3,45,Indexed,0.550985336303711
3,45,Original,1.95789337158203
5,320,Indexed,0.641107559204102
5,320,Original,2.03800201416016
1,496,Indexed,0.573873519897461
1,496,Original,1.97219848632813
4,465,Indexed,0.59199333190918
4,465,Original,1.93285942077637
2,357,Original,1.92713737487793
2,357,Indexed,0.571966171264648
2,395,Indexed,0.59199333190918
2,395,Original,1.98006629943848
5,402,Original,1.90401077270508
5,402,Indexed,0.576019287109375
2,189,Original,5.11789321899414
2,189,Indexed,0.917911529541016
5,518,Original,2.48503684997559
5,518,Indexed,0.627994537353516
5,341,Original,2.14695930480957
5,341,Indexed,0.608205795288086
3,421,Indexed,0.612974166870117
3,421,Original,2.11000442504883
1,178,Indexed,0.666141510009766
1,178,Original,2.12001800537109
4,542,Indexed,0.719070434570313
4,542,Original,1.99007987976074
5,382,Original,2.01296806335449
5,382,Indexed,0.609874725341797
3,278,Indexed,0.601053237915039
3,278,Original,1.96409225463867
5,116,Original,1.95908546447754
5,116,Indexed,0.791072845458984
5,367,Original,1.93095207214355
5,367,Indexed,0.625133514404297
5,181,Original,1.99604034423828
5,181,Indexed,0.585079193115234
2,573,Original,1.95503234863281
2,573,Indexed,0.597953796386719
5,34,Original,1.97792053222656
5,34,Indexed,3.12614440917969
2,252,Original,3.28707695007324
2,252,Indexed,0.622987747192383
3,264,Original,2.16388702392578
3,264,Indexed,0.715970993041992
5,387,Original,2.12311744689941
5,387,Indexed,0.614166259765625
1,455,Indexed,0.612974166870117
1,455,Original,2.07996368408203
5,296,Indexed,0.608921051025391
5,296,Original,2.10118293762207
3,378,Indexed,0.629901885986328
3,378,Original,2.0291805267334
3,317,Indexed,0.61798095703125
3,317,Original,2.09498405456543
3,305,Original,1.95217132568359
3,305,Indexed,0.671863555908203
3,457,Original,1.94001197814941
3,457,Indexed,0.581979751586914
3,583,Indexed,0.787973403930664
3,583,Original,1.9381046295166
5,211,Original,1.96003913879395
5,211,Indexed,0.596046447753906
2,335,Original,1.93190574645996
2,335,Indexed,0.576019287109375
1,240,Indexed,0.633955001831055
1,240,Original,31.0649871826172
5,10,Original,2.03800201416016
5,10,Indexed,0.631093978881836
5,252,Original,1.9218921661377
5,252,Indexed,0.5950927734375
4,69,Indexed,0.566005706787109
4,69,Original,1.92904472351074
4,32,Indexed,0.625133514404297
4,32,Original,2.17294692993164
5,95,Original,1.93309783935547
5,95,Indexed,0.570058822631836
1,476,Original,1.91497802734375
1,476,Indexed,0.707864761352539
4,574,Original,1.93905830383301
4,574,Indexed,0.622034072875977
5,276,Original,1.90210342407227
5,276,Indexed,0.584125518798828
3,504,Original,1.90901756286621
3,504,Indexed,0.558853149414063
2,239,Indexed,0.593185424804688
2,239,Original,1.91402435302734
5,557,Original,1.94191932678223
5,557,Indexed,0.589847564697266
2,226,Original,1.92999839782715
2,226,Indexed,0.595808029174805
5,465,Indexed,0.566005706787109
5,465,Original,1.9378662109375
5,502,Indexed,2.67195701599121
5,502,Original,1.91998481750488
5,414,Indexed,0.59199333190918
5,414,Original,1.94311141967773
3,351,Original,1.92999839782715
3,351,Indexed,0.594139099121094
2,260,Original,1.97505950927734
2,260,Indexed,0.579833984375
3,513,Original,1.89495086669922
3,513,Indexed,0.709056854248047
2,286,Original,1.94692611694336
2,286,Indexed,0.580072402954102
1,324,Indexed,0.563144683837891
1,324,Original,2.1510124206543
1,332,Original,2.03418731689453
1,332,Indexed,0.570058822631836
2,138,Indexed,0.655174255371094
2,138,Original,1.86681747436523
2,215,Indexed,0.562906265258789
2,215,Original,1.88302993774414
5,560,Indexed,0.570058822631836
5,560,Original,1.94001197814941
4,406,Original,1.93500518798828
4,406,Indexed,0.697135925292969
3,189,Indexed,0.570058822631836
3,189,Original,1.98698043823242
3,560,Original,1.93881988525391
3,560,Indexed,2.65192985534668
2,202,Original,1.96504592895508
2,202,Indexed,0.575065612792969
4,249,Original,1.89900398254395
4,249,Indexed,0.579833984375
1,591,Original,1.9218921661377
1,591,Indexed,0.557899475097656
5,183,Original,1.94692611694336
5,183,Indexed,0.578880310058594
5,558,Indexed,0.557899475097656
5,558,Original,1.89900398254395
2,520,Indexed,0.602006912231445
2,520,Original,1.92499160766602
3,7,Original,1.94501876831055
3,7,Indexed,0.587940216064453
1,255,Indexed,0.558853149414063
1,255,Original,1.95097923278809
3,22,Indexed,0.541925430297852
3,22,Original,1.86514854431152
1,327,Indexed,0.581026077270508
1,327,Original,1.92594528198242
5,97,Original,2.00104713439941
5,97,Indexed,0.612020492553711
4,42,Original,1.90210342407227
4,42,Indexed,0.667810440063477
5,342,Original,1.9218921661377
5,342,Indexed,0.571012496948242
1,209,Original,4.32491302490234
1,209,Indexed,0.705957412719727
4,439,Indexed,0.600099563598633
4,439,Original,1.93595886230469
2,162,Indexed,0.585794448852539
2,162,Original,1.91402435302734
3,531,Original,1.91092491149902
3,531,Indexed,0.600099563598633
3,163,Original,1.94692611694336
3,163,Indexed,0.616073608398438
1,117,Indexed,0.566005706787109
1,117,Original,1.92022323608398
4,327,Indexed,0.563144683837891
4,327,Original,1.88207626342773
5,33,Indexed,0.592947006225586
5,33,Original,1.92904472351074
2,592,Indexed,0.566005706787109
2,592,Original,1.90877914428711
4,50,Indexed,0.579833984375
4,50,Original,1.88708305358887
3,86,Original,1.92904472351074
3,86,Indexed,0.586986541748047
3,427,Original,2.00295448303223
3,427,Indexed,0.59199333190918
5,405,Indexed,0.627040863037109
5,405,Original,1.94096565246582
3,69,Original,1.93881988525391
3,69,Indexed,0.581026077270508
1,252,Original,4.16803359985352
1,252,Indexed,0.620841979980469
3,373,Original,1.91402435302734
3,373,Indexed,0.58293342590332
4,451,Indexed,0.572919845581055
4,451,Original,1.9378662109375
3,96,Original,1.93500518798828
3,96,Indexed,0.588893890380859
5,366,Indexed,0.543832778930664
5,366,Original,1.90305709838867
4,483,Original,1.88899040222168
4,483,Indexed,0.576019287109375
4,501,Original,1.91402435302734
4,501,Indexed,0.570058822631836
3,224,Indexed,0.557899475097656
3,224,Original,1.94311141967773
5,528,Indexed,0.576972961425781
5,528,Original,1.92093849182129
4,518,Original,1.93095207214355
4,518,Indexed,0.560998916625977
3,474,Indexed,0.566005706787109
3,474,Original,1.88302993774414
4,158,Indexed,0.563859939575195
4,158,Original,1.89208984375
1,544,Original,1.8770694732666
1,544,Indexed,0.562906265258789
2,594,Original,1.95598602294922
2,594,Indexed,2.62999534606934
3,159,Indexed,0.581979751586914
3,159,Original,1.91497802734375
4,90,Indexed,0.581979751586914
4,90,Original,1.89495086669922
2,283,Original,1.90591812133789
2,283,Indexed,0.566959381103516
4,222,Original,1.8770694732666
4,222,Indexed,0.545978546142578
5,91,Indexed,0.583171844482422
5,91,Original,1.92904472351074
4,211,Indexed,0.571966171264648
4,211,Original,1.87993049621582
5,251,Indexed,0.555038452148438
5,251,Original,1.94215774536133
3,470,Original,1.91903114318848
3,470,Indexed,0.576972961425781
1,196,Original,1.90210342407227
1,196,Indexed,0.573873519897461
4,594,Original,1.91307067871094
4,594,Indexed,0.56910514831543
5,547,Indexed,0.565052032470703
5,547,Original,1.89399719238281
3,271,Indexed,0.55694580078125
3,271,Original,1.87921524047852
2,5,Original,1.98006629943848
2,5,Indexed,0.570058822631836
4,419,Indexed,0.571012496948242
4,419,Original,3.99684906005859
4,449,Original,1.89399719238281
4,449,Indexed,0.569820404052734
1,260,Original,1.89208984375
1,260,Indexed,0.564098358154297
4,535,Indexed,0.56004524230957
4,535,Original,1.88517570495605
2,146,Indexed,0.563144683837891
2,146,Original,1.90901756286621
2,17,Indexed,0.551223754882813
2,17,Original,1.88899040222168
1,515,Indexed,0.583887100219727
1,515,Original,1.86610221862793
5,358,Indexed,0.657081604003906
5,358,Original,1.92713737487793
4,299,Indexed,0.581979751586914
4,299,Original,1.8610954284668
1,447,Indexed,0.570058822631836
1,447,Original,1.88112258911133
1,425,Indexed,0.56004524230957
1,425,Original,1.94311141967773
2,108,Original,1.94001197814941
2,108,Indexed,0.603914260864258
2,96,Original,1.91307067871094
2,96,Indexed,0.567197799682617
4,281,Indexed,0.571966171264648
4,281,Original,1.93691253662109
2,524,Indexed,0.724077224731445
2,524,Original,1.91187858581543
2,350,Indexed,0.594139099121094
2,350,Original,1.88922882080078
3,218,Indexed,0.591039657592773
3,218,Original,1.87397003173828
1,168,Indexed,0.557899475097656
1,168,Original,1.87015533447266
2,589,Original,1.94883346557617
2,589,Indexed,0.569820404052734
2,578,Original,1.86610221862793
2,578,Indexed,0.574827194213867
3,407,Original,1.90401077270508
3,407,Indexed,0.560998916625977
4,227,Indexed,0.571966171264648
4,227,Original,1.90520286560059
4,558,Indexed,0.562906265258789
4,558,Original,1.95002555847168
1,559,Original,1.88994407653809
1,559,Indexed,0.559091567993164
4,454,Indexed,0.56910514831543
4,454,Original,1.9078254699707
5,14,Indexed,0.566005706787109
5,14,Original,1.93595886230469
4,12,Original,1.89900398254395
4,12,Indexed,0.550031661987305
4,561,Original,4.03714179992676
4,561,Indexed,0.577926635742188
3,197,Original,1.87492370605469
3,197,Indexed,0.544071197509766
4,562,Original,1.91092491149902
4,562,Indexed,0.576019287109375
2,60,Indexed,0.57220458984375
2,60,Original,1.94692611694336
5,580,Original,1.89781188964844
5,580,Indexed,0.564098358154297
5,26,Indexed,0.616073608398438
5,26,Original,1.84988975524902
4,499,Original,1.89614295959473
4,499,Indexed,0.578880310058594
2,220,Original,1.92403793334961
2,220,Indexed,0.574111938476563
2,560,Original,1.89995765686035
2,560,Indexed,0.570058822631836
1,449,Original,1.88302993774414
1,449,Indexed,0.550031661987305
4,508,Original,1.89805030822754
4,508,Indexed,0.568866729736328
2,362,Indexed,0.634908676147461
2,362,Original,1.90210342407227
2,292,Indexed,0.581026077270508
2,292,Original,1.95884704589844
4,461,Original,1.90591812133789
4,461,Indexed,2.69818305969238
4,224,Indexed,0.59199333190918
4,224,Original,1.92093849182129
4,362,Original,1.88779830932617
4,362,Indexed,0.571012496948242
2,284,Original,1.87897682189941
2,284,Indexed,0.565052032470703
4,488,Indexed,0.55384635925293
4,488,Original,1.87897682189941
3,119,Indexed,0.611066818237305
3,119,Original,1.89614295959473
4,7,Original,1.91903114318848
4,7,Indexed,0.575780868530273
2,267,Indexed,0.658035278320313
2,267,Original,1.88398361206055
2,411,Indexed,0.571966171264648
2,411,Original,1.89614295959473
4,379,Original,1.86300277709961
4,379,Indexed,0.550985336303711
3,493,Original,1.90305709838867
3,493,Indexed,0.56910514831543
2,281,Original,1.98101997375488
2,281,Indexed,0.571966171264648
1,113,Original,1.9068717956543
1,113,Indexed,0.564098358154297
4,163,Indexed,0.616073608398438
4,163,Original,1.93905830383301
5,80,Indexed,0.580072402954102
5,80,Original,3.94392013549805
1,565,Original,1.90901756286621
1,565,Indexed,0.573873519897461
5,197,Original,1.98101997375488
5,197,Indexed,0.55694580078125
5,219,Original,1.88112258911133
5,219,Indexed,0.561952590942383
3,139,Indexed,0.544071197509766
3,139,Original,1.88612937927246
2,251,Original,1.87802314758301
2,251,Indexed,0.578880310058594
1,436,Original,1.93905830383301
1,436,Indexed,0.567913055419922
5,324,Original,1.89900398254395
5,324,Indexed,0.580072402954102
3,439,Original,1.97601318359375
3,439,Indexed,0.551939010620117
4,450,Original,1.91211700439453
4,450,Indexed,0.581979751586914
5,203,Original,1.92093849182129
5,203,Indexed,0.588893890380859
3,386,Original,1.89304351806641
3,386,Indexed,0.575065612792969
5,555,Indexed,0.543117523193359
5,555,Original,1.88398361206055
1,128,Original,3.99112701416016
1,128,Indexed,0.628948211669922
2,527,Original,1.91211700439453
2,527,Indexed,0.554084777832031
2,129,Indexed,0.563859939575195
2,129,Original,1.86705589294434
1,283,Indexed,0.574111938476563
1,283,Original,1.90091133117676
2,580,Indexed,0.555038452148438
2,580,Original,1.88708305358887
4,366,Indexed,0.571012496948242
4,366,Original,1.88994407653809
3,44,Original,1.90091133117676
3,44,Indexed,0.64396858215332
3,440,Original,1.87993049621582
3,440,Indexed,0.536203384399414
1,152,Original,1.8620491027832
1,152,Indexed,0.667095184326172
4,20,Indexed,0.540018081665039
4,20,Original,1.86610221862793
4,549,Indexed,0.586032867431641
4,549,Original,1.93190574645996
2,440,Indexed,0.552177429199219
2,440,Original,1.87301635742188
1,520,Indexed,0.588893890380859
1,520,Original,1.953125
1,377,Indexed,0.669002532958984
1,377,Original,2.0301342010498
2,495,Original,2.08711624145508
2,495,Indexed,0.564098358154297
1,173,Indexed,0.571012496948242
1,173,Original,1.83391571044922
3,577,Original,1.81317329406738
3,577,Indexed,0.531911849975586
2,19,Indexed,0.540971755981445
2,19,Original,1.81293487548828
1,251,Original,2.00510025024414
1,251,Indexed,0.547170639038086
1,262,Original,1.84297561645508
1,262,Indexed,0.543832778930664
2,533,Indexed,0.527858734130859
2,533,Original,1.7998218536377
1,219,Original,1.85394287109375
1,219,Indexed,0.544071197509766
3,326,Original,1.84011459350586
3,326,Indexed,0.559806823730469
2,511,Original,1.82294845581055
2,511,Indexed,0.539064407348633
5,363,Indexed,0.538110733032227
5,363,Original,1.89805030822754
3,127,Original,1.81007385253906
3,127,Indexed,0.535011291503906
5,469,Indexed,0.5340576171875
5,469,Original,1.82795524597168
1,593,Original,3.89504432678223
1,593,Indexed,0.550985336303711
1,25,Indexed,0.561952590942383
1,25,Original,1.84106826782227
5,564,Indexed,0.532150268554688
5,564,Original,1.84392929077148
4,133,Indexed,0.565052032470703
4,133,Original,1.86920166015625
3,148,Original,1.80602073669434
3,148,Indexed,0.632047653198242
5,68,Indexed,0.53715705871582
5,68,Original,1.80912017822266
5,158,Indexed,0.550031661987305
5,158,Original,1.76906585693359
4,457,Indexed,0.565052032470703
4,457,Original,1.84202194213867
1,235,Original,1.87802314758301
1,235,Indexed,0.560998916625977
2,340,Indexed,0.557899475097656
2,340,Original,1.85012817382813
2,318,Original,1.82795524597168
2,318,Indexed,0.545978546142578
2,201,Indexed,0.560998916625977
2,201,Original,1.87301635742188
5,145,Original,1.87993049621582
5,145,Indexed,0.56004524230957
4,448,Original,3.92508506774902
4,448,Indexed,0.548124313354492
2,469,Original,1.83606147766113
2,469,Indexed,0.536918640136719
1,215,Indexed,0.543117523193359
1,215,Original,1.80983543395996
4,136,Indexed,0.55694580078125
4,136,Original,1.91497802734375
5,591,Original,1.86514854431152
5,591,Indexed,0.551939010620117
2,349,Indexed,0.540971755981445
2,349,Original,1.83391571044922
5,107,Original,1.82986259460449
5,107,Indexed,0.550985336303711
4,160,Original,1.8000602722168
4,160,Indexed,0.673055648803711
5,270,Indexed,0.572919845581055
5,270,Original,1.83892250061035
2,172,Original,1.87492370605469
2,172,Indexed,0.550985336303711
1,34,Indexed,0.538110733032227
1,34,Original,1.82199478149414
5,17,Indexed,0.525951385498047
5,17,Original,1.83701515197754
3,476,Indexed,0.653982162475586
3,476,Original,1.82795524597168
1,280,Indexed,0.570058822631836
1,280,Original,3.97109985351563
4,579,Original,1.8470287322998
4,579,Indexed,0.5950927734375
2,514,Indexed,0.614166259765625
2,514,Original,1.80387496948242
3,408,Original,1.82795524597168
3,408,Indexed,0.638008117675781
5,445,Original,1.7850399017334
5,445,Indexed,0.653982162475586
2,98,Indexed,0.558137893676758
2,98,Original,1.84893608093262
4,52,Original,1.84798240661621
4,52,Indexed,0.543832778930664
4,464,Indexed,0.553131103515625
4,464,Original,1.83296203613281
5,198,Original,1.82104110717773
5,198,Indexed,0.720024108886719
2,258,Indexed,0.562191009521484
2,258,Original,1.84798240661621
1,483,Indexed,0.564813613891602
1,483,Original,1.83606147766113
2,171,Original,1.82604789733887
2,171,Indexed,0.536918640136719
5,29,Indexed,0.557184219360352
5,29,Original,1.91521644592285
5,313,Indexed,0.554084777832031
5,313,Original,3.90195846557617
4,270,Indexed,0.573873519897461
4,270,Original,1.83415412902832
1,291,Indexed,0.535011291503906
1,291,Original,1.81794166564941
3,485,Original,2.08497047424316
3,485,Indexed,0.573873519897461
2,249,Indexed,0.560998916625977
2,249,Original,1.93500518798828
2,148,Original,1.89089775085449
2,148,Indexed,0.627040863037109
3,289,Original,1.83987617492676
3,289,Indexed,0.561952590942383
2,276,Original,1.84202194213867
2,276,Indexed,0.550031661987305
3,143,Indexed,0.549077987670898
3,143,Original,1.83606147766113
2,420,Original,1.8770694732666
2,420,Indexed,0.567913055419922
1,84,Original,1.85513496398926
1,84,Indexed,0.55384635925293
1,550,Indexed,0.543832778930664
1,550,Original,2.0911693572998
1,481,Indexed,0.646114349365234
1,481,Original,1.98101997375488
3,219,Original,1.90496444702148
3,219,Indexed,2.67505645751953
3,66,Indexed,0.627040863037109
3,66,Original,1.8761157989502
3,265,Original,1.83200836181641
3,265,Indexed,0.548839569091797
4,447,Original,1.87087059020996
4,447,Indexed,0.534772872924805
5,427,Indexed,0.547885894775391
5,427,Original,1.83296203613281
1,479,Indexed,0.547885894775391
1,479,Original,1.83391571044922
1,599,Original,1.82604789733887
1,599,Indexed,0.535011291503906
1,415,Original,1.82199478149414
1,415,Indexed,0.648975372314453
2,101,Indexed,0.545978546142578
2,101,Original,1.81102752685547
3,482,Original,1.86491012573242
3,482,Indexed,0.605106353759766
5,227,Indexed,0.552892684936523
5,227,Original,1.85513496398926
1,216,Original,1.84893608093262
1,216,Indexed,0.561952590942383
4,470,Original,1.86514854431152
4,470,Indexed,0.550031661987305
3,95,Indexed,0.561952590942383
3,95,Original,3.86500358581543
5,309,Original,2.18796730041504
5,309,Indexed,0.625133514404297
1,14,Original,1.98817253112793
1,14,Indexed,0.545978546142578
4,237,Original,1.8458366394043
4,237,Indexed,0.542879104614258
5,335,Original,1.82795524597168
5,335,Indexed,0.555992126464844
5,126,Indexed,0.53715705871582
5,126,Original,1.84893608093262
1,145,Indexed,0.549077987670898
1,145,Original,1.82914733886719
5,381,Indexed,0.576972961425781
5,381,Original,1.86586380004883
3,453,Indexed,0.572919845581055
3,453,Original,1.9080638885498
3,578,Original,1.83486938476563
3,578,Indexed,0.544071197509766
2,179,Original,1.84392929077148
2,179,Indexed,0.548124313354492
4,587,Indexed,0.539064407348633
4,587,Original,1.82199478149414
3,4,Original,1.88612937927246
3,4,Indexed,0.566959381103516
5,443,Original,1.86014175415039
5,443,Indexed,2.74205207824707
1,491,Original,1.89208984375
1,491,Indexed,0.549077987670898
2,577,Original,1.80792808532715
2,577,Indexed,0.53095817565918
4,407,Original,1.81794166564941
4,407,Indexed,0.563144683837891
3,222,Original,1.8150806427002
3,222,Indexed,0.531911849975586
1,1,Original,1.8460750579834
1,1,Indexed,0.557899475097656
3,37,Indexed,0.577211380004883
3,37,Original,1.83486938476563
4,417,Indexed,0.580072402954102
4,417,Original,1.80912017822266
3,125,Indexed,0.565052032470703
3,125,Original,1.85298919677734
1,13,Indexed,0.551939010620117
1,13,Original,1.82914733886719
5,202,Indexed,0.565052032470703
5,202,Original,1.86014175415039
3,449,Original,1.82795524597168
3,449,Indexed,0.536918640136719
5,207,Indexed,0.55694580078125
5,207,Original,2.00796127319336
2,144,Indexed,0.634908676147461
2,144,Original,3.9680004119873
1,475,Indexed,0.566959381103516
1,475,Original,1.81388854980469
2,182,Indexed,0.631809234619141
2,182,Original,1.79409980773926
1,462,Indexed,0.554084777832031
1,462,Original,1.82890892028809
2,74,Original,1.84082984924316
2,74,Indexed,0.550031661987305
5,461,Original,1.83796882629395
5,461,Indexed,0.642061233520508
5,81,Indexed,0.535011291503906
5,81,Original,1.80196762084961
3,294,Original,1.8467903137207
3,294,Indexed,0.552892684936523
3,467,Original,1.92999839782715
3,467,Indexed,0.535011291503906
4,477,Indexed,0.536918640136719
4,477,Original,1.82008743286133
1,352,Original,1.84392929077148
1,352,Indexed,0.543117523193359
3,477,Indexed,0.540971755981445
3,477,Original,1.81889533996582
1,207,Original,1.87397003173828
1,207,Indexed,0.548124313354492
1,463,Original,7.4460506439209
1,463,Indexed,0.814914703369141
2,353,Original,1.96003913879395
2,353,Indexed,0.672101974487305
2,413,Original,1.91688537597656
2,413,Indexed,0.600814819335938
3,166,Original,1.82104110717773
3,166,Indexed,0.56004524230957
4,302,Original,1.85513496398926
4,302,Indexed,0.578165054321289
5,170,Original,1.85489654541016
5,170,Indexed,0.56004524230957
1,289,Original,1.83892250061035
1,289,Indexed,0.576019287109375
4,73,Original,1.84392929077148
4,73,Indexed,0.566959381103516
1,146,Original,1.86896324157715
1,146,Indexed,0.560998916625977
3,387,Indexed,0.573873519897461
3,387,Original,1.8460750579834
3,322,Original,1.94501876831055
3,322,Indexed,1.81198120117188
2,188,Original,2.55799293518066
2,188,Indexed,0.667810440063477
3,168,Indexed,0.663995742797852
3,168,Original,2.14815139770508
5,486,Indexed,0.660181045532227
5,486,Original,2.20704078674316
5,574,Original,4.87208366394043
5,574,Indexed,0.656843185424805
2,165,Original,2.07018852233887
2,165,Indexed,0.639915466308594
3,282,Indexed,0.611066818237305
3,282,Original,1.94096565246582
1,65,Indexed,0.592947006225586
1,65,Original,1.93190574645996
2,89,Indexed,0.575065612792969
2,89,Original,1.95193290710449
4,584,Original,1.97720527648926
4,584,Indexed,0.576019287109375
2,95,Indexed,0.585079193115234
2,95,Original,1.89995765686035
3,533,Indexed,0.55694580078125
3,533,Original,1.9218921661377
5,6,Indexed,0.584840774536133
5,6,Original,1.9221305847168
5,75,Original,2.01201438903809
5,75,Indexed,0.598907470703125
5,462,Indexed,0.563144683837891
5,462,Original,1.97577476501465
4,264,Original,1.88589096069336
4,264,Indexed,0.670909881591797
3,106,Original,1.93405151367188
3,106,Indexed,0.571966171264648
5,581,Indexed,0.565052032470703
5,581,Original,1.92117691040039
5,8,Original,2.46500968933105
5,8,Indexed,0.605106353759766
1,115,Indexed,0.627994537353516
1,115,Original,2.14290618896484
3,527,Indexed,0.566959381103516
3,527,Original,1.89805030822754
3,273,Original,1.88589096069336
3,273,Indexed,0.549077987670898
1,105,Original,1.92999839782715
1,105,Indexed,0.578880310058594
2,181,Indexed,0.59199333190918
2,181,Original,1.93309783935547
1,586,Indexed,0.577926635742188
1,586,Original,1.91783905029297
1,204,Indexed,0.575065612792969
1,204,Original,2.02298164367676
4,468,Original,1.92594528198242
4,468,Indexed,0.571966171264648
3,398,Original,1.94811820983887
3,398,Indexed,0.571012496948242
2,293,Original,1.94597244262695
2,293,Indexed,0.577926635742188
1,193,Original,1.8761157989502
1,193,Indexed,0.542879104614258
1,394,Indexed,0.568151473999023
1,394,Original,1.92999839782715
5,110,Indexed,0.60582160949707
5,110,Original,4.6539306640625
4,502,Original,2.10094451904297
4,502,Indexed,0.607967376708984
5,240,Indexed,0.61488151550293
5,240,Original,1.94907188415527
5,88,Original,1.91092491149902
5,88,Indexed,0.562906265258789
2,363,Original,1.93691253662109
2,363,Indexed,0.56910514831543
2,410,Original,1.93905830383301
2,410,Indexed,0.59199333190918
3,279,Original,1.90210342407227
3,279,Indexed,0.670909881591797
5,425,Indexed,0.579118728637695
5,425,Original,1.92403793334961
3,98,Original,1.9841194152832
3,98,Indexed,0.59199333190918
5,498,Original,1.91998481750488
5,498,Indexed,0.557899475097656
1,507,Indexed,0.573158264160156
1,507,Original,1.91497802734375
2,4,Original,2.03990936279297
2,4,Indexed,0.580072402954102
5,453,Indexed,0.581026077270508
5,453,Original,1.93500518798828
4,335,Indexed,0.568866729736328
4,335,Original,1.95002555847168
2,557,Original,4.95195388793945
2,557,Indexed,0.717878341674805
4,463,Original,2.13503837585449
4,463,Indexed,0.605106353759766
3,479,Indexed,0.607967376708984
3,479,Original,1.93595886230469
3,9,Indexed,0.56004524230957
3,9,Original,1.91092491149902
4,595,Original,1.95789337158203
4,595,Indexed,0.566005706787109
5,539,Indexed,0.561952590942383
5,539,Original,1.94215774536133
1,448,Original,1.89399719238281
1,448,Indexed,0.561952590942383
4,560,Original,1.9080638885498
4,560,Indexed,0.56910514831543
4,114,Indexed,0.625133514404297
4,114,Original,1.94215774536133
5,130,Indexed,0.684022903442383
5,130,Original,1.88422203063965
3,8,Indexed,0.562906265258789
3,8,Original,1.89399719238281
2,164,Original,1.91187858581543
2,164,Indexed,0.581979751586914
3,164,Indexed,0.570058822631836
3,164,Original,1.91402435302734
4,484,Indexed,0.770092010498047
4,484,Original,4.72402572631836
3,104,Original,2.09689140319824
3,104,Indexed,0.618934631347656
4,159,Original,1.97696685791016
4,159,Indexed,0.594854354858398
5,162,Indexed,0.56004524230957
5,162,Original,1.92093849182129
4,396,Indexed,0.574827194213867
4,396,Original,1.91402435302734
4,14,Original,1.91998481750488
4,14,Indexed,0.587940216064453
5,468,Original,1.88493728637695
5,468,Indexed,0.56910514831543
4,479,Indexed,0.61798095703125
4,479,Original,1.91593170166016
1,103,Indexed,0.570058822631836
1,103,Original,1.94907188415527
3,412,Indexed,0.577926635742188
3,412,Original,1.94406509399414
2,453,Indexed,0.579118728637695
2,453,Original,1.90281867980957
1,107,Original,1.91283226013184
1,107,Indexed,0.566959381103516
5,226,Original,1.93285942077637
5,226,Indexed,0.575065612792969
4,306,Indexed,0.566959381103516
4,306,Original,1.93500518798828
3,200,Original,2.7310848236084
3,200,Indexed,0.640153884887695
1,584,Original,2.10309028625488
1,584,Indexed,0.571966171264648
2,204,Original,1.94907188415527
2,204,Indexed,0.65302848815918
4,56,Indexed,0.566005706787109
4,56,Original,1.91307067871094
2,505,Indexed,0.562906265258789
2,505,Original,1.91593170166016
3,38,Indexed,0.578880310058594
3,38,Original,1.88899040222168
2,481,Original,1.95789337158203
2,481,Indexed,0.567913055419922
5,278,Indexed,0.577926635742188
5,278,Original,1.89399719238281
5,308,Indexed,0.589847564697266
5,308,Original,1.9690990447998
2,449,Indexed,0.581026077270508
2,449,Original,1.90305709838867
2,387,Original,1.89113616943359
2,387,Indexed,0.550031661987305
1,480,Original,1.92809104919434
1,480,Indexed,0.583887100219727
2,579,Original,1.92594528198242
2,579,Indexed,0.574111938476563
1,577,Original,4.66394424438477
1,577,Indexed,0.694036483764648
4,225,Original,2.09879875183105
4,225,Indexed,0.609159469604492
3,338,Original,1.94692611694336
3,338,Indexed,0.58293342590332
1,297,Indexed,0.557899475097656
1,297,Original,1.86610221862793
3,162,Original,1.9228458404541
3,162,Indexed,0.583171844482422
3,460,Original,1.9068717956543
3,460,Indexed,0.573158264160156
1,392,Original,1.92785263061523
1,392,Indexed,0.619173049926758
1,120,Indexed,0.563859939575195
1,120,Original,1.92117691040039
5,36,Indexed,0.581026077270508
5,36,Original,1.95193290710449
3,272,Indexed,0.566959381103516
3,272,Original,1.93500518798828
5,236,Original,1.94311141967773
5,236,Indexed,0.597000122070313
3,193,Indexed,0.550031661987305
3,193,Original,1.88302993774414
4,287,Indexed,0.560998916625977
4,287,Original,1.95002555847168
3,183,Original,1.95813179016113
3,183,Indexed,0.935077667236328
5,18,Original,2.13098526000977
5,18,Indexed,0.613927841186523
5,201,Original,1.99508666992188
5,201,Indexed,0.581026077270508
1,133,Original,1.9221305847168
1,133,Indexed,0.571012496948242
3,142,Indexed,0.600099563598633
3,142,Original,1.94692611694336
5,199,Original,1.98507308959961
5,199,Indexed,0.575065612792969
5,345,Original,1.9378662109375
5,345,Indexed,0.571966171264648
4,351,Indexed,0.583171844482422
4,351,Original,1.90401077270508
2,102,Indexed,0.564813613891602
2,102,Original,1.96385383605957
2,28,Indexed,0.572919845581055
2,28,Original,2.19607353210449
3,448,Original,2.01106071472168
3,448,Indexed,0.612974166870117
2,65,Original,1.98698043823242
2,65,Indexed,0.589132308959961
5,9,Indexed,0.550985336303711
5,9,Original,1.97100639343262
4,293,Indexed,0.597953796386719
4,293,Original,1.97386741638184
4,359,Indexed,3.31902503967285
4,359,Original,2.24494934082031
1,158,Indexed,0.633001327514648
1,158,Original,2.2728443145752
5,72,Original,2.10905075073242
5,72,Indexed,0.5950927734375
3,335,Original,1.94787979125977
3,335,Indexed,0.580072402954102
4,214,Indexed,0.566959381103516
4,214,Original,1.9218921661377
3,432,Original,1.91903114318848
3,432,Indexed,0.565052032470703
2,7,Original,1.98793411254883
2,7,Indexed,0.602960586547852
5,160,Indexed,0.701904296875
5,160,Original,1.89900398254395
5,548,Indexed,0.600099563598633
5,548,Original,1.94406509399414
3,184,Original,1.95813179016113
3,184,Indexed,0.575065612792969
3,304,Original,1.94287300109863
3,304,Indexed,0.566005706787109
4,471,Original,1.90496444702148
4,471,Indexed,0.559806823730469
4,314,Indexed,0.586032867431641
4,314,Original,2.02107429504395
4,72,Original,4.6238899230957
4,72,Indexed,0.594139099121094
1,428,Original,2.10094451904297
1,428,Indexed,0.607967376708984
1,452,Original,1.9078254699707
1,452,Indexed,0.566005706787109
4,588,Indexed,0.561952590942383
4,588,Original,1.88183784484863
3,150,Indexed,0.577926635742188
3,150,Original,2.0909309387207
1,118,Original,2.03180313110352
1,118,Indexed,0.571012496948242
4,51,Indexed,0.68211555480957
4,51,Original,1.9831657409668
1,46,Original,1.99103355407715
1,46,Indexed,0.609874725341797
1,472,Original,1.99484825134277
1,472,Indexed,0.615119934082031
3,26,Indexed,0.647068023681641
3,26,Original,1.98912620544434
1,59,Indexed,0.589132308959961
1,59,Original,2.01320648193359
1,501,Original,1.95193290710449
1,501,Indexed,0.590085983276367
3,102,Original,2.01511383056641
3,102,Indexed,0.583887100219727
3,362,Indexed,0.613927841186523
3,362,Original,4.90689277648926
2,85,Original,2.20489501953125
2,85,Indexed,0.648021697998047
3,512,Indexed,0.639915466308594
3,512,Original,1.88612937927246
5,255,Indexed,0.59199333190918
5,255,Original,1.93619728088379
1,541,Indexed,0.607967376708984
1,541,Original,1.92904472351074
2,425,Original,1.97100639343262
2,425,Indexed,0.588893890380859
2,71,Original,1.96099281311035
2,71,Indexed,0.646114349365234
3,348,Original,1.94406509399414
3,348,Indexed,0.581026077270508
1,581,Original,1.9690990447998
1,581,Indexed,0.573158264160156
5,509,Indexed,0.584840774536133
5,509,Original,1.95813179016113
1,269,Indexed,0.587940216064453
1,269,Original,1.97696685791016
5,439,Original,1.92689895629883
5,439,Indexed,0.592947006225586
3,151,Indexed,0.576972961425781
3,151,Original,2.12407112121582
1,387,Original,4.23192977905273
1,387,Indexed,0.903844833374023
3,87,Indexed,0.637054443359375
3,87,Original,2.10905075073242
2,426,Indexed,0.618934631347656
2,426,Original,1.92689895629883
5,223,Original,1.92999839782715
5,223,Indexed,0.591039657592773
1,353,Original,1.92999839782715
1,353,Indexed,0.664949417114258
2,160,Indexed,0.661849975585938
2,160,Original,1.98817253112793
5,489,Original,1.89900398254395
5,489,Indexed,0.565052032470703
3,502,Indexed,0.564098358154297
3,502,Original,1.9078254699707
1,566,Original,1.91307067871094
1,566,Indexed,0.798940658569336
3,372,Indexed,0.586032867431641
3,372,Original,2.01797485351563
2,599,Indexed,0.576972961425781
2,599,Original,1.9688606262207
3,254,Original,1.96099281311035
3,254,Indexed,0.584840774536133
1,231,Original,1.88803672790527
1,231,Indexed,0.571012496948242
2,234,Original,1.96981430053711
2,234,Indexed,2.86722183227539
2,244,Indexed,0.723838806152344
2,244,Original,2.11000442504883
1,537,Original,1.98483467102051
1,537,Indexed,0.648975372314453
5,12,Original,1.91903114318848
5,12,Indexed,0.562191009521484
4,223,Original,1.91903114318848
4,223,Indexed,0.554084777832031
3,262,Indexed,0.571012496948242
3,262,Original,1.90281867980957
1,244,Original,1.93595886230469
1,244,Indexed,0.578880310058594
1,402,Indexed,0.550031661987305
1,402,Original,1.88994407653809
4,85,Indexed,0.578880310058594
4,85,Original,1.91998481750488
3,575,Indexed,0.604867935180664
3,575,Original,1.99317932128906
3,132,Original,1.95503234863281
3,132,Indexed,0.585079193115234
1,190,Original,1.90114974975586
1,190,Indexed,0.571966171264648
2,8,Indexed,0.567197799682617
2,8,Original,1.90401077270508
5,294,Indexed,0.567913055419922
5,294,Original,3.88216972351074
5,30,Indexed,0.855922698974609
5,30,Original,2.14791297912598
2,49,Original,2.06184387207031
2,49,Indexed,0.579118728637695
5,206,Original,1.89208984375
5,206,Indexed,0.572919845581055
4,381,Indexed,0.557899475097656
4,381,Original,1.92093849182129
2,142,Original,1.90281867980957
2,142,Indexed,0.580072402954102
5,517,Original,1.91593170166016
5,517,Indexed,0.564813613891602
4,310,Indexed,0.571966171264648
4,310,Original,1.92904472351074
3,443,Original,1.95908546447754
3,443,Indexed,0.586032867431641
3,36,Original,1.95813179016113
3,36,Indexed,0.579118728637695
3,595,Indexed,0.584840774536133
3,595,Original,1.92785263061523
4,260,Indexed,0.600814819335938
4,260,Original,1.94287300109863
3,267,Indexed,0.648021697998047
3,267,Original,1.92594528198242
1,386,Original,1.95598602294922
1,386,Indexed,2.53605842590332
2,139,Original,2.36201286315918
2,139,Indexed,0.612020492553711
4,206,Indexed,0.604152679443359
4,206,Original,1.95503234863281
5,392,Indexed,0.570058822631836
5,392,Original,1.90615653991699
3,402,Indexed,0.573873519897461
3,402,Original,1.91497802734375
5,111,Indexed,0.576019287109375
5,111,Original,1.93095207214355
2,324,Original,1.96218490600586
2,324,Indexed,0.571966171264648
5,600,Original,1.90210342407227
5,600,Indexed,0.547885894775391
2,99,Original,1.97601318359375
2,99,Indexed,0.592947006225586
4,29,Original,1.93381309509277
4,29,Indexed,0.590085983276367
3,35,Original,1.94191932678223
3,35,Indexed,0.599861145019531
2,106,Indexed,0.571966171264648
2,106,Original,1.97005271911621
4,97,Indexed,0.602960586547852
4,97,Original,1.95097923278809
3,103,Indexed,0.565052032470703
3,103,Original,1.93500518798828
5,377,Original,2.43186950683594
5,377,Indexed,0.699996948242188
3,179,Original,2.03990936279297
3,179,Indexed,0.583171844482422
5,161,Original,1.99198722839355
5,161,Indexed,0.604152679443359
5,419,Indexed,0.612020492553711
5,419,Original,1.97815895080566
1,389,Indexed,0.552177429199219
1,389,Original,1.83892250061035
4,331,Original,1.88589096069336
4,331,Indexed,0.565052032470703
5,52,Indexed,0.570058822631836
5,52,Original,1.85799598693848
4,342,Original,1.88803672790527
4,342,Indexed,0.567913055419922
2,348,Indexed,0.56004524230957
2,348,Original,1.94907188415527
5,534,Indexed,0.576019287109375
5,534,Original,1.84917449951172
4,370,Indexed,0.536918640136719
4,370,Original,1.79505348205566
3,97,Original,1.89089775085449
3,97,Indexed,0.622987747192383
2,39,Indexed,0.540971755981445
2,39,Original,3.77416610717773
5,53,Original,2.38490104675293
5,53,Indexed,0.613927841186523
4,178,Indexed,0.592947006225586
4,178,Original,1.90901756286621
3,354,Original,1.84893608093262
3,354,Indexed,0.545978546142578
1,288,Indexed,0.552892684936523
1,288,Original,2.40993499755859
1,580,Indexed,0.59199333190918
1,580,Original,1.90210342407227
3,243,Indexed,0.575065612792969
3,243,Original,1.86300277709961
5,395,Original,1.96003913879395
5,395,Indexed,0.571966171264648
5,284,Indexed,0.549077987670898
5,284,Original,1.87397003173828
4,486,Original,1.91092491149902
4,486,Indexed,0.710010528564453
4,572,Original,1.8918514251709
4,572,Indexed,0.67591667175293
2,464,Indexed,0.579118728637695
2,464,Original,1.96599960327148
5,458,Original,1.97815895080566
5,458,Indexed,0.56910514831543
2,69,Indexed,0.587940216064453
2,69,Original,4.56905364990234
1,104,Indexed,0.880956649780273
1,104,Original,2.40397453308105
3,316,Indexed,0.936031341552734
3,316,Original,2.06899642944336
1,461,Indexed,0.635147094726563
1,461,Original,1.83916091918945
4,395,Indexed,0.565052032470703
4,395,Original,1.87587738037109
3,429,Original,1.85990333557129
3,429,Indexed,0.56004524230957
4,110,Original,1.91497802734375
4,110,Indexed,0.566959381103516
4,40,Original,1.83606147766113
4,40,Indexed,0.648975372314453
4,241,Indexed,0.541925430297852
4,241,Original,1.88493728637695
3,390,Original,1.85108184814453
3,390,Indexed,0.531911849975586
4,530,Original,1.85203552246094
4,530,Indexed,0.558853149414063
3,333,Original,1.87206268310547
3,333,Indexed,0.560998916625977
1,254,Indexed,0.58293342590332
1,254,Original,1.85203552246094
4,266,Indexed,0.576972961425781
4,266,Original,4.38404083251953
3,336,Original,2.03895568847656
3,336,Indexed,0.597000122070313
3,364,Indexed,0.590085983276367
3,364,Original,1.84392929077148
3,140,Indexed,0.688791275024414
3,140,Original,1.8310546875
4,445,Original,1.85084342956543
4,445,Indexed,0.649929046630859
3,413,Original,1.8608570098877
3,413,Indexed,0.552892684936523
5,132,Indexed,0.565052032470703
5,132,Original,1.85298919677734
5,55,Original,1.8310546875
5,55,Indexed,0.563859939575195
3,251,Original,1.83892250061035
3,251,Indexed,0.553131103515625
3,411,Original,1.97410583496094
3,411,Indexed,0.568866729736328
1,424,Indexed,0.557899475097656
1,424,Original,1.8620491027832
5,400,Indexed,0.550985336303711
5,400,Original,1.82604789733887
2,312,Original,1.83701515197754
2,312,Indexed,0.552177429199219
2,523,Original,4.35495376586914
2,523,Indexed,0.61798095703125
2,531,Indexed,0.586032867431641
2,531,Original,2.11000442504883
4,329,Original,1.83010101318359
4,329,Indexed,0.554800033569336
2,490,Original,1.86896324157715
2,490,Indexed,0.566005706787109
3,111,Indexed,0.543117523193359
3,111,Original,1.81317329406738
3,17,Original,1.81913375854492
3,17,Indexed,0.542879104614258
4,413,Indexed,0.543117523193359
4,413,Original,1.85799598693848
4,242,Original,1.93500518798828
4,242,Indexed,0.605106353759766
4,53,Original,1.8918514251709
4,53,Indexed,0.57220458984375
4,220,Original,1.89709663391113
4,220,Indexed,0.560998916625977
3,158,Indexed,0.551939010620117
3,158,Original,1.80983543395996
1,51,Original,1.82104110717773
1,51,Indexed,0.62108039855957
1,87,Indexed,0.539064407348633
1,87,Original,1.84011459350586
2,346,Original,6.83283805847168
2,346,Indexed,0.869035720825195
5,208,Original,1.99413299560547
5,208,Indexed,0.599145889282227
1,538,Original,1.96099281311035
1,538,Indexed,0.573873519897461
3,5,Original,1.97410583496094
3,5,Indexed,0.564098358154297
2,437,Original,1.94406509399414
2,437,Indexed,0.597000122070313
4,500,Original,1.83486938476563
4,500,Indexed,0.550031661987305
1,23,Indexed,0.558137893676758
1,23,Original,1.86800956726074
1,471,Original,1.84011459350586
1,471,Indexed,0.547170639038086
1,293,Indexed,0.560998916625977
1,293,Original,1.87897682189941
2,62,Original,1.92499160766602
2,62,Indexed,0.578880310058594
5,120,Original,1.84988975524902
5,120,Indexed,0.562906265258789
1,358,Original,1.85704231262207
1,358,Indexed,0.654935836791992
5,596,Original,1.83796882629395
5,596,Indexed,0.538825988769531
5,253,Indexed,0.597000122070313
5,253,Original,3.95393371582031
5,282,Original,2.88796424865723
5,282,Indexed,0.594854354858398
4,236,Original,2.16007232666016
4,236,Indexed,0.663995742797852
1,589,Original,2.26593017578125
1,589,Indexed,0.662088394165039
3,529,Original,1.99484825134277
3,529,Indexed,0.669002532958984
4,83,Indexed,0.645875930786133
4,83,Original,1.84798240661621
5,119,Original,1.87182426452637
5,119,Indexed,0.581979751586914
5,83,Original,2.10785865783691
5,83,Indexed,0.711202621459961
5,188,Original,1.92809104919434
5,188,Indexed,0.555038452148438
3,108,Original,1.97100639343262
3,108,Indexed,0.599861145019531
3,173,Indexed,0.578165054321289
3,173,Original,1.92999839782715
4,291,Original,1.85680389404297
4,291,Indexed,0.563144683837891
4,354,Original,1.86896324157715
4,354,Indexed,0.555038452148438
2,491,Original,1.91497802734375
2,491,Indexed,0.56910514831543
3,523,Indexed,0.550985336303711
3,523,Original,5.23710250854492
2,59,Original,2.05087661743164
2,59,Indexed,0.579833984375
5,546,Indexed,0.597953796386719
5,546,Original,2.00200080871582
2,433,Original,2.02512741088867
2,433,Indexed,0.559091567993164
2,584,Original,1.87587738037109
2,584,Indexed,0.543117523193359
4,600,Indexed,0.566959381103516
4,600,Original,1.81198120117188
1,248,Indexed,0.555038452148438
1,248,Original,1.84798240661621
4,135,Original,1.89900398254395
4,135,Indexed,0.573158264160156
4,1,Indexed,0.563859939575195
4,1,Original,1.88302993774414
1,439,Indexed,0.548124313354492
1,439,Original,1.86610221862793
5,179,Indexed,0.530004501342773
5,179,Original,1.83320045471191
5,20,Original,1.93405151367188
5,20,Indexed,0.52189826965332
3,258,Indexed,0.566005706787109
3,258,Original,1.89709663391113
1,363,Indexed,0.549793243408203
1,363,Original,4.08697128295898
4,70,Indexed,0.929832458496094
4,70,Original,2.49791145324707
3,569,Original,2.02298164367676
3,569,Indexed,0.572919845581055
2,238,Indexed,0.574111938476563
2,238,Original,1.98698043823242
1,72,Indexed,0.555038452148438
1,72,Original,1.81102752685547
5,554,Indexed,0.559091567993164
5,554,Original,1.8460750579834
3,465,Indexed,0.548124313354492
3,465,Original,1.82604789733887
3,323,Original,1.82104110717773
3,323,Indexed,0.525951385498047
5,423,Original,1.85489654541016
5,423,Indexed,0.566005706787109
2,127,Indexed,0.53095817565918
2,127,Original,1.89304351806641
1,71,Indexed,0.585079193115234
1,71,Original,1.83892250061035
5,69,Indexed,0.550985336303711
5,69,Original,1.84202194213867
3,371,Original,1.88207626342773
3,371,Indexed,0.579833984375
5,463,Indexed,0.560998916625977
5,463,Original,1.91307067871094
4,103,Original,4.88114356994629
4,103,Indexed,0.844001770019531
4,189,Original,2.03299522399902
4,189,Indexed,0.586986541748047
5,311,Original,1.99699401855469
5,311,Indexed,0.605106353759766
3,269,Indexed,0.581979751586914
3,269,Original,1.90114974975586
1,320,Indexed,0.561952590942383
1,320,Original,1.95217132568359
5,192,Original,1.91807746887207
5,192,Indexed,0.587940216064453
5,77,Indexed,0.552177429199219
5,77,Original,1.90401077270508
4,555,Indexed,0.535964965820313
4,555,Original,1.78790092468262
1,134,Original,1.97196006774902
1,134,Indexed,0.643014907836914
2,184,Original,1.96981430053711
2,184,Indexed,0.570058822631836
2,291,Original,2.53391265869141
2,291,Indexed,0.674009323120117
4,390,Indexed,0.609874725341797
4,390,Original,2.01082229614258
2,86,Indexed,0.683069229125977
2,86,Original,1.97815895080566
4,493,Indexed,0.647068023681641
4,493,Original,4.90307807922363
4,527,Original,2.58684158325195
4,527,Indexed,0.632047653198242
1,484,Original,2.12502479553223
1,484,Indexed,0.833988189697266
1,318,Original,2.29692459106445
1,318,Indexed,0.631093978881836
3,276,Original,1.94787979125977
3,276,Indexed,0.587940216064453
2,154,Original,1.88302993774414
2,154,Indexed,0.771999359130859
4,353,Original,1.91879272460938
4,353,Indexed,0.758171081542969
4,38,Original,1.91712379455566
4,38,Indexed,0.566959381103516
5,348,Indexed,0.576972961425781
5,348,Original,1.96695327758789
1,407,Original,2.19202041625977
1,407,Indexed,0.602960586547852
2,240,Indexed,0.587940216064453
2,240,Original,1.91617012023926
2,290,Indexed,0.586986541748047
2,290,Original,1.98888778686523
5,378,Original,1.97601318359375
5,378,Indexed,0.598907470703125
2,175,Indexed,0.622034072875977
2,175,Original,2.07400321960449
5,522,Original,3.41296195983887
5,522,Indexed,0.622034072875977
4,131,Indexed,0.738143920898438
4,131,Original,2.10905075073242
5,101,Original,2.11691856384277
5,101,Indexed,0.612020492553711
1,198,Original,1.96194648742676
1,198,Indexed,0.708818435668945
4,536,Original,2.02584266662598
4,536,Indexed,0.604152679443359
4,546,Original,2.02393531799316
4,546,Indexed,0.591039657592773
3,392,Original,1.95002555847168
3,392,Indexed,0.600099563598633
1,176,Original,1.97601318359375
1,176,Indexed,0.58293342590332
2,487,Original,2.0139217376709
2,487,Indexed,0.702857971191406
5,584,Original,2.03299522399902
5,584,Indexed,0.640153884887695
4,55,Original,1.97100639343262
4,55,Indexed,0.65302848815918
2,200,Indexed,0.61798095703125
2,200,Original,2.02417373657227
2,430,Original,1.94406509399414
2,430,Indexed,0.569820404052734
1,250,Indexed,0.576019287109375
1,250,Original,5.64384460449219
4,466,Indexed,0.686883926391602
4,466,Original,2.16007232666016
5,242,Indexed,0.619888305664063
5,242,Original,2.1519660949707
5,370,Original,2.00319290161133
5,370,Indexed,0.565052032470703
5,71,Indexed,0.565052032470703
5,71,Original,1.98602676391602
2,82,Indexed,0.685930252075195
2,82,Original,2.37894058227539
1,335,Indexed,0.581979751586914
1,335,Original,1.99294090270996
1,10,Indexed,0.615835189819336
1,10,Original,1.99699401855469
2,564,Original,1.97696685791016
2,564,Indexed,0.594854354858398
5,288,Indexed,0.57220458984375
5,288,Original,1.95789337158203
3,456,Original,1.93190574645996
3,456,Indexed,0.55694580078125
3,160,Indexed,0.759124755859375
3,160,Original,2.10404396057129
4,253,Original,1.93309783935547
4,253,Indexed,0.578165054321289
5,283,Indexed,0.571966171264648
5,283,Original,5.26690483093262
5,74,Indexed,0.797033309936523
5,74,Original,2.10690498352051
3,296,Original,2.18415260314941
3,296,Indexed,0.5950927734375
3,592,Indexed,0.586032867431641
3,592,Original,1.95693969726563
1,478,Original,1.94597244262695
1,478,Indexed,0.577211380004883
4,119,Original,1.95598602294922
4,119,Indexed,0.56910514831543
3,76,Original,1.86610221862793
3,76,Indexed,0.558853149414063
4,320,Indexed,0.565052032470703
4,320,Original,1.96099281311035
1,600,Indexed,0.575065612792969
1,600,Original,1.88398361206055
1,396,Indexed,0.573158264160156
1,396,Original,1.92093849182129
2,176,Original,1.87993049621582
2,176,Indexed,0.566005706787109
1,558,Indexed,0.56004524230957
1,558,Original,1.92594528198242
4,383,Original,1.90210342407227
4,383,Indexed,0.64396858215332
5,241,Indexed,0.542879104614258
5,241,Original,4.7609806060791
1,93,Original,2.55393981933594
1,93,Indexed,0.61488151550293
4,286,Original,2.05612182617188
4,286,Indexed,0.643014907836914
1,354,Original,2.02298164367676
1,354,Indexed,0.562906265258789
3,389,Indexed,0.567913055419922
3,389,Original,2.10905075073242
4,531,Original,1.92880630493164
4,531,Indexed,0.793933868408203
2,38,Original,2.00104713439941
2,38,Indexed,0.56004524230957
3,321,Original,1.85799598693848
3,321,Indexed,0.55384635925293
1,303,Original,1.94692611694336
1,303,Indexed,0.601053237915039
3,308,Indexed,0.572919845581055
3,308,Original,1.9378662109375
1,366,Indexed,0.546932220458984
1,366,Original,1.89113616943359
2,191,Original,1.88302993774414
2,191,Indexed,0.570058822631836
5,327,Original,1.88112258911133
5,327,Indexed,0.545978546142578
4,427,Original,1.88589096069336
4,427,Indexed,2.97188758850098
1,345,Indexed,0.89716911315918
1,345,Original,2.73013114929199
5,168,Original,2.11596488952637
5,168,Indexed,0.603914260864258
5,426,Original,2.06112861633301
5,426,Indexed,0.61488151550293
3,225,Indexed,0.56910514831543
3,225,Original,1.89709663391113
5,59,Indexed,0.626087188720703
5,59,Original,1.91187858581543
5,459,Original,1.92689895629883
5,459,Indexed,0.56004524230957
4,74,Indexed,0.605106353759766
4,74,Original,1.92499160766602
2,539,Original,1.9371509552002
2,539,Indexed,0.606060028076172
4,537,Indexed,0.663042068481445
4,537,Original,1.89018249511719
1,17,Original,1.91092491149902
1,17,Indexed,0.5340576171875
2,454,Indexed,0.555992126464844
2,454,Original,1.88398361206055
4,194,Indexed,0.549077987670898
4,194,Original,2.0139217376709
3,494,Original,1.88994407653809
3,494,Indexed,0.678062438964844
3,292,Indexed,1.068115234375
3,292,Original,2.78401374816895
5,446,Indexed,0.699043273925781
5,446,Original,2.0289421081543
2,124,Indexed,0.623941421508789
2,124,Original,2.44402885437012
2,388,Original,2.11000442504883
2,388,Indexed,0.552892684936523
2,307,Indexed,0.576972961425781
2,307,Original,1.88994407653809
5,540,Original,1.90305709838867
5,540,Indexed,0.586032867431641
2,412,Original,1.90591812133789
2,412,Indexed,0.562191009521484
5,407,Original,1.9071102142334
5,407,Indexed,0.557899475097656
3,121,Indexed,0.703811645507813
3,121,Original,2.06804275512695
3,546,Indexed,0.597000122070313
3,546,Original,1.95002555847168
5,245,Original,1.91020965576172
5,245,Indexed,0.632047653198242
2,416,Original,1.93595886230469
2,416,Indexed,0.586986541748047
5,514,Original,1.91998481750488
5,514,Indexed,0.667095184326172
2,519,Indexed,3.11708450317383
2,519,Original,3.0059814453125
3,203,Indexed,0.654935836791992
3,203,Original,2.0759105682373
2,377,Indexed,0.696182250976563
2,377,Original,2.03704833984375
2,401,Original,1.88088417053223
2,401,Indexed,0.661849975585938
3,55,Indexed,0.566005706787109
3,55,Original,2.06494331359863
4,349,Original,1.90305709838867
4,349,Indexed,0.608921051025391
5,123,Indexed,0.572919845581055
5,123,Original,1.9378662109375
4,102,Indexed,0.561952590942383
4,102,Original,1.89399719238281
5,355,Indexed,0.587940216064453
5,355,Original,1.88112258911133
5,429,Original,1.85489654541016
5,429,Indexed,0.566005706787109
5,319,Indexed,0.551939010620117
5,319,Original,1.94787979125977
4,16,Original,1.9228458404541
4,16,Indexed,0.684976577758789
2,380,Indexed,0.572919845581055
2,380,Original,1.86491012573242
3,149,Indexed,2.86102294921875
3,149,Original,2.8071403503418
5,143,Indexed,0.583887100219727
5,143,Original,2.04300880432129
1,322,Indexed,0.648975372314453
1,322,Original,2.00200080871582
5,299,Indexed,0.55694580078125
5,299,Original,1.94597244262695
2,504,Original,1.87993049621582
2,504,Indexed,0.567913055419922
3,414,Original,1.86800956726074
3,414,Indexed,0.586986541748047
4,489,Indexed,0.551939010620117
4,489,Original,1.85394287109375
2,472,Original,1.98912620544434
2,472,Indexed,0.56910514831543
1,536,Indexed,0.559091567993164
1,536,Original,1.91402435302734
3,332,Indexed,0.540971755981445
3,332,Original,1.90186500549316
1,346,Indexed,0.555992126464844
1,346,Original,1.85298919677734
4,62,Indexed,0.582218170166016
4,62,Original,1.8610954284668
4,45,Original,1.83796882629395
4,45,Indexed,0.540971755981445
3,234,Original,5.3098201751709
3,234,Indexed,0.608921051025391
2,141,Indexed,0.608921051025391
2,141,Original,2.11691856384277
2,575,Indexed,0.59199333190918
2,575,Original,2.01296806335449
4,44,Original,1.85894966125488
4,44,Indexed,0.547885894775391
1,278,Original,2.14695930480957
1,278,Indexed,0.616073608398438
3,281,Original,2.06589698791504
3,281,Indexed,0.571966171264648
1,287,Indexed,0.570058822631836
1,287,Original,1.93595886230469
1,598,Indexed,0.545024871826172
1,598,Original,2.1979808807373
2,275,Original,2.12788581848145
2,275,Indexed,0.612974166870117
4,582,Indexed,0.592947006225586
4,582,Original,2.23994255065918
4,305,Original,2.20608711242676
4,305,Indexed,0.674962997436523
1,151,Indexed,0.56004524230957
1,151,Original,1.88493728637695
2,23,Indexed,0.586986541748047
2,23,Original,1.98221206665039
2,423,Original,3.33309173583984
2,423,Indexed,0.688076019287109
2,303,Original,2.07805633544922
2,303,Indexed,0.587940216064453
5,87,Original,2.05278396606445
5,87,Indexed,0.596046447753906
3,520,Indexed,0.560998916625977
3,520,Original,1.88779830932617
5,411,Original,1.95598602294922
5,411,Indexed,0.571966171264648
5,78,Original,1.88398361206055
5,78,Indexed,0.573873519897461
5,93,Indexed,0.55694580078125
5,93,Original,1.89900398254395
5,70,Indexed,0.66685676574707
5,70,Original,2.00295448303223
5,248,Indexed,0.575065612792969
5,248,Original,1.91903114318848
2,81,Original,1.9230842590332
2,81,Indexed,0.599861145019531
4,148,Original,1.94811820983887
4,148,Indexed,0.655889511108398
5,213,Original,1.90496444702148
5,213,Indexed,0.545024871826172
4,426,Indexed,0.575065612792969
4,426,Original,4.31919097900391
2,155,Original,2.90918350219727
2,155,Indexed,0.646114349365234
2,256,Indexed,0.618934631347656
2,256,Original,2.10309028625488
2,78,Indexed,0.609159469604492
2,78,Original,2.01582908630371
3,297,Indexed,0.545024871826172
3,297,Original,1.88398361206055
3,452,Indexed,0.567913055419922
3,452,Original,1.85894966125488
1,170,Indexed,0.566005706787109
1,170,Original,1.90186500549316
2,43,Indexed,0.55694580078125
2,43,Original,1.87397003173828
4,507,Indexed,0.565052032470703
4,507,Original,1.94907188415527
5,315,Original,1.90305709838867
5,315,Indexed,0.571012496948242
3,517,Original,1.87897682189941
3,517,Indexed,0.541925430297852
2,114,Indexed,0.581979751586914
2,114,Original,1.88803672790527
4,568,Original,1.85418128967285
4,568,Indexed,0.558853149414063
2,532,Indexed,0.543117523193359
2,532,Original,4.6379566192627
3,461,Indexed,1.05905532836914
3,461,Original,2.21395492553711
2,400,Indexed,0.612020492553711
2,400,Original,2.01320648193359
1,556,Original,2.02298164367676
1,556,Indexed,0.547885894775391
4,458,Original,1.87993049621582
4,458,Indexed,0.544071197509766
2,233,Original,1.92499160766602
2,233,Indexed,0.599861145019531
4,307,Indexed,0.571966171264648
4,307,Original,1.94382667541504
4,402,Original,1.86491012573242
4,402,Indexed,0.550031661987305
1,126,Original,1.91497802734375
1,126,Indexed,0.559091567993164
2,26,Indexed,0.634908676147461
2,26,Original,1.88612937927246
5,271,Indexed,0.547885894775391
5,271,Original,1.87206268310547
2,341,Indexed,0.555992126464844
2,341,Original,1.90615653991699
4,388,Indexed,0.540018081665039
4,388,Original,1.88398361206055
1,524,Original,4.68611717224121
1,524,Indexed,0.941991806030273
4,491,Original,2.25520133972168
4,491,Indexed,0.602006912231445
2,383,Indexed,0.70500373840332
2,383,Original,2.16484069824219
3,430,Indexed,0.610113143920898
3,430,Original,1.90305709838867
1,583,Indexed,0.683069229125977
1,583,Original,1.87492370605469
4,166,Original,1.86491012573242
4,166,Indexed,0.576972961425781
4,170,Indexed,0.563144683837891
4,170,Original,1.9080638885498
1,451,Indexed,0.577926635742188
1,451,Original,1.96504592895508
4,139,Original,1.91402435302734
4,139,Indexed,0.555038452148438
4,195,Indexed,0.56910514831543
4,195,Original,1.98006629943848
1,404,Indexed,0.710964202880859
1,404,Original,1.88493728637695
4,246,Indexed,0.566959381103516
4,246,Original,1.88302993774414
2,285,Indexed,0.794887542724609
2,285,Original,1.87182426452637
3,431,Indexed,0.566005706787109
3,431,Original,5.54394721984863
1,177,Indexed,0.648021697998047
1,177,Original,2.10809707641602
4,80,Indexed,0.613927841186523
4,80,Original,2.05302238464355
4,226,Indexed,0.603914260864258
4,226,Original,1.9071102142334
1,459,Indexed,0.570058822631836
1,459,Original,1.89113616943359
5,200,Indexed,0.602960586547852
5,200,Original,1.90305709838867
2,122,Original,2.2578239440918
2,122,Indexed,0.596046447753906
2,431,Indexed,0.563859939575195
2,431,Original,2.01797485351563
2,278,Original,2.27904319763184
2,278,Indexed,0.651836395263672
1,367,Original,1.95717811584473
1,367,Indexed,0.58293342590332
2,521,Original,1.86991691589355
2,521,Indexed,0.55694580078125
5,532,Original,2.02298164367676
5,532,Indexed,0.55694580078125
3,433,Original,1.93500518798828
3,433,Indexed,0.557184219360352
4,312,Original,3.4019947052002
4,312,Indexed,0.600099563598633
5,273,Indexed,0.570058822631836
5,273,Original,2.02107429504395
5,85,Indexed,0.599861145019531
5,85,Original,2.01606750488281
3,116,Indexed,0.708103179931641
3,116,Original,1.85298919677734
2,427,Indexed,0.567913055419922
2,427,Original,1.93595886230469
2,207,Original,1.89208984375
2,207,Indexed,0.557899475097656
3,263,Indexed,0.581979751586914
3,263,Original,1.91402435302734
3,545,Original,1.92093849182129
3,545,Indexed,0.554084777832031
4,313,Indexed,0.545978546142578
4,313,Original,1.91807746887207
5,353,Original,1.85894966125488
5,353,Indexed,0.661849975585938
5,305,Original,1.87802314758301
5,305,Indexed,0.711917877197266
5,475,Original,1.89495086669922
5,475,Indexed,0.564098358154297
4,514,Indexed,0.65302848815918
4,514,Original,8.26311111450195
1,482,Indexed,0.94914436340332
1,482,Original,2.21395492553711
3,328,Indexed,0.629901885986328
3,328,Original,2.05206871032715
4,438,Original,1.98006629943848
4,438,Indexed,0.563859939575195
2,375,Original,2.04205513000488
2,375,Indexed,0.592947006225586
2,2,Original,1.95503234863281
2,2,Indexed,0.577926635742188
3,586,Original,1.87492370605469
3,586,Indexed,0.566005706787109
1,548,Original,1.96003913879395
1,548,Indexed,0.593900680541992
1,143,Original,1.93595886230469
1,143,Indexed,0.566959381103516
4,197,Indexed,0.555992126464844
4,197,Original,1.90901756286621
2,385,Indexed,0.574827194213867
2,385,Original,1.93500518798828
2,223,Original,1.95193290710449
2,223,Indexed,0.577926635742188
1,6,Indexed,0.566959381103516
1,6,Original,1.94501876831055
1,148,Original,1.94811820983887
1,148,Indexed,0.678062438964844
3,525,Original,5.61594963073731
3,525,Indexed,0.676155090332031
2,15,Indexed,0.602960586547852
2,15,Original,2.05206871032715
2,63,Original,2.03800201416016
2,63,Indexed,0.640153884887695
5,129,Original,2.04610824584961
5,129,Indexed,0.602006912231445
1,94,Indexed,0.636100769042969
1,94,Original,2.10785865783691
3,384,Original,1.87015533447266
3,384,Indexed,0.555038452148438
2,419,Indexed,0.555992126464844
2,419,Original,1.85203552246094
2,436,Original,1.89399719238281
2,436,Indexed,0.576972961425781
1,31,Indexed,0.594139099121094
1,31,Original,1.90496444702148
4,257,Original,1.87397003173828
4,257,Indexed,0.548839569091797
3,492,Indexed,0.646114349365234
3,492,Original,1.91807746887207
4,17,Indexed,0.550985336303711
4,17,Original,1.85918807983398
2,485,Indexed,0.555038452148438
2,485,Original,1.88088417053223
2,236,Indexed,0.576019287109375
2,236,Original,5.31387329101563
3,483,Indexed,0.880002975463867
3,483,Original,2.08187103271484
5,408,Original,2.09212303161621
5,408,Indexed,0.694036483764648
5,390,Original,2.02298164367676
5,390,Indexed,0.563859939575195
3,303,Indexed,0.591039657592773
3,303,Original,1.99699401855469
5,73,Original,1.94406509399414
5,73,Indexed,0.586986541748047
2,309,Original,1.87897682189941
2,309,Indexed,0.555038452148438
5,42,Indexed,0.650882720947266
5,42,Original,1.93309783935547
4,98,Indexed,0.631093978881836
4,98,Original,1.94191932678223
3,553,Original,1.88612937927246
3,553,Indexed,0.546932220458984
3,176,Indexed,0.579118728637695
3,176,Original,1.89590454101563
3,283,Original,1.86395645141602
3,283,Indexed,0.555038452148438
4,512,Indexed,0.550985336303711
4,512,Original,1.83796882629395
2,70,Original,1.95407867431641
2,70,Indexed,3.18098068237305
1,54,Original,3.16119194030762
1,54,Indexed,0.623941421508789
1,458,Indexed,0.596046447753906
1,458,Original,2.03895568847656
1,299,Indexed,0.572919845581055
1,299,Original,2.00891494750977
5,373,Original,2.04110145568848
5,373,Indexed,0.596046447753906
3,245,Indexed,0.638008117675781
3,245,Original,1.96599960327148
3,551,Original,1.8770694732666
3,551,Indexed,0.568151473999023
4,586,Indexed,0.568866729736328
4,586,Original,1.86395645141602
4,403,Original,1.90210342407227
4,403,Indexed,0.574827194213867
1,437,Original,1.89208984375
1,437,Indexed,0.561952590942383
3,548,Original,1.87993049621582
3,548,Indexed,0.568866729736328
3,434,Original,1.90591812133789
3,434,Indexed,0.557184219360352
5,141,Original,1.86896324157715
5,141,Indexed,0.579118728637695
1,368,Indexed,0.555038452148438
1,368,Original,1.83510780334473
5,222,Indexed,2.8998851776123
5,222,Original,3.25989723205566
5,76,Indexed,0.586032867431641
5,76,Original,2.08091735839844
3,557,Original,2.10094451904297
3,557,Indexed,0.590085983276367
4,374,Original,2.00605392456055
4,374,Indexed,0.597000122070313
5,466,Indexed,0.590085983276367
5,466,Original,1.99007987976074
4,525,Indexed,0.570058822631836
4,525,Original,1.89208984375
2,457,Indexed,0.559091567993164
2,457,Original,1.88088417053223
1,74,Indexed,0.566005706787109
1,74,Original,1.96003913879395
1,162,Original,1.92594528198242
1,162,Indexed,0.578165054321289
4,155,Original,1.92117691040039
4,155,Indexed,0.604152679443359
5,505,Original,1.89900398254395
5,505,Indexed,0.547170639038086
1,155,Original,1.95813179016113
1,155,Indexed,0.628232955932617
4,456,Original,1.90091133117676
4,456,Indexed,0.546932220458984
4,11,Original,5.04398345947266
4,11,Indexed,0.931024551391602
2,314,Indexed,0.70500373840332
2,314,Original,2.02322006225586
1,234,Original,2.04682350158691
1,234,Indexed,0.602960586547852
5,318,Indexed,0.600099563598633
5,318,Original,2.30789184570313
2,559,Original,2.03800201416016
2,559,Indexed,0.577926635742188
3,558,Original,1.9218921661377
3,558,Indexed,0.56004524230957
5,375,Indexed,0.562906265258789
5,375,Original,1.87110900878906
4,414,Indexed,0.553131103515625
4,414,Original,1.90114974975586
4,252,Indexed,0.570058822631836
4,252,Original,1.90305709838867
5,47,Original,1.93595886230469
5,47,Indexed,0.555038452148438
3,247,Original,1.85608863830566
3,247,Indexed,0.543832778930664
4,185,Indexed,0.555992126464844
4,185,Original,1.90997123718262
1,192,Indexed,0.5950927734375
1,192,Original,1.91998481750488
3,334,Original,4.44412231445313
3,334,Indexed,1.06692314147949
3,320,Indexed,0.924110412597656
3,320,Original,2.16889381408691
5,122,Indexed,0.613927841186523
5,122,Original,2.06089019775391
1,85,Indexed,0.618934631347656
1,85,Original,2.15601921081543
4,212,Original,2.18701362609863
4,212,Indexed,0.637054443359375
5,22,Indexed,0.551939010620117
5,22,Original,1.83486938476563
4,138,Indexed,0.686883926391602
4,138,Original,1.85799598693848
4,467,Indexed,0.561952590942383
4,467,Original,1.86300277709961
5,356,Original,1.97792053222656
5,356,Indexed,0.576972961425781
5,404,Original,1.90496444702148
5,404,Indexed,0.669956207275391
3,528,Indexed,0.563144683837891
3,528,Original,1.89495086669922
3,446,Indexed,0.660181045532227
3,446,Original,1.84798240661621
3,393,Indexed,0.56004524230957
3,393,Original,1.87492370605469
3,202,Indexed,0.555992126464844
3,202,Original,4.74691390991211
5,565,Indexed,1.00111961364746
5,565,Original,2.4559497833252
1,203,Indexed,0.607013702392578
1,203,Original,2.08616256713867
3,582,Original,2.03108787536621
3,582,Indexed,0.600099563598633
4,436,Original,2.06804275512695
4,436,Indexed,0.586032867431641
4,566,Original,1.9078254699707
4,566,Indexed,0.662088394165039
5,115,Indexed,0.602960586547852
5,115,Original,1.91688537597656
4,534,Original,1.90901756286621
4,534,Indexed,0.568151473999023
1,32,Original,1.94811820983887
1,32,Indexed,0.624895095825195
3,190,Indexed,0.554084777832031
3,190,Original,1.94001197814941
1,264,Original,1.8608570098877
1,264,Indexed,0.669956207275391
3,286,Original,2.0899772644043
3,286,Indexed,0.634908676147461
5,217,Original,1.87110900878906
5,217,Indexed,0.559091567993164
3,459,Indexed,0.567913055419922
3,459,Original,4.30917739868164
1,53,Indexed,0.99492073059082
1,53,Original,2.78615951538086
2,510,Indexed,0.681877136230469
2,510,Original,3.03292274475098
2,145,Original,2.15291976928711
2,145,Indexed,0.637054443359375
4,393,Original,2.08592414855957
4,393,Indexed,0.631809234619141
3,107,Original,1.99508666992188
3,107,Indexed,0.597953796386719
3,458,Indexed,0.586986541748047
3,458,Original,1.92713737487793
3,110,Original,1.95002555847168
3,110,Indexed,0.614166259765625
5,289,Indexed,0.619888305664063
5,289,Original,1.99580192565918
1,474,Original,1.97410583496094
1,474,Indexed,0.597000122070313
5,490,Indexed,0.593900680541992
5,490,Original,1.93309783935547
2,159,Original,1.90591812133789
2,159,Indexed,0.602960586547852
4,3,Original,1.88493728637695
4,3,Indexed,0.601053237915039
3,136,Original,1.97291374206543
3,136,Indexed,0.598907470703125
4,565,Indexed,0.993013381958008
4,565,Original,2.78878211975098
4,400,Indexed,0.586986541748047
4,400,Original,2.0449161529541
1,16,Indexed,0.636816024780273
1,16,Original,2.05802917480469
2,326,Indexed,0.601053237915039
2,326,Original,2.20489501953125
2,361,Original,1.97505950927734
2,361,Indexed,0.566005706787109
3,93,Indexed,0.59199333190918
3,93,Original,1.87206268310547
3,239,Indexed,0.557899475097656
3,239,Original,1.88612937927246
5,393,Original,1.93095207214355
5,393,Indexed,0.566959381103516
1,272,Indexed,0.559091567993164
1,272,Original,1.94096565246582
2,131,Indexed,0.792026519775391
2,131,Original,1.88589096069336
1,159,Indexed,0.571966171264648
1,159,Original,1.9371509552002
3,165,Original,1.8620491027832
3,165,Indexed,0.549077987670898
5,86,Original,1.92499160766602
5,86,Indexed,0.590085983276367
5,379,Original,3.51309776306152
5,379,Indexed,0.596046447753906
3,347,Original,2.08783149719238
3,347,Indexed,0.593185424804688
3,223,Original,2.07185745239258
3,223,Indexed,0.58293342590332
4,75,Original,2.06708908081055
4,75,Indexed,0.612020492553711
5,561,Original,1.94907188415527
5,561,Indexed,0.563859939575195
2,443,Original,1.91688537597656
2,443,Indexed,0.563859939575195
2,250,Original,1.88803672790527
2,250,Indexed,0.545978546142578
1,200,Indexed,0.607013702392578
1,200,Original,1.95002555847168
3,532,Indexed,0.557899475097656
3,532,Original,1.95813179016113
3,424,Original,1.88612937927246
3,424,Indexed,0.564813613891602
3,206,Original,1.89399719238281
3,206,Indexed,0.566959381103516
4,387,Original,1.90210342407227
4,387,Indexed,0.555992126464844
3,345,Indexed,0.57220458984375
3,345,Original,1.91783905029297
2,53,Original,3.42798233032227
2,53,Indexed,0.617027282714844
5,506,Original,2.01988220214844
5,506,Indexed,0.694036483764648
5,233,Indexed,0.629901885986328
5,233,Original,2.05183029174805
5,488,Original,2.08806991577148
5,488,Indexed,0.622034072875977
5,210,Indexed,0.620126724243164
5,210,Original,1.93190574645996
2,359,Original,1.89590454101563
2,359,Indexed,0.605106353759766
5,424,Indexed,0.579833984375
5,424,Original,1.88302993774414
4,151,Indexed,0.567913055419922
4,151,Original,1.89399719238281
4,176,Original,1.92618370056152
4,176,Indexed,0.572919845581055
1,188,Original,1.91688537597656
1,188,Indexed,0.570058822631836
3,192,Original,1.94382667541504
3,192,Indexed,0.597953796386719
4,442,Original,1.89518928527832
4,442,Indexed,0.616073608398438
3,246,Indexed,0.559091567993164
3,246,Original,4.05716896057129
1,232,Original,3.19099426269531
1,232,Indexed,0.613927841186523
5,523,Indexed,0.613927841186523
5,523,Original,2.05302238464355
1,95,Original,2.01201438903809
1,95,Indexed,0.564813613891602
5,277,Indexed,0.689983367919922
5,277,Original,2.07614898681641
1,208,Indexed,0.583887100219727
1,208,Original,1.89900398254395
1,237,Original,1.87587738037109
1,237,Indexed,0.591039657592773
1,492,Original,1.86586380004883
1,492,Indexed,0.766992568969727
5,316,Indexed,0.557899475097656
5,316,Original,1.89399719238281
4,356,Original,1.91712379455566
4,356,Indexed,0.571012496948242
4,8,Indexed,0.557899475097656
4,8,Original,1.91307067871094
3,339,Original,1.88589096069336
3,339,Indexed,0.550031661987305
4,580,Indexed,0.561952590942383
4,580,Original,1.94406509399414
5,386,Original,1.8761157989502
5,386,Indexed,3.04794311523438
2,476,Original,2.89297103881836
2,476,Indexed,0.697851181030273
3,299,Indexed,0.593900680541992
3,299,Original,2.00891494750977
3,593,Original,2.0451545715332
3,593,Indexed,0.570058822631836
1,259,Original,1.9989013671875
1,259,Indexed,0.598907470703125
4,125,Indexed,0.563859939575195
4,125,Original,1.85704231262207
2,67,Original,1.92999839782715
2,67,Indexed,0.593900680541992
3,435,Original,1.8620491027832
3,435,Indexed,0.562906265258789
1,521,Indexed,0.604152679443359
1,521,Original,1.89781188964844
5,435,Original,1.88207626342773
5,435,Indexed,0.545978546142578
5,173,Indexed,0.56004524230957
5,173,Original,1.9378662109375
5,44,Original,1.88112258911133
5,44,Indexed,0.582218170166016
1,579,Indexed,0.564813613891602
1,579,Original,1.86514854431152
5,551,Indexed,0.56004524230957
5,551,Original,5.10501861572266
4,308,Original,2.70509719848633
4,308,Indexed,0.61798095703125
1,442,Indexed,0.592947006225586
1,442,Original,2.0301342010498
3,526,Indexed,0.5950927734375
3,526,Original,2.02107429504395
1,279,Original,2.01606750488281
1,279,Indexed,0.678062438964844
3,344,Original,1.98698043823242
3,344,Indexed,0.560998916625977
4,273,Indexed,0.5340576171875
4,273,Original,1.85108184814453
4,245,Original,1.90210342407227
4,245,Indexed,0.567913055419922
1,397,Original,1.88803672790527
1,397,Indexed,0.561952590942383
2,192,Original,1.94597244262695
2,192,Indexed,0.583171844482422
2,54,Indexed,0.572919845581055
2,54,Original,1.88994407653809
5,149,Indexed,0.559091567993164
5,149,Original,2.25090980529785
3,30,Indexed,0.67901611328125
3,30,Original,2.4259090423584
5,254,Original,5.06496429443359
5,254,Indexed,1.03306770324707
1,393,Original,2.65908241271973
1,393,Indexed,0.65302848815918
3,404,Original,2.18701362609863
3,404,Indexed,0.723123550415039
1,361,Original,2.09999084472656
1,361,Indexed,0.617027282714844
5,204,Original,2.08282470703125
5,204,Indexed,0.583171844482422
5,177,Original,1.96194648742676
5,177,Indexed,0.607967376708984
1,585,Indexed,0.743865966796875
1,585,Original,1.97196006774902
2,593,Indexed,0.566005706787109
2,593,Original,2.02393531799316
2,198,Original,1.91497802734375
2,198,Indexed,0.80108642578125
5,428,Original,1.9378662109375
5,428,Indexed,0.569820404052734
4,111,Original,1.88779830932617
4,111,Indexed,0.554084777832031
2,20,Indexed,0.530004501342773
2,20,Original,1.8620491027832
5,569,Indexed,0.531911849975586
5,569,Original,1.88088417053223
2,308,Indexed,0.603914260864258
2,308,Original,5.65290451049805
3,503,Indexed,0.612974166870117
3,503,Original,2.01702117919922
2,374,Original,2.01702117919922
2,374,Indexed,0.596046447753906
1,149,Original,2.0291805267334
1,149,Indexed,0.617027282714844
5,470,Indexed,0.593900680541992
5,470,Original,1.9228458404541
1,4,Original,1.99103355407715
1,4,Indexed,0.564813613891602
3,152,Original,1.85608863830566
3,152,Indexed,0.668048858642578
2,408,Indexed,0.642061233520508
2,408,Original,1.87301635742188
3,319,Original,1.90401077270508
3,319,Indexed,0.577926635742188
3,112,Original,1.94382667541504
3,112,Indexed,0.570058822631836
3,27,Original,1.92594528198242
3,27,Indexed,0.575065612792969
3,185,Indexed,0.559091567993164
3,185,Original,1.87301635742188
2,66,Indexed,0.614166259765625
2,66,Original,1.94811820983887
3,31,Indexed,3.09205055236816
3,31,Original,2.94589996337891
5,108,Indexed,0.642061233520508
5,108,Original,2.07209587097168
3,311,Original,2.05492973327637
3,311,Indexed,0.653982162475586
2,368,Original,1.99508666992188
2,368,Indexed,0.600099563598633
3,244,Indexed,0.584125518798828
3,244,Original,1.90496444702148
3,505,Indexed,0.567913055419922
3,505,Original,1.87802314758301
5,228,Indexed,0.559806823730469
5,228,Original,1.88398361206055
1,100,Original,1.91712379455566
1,100,Indexed,0.587940216064453
2,248,Original,1.92999839782715
2,248,Indexed,0.629901885986328
4,204,Original,1.91307067871094
4,204,Indexed,0.562191009521484
5,416,Indexed,0.548124313354492
5,416,Original,1.87897682189941
1,592,Indexed,0.557899475097656
1,592,Original,1.86610221862793
3,153,Indexed,0.592947006225586
3,153,Original,4.73499298095703
1,223,Original,2.91705131530762
1,223,Indexed,0.618219375610352
1,590,Original,2.03895568847656
1,590,Indexed,0.597953796386719
1,420,Indexed,0.586032867431641
1,420,Original,2.03895568847656
5,494,Indexed,0.690937042236328
5,494,Original,2.00414657592773
4,30,Indexed,0.563144683837891
4,30,Original,1.89518928527832
1,486,Original,1.89113616943359
1,486,Indexed,0.57220458984375
3,11,Indexed,0.576019287109375
3,11,Original,1.91307067871094
3,307,Indexed,0.565052032470703
3,307,Original,1.89781188964844
2,422,Indexed,0.571012496948242
2,422,Original,1.95693969726563
3,259,Original,1.86896324157715
3,259,Indexed,0.553131103515625
2,590,Original,1.86610221862793
2,590,Indexed,0.562191009521484
1,249,Indexed,0.541925430297852
1,249,Original,1.88398361206055
3,524,Indexed,0.56004524230957
3,524,Original,5.52988052368164
5,128,Indexed,0.612974166870117
5,128,Original,2.12001800537109
1,494,Indexed,0.699996948242188
1,494,Original,2.02298164367676
1,122,Original,2.03108787536621
1,122,Indexed,0.609874725341797
2,517,Indexed,0.573158264160156
2,517,Original,1.94597244262695
2,213,Original,2.1519660949707
2,213,Indexed,0.612974166870117
3,138,Original,2.05206871032715
3,138,Indexed,0.720024108886719
3,572,Original,1.9218921661377
3,572,Indexed,0.738859176635742
5,193,Indexed,0.546932220458984
5,193,Original,1.85585021972656
4,168,Original,1.91211700439453
4,168,Indexed,0.575065612792969
2,344,Original,2.02393531799316
2,344,Indexed,0.566005706787109
3,555,Indexed,0.535964965820313
3,555,Original,1.82390213012695
2,376,Indexed,0.58293342590332
2,376,Original,1.88589096069336
5,578,Original,3.39388847351074
5,578,Indexed,0.607013702392578
2,304,Indexed,0.576019287109375
2,304,Original,2.08401679992676
5,452,Original,2.10309028625488
5,452,Indexed,0.586986541748047
4,268,Original,2.03204154968262
4,268,Indexed,0.585079193115234
5,21,Original,1.93095207214355
5,21,Indexed,0.555992126464844
3,401,Indexed,0.641107559204102
3,401,Original,1.8918514251709
3,353,Indexed,0.653982162475586
3,353,Original,1.87897682189941
4,107,Indexed,0.576972961425781
4,107,Original,1.9080638885498
3,441,Indexed,0.592947006225586
3,441,Original,1.9068717956543
3,419,Original,1.86681747436523
3,419,Indexed,0.568866729736328
4,265,Indexed,0.555038452148438
4,265,Original,1.87110900878906
5,421,Indexed,0.550031661987305
5,421,Original,1.8620491027832
2,224,Indexed,0.570058822631836
2,224,Original,6.95013999938965
1,539,Original,3.15117835998535
1,539,Indexed,0.602006912231445
4,147,Original,2.02083587646484
4,147,Indexed,0.589847564697266
1,310,Indexed,0.58293342590332
1,310,Original,2.0439624786377
2,451,Indexed,0.614166259765625
2,451,Original,2.03299522399902
1,184,Original,2.11405754089355
1,184,Indexed,0.601053237915039
4,533,Indexed,0.587940216064453
4,533,Original,1.89590454101563
1,532,Indexed,0.560998916625977
1,532,Original,1.87397003173828
5,31,Original,1.9221305847168
5,31,Indexed,0.58293342590332
2,271,Indexed,0.557899475097656
2,271,Original,1.9230842590332
5,225,Indexed,0.557899475097656
5,225,Original,1.86896324157715
2,568,Indexed,0.558853149414063
2,568,Original,1.87110900878906
2,268,Indexed,0.555992126464844
2,268,Original,1.88612937927246
2,264,Indexed,0.655174255371094
2,264,Original,4.19807434082031
1,183,Original,3.36503982543945
1,183,Indexed,0.828027725219727
3,368,Indexed,0.591039657592773
3,368,Original,1.99294090270996
4,153,Indexed,0.643014907836914
4,153,Original,1.99317932128906
2,316,Indexed,0.571966171264648
2,316,Original,2.00510025024414
4,345,Indexed,0.5950927734375
4,345,Original,2.01010704040527
5,275,Indexed,0.571966171264648
5,275,Original,1.94096565246582
4,416,Indexed,0.565052032470703
4,416,Original,1.92904472351074
3,194,Original,1.87897682189941
3,194,Indexed,0.574111938476563
3,63,Original,1.95908546447754
3,63,Indexed,0.581026077270508
2,170,Original,1.90305709838867
2,170,Indexed,0.561952590942383
4,478,Original,1.88994407653809
4,478,Indexed,0.559091567993164
1,334,Original,1.85704231262207
1,334,Indexed,0.651121139526367
2,394,Indexed,0.581979751586914
2,394,Original,1.9221305847168
2,50,Original,5.37395477294922
2,50,Indexed,0.931978225708008
1,489,Indexed,0.845909118652344
1,489,Original,2.03204154968262
2,35,Original,2.01892852783203
2,35,Indexed,0.602006912231445
5,190,Original,2.04896926879883
5,190,Indexed,0.613927841186523
1,328,Original,2.04014778137207
1,328,Indexed,0.622034072875977
4,522,Indexed,0.627040863037109
4,522,Original,2.17580795288086
3,3,Indexed,0.669002532958984
3,3,Original,2.16412544250488
5,231,Indexed,0.597000122070313
5,231,Original,1.9078254699707
3,379,Indexed,0.67591667175293
3,379,Original,1.97005271911621
4,585,Indexed,0.676155090332031
4,585,Original,1.87993049621582
2,211,Original,1.89995765686035
2,211,Indexed,0.639915466308594
4,235,Original,2.03394889831543
4,235,Indexed,0.579118728637695
4,128,Original,1.88899040222168
4,128,Indexed,0.589132308959961
1,359,Indexed,0.619888305664063
1,359,Original,5.43999671936035
4,275,Indexed,0.954151153564453
4,275,Original,2.43282318115234
5,300,Indexed,0.676870346069336
5,300,Original,2.04610824584961
3,74,Original,2.04300880432129
3,74,Indexed,0.589132308959961
5,109,Indexed,0.59199333190918
5,109,Original,2.06494331359863
1,132,Original,2.06208229064941
1,132,Indexed,0.615835189819336
1,271,Original,1.9221305847168
1,271,Indexed,0.555038452148438
4,539,Original,1.92379951477051
4,539,Indexed,0.624895095825195
2,337,Original,1.95693969726563
2,337,Indexed,0.577926635742188
4,82,Indexed,0.673055648803711
4,82,Original,1.86610221862793
3,266,Indexed,0.575065612792969
3,266,Original,1.87087059020996
4,232,Original,1.90591812133789
4,232,Indexed,0.566959381103516
2,581,Indexed,0.558137893676758
2,581,Original,1.9068717956543
4,126,Indexed,0.566959381103516
4,126,Original,4.90498542785645
5,440,Original,3.16691398620605
5,440,Indexed,0.597000122070313
4,177,Indexed,0.609874725341797
4,177,Original,2.08401679992676
2,212,Indexed,0.594854354858398
2,212,Original,2.00796127319336
1,294,Indexed,0.598907470703125
1,294,Original,2.05302238464355
3,481,Indexed,0.639915466308594
3,481,Original,2.03919410705566
5,279,Indexed,0.704050064086914
5,279,Original,1.88016891479492
4,323,Original,1.85799598693848
4,323,Indexed,0.522136688232422
1,29,Original,1.94597244262695
1,29,Indexed,0.58293342590332
5,484,Original,1.97410583496094
5,484,Indexed,0.66685676574707
2,143,Original,1.91688537597656
2,143,Indexed,0.609874725341797
5,104,Indexed,0.563859939575195
5,104,Original,1.89399719238281
5,139,Indexed,0.602006912231445
5,139,Original,1.85990333557129
4,333,Original,1.93095207214355
4,333,Indexed,3.0980110168457
3,410,Original,3.57413291931152
3,410,Indexed,0.696897506713867
2,339,Indexed,0.60582160949707
2,339,Original,2.18796730041504
3,300,Indexed,0.628948211669922
3,300,Original,2.13193893432617
5,38,Indexed,0.602006912231445
5,38,Original,2.11405754089355
3,28,Indexed,0.631809234619141
3,28,Original,2.12812423706055
2,483,Indexed,0.619173049926758
2,483,Original,1.94883346557617
4,121,Indexed,0.626087188720703
4,121,Original,1.92403793334961
2,543,Original,2.0289421081543
2,543,Indexed,0.592947006225586
3,268,Original,1.90114974975586
3,268,Indexed,0.571966171264648
2,257,Original,1.87087059020996
2,257,Indexed,0.552892684936523
2,120,Original,1.8620491027832
2,120,Indexed,0.55384635925293
3,21,Indexed,0.571012496948242
3,21,Original,1.83701515197754
1,212,Indexed,0.584840774536133
1,212,Original,4.24981117248535
1,22,Original,3.56578826904297
1,22,Indexed,0.750064849853516
5,142,Original,2.06398963928223
5,142,Indexed,0.592947006225586
2,406,Indexed,0.67901611328125
2,406,Original,2.01678276062012
2,448,Indexed,0.579833984375
2,448,Original,2.06494331359863
3,233,Indexed,0.658988952636719
3,233,Original,2.09283828735352
4,482,Original,1.98602676391602
4,482,Indexed,0.565052032470703
5,290,Indexed,0.545978546142578
5,290,Original,1.92117691040039
1,142,Original,1.89089775085449
1,142,Indexed,0.581979751586914
2,109,Indexed,0.586986541748047
2,109,Original,1.96290016174316
2,88,Original,1.87420845031738
2,88,Indexed,0.571966171264648
5,520,Original,1.93691253662109
5,520,Indexed,0.581026077270508
1,138,Indexed,0.642776489257813
1,138,Original,1.82104110717773
3,597,Indexed,0.566959381103516
3,597,Original,3.90791893005371
1,365,Indexed,0.901937484741211
1,365,Original,3.36599349975586
2,317,Original,2.12907791137695
2,317,Indexed,0.612020492553711
3,53,Original,2.04110145568848
3,53,Indexed,0.590085983276367
4,480,Indexed,0.585079193115234
4,480,Original,2.00510025024414
2,237,Indexed,0.602960586547852
2,237,Original,1.98817253112793
2,518,Original,1.96599960327148
2,518,Indexed,0.566005706787109
4,181,Original,1.90997123718262
4,181,Indexed,0.58293342590332
5,571,Indexed,0.543832778930664
5,571,Original,1.94191932678223
1,500,Indexed,0.554084777832031
1,500,Original,1.8770694732666
2,45,Indexed,0.541925430297852
2,45,Original,1.79696083068848
5,182,Original,1.81388854980469
5,182,Indexed,0.627040863037109
5,383,Original,1.83200836181641
5,383,Indexed,0.66685676574707
1,127,Indexed,0.543832778930664
1,127,Original,3.92794609069824
4,243,Indexed,0.902891159057617
4,243,Original,3.39913368225098
1,561,Indexed,0.608921051025391
1,561,Original,2.02202796936035
1,398,Indexed,0.581026077270508
1,398,Original,2.00700759887695
1,498,Indexed,0.593900680541992
1,498,Original,1.98888778686523
4,311,Original,2.02202796936035
4,311,Indexed,0.634908676147461
2,538,Indexed,0.589847564697266
2,538,Original,1.89995765686035
5,346,Original,1.83987617492676
5,346,Indexed,0.542163848876953
5,258,Original,1.90091133117676
5,258,Indexed,0.577926635742188
1,167,Original,1.8918514251709
1,167,Indexed,0.584840774536133
3,445,Indexed,0.638008117675781
3,445,Original,1.83606147766113
5,541,Original,1.85322761535645
5,541,Indexed,0.568151473999023
4,541,Original,1.85894966125488
4,541,Indexed,0.565052032470703
3,438,Indexed,0.535011291503906
3,438,Original,3.95011901855469
2,104,Original,3.75819206237793
2,104,Indexed,0.824928283691406
2,219,Indexed,0.597000122070313
2,219,Original,2.02512741088867
1,253,Indexed,0.61798095703125
1,253,Original,2.06208229064941
4,557,Original,2.00200080871582
4,557,Indexed,0.580072402954102
2,322,Original,1.98101997375488
2,322,Indexed,0.572919845581055
1,529,Indexed,0.671863555908203
1,529,Original,1.87087059020996
2,321,Original,1.87516212463379
2,321,Indexed,0.564098358154297
2,115,Original,1.9080638885498
2,115,Indexed,0.573873519897461
1,372,Original,1.93905830383301
1,372,Indexed,0.568866729736328
2,540,Indexed,0.550985336303711
2,540,Original,1.87897682189941
3,49,Original,1.89995765686035
3,49,Indexed,0.550985336303711
3,242,Indexed,0.56004524230957
3,242,Original,1.89805030822754
1,319,Original,1.88302993774414
1,319,Indexed,2.78997421264648
5,304,Indexed,0.877141952514648
5,304,Original,3.23200225830078
5,274,Original,2.00104713439941
5,274,Indexed,0.576019287109375
4,77,Indexed,0.587940216064453
4,77,Original,2.06708908081055
2,509,Original,1.94907188415527
2,509,Indexed,0.546932220458984
4,262,Original,1.97219848632813
4,262,Indexed,0.585079193115234
2,83,Indexed,0.680923461914063
2,83,Original,1.87492370605469
5,133,Indexed,0.580072402954102
5,133,Original,1.85012817382813
1,276,Indexed,0.566959381103516
1,276,Original,1.89018249511719
1,7,Indexed,0.598907470703125
1,7,Original,1.9381046295166
4,404,Original,1.85894966125488
4,404,Indexed,0.708103179931641
5,332,Original,1.82914733886719
5,332,Indexed,0.532865524291992
4,375,Indexed,0.550031661987305
4,375,Original,1.89304351806641
2,498,Indexed,0.571966171264648
2,498,Original,4.40311431884766
2,118,Original,3.47399711608887
2,118,Indexed,0.61488151550293
4,104,Original,2.00510025024414
4,104,Indexed,0.576019287109375
4,343,Original,2.01201438903809
4,343,Indexed,0.581026077270508
3,23,Indexed,0.578880310058594
3,23,Original,2.18796730041504
1,307,Indexed,0.669002532958984
1,307,Original,2.06995010375977
2,372,Indexed,0.581026077270508
2,372,Original,1.8770694732666
5,43,Indexed,0.554800033569336
5,43,Original,1.87492370605469
2,465,Indexed,0.614166259765625
2,465,Original,1.98602676391602
4,380,Original,1.96290016174316
4,380,Indexed,1.18899345397949
3,34,Original,2.32887268066406
3,34,Indexed,0.616073608398438
2,73,Original,2.00200080871582
2,73,Indexed,0.63014030456543
3,216,Indexed,0.59199333190918
3,216,Original,1.96504592895508
1,347,Original,4.71305847167969
1,347,Indexed,0.916004180908203
1,27,Original,3.30710411071777
1,27,Indexed,0.617027282714844
2,446,Original,2.0599365234375
2,446,Indexed,0.78892707824707
3,559,Indexed,0.581026077270508
3,559,Original,2.01797485351563
2,300,Original,2.03895568847656
2,300,Indexed,0.596046447753906
5,27,Original,2.05302238464355
5,27,Indexed,0.596046447753906
5,67,Original,1.99508666992188
5,67,Indexed,0.598907470703125
5,303,Original,1.8761157989502
5,303,Indexed,0.554800033569336
1,499,Indexed,0.555992126464844
1,499,Original,1.91998481750488
2,428,Indexed,0.58293342590332
2,428,Original,1.91402435302734
5,364,Original,1.91211700439453
5,364,Indexed,0.567197799682617
3,315,Original,1.88684463500977
3,315,Indexed,0.560998916625977
5,148,Indexed,0.801801681518555
5,148,Original,1.91283226013184
5,134,Indexed,0.599861145019531
5,134,Original,5.30719757080078
5,40,Original,2.5172233581543
5,40,Indexed,0.677824020385742
4,475,Indexed,0.632047653198242
4,475,Original,2.0148754119873
5,249,Indexed,0.580787658691406
5,249,Original,2.01511383056641
4,149,Indexed,0.596046447753906
4,149,Original,1.95908546447754
3,547,Original,1.97076797485352
3,547,Indexed,0.554084777832031
5,154,Original,1.85799598693848
5,154,Indexed,0.638008117675781
4,54,Original,1.92618370056152
4,54,Indexed,0.602960586547852
5,455,Original,1.89089775085449
5,455,Indexed,0.550985336303711
2,409,Original,1.91307067871094
2,409,Indexed,0.576972961425781
1,80,Original,1.90210342407227
1,80,Indexed,0.578880310058594
2,338,Original,1.91807746887207
2,338,Indexed,0.574111938476563
4,520,Indexed,0.557899475097656
4,520,Original,1.95598602294922
4,258,Indexed,2.8529167175293
4,258,Original,3.44109535217285
5,112,Original,2.11596488952637
5,112,Indexed,0.585079193115234
1,400,Indexed,0.589847564697266
1,400,Original,1.9841194152832
3,118,Indexed,0.600099563598633
3,118,Original,2.00819969177246
5,338,Indexed,0.607967376708984
5,338,Original,2.0289421081543
2,259,Indexed,0.577926635742188
2,259,Original,1.88803672790527
1,364,Indexed,0.562906265258789
1,364,Original,1.88612937927246
4,430,Original,1.94120407104492
4,430,Indexed,0.566005706787109
5,325,Original,1.91903114318848
5,325,Indexed,0.573873519897461
3,43,Original,1.8608570098877
3,43,Indexed,0.56004524230957
3,181,Indexed,0.593900680541992
3,181,Original,1.87492370605469
5,481,Indexed,0.564098358154297
5,481,Original,1.88207626342773
2,329,Original,1.91307067871094
2,329,Indexed,0.914096832275391
5,556,Indexed,0.884056091308594
5,556,Original,2.90584564208984
4,364,Original,2.13789939880371
4,364,Indexed,0.602006912231445
5,11,Original,2.02083587646484
5,11,Indexed,0.597000122070313
2,548,Indexed,0.581979751586914
2,548,Original,2.01511383056641
4,545,Indexed,0.595808029174805
4,545,Original,2.07805633544922
3,270,Original,1.91593170166016
3,270,Indexed,0.589847564697266
3,58,Original,1.90997123718262
3,58,Indexed,0.574111938476563
5,326,Original,1.92904472351074
5,326,Indexed,0.576019287109375
4,341,Indexed,0.553131103515625
4,341,Original,1.88994407653809
4,122,Original,1.87897682189941
4,122,Indexed,0.574111938476563
4,552,Indexed,0.576972961425781
4,552,Original,1.94501876831055
1,114,Indexed,0.560998916625977
1,114,Original,1.91497802734375
2,365,Original,4.78792190551758
2,365,Indexed,0.936031341552734
2,582,Original,2.59900093078613
2,582,Indexed,0.581026077270508
2,32,Indexed,0.626802444458008
2,32,Original,2.03299522399902
2,445,Indexed,0.717878341674805
2,445,Original,2.01511383056641
4,2,Indexed,0.598907470703125
4,2,Original,2.00700759887695
4,563,Indexed,0.597000122070313
4,563,Original,1.99699401855469
1,348,Indexed,0.565767288208008
1,348,Original,1.9071102142334
5,321,Original,1.86014175415039
5,321,Indexed,0.569820404052734
2,434,Original,1.88493728637695
2,434,Indexed,0.551939010620117
4,298,Original,1.99580192565918
4,298,Indexed,0.571012496948242
4,570,Indexed,0.557899475097656
4,570,Original,1.85799598693848
5,144,Indexed,0.586032867431641
5,144,Original,1.87897682189941
4,322,Indexed,0.584125518798828
4,322,Original,1.91092491149902
1,201,Original,3.55195999145508
1,201,Indexed,0.956058502197266
2,216,Indexed,0.5950927734375
2,216,Original,2.03514099121094
2,530,Indexed,0.581979751586914
2,530,Original,2.00581550598145
1,96,Indexed,0.588893890380859
1,96,Original,2.58994102478027
1,24,Original,2.04682350158691
1,24,Indexed,0.572919845581055
1,504,Original,1.89495086669922
1,504,Indexed,0.544071197509766
2,103,Indexed,0.571012496948242
2,103,Original,1.96003913879395
5,575,Indexed,0.586986541748047
5,575,Original,2.09689140319824
2,561,Indexed,0.579118728637695
2,561,Original,1.9838809967041
4,198,Indexed,0.672101974487305
4,198,Original,1.86610221862793
5,441,Original,1.89304351806641
5,441,Indexed,0.573873519897461
4,130,Original,1.86395645141602
4,130,Indexed,0.71406364440918
2,31,Original,4.59098815917969
2,31,Indexed,0.914096832275391
5,371,Original,3.04698944091797
5,371,Indexed,0.661849975585938
1,485,Original,2.04610824584961
1,485,Indexed,0.597000122070313
2,117,Indexed,0.589847564697266
2,117,Original,1.97505950927734
5,403,Indexed,0.586032867431641
5,403,Original,2.0759105682373
3,205,Original,2.0291805267334
3,205,Indexed,0.572919845581055
4,162,Indexed,0.565052032470703
4,162,Original,1.88612937927246
5,334,Indexed,0.646114349365234
5,334,Original,1.86491012573242
3,255,Indexed,0.581026077270508
3,255,Original,1.90401077270508
2,87,Original,1.90901756286621
2,87,Indexed,0.560998916625977
1,571,Indexed,0.560998916625977
1,571,Original,1.94597244262695
1,3,Indexed,0.550985336303711
1,3,Original,1.83892250061035
1,20,Indexed,0.530004501342773
1,20,Original,1.85298919677734
2,261,Original,5.32102584838867
2,261,Indexed,0.91099739074707
5,389,Indexed,0.642061233520508
5,389,Original,2.01797485351563
3,256,Original,2.18510627746582
3,256,Indexed,0.633001327514648
5,562,Indexed,0.62108039855957
5,562,Original,2.08401679992676
2,460,Original,2.0592212677002
2,460,Indexed,0.587940216064453
1,191,Original,1.95193290710449
1,191,Indexed,0.564098358154297
4,169,Original,1.87397003173828
4,169,Indexed,0.648975372314453
2,382,Original,1.96695327758789
2,382,Indexed,0.633955001831055
1,86,Indexed,0.576019287109375
1,86,Original,1.92999839782715
1,553,Original,1.85012817382813
1,553,Indexed,0.540971755981445
1,174,Original,1.83701515197754
1,174,Indexed,0.540971755981445
3,369,Original,1.88994407653809
3,369,Indexed,0.576972961425781
2,328,Original,4.40812110900879
2,328,Indexed,0.978946685791016
2,214,Indexed,0.934123992919922
2,214,Original,2.57110595703125
1,416,Original,2.02488899230957
1,416,Indexed,0.5950927734375
2,563,Indexed,0.588893890380859
2,563,Original,2.01416015625
5,135,Indexed,0.602960586547852
5,135,Original,2.03490257263184
2,12,Original,1.98817253112793
2,12,Indexed,0.555038452148438
1,430,Indexed,0.5950927734375
1,430,Original,1.90615653991699
1,587,Original,1.87301635742188
1,587,Indexed,0.56004524230957
5,54,Original,1.91903114318848
5,54,Indexed,0.600099563598633
5,286,Indexed,0.571966171264648
5,286,Original,1.87301635742188
4,340,Original,1.88589096069336
4,340,Indexed,0.550985336303711
5,302,Indexed,0.558137893676758
5,302,Original,1.95097923278809
4,106,Original,1.88589096069336
4,106,Indexed,0.570058822631836
3,383,Original,3.33690643310547
3,383,Indexed,0.993967056274414
2,280,Original,2.07114219665527
2,280,Indexed,0.602960586547852
5,157,Indexed,0.581026077270508
5,157,Original,2.05612182617188
1,282,Original,1.9829273223877
1,282,Indexed,0.581026077270508
4,378,Original,2.02012062072754
4,378,Indexed,0.609874725341797
4,192,Indexed,0.605106353759766
4,192,Original,2.04014778137207
4,175,Original,2.10404396057129
4,175,Indexed,0.58293342590332
2,310,Indexed,0.558137893676758
2,310,Original,1.87778472900391
3,570,Original,1.98006629943848
3,570,Indexed,0.586986541748047
5,409,Indexed,0.576019287109375
5,409,Original,1.91497802734375
2,356,Indexed,0.545978546142578
2,356,Original,1.90401077270508
1,246,Original,1.99198722839355
1,246,Indexed,0.581026077270508
3,177,Original,1.98912620544434
3,177,Indexed,0.590085983276367
4,551,Original,5.40494918823242
4,551,Indexed,0.964879989624023
3,40,Original,2.45499610900879
3,40,Indexed,0.694036483764648
5,7,Original,2.09999084472656
5,7,Indexed,0.60582160949707
2,489,Indexed,0.577926635742188
2,489,Original,2.01511383056641
4,523,Indexed,0.604152679443359
4,523,Original,2.0592212677002
4,392,Original,2.07400321960449
4,392,Indexed,0.586032867431641
3,32,Indexed,0.623941421508789
3,32,Original,2.01892852783203
1,233,Indexed,0.575065612792969
1,233,Original,2.19988822937012
2,432,Original,1.97100639343262
2,432,Indexed,0.571966171264648
1,222,Indexed,0.573873519897461
1,222,Original,1.90997123718262
3,10,Indexed,0.593185424804688
3,10,Original,1.91688537597656
2,173,Original,2.0301342010498
2,173,Indexed,0.569820404052734
4,328,Original,1.91879272460938
4,328,Indexed,0.571012496948242
3,501,Indexed,0.561952590942383
3,501,Original,5.55205345153809
4,382,Original,2.76088714599609
4,382,Indexed,0.630855560302734
5,46,Original,2.11715698242188
5,46,Indexed,0.609874725341797
1,495,Original,2.01606750488281
1,495,Indexed,0.566959381103516
5,521,Original,2.00200080871582
5,521,Indexed,0.586032867431641
1,547,Original,2.02202796936035
1,547,Indexed,0.581026077270508
1,125,Indexed,0.606060028076172
1,125,Original,2.00009346008301
2,358,Indexed,0.652074813842773
2,358,Original,1.88112258911133
3,327,Indexed,0.596046447753906
3,327,Original,1.9080638885498
1,5,Original,1.91378593444824
1,5,Indexed,0.56910514831543
4,171,Indexed,0.554084777832031
4,171,Original,1.88899040222168
5,549,Original,1.88207626342773
5,549,Indexed,0.571012496948242
1,518,Original,1.86705589294434
1,518,Indexed,0.571012496948242
5,189,Indexed,0.551939010620117
5,189,Original,5.16080856323242
3,54,Indexed,0.936031341552734
3,54,Original,2.47597694396973
2,484,Indexed,0.667095184326172
2,484,Original,1.99484825134277
3,78,Original,1.99794769287109
3,78,Indexed,0.583887100219727
5,186,Indexed,0.560998916625977
5,186,Original,1.9838809967041
1,421,Indexed,0.602006912231445
1,421,Original,2.19202041625977
1,527,Original,2.17795372009277
1,527,Indexed,0.674962997436523
3,343,Original,1.94096565246582
3,343,Indexed,0.583887100219727
4,250,Indexed,0.550985336303711
4,250,Original,1.89685821533203
3,195,Original,1.94096565246582
3,195,Indexed,0.593185424804688
2,370,Indexed,0.548124313354492
2,370,Original,1.80482864379883
5,100,Indexed,0.588178634643555
5,100,Original,1.89805030822754
3,211,Indexed,0.552892684936523
3,211,Original,1.85203552246094
5,512,Indexed,0.545024871826172
5,512,Original,4.93097305297852
2,407,Original,3.14617156982422
2,407,Indexed,0.615119934082031
1,171,Indexed,0.609159469604492
1,171,Original,2.09498405456543
5,102,Original,2.05087661743164
5,102,Indexed,0.591039657592773
3,549,Indexed,0.597953796386719
3,549,Original,2.01201438903809
2,492,Original,1.97505950927734
2,492,Indexed,0.674962997436523
5,314,Indexed,0.590085983276367
5,314,Original,1.97792053222656
4,398,Original,1.9071102142334
4,398,Indexed,0.565052032470703
2,273,Indexed,0.545978546142578
2,273,Original,1.9071102142334
4,589,Original,1.93405151367188
4,589,Indexed,0.559806823730469
5,510,Original,1.87897682189941
5,510,Indexed,0.545978546142578
2,526,Indexed,0.560998916625977
2,526,Original,1.84488296508789
1,243,Indexed,0.558853149414063
1,243,Original,1.84106826782227
5,301,Indexed,0.558853149414063
5,301,Original,4.86898422241211
2,203,Original,3.15308570861816
2,203,Indexed,0.607967376708984
3,170,Original,2.01702117919922
3,170,Indexed,0.574827194213867
5,246,Indexed,0.5950927734375
5,246,Original,2.00104713439941
1,302,Indexed,0.586032867431641
1,302,Original,2.04205513000488
3,144,Original,1.98602676391602
3,144,Indexed,0.629901885986328
4,462,Original,2.01082229614258
4,462,Indexed,0.591039657592773
1,341,Indexed,0.572919845581055
1,341,Original,1.86491012573242
5,291,Indexed,0.564098358154297
5,291,Original,1.88803672790527
1,323,Original,1.82008743286133
1,323,Indexed,0.527858734130859
4,65,Indexed,0.555038452148438
4,65,Original,1.89018249511719
4,519,Indexed,0.561952590942383
4,519,Original,1.86800956726074
3,471,Indexed,0.549793243408203
3,471,Original,2.24113464355469
2,441,Original,4.70304489135742
2,441,Indexed,0.976085662841797
5,260,Indexed,0.973939895629883
5,260,Original,2.75707244873047
4,474,Original,2.14290618896484
4,474,Indexed,0.599861145019531
1,522,Original,2.12001800537109
1,522,Indexed,0.603199005126953
3,29,Original,2.03800201416016
3,29,Indexed,0.596046447753906
1,56,Indexed,0.573158264160156
1,56,Original,2.04300880432129
4,109,Indexed,0.611066818237305
4,109,Original,2.02202796936035
4,202,Original,1.89113616943359
4,202,Indexed,0.574111938476563
3,82,Indexed,0.664949417114258
3,82,Original,1.91998481750488
2,418,Original,1.9068717956543
2,418,Indexed,0.548839569091797
5,538,Indexed,0.581026077270508
5,538,Original,1.86514854431152
5,577,Original,1.83987617492676
5,577,Indexed,0.552177429199219
5,23,Original,1.89805030822754
5,23,Indexed,0.566959381103516
1,211,Indexed,0.581979751586914
1,211,Original,5.24401664733887
1,43,Original,2.97188758850098
1,43,Indexed,0.607967376708984
1,378,Original,2.07304954528809
1,378,Indexed,0.602960586547852
4,376,Indexed,0.583171844482422
4,376,Original,1.9989013671875
4,355,Original,2.01106071472168
4,355,Indexed,0.574111938476563
5,360,Indexed,0.584125518798828
5,360,Original,2.01797485351563
4,137,Original,2.07185745239258
4,137,Indexed,0.622034072875977
3,99,Original,1.88517570495605
3,99,Indexed,0.594854354858398
5,79,Indexed,0.560998916625977
5,79,Original,1.89495086669922
2,494,Indexed,0.651836395263672
2,494,Original,1.86395645141602
4,472,Indexed,0.558137893676758
4,472,Original,1.88684463500977
1,28,Indexed,0.546932220458984
1,28,Original,1.90401077270508
1,135,Original,1.95002555847168
1,135,Indexed,0.573873519897461
1,218,Original,4.8980712890625
1,218,Indexed,0.928163528442383
3,403,Indexed,0.926971435546875
3,403,Original,2.20608711242676
4,300,Original,2.02202796936035
4,300,Indexed,0.581026077270508
1,383,Indexed,0.66685676574707
1,383,Original,2.04801559448242
2,386,Original,2.03394889831543
2,386,Indexed,0.585794448852539
5,589,Indexed,0.561952590942383
5,589,Original,2.01106071472168
3,306,Indexed,0.586032867431641
3,306,Original,1.95097923278809
2,33,Original,1.9221305847168
2,33,Indexed,0.608921051025391
3,350,Indexed,0.58293342590332
3,350,Original,1.86514854431152
5,96,Original,1.94191932678223
5,96,Indexed,0.565052032470703
5,482,Original,2.05302238464355
5,482,Indexed,0.571012496948242
4,21,Original,1.85489654541016
4,21,Indexed,0.559091567993164
1,236,Original,1.90496444702148
1,236,Indexed,0.62108039855957
5,595,Indexed,2.55084037780762
5,595,Original,3.59511375427246
3,117,Original,2.33983993530273
3,117,Indexed,0.600099563598633
3,72,Indexed,0.550985336303711
3,72,Original,1.97100639343262
1,44,Indexed,0.583171844482422
1,44,Original,1.99007987976074
4,528,Original,2.00700759887695
4,528,Indexed,0.586032867431641
2,393,Original,1.99294090270996
2,393,Indexed,0.581026077270508
3,288,Indexed,0.577926635742188
3,288,Original,2.00891494750977
4,397,Indexed,0.56004524230957
4,397,Original,1.87492370605469
4,428,Indexed,0.56004524230957
4,428,Original,1.91593170166016
3,518,Indexed,0.555992126464844
3,518,Original,1.85418128967285
4,358,Original,1.85418128967285
4,358,Indexed,0.647068023681641
1,551,Original,1.88899040222168
1,551,Indexed,0.55694580078125
2,135,Original,2.17413902282715
2,135,Indexed,0.671148300170898
2,272,Original,3.56101989746094
2,272,Indexed,0.882863998413086
3,361,Original,2.08711624145508
3,361,Indexed,0.599145889282227
2,195,Indexed,0.618934631347656
2,195,Original,2.03895568847656
5,352,Original,2.17795372009277
5,352,Indexed,0.584840774536133
2,415,Indexed,0.708103179931641
2,415,Original,2.05612182617188
3,80,Indexed,0.601053237915039
3,80,Original,2.02798843383789
1,469,Indexed,0.601053237915039
1,469,Original,1.91378593444824
3,359,Indexed,0.55694580078125
3,359,Original,1.9690990447998
2,254,Indexed,0.586986541748047
2,254,Original,2.29501724243164
1,300,Original,1.99604034423828
1,300,Indexed,0.583171844482422
3,59,Original,1.87397003173828
3,59,Indexed,0.548124313354492
2,61,Indexed,0.554084777832031
2,61,Original,1.86705589294434
3,473,Indexed,0.55384635925293
3,473,Original,4.5161247253418
1,510,Indexed,0.940084457397461
1,510,Original,3.12900543212891
4,296,Indexed,0.58293342590332
4,296,Original,2.01916694641113
1,296,Original,1.9841194152832
1,296,Indexed,0.569820404052734
3,313,Original,1.98101997375488
3,313,Indexed,0.566959381103516
2,163,Original,2.02488899230957
2,163,Indexed,0.632047653198242
2,158,Original,2.0449161529541
2,158,Indexed,0.568151473999023
5,32,Indexed,0.607013702392578
5,32,Original,1.9381046295166
2,289,Indexed,0.584125518798828
2,289,Original,1.9080638885498
1,333,Original,1.92093849182129
1,333,Indexed,0.554800033569336
5,56,Indexed,0.554084777832031
5,56,Original,1.86800956726074
4,13,Original,1.84988975524902
4,13,Indexed,0.550031661987305
3,146,Indexed,0.554084777832031
3,146,Original,1.85894966125488
4,567,Original,4.55403327941895
4,567,Indexed,0.919103622436523
2,496,Original,2.93302536010742
2,496,Indexed,0.584840774536133
2,209,Original,2.02703475952148
2,209,Indexed,0.617027282714844
2,150,Original,2.09403038024902
2,150,Indexed,0.586986541748047
3,62,Original,2.01916694641113
3,62,Indexed,0.624895095825195
3,566,Indexed,0.702142715454102
3,566,Original,2.00510025024414
4,92,Indexed,0.610113143920898
4,92,Original,1.953125
5,412,Indexed,0.567913055419922
5,412,Original,1.88088417053223
1,187,Indexed,0.550031661987305
1,187,Original,1.90401077270508
5,479,Indexed,0.575065612792969
5,479,Original,1.85084342956543
5,298,Original,1.92403793334961
5,298,Indexed,0.673055648803711
2,232,Original,2.23708152770996
2,232,Indexed,0.561952590942383
1,375,Indexed,0.544071197509766
1,375,Original,1.89495086669922
4,556,Indexed,2.77590751647949
4,556,Original,3.54814529418945
2,14,Original,2.28309631347656
2,14,Indexed,0.603914260864258
3,128,Original,2.03490257263184
3,128,Indexed,0.579833984375
4,132,Original,2.0139217376709
4,132,Indexed,0.625133514404297
2,525,Indexed,0.586032867431641
2,525,Original,2.02298164367676
5,586,Indexed,0.592947006225586
5,586,Original,1.98507308959961
5,4,Original,1.98197364807129
5,4,Indexed,0.59199333190918
5,306,Indexed,0.567913055419922
5,306,Original,1.88899040222168
5,114,Original,1.94787979125977
5,114,Indexed,0.584840774536133
4,504,Original,1.8770694732666
4,504,Indexed,0.554084777832031
4,210,Indexed,0.56910514831543
4,210,Original,1.91307067871094
3,46,Indexed,0.564098358154297
3,46,Original,1.88207626342773
3,229,Original,1.90186500549316
3,229,Indexed,2.98690795898438
1,76,Indexed,0.944137573242188
1,76,Original,3.0519962310791
1,434,Indexed,0.594139099121094
1,434,Original,2.1510124206543
1,69,Indexed,0.613927841186523
1,69,Original,2.0599365234375
3,542,Original,2.07400321960449
3,542,Indexed,0.735998153686523
4,60,Original,2.06303596496582
4,60,Indexed,0.628948211669922
3,352,Original,2.12788581848145
3,352,Indexed,0.587940216064453
5,519,Indexed,0.555992126464844
5,519,Original,1.95097923278809
1,180,Original,1.91783905029297
1,180,Indexed,0.570058822631836
5,473,Indexed,0.56004524230957
5,473,Original,1.92904472351074
3,161,Indexed,0.589847564697266
3,161,Original,1.90186500549316
3,584,Original,1.92999839782715
3,584,Indexed,0.571966171264648
2,360,Original,1.94907188415527
2,360,Indexed,0.571012496948242
2,9,Original,5.15985488891602
2,9,Indexed,0.957012176513672
3,47,Original,2.83002853393555
3,47,Indexed,0.615119934082031
5,495,Indexed,0.623941421508789
5,495,Original,2.08711624145508
2,333,Indexed,0.609874725341797
2,333,Original,2.03704833984375
5,513,Original,2.8078556060791
5,513,Indexed,0.986099243164062
2,57,Original,2.13813781738281
2,57,Indexed,0.640153884887695
1,401,Indexed,0.821828842163086
1,401,Original,1.99007987976074
5,537,Indexed,0.802040100097656
5,537,Original,1.96599960327148
5,359,Original,2.0909309387207
5,359,Indexed,0.607013702392578
1,429,Original,1.95598602294922
1,429,Indexed,0.654935836791992
1,399,Indexed,0.622987747192383
1,399,Original,1.95002555847168
5,322,Indexed,0.609159469604492
5,322,Original,1.8928050994873
5,368,Indexed,0.623941421508789
5,368,Original,1.92403793334961
5,35,Original,3.59010696411133
5,35,Indexed,0.862836837768555
5,570,Indexed,0.610113143920898
5,570,Original,2.01916694641113
1,109,Indexed,0.61798095703125
1,109,Original,2.02178955078125
1,357,Indexed,0.588178634643555
1,357,Original,1.9831657409668
2,185,Original,1.97505950927734
2,185,Indexed,0.576019287109375
5,295,Original,2.1510124206543
5,295,Indexed,0.638961791992188
3,260,Indexed,0.665187835693359
3,260,Original,2.0749568939209
5,263,Original,2.02298164367676
5,263,Indexed,0.597000122070313
4,334,Original,1.90615653991699
4,334,Indexed,0.653982162475586
4,124,Original,1.91402435302734
4,124,Indexed,0.58293342590332
5,597,Indexed,0.576019287109375
5,597,Original,2.00200080871582
4,142,Indexed,0.587940216064453
4,142,Original,1.99007987976074
4,386,Indexed,0.585794448852539
4,386,Original,5.24401664733887
3,221,Original,2.88820266723633
3,221,Indexed,0.607013702392578
4,58,Original,2.06398963928223
4,58,Indexed,0.619888305664063
1,543,Original,2.08306312561035
1,543,Indexed,0.597000122070313
1,546,Original,2.03990936279297
1,546,Indexed,0.603914260864258
5,391,Original,1.97887420654297
5,391,Indexed,0.552892684936523
4,498,Original,1.95908546447754
4,498,Indexed,0.542879104614258
1,224,Indexed,0.549793243408203
1,224,Original,1.91688537597656
2,229,Indexed,0.597000122070313
2,229,Original,1.91688537597656
1,414,Original,1.93691253662109
1,414,Indexed,0.577926635742188
2,546,Indexed,0.559091567993164
2,546,Original,1.87301635742188
2,354,Original,1.88589096069336
2,354,Indexed,0.561952590942383
5,285,Indexed,0.633955001831055
5,285,Original,3.85689735412598
4,301,Original,3.57508659362793
4,301,Indexed,0.855207443237305
3,462,Original,2.07805633544922
3,462,Indexed,0.625848770141602
5,262,Indexed,0.61488151550293
5,262,Original,2.00605392456055
4,338,Indexed,0.617027282714844
4,338,Original,2.02107429504395
4,186,Original,2.23112106323242
4,186,Indexed,0.666141510009766
5,447,Original,2.05802917480469
5,447,Indexed,0.59199333190918
5,98,Indexed,0.576972961425781
5,98,Original,1.99103355407715
4,469,Original,1.91283226013184
4,469,Indexed,0.58293342590332
1,493,Indexed,0.564098358154297
1,493,Original,1.90305709838867
3,530,Indexed,0.544071197509766
3,530,Original,2.08210945129395
3,490,Indexed,0.753164291381836
3,490,Original,2.00700759887695
4,494,Indexed,0.663995742797852
4,494,Original,1.87897682189941
3,468,Original,5.12313842773438
3,468,Indexed,0.998020172119141
3,598,Original,2.66313552856445
3,598,Indexed,0.584840774536133
5,310,Indexed,0.607967376708984
5,310,Original,1.98912620544434
3,187,Indexed,0.579118728637695
3,187,Original,2.00104713439941
5,536,Indexed,0.606060028076172
5,536,Original,2.05087661743164
4,24,Indexed,0.578880310058594
4,24,Original,1.97911262512207
1,63,Indexed,0.607967376708984
1,63,Original,1.88088417053223
4,173,Indexed,0.576972961425781
4,173,Original,1.95813179016113
1,440,Original,1.87015533447266
1,440,Indexed,0.536918640136719
2,128,Indexed,0.567913055419922
2,128,Original,1.88589096069336
5,394,Original,1.90091133117676
5,394,Indexed,0.587940216064453
2,477,Original,1.85894966125488
2,477,Indexed,0.555038452148438
3,377,Original,1.91593170166016
3,377,Indexed,1.068115234375
4,183,Original,3.38888168334961
4,183,Indexed,0.600099563598633
1,360,Original,2.02107429504395
1,360,Indexed,0.608921051025391
4,282,Indexed,0.618934631347656
4,282,Original,1.99484825134277
3,360,Original,2.00390815734863
3,360,Indexed,0.587940216064453
4,476,Original,2.03204154968262
4,476,Indexed,0.735998153686523
1,298,Original,1.9981861114502
1,298,Indexed,0.572919845581055
5,66,Original,1.91998481750488
5,66,Indexed,0.609159469604492
3,79,Indexed,0.563144683837891
3,79,Original,1.93095207214355
4,592,Original,1.91187858581543
4,592,Indexed,0.570058822631836
4,239,Original,1.86800956726074
4,239,Indexed,0.551223754882813
5,151,Original,1.85489654541016
5,151,Indexed,0.545024871826172
1,194,Indexed,0.551939010620117
1,194,Original,1.88612937927246
1,186,Indexed,25.5229473114014
1,186,Original,2.00510025024414
3,135,Indexed,0.597000122070313
3,135,Original,1.87301635742188
4,423,Original,1.8458366394043
4,423,Indexed,0.55694580078125
3,171,Original,1.86800956726074
3,171,Indexed,0.552892684936523
1,141,Original,1.83987617492676
1,141,Indexed,0.566959381103516
2,46,Indexed,0.61798095703125
2,46,Original,1.87397003173828
2,37,Indexed,0.566005706787109
2,37,Original,1.83200836181641
1,55,Indexed,0.554084777832031
1,55,Original,1.83200836181641
5,259,Indexed,0.544071197509766
5,259,Original,1.82104110717773
1,261,Original,1.82890892028809
1,261,Indexed,0.542879104614258
1,137,Original,1.90210342407227
1,137,Indexed,0.607013702392578
3,214,Indexed,0.557899475097656
3,214,Original,1.86920166015625
5,380,Original,1.88398361206055
5,380,Indexed,0.550031661987305
4,213,Indexed,0.56004524230957
4,213,Original,1.89495086669922
1,275,Original,1.78980827331543
1,275,Indexed,0.536918640136719
4,217,Indexed,0.535964965820313
4,217,Original,1.81198120117188
4,23,Original,1.85203552246094
4,23,Indexed,0.619173049926758
3,585,Original,1.81698799133301
3,585,Indexed,0.642061233520508
1,40,Indexed,0.652074813842773
1,40,Original,1.82795524597168
3,174,Indexed,0.549793243408203
3,174,Original,1.80721282958984
2,424,Original,1.8458366394043
2,424,Indexed,0.541925430297852
2,231,Indexed,0.533103942871094
2,231,Original,1.8310546875
5,456,Indexed,0.58293342590332
5,456,Original,1.8470287322998
5,224,Indexed,0.632047653198242
5,224,Original,1.85799598693848
5,330,Indexed,0.577926635742188
5,330,Original,1.8770694732666
5,357,Indexed,0.555992126464844
5,357,Original,1.86300277709961
4,86,Indexed,0.567913055419922
4,86,Original,3.90100479125977
1,97,Original,1.8928050994873
1,97,Indexed,0.570058822631836
1,528,Indexed,0.538825988769531
1,528,Original,1.86705589294434
3,241,Indexed,0.540018081665039
3,241,Original,1.8160343170166
4,517,Original,1.82294845581055
4,517,Indexed,0.538110733032227
2,455,Original,1.81007385253906
2,455,Indexed,0.543117523193359
2,225,Indexed,0.547170639038086
2,225,Original,1.81293487548828
4,521,Original,1.8310546875
4,521,Indexed,0.544071197509766
3,365,Indexed,0.554084777832031
3,365,Original,1.84488296508789
5,497,Original,1.86610221862793
5,497,Indexed,0.559806823730469
2,80,Original,1.86586380004883
2,80,Indexed,0.561952590942383
5,399,Original,1.90997123718262
5,399,Indexed,0.600099563598633
1,12,Original,1.8620491027832
1,12,Indexed,0.564813613891602
2,299,Original,4.41694259643555
2,299,Indexed,0.601768493652344
1,257,Indexed,0.654935836791992
1,257,Original,1.87206268310547
3,68,Original,1.89495086669922
3,68,Indexed,0.56910514831543
3,535,Indexed,0.617027282714844
3,535,Original,1.93500518798828
5,508,Original,1.93691253662109
5,508,Indexed,0.584840774536133
2,40,Indexed,0.712871551513672
2,40,Original,1.86896324157715
5,374,Original,1.83987617492676
5,374,Indexed,0.589132308959961
2,500,Indexed,0.54478645324707
2,500,Original,1.85108184814453
3,92,Indexed,0.610828399658203
3,92,Original,2.31480598449707
2,551,Original,2.12502479553223
2,551,Indexed,0.735998153686523
4,593,Original,1.96003913879395
4,593,Indexed,0.582218170166016
3,454,Original,1.98507308959961
3,454,Indexed,0.5950927734375
3,396,Original,2.07996368408203
3,396,Indexed,0.600814819335938
4,453,Indexed,0.586032867431641
4,453,Original,3.98612022399902
2,92,Indexed,0.55384635925293
2,92,Original,1.83391571044922
5,339,Indexed,0.543832778930664
5,339,Original,1.85298919677734
4,96,Original,1.85704231262207
4,96,Indexed,0.570058822631836
3,56,Original,1.89781188964844
3,56,Indexed,0.586986541748047
1,516,Original,1.87015533447266
1,516,Indexed,0.555038452148438
1,136,Indexed,0.559806823730469
1,136,Original,1.84988975524902
1,156,Indexed,0.55694580078125
1,156,Original,1.88994407653809
2,111,Original,1.85608863830566
2,111,Indexed,0.548124313354492
3,568,Original,1.82795524597168
3,568,Indexed,0.552892684936523
5,156,Original,1.84822082519531
5,156,Indexed,0.553131103515625
5,37,Indexed,0.607967376708984
5,37,Original,1.9080638885498
2,345,Indexed,0.566005706787109
2,345,Original,1.87301635742188
3,207,Original,3.96299362182617
3,207,Indexed,0.555992126464844
2,302,Indexed,0.548839569091797
2,302,Original,1.85608863830566
2,515,Original,1.96099281311035
2,515,Indexed,0.55694580078125
4,326,Original,1.88708305358887
4,326,Indexed,0.544071197509766
3,154,Indexed,0.644922256469727
3,154,Original,1.80912017822266
5,195,Original,1.83391571044922
5,195,Indexed,0.562906265258789
5,483,Indexed,0.543117523193359
5,483,Original,1.8458366394043
2,462,Indexed,0.552892684936523
2,462,Original,1.86491012573242
3,325,Original,1.86395645141602
3,325,Indexed,0.540018081665039
3,280,Indexed,0.555992126464844
3,280,Original,1.89781188964844
2,112,Indexed,0.566005706787109
2,112,Original,1.85704231262207
5,105,Indexed,0.614166259765625
5,105,Original,1.87802314758301
4,367,Indexed,0.544071197509766
4,367,Original,1.85108184814453
5,266,Original,3.86404991149902
5,266,Indexed,0.547885894775391
1,351,Original,1.81698799133301
1,351,Indexed,0.535011291503906
4,596,Indexed,0.530004501342773
4,596,Original,1.83010101318359
4,294,Indexed,0.547170639038086
4,294,Original,1.83415412902832
4,274,Original,1.80816650390625
4,274,Indexed,0.531911849975586
2,391,Indexed,0.514984130859375
2,391,Original,1.79791450500488
1,470,Original,1.82390213012695
1,470,Indexed,0.563144683837891
2,94,Indexed,0.590085983276367
2,94,Original,1.88803672790527
2,228,Original,1.86920166015625
2,228,Indexed,0.543832778930664
1,423,Indexed,0.600814819335938
1,423,Original,1.91283226013184
5,218,Original,1.83796882629395
5,218,Indexed,0.557899475097656
4,100,Indexed,0.558137893676758
4,100,Original,1.82986259460449
5,576,Original,1.86896324157715
5,576,Indexed,2.61402130126953
1,205,Indexed,0.555038452148438
1,205,Original,1.84798240661621
3,329,Indexed,0.550031661987305
3,329,Original,1.82890892028809
3,587,Original,1.8150806427002
3,587,Indexed,0.541925430297852
5,196,Indexed,0.541925430297852
5,196,Original,1.81698799133301
1,38,Indexed,0.540971755981445
1,38,Original,1.82604789733887
5,239,Original,1.82294845581055
5,239,Indexed,0.540018081665039
1,89,Original,1.82199478149414
1,89,Indexed,0.5340576171875
2,134,Original,1.90520286560059
2,134,Indexed,0.545978546142578
2,242,Original,1.83916091918945
2,242,Indexed,0.56004524230957
3,395,Indexed,0.542879104614258
3,395,Original,1.86395645141602
1,273,Original,1.84798240661621
1,273,Indexed,0.550031661987305
2,169,Indexed,0.698089599609375
2,169,Original,1.84488296508789
1,497,Original,1.94501876831055
1,497,Indexed,0.627994537353516
2,282,Indexed,0.563144683837891
2,282,Original,1.8610954284668
1,284,Indexed,0.545024871826172
1,284,Original,1.79719924926758
4,569,Original,1.81293487548828
4,569,Indexed,0.527858734130859
5,566,Indexed,0.653982162475586
5,566,Original,1.82890892028809
2,586,Indexed,0.560998916625977
2,586,Original,1.84202194213867
3,191,Original,1.87778472900391
3,191,Indexed,0.592947006225586
3,599,Indexed,0.568151473999023
3,599,Original,2.12693214416504
3,422,Original,2.0449161529541
3,422,Indexed,0.588893890380859
5,542,Indexed,0.725030899047852
5,542,Original,1.92093849182129
4,157,Original,1.89900398254395
4,157,Indexed,0.573158264160156
2,556,Original,2.12502479553223
2,556,Indexed,0.558137893676758
5,163,Indexed,0.607967376708984
5,163,Original,1.95693969726563
1,179,Original,4.01997566223145
1,179,Indexed,0.548124313354492
3,576,Indexed,0.540971755981445
3,576,Original,1.83892250061035
5,487,Original,1.79505348205566
5,487,Indexed,0.638008117675781
3,287,Indexed,0.56004524230957
3,287,Original,1.85823440551758
2,205,Original,1.84392929077148
2,205,Indexed,0.554084777832031
4,234,Indexed,0.5950927734375
4,234,Original,1.86681747436523
4,64,Original,1.8470287322998
4,64,Indexed,0.540018081665039
1,108,Indexed,0.581026077270508
1,108,Original,1.91903114318848
3,506,Original,1.83391571044922
3,506,Indexed,0.654935836791992
2,230,Indexed,0.555992126464844
2,230,Original,1.83916091918945
5,530,Indexed,0.555992126464844
5,530,Original,1.83200836181641
3,147,Original,1.93691253662109
3,147,Indexed,0.598907470703125
2,245,Original,2.08306312561035
2,245,Indexed,0.597953796386719
2,48,Indexed,2.54178047180176
2,48,Original,1.97196006774902
3,405,Indexed,0.572919845581055
3,405,Original,1.82700157165527
5,82,Indexed,0.635862350463867
5,82,Original,1.81388854980469
4,490,Original,2.04896926879883
4,490,Indexed,0.61488151550293
5,420,Indexed,0.560998916625977
5,420,Original,1.91998481750488
4,94,Original,1.9228458404541
4,94,Indexed,0.572919845581055
2,421,Indexed,0.538825988769531
2,421,Original,1.85108184814453
2,263,Original,1.9071102142334
2,263,Indexed,0.577926635742188
5,476,Original,1.87587738037109
5,476,Indexed,0.657081604003906
4,429,Indexed,0.578880310058594
4,429,Original,1.99508666992188
2,378,Indexed,0.584840774536133
2,378,Original,1.87993049621582
1,154,Indexed,0.678062438964844
1,154,Original,1.8310546875
3,90,Indexed,0.612020492553711
3,90,Original,3.92889976501465
2,297,Original,1.84988975524902
2,297,Indexed,0.537872314453125
3,298,Indexed,0.553131103515625
3,298,Original,2.01606750488281
1,58,Indexed,0.560998916625977
1,58,Original,1.83796882629395
3,580,Indexed,0.548124313354492
3,580,Original,1.85585021972656
4,405,Original,1.86395645141602
4,405,Indexed,0.550985336303711
5,2,Indexed,0.56004524230957
5,2,Original,1.87802314758301
5,281,Indexed,0.555992126464844
5,281,Original,1.82914733886719
2,64,Original,2.01797485351563
2,64,Indexed,0.600099563598633
4,10,Indexed,0.561952590942383
4,10,Original,1.9080638885498
3,249,Original,1.87516212463379
3,249,Indexed,0.545978546142578
1,116,Indexed,0.668048858642578
1,116,Original,1.84893608093262
4,573,Original,1.93595886230469
4,573,Indexed,0.570058822631836
4,550,Original,4.25004959106445
4,550,Indexed,0.561952590942383
3,342,Indexed,0.597000122070313
3,342,Original,1.84822082519531
4,164,Original,1.82890892028809
4,164,Indexed,0.543117523193359
2,392,Original,1.83796882629395
2,392,Indexed,0.55694580078125
5,336,Indexed,0.55694580078125
5,336,Original,1.87397003173828
5,118,Original,1.87301635742188
5,118,Indexed,0.539064407348633
1,427,Indexed,0.798940658569336
1,427,Original,1.83701515197754
1,465,Indexed,0.590085983276367
1,465,Original,1.85894966125488
1,242,Original,1.86610221862793
1,242,Indexed,0.576972961425781
5,507,Indexed,0.548839569091797
5,507,Original,1.88088417053223
3,534,Original,1.85894966125488
3,534,Indexed,0.576972961425781
4,76,Original,1.8770694732666
4,76,Indexed,0.550985336303711
5,264,Indexed,0.678062438964844
5,264,Original,1.87087059020996
5,1,Original,4.07099723815918
5,1,Indexed,0.579118728637695
5,587,Original,1.86896324157715
5,587,Indexed,0.540018081665039
2,306,Indexed,0.600099563598633
2,306,Original,1.83486938476563
3,543,Indexed,0.550985336303711
3,543,Original,1.85012817382813
3,129,Indexed,0.622987747192383
3,129,Original,1.91378593444824
2,77,Original,1.93881988525391
2,77,Indexed,0.564813613891602
5,579,Original,1.9831657409668
5,579,Indexed,0.543117523193359
4,240,Original,1.87397003173828
4,240,Indexed,0.56004524230957
3,145,Indexed,0.549077987670898
3,145,Original,1.85394287109375
1,33,Original,1.89781188964844
1,33,Indexed,0.569820404052734
1,517,Original,1.85704231262207
1,517,Indexed,0.552892684936523
3,376,Original,1.88899040222168
3,376,Indexed,0.568866729736328
4,496,Original,4.12201881408691
4,496,Indexed,0.556230545043945
4,434,Indexed,0.540971755981445
4,434,Original,1.83606147766113
4,285,Indexed,0.684976577758789
4,285,Original,1.82700157165527
4,190,Indexed,0.560998916625977
4,190,Original,1.82390213012695
4,15,Original,1.8310546875
4,15,Indexed,0.535011291503906
1,336,Original,2.0599365234375
1,336,Indexed,0.568151473999023
5,329,Indexed,0.529050827026367
5,329,Original,1.85513496398926
1,290,Indexed,0.564098358154297
1,290,Original,1.87087059020996
1,285,Indexed,0.710010528564453
1,285,Original,1.88207626342773
5,229,Indexed,0.564098358154297
5,229,Original,1.88994407653809
1,350,Indexed,0.571012496948242
1,350,Original,1.87397003173828
3,248,Original,1.96194648742676
3,248,Indexed,0.570058822631836
4,304,Original,1.93095207214355
4,304,Indexed,0.563859939575195
1,150,Indexed,2.73489952087402
1,150,Original,1.88398361206055
3,13,Indexed,0.527143478393555
3,13,Original,1.82390213012695
5,585,Original,1.8470287322998
5,585,Indexed,0.669956207275391
2,68,Original,1.91783905029297
2,68,Indexed,0.562191009521484
5,552,Original,1.86014175415039
5,552,Indexed,0.54478645324707
1,225,Indexed,0.563144683837891
1,225,Original,1.85799598693848
2,507,Indexed,0.550031661987305
2,507,Original,1.83606147766113
3,217,Indexed,0.545978546142578
3,217,Original,1.85608863830566
4,179,Original,1.88612937927246
4,179,Indexed,0.569820404052734
4,503,Original,2.03895568847656
4,503,Indexed,0.567913055419922
2,296,Original,1.91998481750488
2,296,Indexed,0.56004524230957
4,481,Original,1.93309783935547
4,481,Indexed,0.578880310058594
4,256,Indexed,0.597000122070313
4,256,Original,4.23288345336914
2,435,Original,1.84512138366699
2,435,Indexed,0.547885894775391
4,526,Indexed,0.549077987670898
4,526,Original,1.84106826782227
4,28,Indexed,0.572919845581055
4,28,Original,1.84011459350586
4,424,Original,1.85799598693848
4,424,Indexed,0.559091567993164
1,130,Indexed,0.64396858215332
1,130,Original,1.84988975524902
1,61,Original,1.84416770935059
1,61,Indexed,0.586032867431641
4,485,Indexed,0.547885894775391
4,485,Original,1.86991691589355
5,184,Indexed,0.562906265258789
5,184,Original,1.87277793884277
1,395,Original,1.8918514251709
1,395,Indexed,0.553131103515625
1,321,Original,1.85489654541016
1,321,Indexed,0.547170639038086
2,537,Indexed,0.655889511108398
2,537,Original,1.88088417053223
1,385,Indexed,0.571012496948242
1,385,Original,4.0290355682373
2,473,Original,1.88207626342773
2,473,Indexed,0.545978546142578
4,460,Indexed,0.546932220458984
4,460,Original,1.85608863830566
4,143,Indexed,0.563144683837891
4,143,Original,1.83296203613281
4,347,Original,1.87301635742188
4,347,Indexed,0.555992126464844
1,403,Original,1.85894966125488
1,403,Indexed,0.565052032470703
1,441,Original,1.94692611694336
1,441,Indexed,0.540971755981445
5,65,Indexed,0.557899475097656
5,65,Original,1.85394287109375
5,312,Indexed,0.561952590942383
5,312,Original,1.85918807983398
5,410,Indexed,0.547170639038086
5,410,Original,1.8620491027832
1,530,Original,1.87087059020996
1,530,Indexed,0.550031661987305
5,422,Original,1.85298919677734
5,422,Indexed,0.558853149414063
1,371,Indexed,0.628948211669922
1,371,Original,2.16794013977051
1,411,Original,4.13179397583008
1,411,Indexed,0.617027282714844
2,269,Indexed,0.566005706787109
2,269,Original,1.87516212463379
1,19,Indexed,0.55384635925293
1,19,Original,1.84321403503418
3,489,Indexed,0.559091567993164
3,489,Original,1.89208984375
5,212,Original,1.86681747436523
5,212,Indexed,0.55384635925293
4,368,Indexed,0.535011291503906
4,368,Original,1.81293487548828
1,512,Indexed,0.546932220458984
1,512,Original,1.82008743286133
3,381,Indexed,0.552177429199219
3,381,Original,1.86586380004883
4,88,Original,1.86705589294434
4,88,Indexed,0.547170639038086
2,93,Original,1.89208984375
2,93,Indexed,0.571012496948242
2,193,Original,1.84798240661621
2,193,Indexed,0.527143478393555
2,55,Original,1.84988975524902
2,55,Indexed,0.569820404052734
4,384,Original,4.09793853759766
4,384,Indexed,0.546932220458984
4,303,Indexed,0.551939010620117
4,303,Original,1.8157958984375
2,456,Indexed,0.540971755981445
2,456,Original,1.85084342956543
4,263,Original,1.85012817382813
4,263,Indexed,0.558853149414063
4,146,Original,1.85298919677734
4,146,Indexed,0.541925430297852
5,460,Indexed,0.545024871826172
5,460,Original,1.83296203613281
4,538,Original,1.90305709838867
4,538,Indexed,0.550031661987305
5,166,Indexed,0.531911849975586
5,166,Original,1.83010101318359
5,444,Indexed,0.545024871826172
5,444,Original,1.85799598693848
4,319,Original,1.85108184814453
4,319,Indexed,0.571012496948242
2,549,Original,1.94501876831055
2,549,Indexed,0.584125518798828
3,199,Original,1.91783905029297
3,199,Indexed,0.560998916625977
1,344,Indexed,0.56004524230957
1,344,Original,4.13203239440918
2,97,Indexed,0.616073608398438
2,97,Original,1.93905830383301
4,420,Indexed,0.56004524230957
4,420,Original,1.91688537597656
5,553,Original,1.82604789733887
5,553,Indexed,0.525951385498047
5,257,Original,1.84297561645508
5,257,Indexed,0.536918640136719
4,248,Original,1.8470287322998
4,248,Indexed,0.568151473999023
2,199,Indexed,0.584125518798828
2,199,Original,1.86705589294434
5,191,Indexed,0.609874725341797
5,191,Original,1.85203552246094
2,550,Original,1.83987617492676
2,550,Indexed,0.548839569091797
1,182,Indexed,0.712156295776367
1,182,Original,1.87087059020996
3,600,Original,1.86610221862793
3,600,Indexed,0.551939010620117
3,538,Original,1.86514854431152
3,538,Indexed,0.566959381103516
1,526,Original,1.9528865814209
1,526,Indexed,1.41286849975586
1,409,Original,7.37309455871582
1,409,Indexed,0.630855560302734
1,175,Indexed,0.588178634643555
1,175,Original,2.03490257263184
2,583,Indexed,0.678062438964844
2,583,Original,1.98912620544434
5,515,Indexed,0.586986541748047
5,515,Original,1.88302993774414
3,126,Original,1.89685821533203
3,126,Indexed,0.566005706787109
2,371,Indexed,0.631809234619141
2,371,Original,1.86800956726074
3,133,Original,1.91402435302734
3,133,Indexed,0.551939010620117
4,67,Indexed,0.607013702392578
4,67,Original,1.89304351806641
1,467,Indexed,0.562191009521484
1,467,Original,1.87587738037109
3,213,Original,1.90401077270508
3,213,Indexed,0.550031661987305
3,228,Indexed,0.56004524230957
3,228,Original,1.89995765686035
5,350,Indexed,0.5950927734375
5,350,Original,1.9829273223877
2,384,Indexed,0.570058822631836
2,384,Original,1.95717811584473
2,323,Original,2.81500816345215
2,323,Indexed,0.674962997436523
2,474,Original,2.03800201416016
2,474,Indexed,0.563144683837891
5,63,Original,1.89208984375
5,63,Indexed,0.566005706787109
4,99,Original,1.91688537597656
4,99,Indexed,0.565052032470703
5,365,Indexed,0.540971755981445
5,365,Original,1.83391571044922
2,596,Original,1.86610221862793
2,596,Indexed,0.566959381103516
2,547,Original,1.86991691589355
2,547,Indexed,0.545024871826172
1,317,Original,1.92093849182129
1,317,Indexed,0.553131103515625
2,486,Original,1.89590454101563
2,486,Indexed,0.570058822631836
4,578,Indexed,0.551939010620117
4,578,Original,1.8770694732666
5,434,Original,1.89399719238281
5,434,Indexed,0.566005706787109
4,26,Indexed,0.593900680541992
4,26,Original,1.93214416503906
2,554,Original,1.87206268310547
2,554,Indexed,0.55694580078125
3,562,Original,2.79593467712402
3,562,Indexed,0.631093978881836
4,422,Indexed,0.609159469604492
4,422,Original,2.01606750488281
4,513,Original,1.89995765686035
4,513,Indexed,0.684022903442383
2,197,Indexed,0.571966171264648
2,197,Original,1.85203552246094
3,596,Original,2.24590301513672
3,596,Indexed,0.602006912231445
1,292,Original,2.03895568847656
1,292,Indexed,0.586986541748047
1,41,Indexed,0.554084777832031
1,41,Original,1.85990333557129
4,330,Indexed,0.585079193115234
4,330,Original,1.88684463500977
1,343,Indexed,0.580787658691406
1,343,Original,1.99198722839355
4,363,Original,2.12001800537109
4,363,Indexed,0.658988952636719
1,101,Indexed,0.606060028076172
1,101,Original,1.97696685791016
2,458,Indexed,0.56004524230957
2,458,Original,1.8770694732666
2,161,Original,1.89900398254395
2,161,Indexed,2.7308464050293
1,213,Original,2.38299369812012
1,213,Indexed,0.578880310058594
2,180,Original,2.0439624786377
2,180,Indexed,0.548124313354492
4,269,Original,1.91497802734375
4,269,Indexed,0.555038452148438
3,2,Original,1.8458366394043
3,2,Indexed,0.54478645324707
3,423,Original,1.84798240661621
3,423,Indexed,0.557899475097656
5,58,Indexed,0.535964965820313
5,58,Original,1.83010101318359
1,185,Indexed,0.54621696472168
1,185,Original,1.82795524597168
4,433,Indexed,0.547885894775391
4,433,Original,1.85108184814453
1,50,Original,1.85394287109375
1,50,Indexed,0.552892684936523
4,431,Original,1.87802314758301
4,431,Indexed,0.558853149414063
2,190,Indexed,0.575065612792969
2,190,Original,1.90496444702148
1,238,Original,1.84297561645508
1,238,Indexed,0.540018081665039
4,167,Original,1.87397003173828
4,167,Indexed,0.911951065063477
4,230,Original,2.12788581848145
4,230,Indexed,0.632047653198242
3,356,Indexed,0.589132308959961
3,356,Original,1.84798240661621
5,125,Original,1.83892250061035
5,125,Indexed,0.559091567993164
3,19,Original,1.82604789733887
3,19,Indexed,0.552892684936523
4,39,Indexed,0.554084777832031
4,39,Original,1.80697441101074
3,382,Indexed,0.565052032470703
3,382,Original,1.90591812133789
5,533,Indexed,0.53715705871582
5,533,Original,1.84082984924316
1,374,Original,1.84798240661621
1,374,Indexed,0.574827194213867
3,51,Original,1.85394287109375
3,51,Indexed,0.652074813842773
5,124,Indexed,0.573158264160156
5,124,Original,1.89709663391113
3,81,Indexed,0.552177429199219
3,81,Original,1.89089775085449
3,167,Indexed,0.551939010620117
3,167,Original,1.86610221862793
2,565,Original,4.2722225189209
2,565,Indexed,0.817060470581055
1,313,Original,2.03895568847656
1,313,Indexed,0.600099563598633
2,475,Indexed,0.589847564697266
2,475,Original,1.85489654541016
4,280,Original,1.8310546875
4,280,Indexed,0.560998916625977
4,78,Original,1.87993049621582
4,78,Indexed,0.555992126464844
1,435,Original,1.82604789733887
1,435,Indexed,0.542163848876953
1,454,Original,1.8918514251709
1,454,Indexed,0.551939010620117
4,599,Original,1.89495086669922
4,599,Indexed,0.539064407348633
5,449,Indexed,0.54621696472168
5,449,Original,1.83606147766113
1,384,Indexed,0.524997711181641
1,384,Original,1.82509422302246
1,513,Indexed,0.633955001831055
1,513,Original,1.87802314758301
1,202,Indexed,0.570058822631836
1,202,Original,2.64096260070801
4,317,Indexed,0.602960586547852
4,317,Original,1.97410583496094
3,89,Original,4.82511520385742
3,89,Indexed,0.612020492553711
4,22,Indexed,0.55694580078125
4,22,Original,1.99007987976074
1,453,Original,1.90496444702148
1,453,Indexed,0.593900680541992
5,94,Original,1.92785263061523
5,94,Indexed,0.598907470703125
2,315,Indexed,0.574111938476563
2,315,Original,1.98006629943848
1,102,Indexed,0.55384635925293
1,102,Original,1.88612937927246
4,199,Original,1.9071102142334
4,199,Indexed,0.571966171264648
5,457,Indexed,0.54478645324707
5,457,Original,1.88803672790527
4,127,Indexed,0.537872314453125
4,127,Original,1.83677673339844
2,482,Indexed,0.607967376708984
2,482,Original,1.90591812133789
4,57,Original,2.00295448303223
4,57,Indexed,0.565052032470703
1,161,Original,1.89304351806641
1,161,Indexed,0.555992126464844
4,244,Indexed,0.551939010620117
4,244,Original,1.89113616943359
4,455,Indexed,2.74991989135742
4,455,Original,2.31289863586426
2,130,Original,1.97911262512207
2,130,Indexed,0.657081604003906
1,535,Indexed,0.536918640136719
1,535,Original,1.89208984375
3,420,Original,1.90210342407227
3,420,Indexed,0.571966171264648
2,567,Indexed,0.533103942871094
2,567,Original,1.81102752685547
1,106,Indexed,0.547170639038086
1,106,Original,1.83391571044922
5,438,Original,1.8160343170166
5,438,Indexed,0.520944595336914
2,399,Original,1.91903114318848
2,399,Indexed,0.58293342590332
5,485,Indexed,0.540018081665039
5,485,Original,1.92713737487793
4,184,Original,1.87897682189941
4,184,Indexed,0.573873519897461
1,506,Indexed,0.777959823608398
1,506,Original,1.88279151916504
3,488,Original,1.83892250061035
3,488,Indexed,0.555038452148438
4,156,Original,1.91092491149902
4,156,Indexed,2.84099578857422
3,231,Original,2.22611427307129
3,231,Indexed,0.59199333190918
1,574,Indexed,0.581979751586914
1,574,Original,1.88899040222168
5,491,Indexed,0.549077987670898
5,491,Original,1.89018249511719
4,408,Original,1.83296203613281
4,408,Indexed,0.638008117675781
5,267,Original,1.82890892028809
5,267,Indexed,0.653982162475586
1,67,Original,1.90186500549316
1,67,Indexed,0.581979751586914
3,417,Original,1.87110900878906
3,417,Indexed,0.571012496948242
2,79,Indexed,0.560998916625977
2,79,Original,1.89709663391113
1,30,Original,1.83486938476563
1,30,Indexed,0.546932220458984
3,563,Original,1.87397003173828
3,563,Indexed,0.56004524230957
3,100,Indexed,0.567913055419922
3,100,Original,1.8620491027832
4,529,Original,1.85608863830566
4,529,Indexed,0.802993774414063
4,344,Indexed,0.578880310058594
4,344,Original,4.61506843566895
3,367,Original,2.01892852783203
3,367,Indexed,0.578165054321289
1,263,Original,1.9068717956543
1,263,Indexed,0.56004524230957
2,1,Original,2.08687782287598
2,1,Indexed,0.602006912231445
5,307,Original,2.11977958679199
5,307,Indexed,0.555038452148438
4,583,Original,1.88803672790527
4,583,Indexed,0.670194625854492
4,591,Original,1.88207626342773
4,591,Indexed,0.570058822631836
5,550,Original,1.89399719238281
5,550,Indexed,0.547885894775391
5,127,Original,1.83916091918945
5,127,Indexed,0.546932220458984
5,214,Original,2.06518173217773
5,214,Indexed,0.566959381103516
1,588,Original,1.89208984375
1,588,Indexed,0.550985336303711
5,265,Original,1.89495086669922
5,265,Indexed,0.546932220458984
1,464,Indexed,0.547885894775391
1,464,Original,1.90997123718262
3,65,Original,4.55999374389648
3,65,Indexed,0.586986541748047
3,556,Original,2.05087661743164
3,556,Indexed,0.576019287109375
2,22,Indexed,0.519990921020508
2,22,Original,1.82294845581055
4,412,Indexed,0.560998916625977
4,412,Original,1.88493728637695
4,5,Original,1.88994407653809
4,5,Indexed,0.568866729736328
5,293,Indexed,0.557899475097656
5,293,Original,1.88612937927246
4,174,Indexed,0.537872314453125
4,174,Original,1.84893608093262
1,337,Indexed,0.567913055419922
1,337,Original,1.84988975524902
4,425,Original,1.86800956726074
4,425,Indexed,0.557184219360352
4,544,Indexed,0.546932220458984
4,544,Original,1.86800956726074
4,117,Indexed,0.573873519897461
4,117,Original,1.86491012573242
3,41,Original,1.83916091918945
3,41,Indexed,0.546932220458984
2,186,Original,4.08411026000977
2,186,Indexed,0.802040100097656
3,498,Original,1.97505950927734
3,498,Indexed,0.548839569091797
3,588,Original,1.88493728637695
3,588,Indexed,0.55694580078125
3,157,Indexed,0.574111938476563
3,157,Original,1.85298919677734
2,288,Original,1.84297561645508
2,288,Indexed,0.543832778930664
5,169,Original,1.84988975524902
5,169,Indexed,0.641107559204102
2,414,Original,2.13003158569336
2,414,Indexed,0.55384635925293
4,200,Indexed,0.59199333190918
4,200,Original,1.88684463500977
1,189,Indexed,0.557899475097656
1,189,Original,1.83606147766113
4,150,Original,1.95002555847168
4,150,Indexed,0.572919845581055
5,90,Original,1.91307067871094
5,90,Indexed,0.658988952636719
3,495,Indexed,0.552177429199219
3,495,Original,1.90591812133789
2,319,Original,1.87206268310547
2,319,Indexed,0.579118728637695
1,531,Original,4.75883483886719
1,531,Indexed,0.649213790893555
5,472,Indexed,0.657796859741211
5,472,Original,2.00200080871582
4,418,Original,2.03585624694824
4,418,Indexed,0.543832778930664
5,492,Original,1.82414054870605
5,492,Indexed,0.667095184326172
1,391,Original,1.82509422302246
1,391,Indexed,0.519037246704102
3,391,Indexed,0.514030456542969
3,391,Original,1.80387496948242
3,85,Original,1.85203552246094
3,85,Indexed,0.561952590942383
2,166,Indexed,0.592947006225586
2,166,Original,1.85585021972656
2,210,Original,1.90997123718262
2,210,Indexed,0.580072402954102
4,597,Indexed,0.550985336303711
4,597,Original,1.8610954284668
3,70,Indexed,0.622034072875977
3,70,Original,1.9690990447998
3,57,Original,1.87301635742188
3,57,Indexed,0.547170639038086
1,123,Original,4.23288345336914
1,123,Indexed,0.828027725219727
2,334,Indexed,0.67901611328125
2,334,Original,1.98507308959961
3,16,Original,1.91593170166016
3,16,Indexed,0.597000122070313
5,234,Indexed,0.545024871826172
5,234,Original,1.85894966125488
2,366,Indexed,0.554800033569336
2,366,Original,1.79505348205566
5,480,Original,1.83796882629395
5,480,Indexed,0.554084777832031
3,519,Original,1.92713737487793
3,519,Indexed,0.546932220458984
5,287,Indexed,0.55694580078125
5,287,Original,1.87206268310547
3,230,Indexed,0.553131103515625
3,230,Original,1.8608570098877
4,543,Indexed,0.564098358154297
4,543,Original,1.85298919677734
3,539,Original,1.90997123718262
3,539,Indexed,0.571012496948242
5,256,Indexed,0.58293342590332
5,256,Original,1.89805030822754
5,61,Indexed,0.545978546142578
5,61,Original,1.93691253662109
3,340,Indexed,0.990867614746094
3,340,Original,2.11310386657715
2,574,Original,1.96695327758789
2,574,Indexed,0.554084777832031
3,418,Original,1.81484222412109
3,418,Indexed,0.558137893676758
2,58,Original,2.04014778137207
2,58,Indexed,0.62108039855957
1,418,Indexed,0.527143478393555
1,418,Original,1.86491012573242
2,174,Original,1.83486938476563
2,174,Indexed,0.559091567993164
2,116,Original,1.82104110717773
2,116,Indexed,0.633955001831055
4,188,Original,1.88803672790527
4,188,Indexed,0.558853149414063
1,88,Original,1.86419486999512
1,88,Indexed,0.55694580078125
3,105,Indexed,0.552892684936523
3,105,Original,1.95693969726563
5,525,Original,1.91020965576172
5,525,Indexed,0.598907470703125
3,374,Indexed,0.566005706787109
3,374,Original,1.82580947875977
5,152,Original,4.32300567626953
5,152,Indexed,0.664949417114258
1,206,Indexed,0.59199333190918
1,206,Original,1.97196006774902
4,318,Original,1.88589096069336
4,318,Indexed,0.533103942871094
2,404,Original,1.83296203613281
2,404,Indexed,0.746011734008789
5,328,Indexed,0.56004524230957
5,328,Original,1.84988975524902
1,582,Original,1.79600715637207
1,582,Indexed,0.535964965820313
1,8,Indexed,0.527858734130859
1,8,Original,1.83796882629395
1,98,Original,1.88183784484863
1,98,Indexed,0.560998916625977
4,288,Indexed,0.546932220458984
4,288,Original,2.34007835388184
4,71,Indexed,0.593900680541992
4,71,Original,2.02608108520508
1,160,Original,2.36296653747559
1,160,Indexed,0.816106796264648
2,461,Original,2.00510025024414
2,461,Indexed,0.874996185302734
2,585,Original,1.91187858581543
2,585,Indexed,1.09291076660156
4,18,Indexed,0.641107559204102
4,18,Original,2.05492973327637
4,218,Original,2.03418731689453
4,218,Indexed,0.62108039855957
5,340,Indexed,0.65302848815918
5,340,Original,2.23302841186523
5,501,Indexed,0.704050064086914
5,501,Original,1.94406509399414
1,268,Original,1.86800956726074
1,268,Indexed,0.558137893676758
3,436,Original,1.93595886230469
3,436,Indexed,0.551939010620117
2,110,Original,1.87516212463379
2,110,Indexed,0.580072402954102
5,50,Indexed,0.578880310058594
5,50,Original,1.89900398254395
1,502,Indexed,0.552892684936523
1,502,Original,1.8458366394043
2,343,Indexed,0.552892684936523
2,343,Original,1.9230842590332
1,90,Original,1.89590454101563
1,90,Indexed,0.562906265258789
2,287,Original,1.89995765686035
2,287,Indexed,0.563144683837891
4,113,Original,4.57000732421875
4,113,Indexed,0.583887100219727
4,290,Indexed,0.580072402954102
4,290,Original,1.9381046295166
5,406,Original,1.8310546875
5,406,Indexed,0.625848770141602
2,167,Original,1.97100639343262
2,167,Indexed,0.552892684936523
1,533,Original,1.84917449951172
1,533,Indexed,0.555038452148438
1,111,Original,1.85894966125488
1,111,Indexed,0.546932220458984
3,50,Indexed,0.551939010620117
3,50,Original,1.92713737487793
2,76,Original,1.83892250061035
2,76,Indexed,0.543117523193359
1,511,Indexed,0.540018081665039
1,511,Original,1.80792808532715
2,3,Indexed,0.544071197509766
2,3,Original,1.86014175415039
1,82,Original,1.87182426452637
1,82,Indexed,0.664949417114258
1,326,Original,1.85394287109375
1,326,Indexed,0.579833984375
1,576,Indexed,0.553131103515625
1,576,Original,4.39286231994629
2,274,Indexed,0.584840774536133
2,274,Original,1.9679069519043
3,581,Indexed,0.55384635925293
3,581,Original,1.8460750579834
1,370,Original,1.80411338806152
1,370,Indexed,0.524997711181641
5,504,Original,1.81007385253906
5,504,Indexed,0.527143478393555
3,521,Original,1.84297561645508
3,521,Indexed,0.553131103515625
4,577,Original,1.83796882629395
4,577,Indexed,0.549077987670898
2,390,Original,1.8310546875
2,390,Indexed,0.535964965820313
3,499,Indexed,0.538110733032227
3,499,Original,1.86896324157715
3,565,Original,1.88302993774414
3,565,Indexed,0.579118728637695
4,332,Original,1.88398361206055
4,332,Indexed,0.539064407348633
2,320,Original,1.90114974975586
2,320,Indexed,0.58293342590332
2,598,Indexed,0.590085983276367
2,598,Original,4.29797172546387
3,544,Original,1.98793411254883
3,544,Indexed,0.597000122070313
4,441,Original,1.8761157989502
4,441,Indexed,0.547170639038086
3,114,Original,1.87397003173828
3,114,Indexed,0.56004524230957
4,548,Original,1.84178352355957
4,548,Indexed,0.550031661987305
3,487,Indexed,0.638008117675781
3,487,Original,1.8770694732666
3,14,Original,1.84488296508789
3,14,Indexed,0.547170639038086
5,48,Indexed,0.598907470703125
5,48,Original,1.89995765686035
5,57,Indexed,0.568866729736328
5,57,Original,1.88994407653809
3,573,Original,1.90496444702148
3,573,Indexed,0.55384635925293
5,572,Indexed,0.701904296875
5,572,Original,1.85704231262207
5,529,Indexed,0.643014907836914
5,529,Original,1.88779830932617
2,113,Indexed,0.589132308959961
2,113,Original,4.23789024353027
4,350,Original,2.00700759887695
4,350,Indexed,0.592947006225586
4,89,Original,1.87492370605469
4,89,Indexed,0.545978546142578
4,221,Indexed,0.550031661987305
4,221,Original,1.83987617492676
3,220,Indexed,0.56910514831543
3,220,Original,1.94382667541504
4,516,Original,1.9378662109375
4,516,Indexed,0.566959381103516
2,18,Original,1.87993049621582
2,18,Indexed,0.547885894775391
1,304,Original,1.86610221862793
1,304,Indexed,0.540971755981445
1,575,Original,1.85418128967285
1,575,Indexed,0.551223754882813
1,560,Indexed,0.523805618286133
1,560,Original,1.85799598693848
5,343,Original,1.89900398254395
5,343,Indexed,0.613212585449219
4,444,Original,1.8610954284668
4,444,Indexed,0.562191009521484
5,388,Original,1.87087059020996
5,388,Indexed,4.36806678771973
4,571,Indexed,0.756978988647461
4,571,Original,2.38180160522461
3,178,Indexed,0.596046447753906
3,178,Original,1.95884704589844
3,541,Original,2.03299522399902
3,541,Indexed,0.591039657592773
1,163,Indexed,0.581026077270508
1,163,Original,1.85394287109375
1,594,Indexed,0.555038452148438
1,594,Original,1.86705589294434
1,230,Indexed,0.56004524230957
1,230,Original,1.85394287109375
3,227,Indexed,0.55694580078125
3,227,Original,1.84893608093262
3,155,Original,1.91497802734375
3,155,Indexed,0.575065612792969
5,45,Indexed,0.518083572387695
5,45,Original,1.8460750579834
1,487,Original,1.87492370605469
1,487,Indexed,0.651121139526367
1,316,Original,1.89614295959473
1,316,Indexed,0.545024871826172
4,440,Indexed,0.525951385498047
4,440,Original,1.83796882629395
4,575,Indexed,0.560998916625977
4,575,Original,4.03904914855957
1,369,Original,2.58016586303711
1,369,Indexed,0.580072402954102
2,552,Indexed,0.573873519897461
2,552,Original,1.97005271911621
3,215,Indexed,0.58293342590332
3,215,Original,1.96003913879395
2,452,Original,1.84893608093262
2,452,Indexed,0.540018081665039
1,477,Indexed,0.541925430297852
1,477,Original,1.84202194213867
1,166,Indexed,0.560998916625977
1,166,Original,1.81293487548828
4,324,Indexed,0.57220458984375
4,324,Original,1.89399719238281
4,4,Original,1.91712379455566
4,4,Indexed,0.574827194213867
3,349,Original,1.87087059020996
3,349,Indexed,0.547170639038086
1,165,Indexed,0.537872314453125
1,165,Original,1.86491012573242
1,217,Indexed,0.567913055419922
1,217,Original,1.8620491027832
5,41,Original,1.87301635742188
5,41,Indexed,0.559091567993164
4,182,Original,4.0438175201416
4,182,Indexed,0.929117202758789
3,330,Original,2.33793258666992
3,330,Indexed,0.587940216064453
1,563,Indexed,0.586986541748047
1,563,Original,1.96981430053711
4,238,Indexed,0.596046447753906
4,238,Original,1.89995765686035
2,247,Indexed,0.547885894775391
2,247,Original,1.99079513549805
4,540,Original,1.86610221862793
4,540,Indexed,0.539064407348633
4,123,Original,1.88183784484863
4,123,Indexed,0.575065612792969
2,542,Original,1.81198120117188
2,542,Indexed,0.676155090332031
1,405,Indexed,0.552177429199219
1,405,Original,1.89495086669922
3,406,Indexed,0.647068023681641
3,406,Original,1.82199478149414
1,473,Original,1.87015533447266
1,473,Indexed,0.553131103515625
3,180,Original,1.89995765686035
3,180,Indexed,0.542879104614258
4,365,Indexed,0.550031661987305
4,365,Original,1.83510780334473
1,36,Indexed,0.566005706787109
1,36,Original,4.99415397644043
2,235,Indexed,0.716924667358398
2,235,Original,1.97505950927734
4,261,Original,1.96504592895508
4,261,Indexed,0.563144683837891
5,511,Indexed,0.561952590942383
5,511,Original,1.88899040222168
1,45,Original,1.81198120117188
1,45,Indexed,0.535964965820313
3,204,Original,1.86896324157715
3,204,Indexed,0.541925430297852
4,283,Original,1.8770694732666
4,283,Indexed,0.559091567993164
2,266,Indexed,0.549077987670898
2,266,Original,1.85489654541016
1,382,Original,1.89089775085449
1,382,Indexed,0.568866729736328
2,381,Indexed,0.536918640136719
2,381,Original,1.89399719238281
5,220,Original,1.88612937927246
5,220,Indexed,0.571012496948242
5,106,Indexed,0.554084777832031
5,106,Original,1.85179710388184
4,209,Indexed,0.599861145019531
4,209,Original,1.89495086669922
3,511,Indexed,2.60210037231445
3,511,Original,2.72512435913086
3,285,Indexed,0.681161880493164
3,285,Original,2.00414657592773
2,569,Original,1.90901756286621
2,569,Indexed,0.538110733032227
2,553,Original,1.87492370605469
2,553,Indexed,0.601053237915039
5,503,Original,1.83987617492676
5,503,Indexed,0.545024871826172
5,150,Indexed,0.557899475097656
5,150,Original,1.85990333557129
4,229,Original,1.8458366394043
4,229,Indexed,0.565052032470703
3,252,Original,1.84392929077148
3,252,Indexed,0.579118728637695
3,428,Indexed,0.54478645324707
3,428,Original,1.84893608093262
5,3,Indexed,0.562906265258789
5,3,Original,1.82890892028809
3,469,Indexed,0.548839569091797
3,469,Original,1.89399719238281
4,112,Indexed,0.558137893676758
4,112,Original,1.85894966125488
1,433,Original,1.84202194213867
1,433,Indexed,2.68292427062988
2,522,Indexed,0.823974609375
2,522,Original,2.38800048828125
4,196,Indexed,0.5950927734375
4,196,Original,1.96695327758789
5,60,Original,2.01416015625
5,60,Indexed,0.590085983276367
1,164,Indexed,0.548124313354492
1,164,Original,1.83796882629395
5,28,Indexed,0.542879104614258
5,28,Original,2.2130012512207
4,505,Indexed,0.546932220458984
4,505,Original,1.85608863830566
4,19,Indexed,0.560998916625977
4,19,Original,1.83010101318359
1,514,Original,1.84512138366699
1,514,Indexed,0.625848770141602
5,243,Indexed,0.538110733032227
5,243,Original,3.16691398620605
1,81,Original,2.1507740020752
1,81,Indexed,0.606060028076172
1,549,Indexed,0.608921051025391
1,549,Original,2.02703475952148
2,541,Original,2.09307670593262
2,541,Indexed,0.597000122070313
2,459,Original,4.3950080871582
2,459,Indexed,0.823974609375
3,514,Original,2.16889381408691
3,514,Indexed,0.664949417114258
1,131,Original,1.98006629943848
1,131,Indexed,0.760078430175781
2,6,Indexed,0.597953796386719
2,6,Original,1.91116333007813
2,187,Indexed,0.612020492553711
2,187,Original,1.84416770935059
3,25,Original,1.86610221862793
3,25,Indexed,0.583887100219727
5,524,Original,1.88302993774414
5,524,Indexed,0.555992126464844
2,403,Indexed,0.555992126464844
2,403,Original,1.8620491027832
4,316,Indexed,0.557899475097656
4,316,Original,1.8610954284668
1,568,Original,1.85894966125488
1,568,Indexed,0.56004524230957
3,564,Indexed,0.565052032470703
3,564,Original,1.94406509399414
3,71,Original,1.90114974975586
3,71,Indexed,0.542879104614258
3,120,Original,1.85394287109375
3,120,Indexed,0.560998916625977
3,409,Original,4.90498542785645
3,409,Indexed,0.615119934082031
1,144,Indexed,0.589132308959961
1,144,Original,1.99604034423828
4,115,Original,2.01201438903809
4,115,Indexed,0.581979751586914
1,554,Original,1.92594528198242
1,554,Indexed,0.543117523193359
2,183,Indexed,0.555038452148438
2,183,Original,1.85918807983398
1,48,Indexed,0.623941421508789
1,48,Original,1.90901756286621
5,418,Indexed,0.552892684936523
5,418,Original,1.84392929077148
2,47,Indexed,0.576972961425781
2,47,Original,1.86300277709961
4,524,Original,1.9381046295166
4,524,Indexed,0.557184219360352
3,591,Original,1.87897682189941
3,591,Indexed,0.550985336303711
2,516,Original,1.89208984375
2,516,Indexed,0.559091567993164
1,457,Original,1.86395645141602
1,457,Indexed,0.548839569091797
5,113,Original,4.01616096496582
5,113,Indexed,0.80108642578125
1,567,Indexed,0.792026519775391
1,567,Original,2.05802917480469
3,232,Original,2.0139217376709
3,232,Indexed,0.576019287109375
2,600,Original,1.93309783935547
2,600,Indexed,0.524044036865234
2,152,Original,1.83200836181641
2,152,Indexed,0.638961791992188
5,216,Original,2.47693061828613
5,216,Indexed,0.903129577636719
5,51,Original,2.05302238464355
5,51,Indexed,0.753164291381836
4,325,Original,1.89399719238281
4,325,Indexed,0.571012496948242
5,351,Original,1.91307067871094
5,351,Indexed,0.570058822631836
2,265,Indexed,0.572919845581055
2,265,Original,1.87301635742188
3,67,Indexed,0.591039657592773
3,67,Original,2.22206115722656
5,24,Original,1.87802314758301
5,24,Indexed,0.542879104614258
2,558,Indexed,0.552177429199219
2,558,Original,1.92999839782715
3,444,Indexed,2.74109840393066
3,444,Original,2.93707847595215
3,1,Indexed,0.59199333190918
3,1,Original,2.01511383056641
3,188,Indexed,0.60582160949707
3,188,Original,2.00796127319336
4,385,Original,1.89113616943359
4,385,Indexed,0.570058822631836
2,262,Indexed,0.551939010620117
2,262,Original,1.91617012023926
5,385,Indexed,0.620126724243164
5,385,Original,1.9989013671875
2,125,Indexed,0.613212585449219
2,125,Original,1.87492370605469
1,119,Original,1.90401077270508
1,119,Indexed,0.575780868530273
2,16,Indexed,0.597953796386719
2,16,Original,1.90997123718262
3,91,Indexed,0.615119934082031
3,91,Original,1.93309783935547
4,95,Indexed,0.552892684936523
4,95,Original,1.94907188415527
2,367,Indexed,0.559091567993164
2,367,Original,1.8308162689209
3,380,Indexed,0.557899475097656
3,380,Original,4.64797019958496
4,247,Indexed,0.839948654174805
4,247,Original,1.98602676391602
1,277,Original,2.00080871582031
1,277,Indexed,0.674962997436523
4,272,Original,2.16579437255859
4,272,Indexed,0.551939010620117
2,497,Original,1.85799598693848
2,497,Indexed,0.550031661987305
4,140,Indexed,0.643014907836914
4,140,Original,1.84297561645508
2,502,Indexed,0.545024871826172
2,502,Original,1.85418128967285
3,238,Original,1.88493728637695
3,238,Indexed,0.549077987670898
2,241,Original,1.8470287322998
2,241,Indexed,0.549077987670898
3,257,Original,1.92809104919434
3,257,Indexed,0.552892684936523
2,221,Indexed,0.549077987670898
2,221,Original,1.87397003173828
4,129,Indexed,0.559806823730469
4,129,Original,1.87397003173828
3,507,Indexed,0.550031661987305
3,507,Original,1.94501876831055
3,450,Indexed,0.948905944824219
3,450,Original,2.60305404663086
2,389,Indexed,0.638008117675781
2,389,Original,2.02083587646484
4,459,Original,1.97482109069824
4,459,Indexed,0.566959381103516
5,493,Original,1.84178352355957
5,493,Indexed,0.540971755981445
3,500,Original,1.8310546875
3,500,Indexed,0.542163848876953
3,240,Original,1.87301635742188
3,240,Indexed,0.602006912231445
2,140,Original,1.82294845581055
2,140,Indexed,0.624895095825195
1,305,Original,1.90186500549316
1,305,Indexed,0.652790069580078
2,595,Original,1.8928050994873
2,595,Indexed,0.573158264160156
2,447,Indexed,0.549077987670898
2,447,Original,1.84392929077148
5,413,Original,1.88493728637695
5,413,Indexed,0.576019287109375
4,228,Indexed,0.55694580078125
4,228,Original,1.85489654541016
4,215,Original,4.71687316894531
4,215,Indexed,0.875949859619141
4,432,Indexed,0.606060028076172
4,432,Original,1.9829273223877
4,201,Original,2.02012062072754
4,201,Indexed,0.586986541748047
1,214,Indexed,0.576019287109375
1,214,Original,1.88183784484863
4,495,Original,1.83606147766113
4,495,Indexed,0.555038452148438
2,355,Original,1.85799598693848
2,355,Indexed,0.552177429199219
5,221,Original,1.89614295959473
5,221,Indexed,0.572919845581055
2,562,Indexed,0.56004524230957
2,562,Original,1.87206268310547
3,64,Original,1.8620491027832
3,64,Indexed,0.542879104614258
2,463,Original,1.88398361206055
2,463,Indexed,0.566959381103516
2,194,Original,1.86014175415039
2,194,Indexed,0.547170639038086
2,513,Original,1.85704231262207
2,513,Indexed,0.631093978881836
3,293,Indexed,0.566959381103516
3,293,Original,5.4168701171875
4,193,Original,3.1578540802002
4,193,Indexed,0.683069229125977
3,594,Indexed,0.730037689208984
3,594,Original,3.10802459716797
5,62,Original,2.46000289916992
5,62,Indexed,0.648975372314453
3,515,Original,2.11215019226074
3,515,Indexed,0.684976577758789
3,115,Original,3.13806533813477
3,115,Indexed,0.792026519775391
1,595,Original,2.52199172973633
1,595,Indexed,0.629901885986328
5,244,Indexed,0.558853149414063
5,244,Original,1.93595886230469
4,219,Indexed,0.602960586547852
4,219,Original,1.93881988525391
1,245,Original,1.96218490600586
1,245,Indexed,0.573158264160156
4,27,Original,1.96409225463867
4,27,Indexed,0.579833984375
2,29,Original,1.94215774536133
2,29,Indexed,0.603914260864258
2,136,Indexed,0.564813613891602
2,136,Original,2.02298164367676
1,443,Indexed,1.33204460144043
1,443,Original,3.2801628112793
2,438,Original,2.07996368408203
2,438,Indexed,0.571966171264648
1,124,Original,2.07781791687012
1,124,Indexed,0.597000122070313
4,576,Original,1.86300277709961
4,576,Indexed,0.573158264160156
3,48,Indexed,0.61488151550293
3,48,Original,1.94692611694336
4,251,Original,1.87397003173828
4,251,Indexed,0.565052032470703
5,361,Original,1.94692611694336
5,361,Indexed,0.551939010620117
1,466,Original,1.9071102142334
1,466,Indexed,0.563144683837891
5,430,Indexed,0.566005706787109
5,430,Original,1.85108184814453
3,355,Original,1.90591812133789
3,355,Indexed,0.558853149414063
1,49,Indexed,0.560998916625977
1,49,Original,1.91497802734375
1,311,Original,1.86491012573242
1,311,Indexed,0.639915466308594
2,301,Original,5.28287887573242
2,301,Indexed,0.720024108886719
5,543,Original,2.0449161529541
5,543,Indexed,0.586986541748047
2,571,Indexed,0.603914260864258
2,571,Original,2.00819969177246
5,268,Indexed,0.565052032470703
5,268,Original,1.83296203613281
4,409,Indexed,0.584125518798828
4,409,Original,1.9688606262207
2,493,Indexed,0.580072402954102
2,493,Original,1.85394287109375
3,478,Indexed,0.553131103515625
3,478,Original,1.87301635742188
1,490,Original,1.91807746887207
1,490,Indexed,0.583171844482422
5,187,Original,1.87492370605469
5,187,Indexed,0.557899475097656
4,401,Indexed,0.677108764648438
4,401,Original,1.88088417053223
5,5,Indexed,0.570058822631836
5,5,Original,1.97005271911621
3,275,Indexed,0.540018081665039
3,275,Original,1.82485580444336
4,254,Original,4.77313995361328
4,254,Indexed,0.92005729675293
1,66,Indexed,0.67901611328125
1,66,Original,2.09212303161621
1,450,Original,2.03800201416016
1,450,Indexed,0.597953796386719
5,280,Indexed,0.601053237915039
5,280,Original,1.90496444702148
2,534,Original,1.83892250061035
2,534,Indexed,0.555038452148438
3,226,Original,1.88183784484863
3,226,Indexed,0.721931457519531
2,123,Indexed,0.574111938476563
2,123,Original,1.89399719238281
3,486,Original,1.85918807983398
3,486,Indexed,0.545978546142578
1,35,Indexed,0.559091567993164
1,35,Original,1.87802314758301
5,247,Original,1.86419486999512
5,247,Indexed,0.545978546142578
5,583,Indexed,0.6561279296875
5,583,Original,1.87015533447266
4,216,Indexed,0.573873519897461
4,216,Original,1.94001197814941
5,559,Original,4.38809394836426
5,559,Indexed,0.880956649780273
3,172,Original,2.21800804138184
3,172,Indexed,0.572919845581055
4,510,Indexed,0.619888305664063
4,510,Original,2.29907035827637
4,411,Original,1.93881988525391
4,411,Indexed,0.562906265258789
5,401,Indexed,0.715017318725586
5,401,Original,1.8620491027832
4,321,Indexed,0.561952590942383
4,321,Original,1.85894966125488
5,64,Indexed,0.543832778930664
5,64,Original,1.8460750579834
5,500,Indexed,0.624179840087891
5,500,Original,1.96695327758789
4,101,Original,1.99079513549805
4,101,Indexed,0.622987747192383
5,237,Original,1.8470287322998
5,237,Indexed,0.589132308959961
2,105,Original,1.92499160766602
2,105,Indexed,0.555038452148438
3,455,Original,1.85298919677734
3,455,Indexed,0.549077987670898
5,544,Original,4.12893295288086
5,544,Indexed,0.879049301147461
1,446,Original,2.48503684997559
1,446,Indexed,0.671148300170898
1,267,Indexed,0.737905502319336
1,267,Original,1.99294090270996
5,531,Original,1.94597244262695
5,531,Indexed,0.57220458984375
2,44,Original,1.89495086669922
2,44,Indexed,0.600099563598633
2,325,Original,1.98602676391602
2,325,Indexed,0.627994537353516
1,47,Indexed,0.555992126464844
1,47,Original,1.9071102142334
2,149,Original,1.91712379455566
2,149,Indexed,0.555992126464844
5,235,Original,1.89089775085449
5,235,Indexed,0.570058822631836
3,39,Original,1.84512138366699
3,39,Indexed,0.539064407348633
5,185,Original,1.86586380004883
5,185,Indexed,0.577926635742188
3,550,Indexed,0.555992126464844
3,550,Original,1.85489654541016
5,594,Indexed,0.557184219360352
5,594,Original,4.5468807220459
2,270,Original,2.55703926086426
2,270,Indexed,0.612974166870117
1,340,Indexed,0.586986541748047
1,340,Original,1.9991397857666
5,467,Original,1.93905830383301
5,467,Indexed,0.559091567993164
5,417,Indexed,0.55694580078125
5,417,Original,1.86491012573242
4,511,Indexed,0.541925430297852
4,511,Original,1.8470287322998
2,305,Indexed,0.623941421508789
2,305,Original,1.83296203613281
2,499,Indexed,0.549077987670898
2,499,Original,1.8918514251709
5,155,Indexed,0.585079193115234
5,155,Original,2.18605995178223
5,49,Original,1.95598602294922
5,49,Indexed,0.558137893676758
1,172,Indexed,0.571012496948242
1,172,Original,2.17604637145996
2,10,Original,1.96695327758789
2,10,Indexed,0.566005706787109
2,536,Indexed,0.579833984375
2,536,Original,4.55498695373535
5,593,Indexed,0.905036926269531
5,593,Original,2.24399566650391
3,561,Indexed,0.597953796386719
3,561,Original,1.99484825134277
2,471,Indexed,0.609159469604492
2,471,Original,1.92499160766602
1,197,Original,1.88899040222168
1,197,Indexed,0.540018081665039
1,573,Indexed,0.549077987670898
1,573,Original,1.86681747436523
4,346,Indexed,0.547885894775391
4,346,Original,1.87802314758301
2,126,Original,1.953125
2,126,Indexed,0.588893890380859
2,467,Indexed,0.554084777832031
2,467,Original,1.94811820983887
3,496,Indexed,0.565052032470703
3,496,Original,1.84297561645508
1,456,Original,1.89709663391113
1,456,Indexed,0.577211380004883
1,562,Indexed,0.563144683837891
1,562,Original,1.88803672790527
1,444,Original,7.07507133483887
1,444,Indexed,0.97203254699707
3,310,Original,2.87985801696777
3,310,Indexed,0.58293342590332
2,576,Indexed,0.618934631347656
2,576,Original,2.09498405456543
5,431,Original,2.14409828186035
5,431,Indexed,0.597000122070313
2,398,Indexed,0.581026077270508
2,398,Original,2.01416015625
5,137,Indexed,0.628948211669922
5,137,Original,1.91903114318848
1,228,Indexed,0.564813613891602
1,228,Original,1.86991691589355
2,545,Original,1.91593170166016
2,545,Indexed,0.61798095703125
3,198,Indexed,0.638008117675781
3,198,Original,1.88612937927246
4,59,Indexed,0.549077987670898
4,59,Original,1.85108184814453
1,422,Original,1.8770694732666
1,422,Indexed,0.56910514831543
2,444,Indexed,0.546932220458984
2,444,Original,1.89900398254395
3,522,Indexed,0.576972961425781
3,522,Original,1.93405151367188
4,255,Original,4.86898422241211
4,255,Indexed,0.957012176513672
2,151,Indexed,0.879049301147461
2,151,Original,2.14099884033203
1,301,Original,2.11811065673828
1,301,Indexed,0.584840774536133
4,66,Indexed,0.676870346069336
4,66,Original,2.1209716796875
3,341,Indexed,0.59199333190918
3,341,Original,2.0449161529541
3,123,Indexed,0.607013702392578
3,123,Original,1.94692611694336
2,277,Original,2.20990180969238
2,277,Indexed,0.658035278320313
1,312,Original,2.15291976928711
1,312,Indexed,0.581979751586914
4,120,Indexed,0.550985336303711
4,120,Original,1.88016891479492
2,373,Indexed,0.571012496948242
2,373,Original,1.87516212463379
2,347,Original,1.90210342407227
2,347,Indexed,0.555992126464844
3,472,Original,1.94716453552246
3,472,Indexed,0.564098358154297
4,564,Indexed,0.558137893676758
4,564,Original,1.86800956726074
3,358,Indexed,2.64906883239746
3,358,Original,3.53407859802246
4,141,Original,2.06708908081055
4,141,Indexed,0.607967376708984
2,25,Indexed,0.615119934082031
2,25,Original,2.27904319763184
5,16,Original,2.31003761291504
5,16,Indexed,0.664949417114258
1,569,Original,2.02798843383789
1,569,Indexed,0.543832778930664
2,294,Original,1.8610954284668
2,294,Indexed,0.589847564697266
2,107,Original,1.8470287322998
2,107,Indexed,0.566005706787109
1,410,Indexed,0.555992126464844
1,410,Original,1.85799598693848
4,559,Original,2.20513343811035
4,559,Indexed,0.562906265258789
5,369,Indexed,0.570774078369141
5,369,Original,1.90997123718262
1,438,Original,1.87993049621582
1,438,Indexed,0.554084777832031
3,357,Indexed,0.549077987670898
3,357,Original,1.81198120117188
2,41,Indexed,0.55384635925293
2,41,Original,4.00686264038086
1,376,Original,3.50213050842285
1,376,Indexed,0.622987747192383
5,84,Original,2.10690498352051
5,84,Indexed,0.577926635742188
1,79,Indexed,0.600099563598633
1,79,Original,2.00891494750977
2,480,Indexed,0.597000122070313
2,480,Original,1.98984146118164
3,75,Original,1.95717811584473
3,75,Indexed,0.591039657592773
2,206,Original,1.90591812133789
2,206,Indexed,0.597000122070313
1,112,Indexed,0.560998916625977
1,112,Original,1.88708305358887
4,389,Indexed,0.550985336303711
4,389,Original,1.85894966125488
2,396,Original,1.89995765686035
2,396,Indexed,0.552892684936523
1,413,Indexed,0.571966171264648
1,413,Original,1.92093849182129
2,157,Original,2.38990783691406
2,157,Indexed,0.67901611328125
1,181,Original,2.07996368408203
1,181,Indexed,0.624895095825195
1,468,Indexed,0.619173049926758
1,468,Original,5.29003143310547
5,526,Original,2.70795822143555
5,526,Indexed,0.706195831298828
2,11,Original,2.21109390258789
2,11,Indexed,0.661849975585938
3,169,Indexed,0.710964202880859
3,169,Original,2.2881031036377
5,15,Original,2.03680992126465
5,15,Indexed,0.607967376708984
3,385,Original,1.88279151916504
3,385,Indexed,0.55694580078125
2,501,Indexed,0.565052032470703
2,501,Original,1.88899040222168
4,337,Indexed,0.586032867431641
4,337,Original,1.88493728637695
3,508,Original,1.90591812133789
3,508,Indexed,0.545978546142578
2,177,Indexed,0.566959381103516
2,177,Original,1.96695327758789
5,590,Original,1.91378593444824
5,590,Indexed,0.577926635742188
4,68,Original,1.90901756286621
4,68,Indexed,0.547170639038086
5,153,Original,1.86300277709961
5,153,Indexed,0.561952590942383
1,381,Original,5.12504577636719
1,381,Indexed,0.859975814819336
1,99,Original,2.05111503601074
1,99,Indexed,0.583887100219727
3,290,Indexed,0.583887100219727
3,290,Original,1.99484825134277
1,540,Original,2.01201438903809
1,540,Indexed,0.571012496948242
3,463,Indexed,0.574827194213867
3,463,Original,1.9218921661377
5,362,Original,1.83391571044922
5,362,Indexed,0.554084777832031
5,451,Indexed,0.548839569091797
5,451,Original,2.21514701843262
1,509,Indexed,0.626802444458008
1,509,Original,1.89495086669922
5,599,Indexed,0.658988952636719
5,599,Original,2.12383270263672
3,237,Original,1.95884704589844
3,237,Indexed,0.641107559204102
2,30,Original,1.94907188415527
2,30,Indexed,0.581026077270508
2,217,Original,1.88708305358887
2,217,Indexed,0.565052032470703
5,396,Original,4.52208518981934
5,396,Indexed,0.944852828979492
4,267,Original,2.79998779296875
4,267,Indexed,0.684022903442383
1,129,Original,2.0439624786377
1,129,Indexed,0.591039657592773
3,497,Indexed,0.581026077270508
3,497,Original,1.97696685791016
1,373,Indexed,0.589132308959961
1,373,Original,1.99508666992188
4,105,Indexed,0.570058822631836
4,105,Original,1.91998481750488
1,266,Original,1.88398361206055
1,266,Indexed,0.563859939575195
2,168,Indexed,0.564098358154297
2,168,Original,1.84488296508789
2,506,Indexed,0.705957412719727
2,506,Original,1.83200836181641
1,523,Indexed,0.566005706787109
1,523,Original,1.90091133117676
3,574,Original,1.88398361206055
3,574,Indexed,0.565052032470703
3,42,Original,1.90401077270508
3,42,Indexed,0.699996948242188
4,435,Indexed,0.550985336303711
4,435,Original,1.93309783935547
3,94,Indexed,2.70509719848633
3,94,Original,3.26395034790039
3,540,Original,2.01916694641113
3,540,Indexed,0.590085983276367
3,590,Indexed,0.59199333190918
3,590,Original,1.97792053222656
3,589,Indexed,0.631809234619141
3,589,Original,1.97887420654297
2,369,Original,1.91497802734375
2,369,Indexed,0.548839569091797
1,110,Indexed,0.555992126464844
1,110,Original,1.8770694732666
4,49,Indexed,0.555038452148438
4,49,Original,1.98817253112793
4,79,Original,1.88112258911133
4,79,Indexed,0.559091567993164
5,397,Indexed,0.541925430297852
5,397,Original,1.83296203613281
2,417,Original,1.91402435302734
2,417,Indexed,0.56004524230957
5,131,Indexed,0.66685676574707
5,131,Original,1.89113616943359
2,478,Indexed,0.559091567993164
2,478,Original,1.87087059020996
3,366,Original,4.38904762268066
3,366,Indexed,0.87285041809082
5,317,Indexed,0.844001770019531
5,317,Original,2.26402282714844
2,336,Original,1.97911262512207
2,336,Indexed,0.578880310058594
5,147,Indexed,0.566005706787109
5,147,Original,1.95097923278809
5,545,Original,1.99484825134277
5,545,Indexed,0.566959381103516
3,156,Original,1.85489654541016
3,156,Indexed,0.546932220458984
1,534,Original,1.86610221862793
1,534,Indexed,0.546932220458984
2,488,Original,1.8610954284668
2,488,Indexed,0.572919845581055
3,337,Indexed,0.553131103515625
3,337,Original,1.86395645141602
4,37,Indexed,0.575065612792969
4,37,Original,1.88088417053223
1,329,Indexed,0.550985336303711
1,329,Original,2.00510025024414
4,145,Original,1.87206268310547
4,145,Indexed,0.550985336303711
3,302,Original,1.88088417053223
3,302,Indexed,0.58293342590332
4,509,Indexed,0.960826873779297
4,509,Original,2.80404090881348
3,536,Original,1.98101997375488
3,536,Indexed,0.574111938476563
4,108,Original,2.03800201416016
4,108,Indexed,0.607967376708984
3,537,Indexed,0.699043273925781
3,537,Original,1.97601318359375
4,34,Original,1.89089775085449
4,34,Indexed,0.541925430297852
1,265,Original,1.84798240661621
1,265,Indexed,0.577926635742188
1,256,Original,1.91187858581543
1,256,Indexed,0.563859939575195
1,75,Original,1.88899040222168
1,75,Indexed,0.560998916625977
2,51,Indexed,0.634193420410156
2,51,Original,1.99317932128906
4,532,Indexed,0.573873519897461
4,532,Original,1.89995765686035
1,545,Indexed,0.579833984375
1,545,Original,1.88589096069336
5,25,Original,1.84893608093262
5,25,Indexed,0.610113143920898
2,100,Indexed,0.678062438964844
2,100,Original,5.1109790802002
4,377,Indexed,0.86212158203125
4,377,Original,1.98221206665039
5,448,Indexed,0.568151473999023
5,448,Original,1.97005271911621
4,487,Original,1.94096565246582
4,487,Indexed,0.667810440063477
3,567,Indexed,0.555992126464844
3,567,Original,1.91807746887207
4,437,Original,1.83606147766113
4,437,Indexed,0.546932220458984
4,271,Indexed,0.557184219360352
4,271,Original,1.82509422302246
1,15,Indexed,0.562906265258789
1,15,Original,1.89805030822754
5,138,Original,1.84321403503418
5,138,Indexed,0.683069229125977
5,272,Original,1.85418128967285
5,272,Indexed,0.954866409301758
1,309,Original,2.0749568939209
1,309,Indexed,0.607967376708984
4,208,Indexed,0.61798095703125
4,208,Original,1.95503234863281
2,75,Original,4.20403480529785
2,75,Indexed,0.892877578735352
1,306,Indexed,0.879049301147461
1,306,Original,2.34317779541016
3,447,Original,2.02083587646484
3,447,Indexed,0.597000122070313
1,325,Original,2.05898284912109
1,325,Indexed,0.56910514831543
4,9,Original,1.96504592895508
4,9,Indexed,0.573158264160156
5,450,Original,1.91211700439453
5,450,Indexed,0.566005706787109
3,250,Original,1.91092491149902
3,250,Indexed,0.531911849975586
1,9,Indexed,0.538825988769531
1,9,Original,1.87420845031738
5,478,Original,1.93190574645996
5,478,Indexed,0.597000122070313
5,592,Original,1.89399719238281
5,592,Indexed,0.566005706787109
5,588,Original,1.90091133117676
5,588,Indexed,0.567913055419922
2,13,Indexed,0.564098358154297
2,13,Original,1.88088417053223
3,571,Original,1.86681747436523
3,571,Indexed,0.58293342590332
2,27,Indexed,2.90298461914063
2,27,Original,2.82192230224609
4,391,Indexed,0.56910514831543
4,391,Original,1.92999839782715
1,596,Indexed,0.592947006225586
1,596,Original,1.93309783935547
3,509,Indexed,0.544071197509766
3,509,Original,1.94382667541504
1,503,Original,1.87182426452637
1,503,Indexed,0.710964202880859
3,261,Original,1.89113616943359
3,261,Indexed,0.56004524230957
1,379,Indexed,0.642061233520508
1,379,Original,2.01606750488281
5,164,Original,1.91688537597656
5,164,Indexed,0.572919845581055
2,313,Original,1.89089775085449
2,313,Indexed,0.558137893676758
2,42,Original,1.91402435302734
2,42,Indexed,0.673055648803711
5,172,Original,1.97887420654297
5,172,Indexed,0.573873519897461
4,43,Indexed,0.576019287109375
4,43,Original,1.87897682189941
4,279,Original,5.01608848571777
4,279,Indexed,0.966072082519531
5,209,Indexed,0.693082809448242
5,209,Original,2.0289421081543
1,281,Indexed,0.591039657592773
1,281,Original,1.99007987976074
2,243,Original,2.25210189819336
2,243,Indexed,0.70500373840332
2,442,Indexed,0.580072402954102
2,442,Original,1.93405151367188
4,233,Indexed,0.603914260864258
4,233,Original,1.91378593444824
4,410,Indexed,0.558137893676758
4,410,Original,1.88088417053223
2,208,Indexed,0.560998916625977
2,208,Original,1.91402435302734
4,497,Indexed,0.572919845581055
4,497,Original,1.89208984375
4,360,Original,1.92499160766602
4,360,Indexed,0.566959381103516
4,35,Indexed,0.58293342590332
4,35,Original,1.92999839782715
3,466,Indexed,0.594854354858398
3,466,Original,1.91092491149902
1,157,Indexed,0.568151473999023
1,157,Original,4.99606132507324
3,122,Indexed,0.85902214050293
3,122,Original,2.1049976348877
1,488,Original,1.9829273223877
1,488,Indexed,0.589847564697266
1,52,Original,1.97196006774902
1,52,Indexed,0.617027282714844
1,542,Original,1.94191932678223
1,542,Indexed,0.65302848815918
4,36,Original,1.89495086669922
4,36,Indexed,0.555038452148438
2,352,Original,1.9068717956543
2,352,Indexed,0.616788864135742
2,36,Indexed,0.557899475097656
2,36,Original,1.90496444702148
3,318,Indexed,0.563859939575195
3,318,Original,1.88207626342773
2,222,Original,1.87587738037109
2,222,Indexed,0.609159469604492
5,598,Indexed,0.550031661987305
5,598,Original,1.90305709838867
3,510,Original,1.91116333007813
3,510,Indexed,0.558853149414063
3,331,Indexed,0.581026077270508
3,331,Original,4.69589233398438
2,439,Indexed,0.833988189697266
2,439,Original,2.18486785888672
3,314,Original,2.00295448303223
3,314,Indexed,0.59199333190918
5,174,Indexed,0.566005706787109
5,174,Original,1.96003913879395
3,579,Original,1.94692611694336
3,579,Indexed,0.536918640136719
1,426,Original,2.8221607208252
1,426,Indexed,0.561952590942383
2,279,Indexed,0.659942626953125
2,279,Original,1.89304351806641
3,84,Original,1.88088417053223
3,84,Indexed,0.551939010620117
3,6,Original,1.98101997375488
3,6,Indexed,0.683069229125977
1,199,Original,2.20704078674316
1,199,Indexed,0.617027282714844
3,437,Indexed,0.576019287109375
3,437,Original,1.94382667541504
5,165,Indexed,0.567913055419922
5,165,Original,1.89590454101563
3,88,Original,1.98006629943848
3,88,Indexed,3.1888484954834
2,535,Original,3.00407409667969
2,535,Indexed,0.599861145019531
5,176,Indexed,0.606060028076172
5,176,Original,2.07185745239258
1,274,Original,2.00581550598145
1,274,Indexed,0.578880310058594
1,239,Original,2.01082229614258
1,239,Indexed,0.579833984375
4,492,Indexed,0.669002532958984
4,492,Original,1.85298919677734
2,253,Indexed,0.589847564697266
2,253,Original,1.94191932678223
1,295,Original,1.89208984375
1,295,Indexed,0.580072402954102
