name,round,case,milliseconds
Distill50_0.5,2,513,18.8741683959961
Distill50_1.0,2,513,8.45408439636231
Distill25_0.1,2,513,17.0319080352783
CE_control_1.0,2,513,9.0789794921875
CE_control_0.25,2,513,15.9521102905273
Distill25_0.5,2,513,16.0801410675049
CE_control_0.1,2,513,16.2980556488037
Distill25_0.25,2,513,16.589879989624
CE_control_0.5,2,513,16.6349411010742
Current,2,513,0.928878784179688
Distill50_0.1,2,513,18.0790424346924
Distill25_1.0,2,513,8.27789306640625
Distill50_0.25,2,513,17.7679061889648
Distill25_0.1,2,566,17.6000595092773
CE_control_0.1,2,566,16.855001449585
Current,2,566,1.12199783325195
Distill25_0.25,2,566,15.9730911254883
Distill25_0.5,2,566,16.7670249938965
CE_control_0.25,2,566,17.9369449615479
Distill25_1.0,2,566,8.84699821472168
CE_control_1.0,2,566,10.2319717407227
Distill50_0.1,2,566,17.7688598632813
Distill50_1.0,2,566,8.62407684326172
Distill50_0.5,2,566,17.7950859069824
Distill50_0.25,2,566,17.0538425445557
CE_control_0.5,2,566,16.9501304626465
CE_control_0.1,3,17,15.5260562896729
Distill25_1.0,3,17,9.04083251953125
Distill25_0.5,3,17,18.1081295013428
Distill25_0.25,3,17,24.4050025939941
Distill50_0.5,3,17,16.3390636444092
CE_control_0.5,3,17,15.2900218963623
Current,3,17,0.744104385375977
CE_control_0.25,3,17,14.8069858551025
Distill25_0.1,3,17,16.024112701416
CE_control_1.0,3,17,8.54897499084473
Distill50_0.1,3,17,17.5127983093262
Distill50_1.0,3,17,10.8189582824707
Distill50_0.25,3,17,15.03586769104
Distill50_0.25,3,260,19.9999809265137
Current,3,260,0.784873962402344
Distill50_1.0,3,260,11.725902557373
Distill25_1.0,3,260,10.8480453491211
CE_control_1.0,3,260,10.3747844696045
Distill25_0.5,3,260,20.7788944244385
Distill25_0.25,3,260,20.7529067993164
CE_control_0.25,3,260,20.5190181732178
Distill50_0.5,3,260,21.7189788818359
Distill50_0.1,3,260,21.6739177703857
CE_control_0.5,3,260,19.758939743042
Distill25_0.1,3,260,19.6840763092041
CE_control_0.1,3,260,21.7781066894531
CE_control_0.25,1,587,18.4149742126465
CE_control_1.0,1,587,8.47697257995606
Distill25_1.0,1,587,8.16607475280762
Distill25_0.1,1,587,16.909122467041
Current,1,587,0.910043716430664
CE_control_0.1,1,587,16.6280269622803
CE_control_0.5,1,587,16.7510509490967
Distill25_0.25,1,587,17.4369812011719
Distill50_1.0,1,587,8.5899829864502
Distill25_0.5,1,587,27.4479389190674
Distill50_0.5,1,587,15.9409046173096
Distill50_0.1,1,587,15.1729583740234
Distill50_0.25,1,587,14.7979259490967
Distill50_1.0,2,324,9.0789794921875
Distill25_0.5,2,324,17.6231861114502
CE_control_0.5,2,324,17.4710750579834
CE_control_0.25,2,324,19.3030834197998
Distill50_0.1,2,324,19.2289352416992
Distill50_0.25,2,324,18.5739994049072
Distill25_1.0,2,324,10.6499195098877
Distill25_0.1,2,324,19.2050933837891
Distill25_0.25,2,324,18.2540416717529
Current,2,324,0.802993774414063
CE_control_0.1,2,324,19.4981098175049
Distill50_0.5,2,324,20.0390815734863
CE_control_1.0,2,324,10.8771324157715
CE_control_1.0,2,537,7.89499282836914
Distill50_1.0,2,537,8.66317749023438
CE_control_0.5,2,537,17.3377990722656
Distill25_0.1,2,537,17.848014831543
Distill50_0.1,2,537,17.874002456665
Distill25_0.25,2,537,19.0348625183105
Distill25_0.5,2,537,18.0449485778809
CE_control_0.25,2,537,17.244815826416
Distill50_0.25,2,537,17.1511173248291
Distill25_1.0,2,537,8.43286514282227
CE_control_0.1,2,537,17.7850723266602
Distill50_0.5,2,537,18.5818672180176
Current,2,537,0.928163528442383
Distill25_0.25,2,238,18.172025680542
CE_control_1.0,2,238,17.1170234680176
Distill25_0.1,2,238,18.280029296875
CE_control_0.1,2,238,16.5739059448242
Distill50_0.5,2,238,16.6828632354736
CE_control_0.5,2,238,16.1430835723877
Distill50_1.0,2,238,8.24689865112305
Distill50_0.1,2,238,17.3571109771729
CE_control_0.25,2,238,17.564058303833
Distill25_0.5,2,238,16.7560577392578
Distill50_0.25,2,238,17.3161029815674
Current,2,238,0.960826873779297
Distill25_1.0,2,238,8.24284553527832
Distill50_0.25,1,514,17.3699855804443
Distill25_0.5,1,514,18.5670852661133
CE_control_0.5,1,514,16.9968605041504
Distill50_1.0,1,514,9.53197479248047
CE_control_0.1,1,514,17.0540809631348
Distill25_0.25,1,514,17.0478820800781
CE_control_0.25,1,514,18.2881355285645
Distill25_0.1,1,514,17.8091526031494
CE_control_1.0,1,514,9.40608978271484
Distill25_1.0,1,514,7.83586502075195
Distill50_0.1,1,514,17.7960395812988
Distill50_0.5,1,514,16.9649124145508
Current,1,514,0.945091247558594
CE_control_0.1,3,452,14.9610042572021
Distill25_0.25,3,452,15.8469676971436
Distill25_1.0,3,452,9.72199440002441
Distill25_0.1,3,452,16.3581371307373
CE_control_0.25,3,452,15.1019096374512
Distill50_0.5,3,452,15.2230262756348
Distill50_0.25,3,452,16.599178314209
CE_control_1.0,3,452,11.807918548584
Distill25_0.5,3,452,15.0279998779297
Current,3,452,0.99492073059082
CE_control_0.5,3,452,15.9029960632324
Distill50_0.1,3,452,25.4428386688232
Distill50_1.0,3,452,8.67390632629395
Distill25_0.25,1,337,16.057014465332
Distill50_0.5,1,337,15.5818462371826
CE_control_0.5,1,337,15.8979892730713
Distill50_1.0,1,337,8.26883316040039
CE_control_0.1,1,337,16.0801410675049
Distill50_0.1,1,337,16.6459083557129
Distill50_0.25,1,337,16.7801380157471
CE_control_1.0,1,337,9.5970630645752
Distill25_0.5,1,337,17.2920227050781
Current,1,337,0.78582763671875
Distill25_1.0,1,337,9.30213928222656
CE_control_0.25,1,337,16.5050029754639
Distill25_0.1,1,337,16.5870189666748
Current,1,463,0.809907913208008
Distill50_0.5,1,463,19.1528797149658
CE_control_0.25,1,463,18.9108848571777
Distill25_0.1,1,463,19.9019908905029
CE_control_1.0,1,463,8.86893272399902
CE_control_0.1,1,463,19.273042678833
Distill25_0.25,1,463,20.1320648193359
Distill50_1.0,1,463,8.5759162902832
Distill25_0.5,1,463,20.392894744873
Distill50_0.25,1,463,19.2940235137939
CE_control_0.5,1,463,19.1349983215332
Distill25_1.0,1,463,8.43000411987305
Distill50_0.1,1,463,20.2829837799072
Distill50_0.5,3,315,15.9451961517334
Distill50_0.25,3,315,14.8508548736572
Current,3,315,0.765800476074219
Distill25_1.0,3,315,7.75980949401856
CE_control_0.1,3,315,15.5789852142334
CE_control_1.0,3,315,17.099142074585
CE_control_0.5,3,315,15.0690078735352
Distill25_0.1,3,315,15.1650905609131
Distill50_1.0,3,315,8.92496109008789
Distill50_0.1,3,315,13.9100551605225
Distill25_0.5,3,315,14.4968032836914
Distill25_0.25,3,315,14.9750709533691
CE_control_0.25,3,315,14.7199630737305
Distill25_0.1,3,154,20.1401710510254
Distill50_0.25,3,154,16.7601108551025
Distill50_0.5,3,154,15.5119895935059
CE_control_0.25,3,154,15.2959823608398
Distill50_1.0,3,154,8.94904136657715
Distill25_0.25,3,154,14.5950317382813
CE_control_0.1,3,154,13.9861106872559
Distill50_0.1,3,154,14.1561031341553
Current,3,154,1.13916397094727
CE_control_0.5,3,154,13.9338970184326
Distill25_1.0,3,154,8.73613357543945
Distill25_0.5,3,154,15.3739452362061
CE_control_1.0,3,154,7.95292854309082
Distill25_0.25,1,527,18.3091163635254
CE_control_1.0,1,527,8.25285911560059
CE_control_0.5,1,527,16.6449546813965
CE_control_0.25,1,527,17.3780918121338
Distill50_0.5,1,527,17.1577930450439
Distill25_0.5,1,527,17.1971321105957
Distill25_0.1,1,527,17.4109935760498
Distill50_1.0,1,527,9.31501388549805
Distill50_0.1,1,527,16.0970687866211
Current,1,527,0.727176666259766
Distill25_1.0,1,527,9.49692726135254
Distill50_0.25,1,527,18.3939933776855
CE_control_0.1,1,527,18.1241035461426
Distill50_0.5,2,289,19.3700790405273
Current,2,289,10.7989311218262
Distill50_1.0,2,289,10.5020999908447
Distill25_0.1,2,289,20.8759307861328
CE_control_0.25,2,289,19.8030471801758
CE_control_0.1,2,289,19.4449424743652
Distill25_0.5,2,289,19.2530155181885
Distill25_1.0,2,289,11.6550922393799
CE_control_0.5,2,289,18.8651084899902
Distill50_0.25,2,289,19.7479724884033
Distill50_0.1,2,289,20.9348201751709
CE_control_1.0,2,289,10.6801986694336
Distill25_0.25,2,289,20.34592628479
CE_control_1.0,2,536,9.8879337310791
Current,2,536,0.804901123046875
Distill25_0.1,2,536,16.7748928070068
CE_control_0.5,2,536,17.4031257629395
Distill50_1.0,2,536,9.16099548339844
Distill25_0.25,2,536,16.1139965057373
CE_control_0.25,2,536,16.6850090026855
Distill25_1.0,2,536,8.47792625427246
Distill25_0.5,2,536,16.4520740509033
Distill50_0.1,2,536,17.2710418701172
Distill50_0.5,2,536,18.9418792724609
CE_control_0.1,2,536,17.1160697937012
Distill50_0.25,2,536,17.0671939849854
Distill25_0.5,3,103,16.4470672607422
Distill50_1.0,3,103,9.72914695739746
Distill50_0.5,3,103,16.4990425109863
CE_control_0.25,3,103,16.632080078125
Distill50_0.1,3,103,17.2030925750732
CE_control_0.1,3,103,17.2638893127441
Current,3,103,0.731945037841797
Distill25_0.25,3,103,16.1879062652588
Distill25_1.0,3,103,9.56606864929199
Distill25_0.1,3,103,16.5309906005859
Distill50_0.25,3,103,16.4289474487305
CE_control_1.0,3,103,9.64713096618652
CE_control_0.5,3,103,15.1400566101074
Distill50_0.1,3,139,16.0751342773438
Distill25_0.25,3,139,15.571117401123
Distill25_0.1,3,139,16.0038471221924
Distill25_0.5,3,139,15.9480571746826
CE_control_1.0,3,139,8.8341236114502
Current,3,139,1.05595588684082
Distill50_0.5,3,139,16.0279273986816
Distill50_0.25,3,139,16.6668891906738
CE_control_0.5,3,139,16.3240432739258
CE_control_0.25,3,139,16.3109302520752
Distill25_1.0,3,139,9.01389122009277
CE_control_0.1,3,139,15.3241157531738
Distill50_1.0,3,139,9.12809371948242
CE_control_0.1,3,350,19.6011066436768
Distill50_0.1,3,350,18.2068347930908
Distill25_1.0,3,350,9.32002067565918
Distill50_0.25,3,350,18.9211368560791
Distill50_1.0,3,350,9.43779945373535
Distill25_0.25,3,350,19.2909240722656
Distill25_0.5,3,350,18.2828903198242
CE_control_0.25,3,350,17.7979469299316
Distill50_0.5,3,350,18.2158946990967
Distill25_0.1,3,350,18.0230140686035
Current,3,350,0.771999359130859
CE_control_0.5,3,350,18.3169841766357
CE_control_1.0,3,350,17.876148223877
CE_control_0.5,1,594,18.0981159210205
CE_control_1.0,1,594,8.6519718170166
Current,1,594,0.826835632324219
Distill25_0.1,1,594,17.7600383758545
Distill50_1.0,1,594,7.45296478271484
Distill25_1.0,1,594,9.02509689331055
Distill50_0.25,1,594,17.7319049835205
Distill25_0.25,1,594,17.7412033081055
CE_control_0.25,1,594,17.9810523986816
Distill25_0.5,1,594,18.4190273284912
Distill50_0.5,1,594,20.9789276123047
Distill50_0.1,1,594,19.9840068817139
CE_control_0.1,1,594,19.2310810089111
Distill50_0.5,1,460,16.610860824585
CE_control_0.1,1,460,16.9680118560791
CE_control_1.0,1,460,8.4691047668457
Current,1,460,0.844001770019531
Distill25_0.5,1,460,16.3779258728027
CE_control_0.25,1,460,16.5657997131348
Distill50_0.25,1,460,16.5600776672363
CE_control_0.5,1,460,16.4971351623535
Distill25_0.25,1,460,16.6389942169189
Distill25_1.0,1,460,8.44907760620117
Distill50_0.1,1,460,17.6231861114502
Distill25_0.1,1,460,17.1351432800293
Distill50_1.0,1,460,10.4150772094727
Distill25_0.25,1,88,18.1138515472412
CE_control_1.0,1,88,8.5899829864502
Distill50_0.1,1,88,18.3548927307129
Distill25_0.5,1,88,17.5778865814209
Distill50_0.25,1,88,18.2168483734131
CE_control_0.5,1,88,17.8887844085693
Distill25_0.1,1,88,27.5931358337402
Distill25_1.0,1,88,8.25405120849609
CE_control_0.1,1,88,17.9219245910645
Distill50_0.5,1,88,17.848014831543
Current,1,88,0.989913940429688
CE_control_0.25,1,88,19.050121307373
Distill50_1.0,1,88,9.17506217956543
Distill50_0.1,3,376,18.4290409088135
Current,3,376,1.11007690429688
Distill25_0.25,3,376,19.8848247528076
Distill25_0.5,3,376,18.5418128967285
CE_control_0.5,3,376,19.6218490600586
CE_control_0.25,3,376,17.1031951904297
CE_control_0.1,3,376,16.4899826049805
Distill50_1.0,3,376,8.83817672729492
CE_control_1.0,3,376,9.30404663085938
Distill25_0.1,3,376,17.4598693847656
Distill25_1.0,3,376,8.8040828704834
Distill50_0.5,3,376,17.0960426330566
Distill50_0.25,3,376,18.3391571044922
CE_control_0.25,1,51,16.7999267578125
Distill25_0.1,1,51,18.226146697998
CE_control_0.1,1,51,17.8170204162598
Distill50_0.25,1,51,17.3168182373047
Distill25_0.25,1,51,16.7818069458008
CE_control_0.5,1,51,17.7249908447266
Current,1,51,1.20091438293457
Distill50_0.1,1,51,18.5291767120361
Distill50_0.5,1,51,18.6319351196289
CE_control_1.0,1,51,9.05585289001465
Distill25_1.0,1,51,10.0100040435791
Distill25_0.5,1,51,18.2309150695801
Distill50_1.0,1,51,9.87601280212402
CE_control_0.5,1,230,17.2848701477051
Distill50_0.5,1,230,18.3959007263184
Distill25_1.0,1,230,11.2190246582031
CE_control_0.1,1,230,16.9172286987305
Distill50_1.0,1,230,10.5011463165283
CE_control_1.0,1,230,9.31596755981445
Current,1,230,1.07002258300781
Distill50_0.25,1,230,17.1220302581787
Distill50_0.1,1,230,16.7028903961182
CE_control_0.25,1,230,16.1130428314209
Distill25_0.5,1,230,16.7949199676514
Distill25_0.1,1,230,16.6850090026855
Distill25_0.25,1,230,18.2490348815918
CE_control_0.1,1,488,19.4411277770996
Distill25_1.0,1,488,8.50009918212891
Distill25_0.1,1,488,18.9950466156006
Distill50_0.1,1,488,20.3390121459961
CE_control_0.5,1,488,18.5210704803467
Distill25_0.5,1,488,31.4791202545166
Distill50_0.5,1,488,34.0590476989746
CE_control_1.0,1,488,13.9858722686768
Current,1,488,0.879049301147461
CE_control_0.25,1,488,19.0930366516113
Distill50_1.0,1,488,9.01603698730469
Distill50_0.25,1,488,18.6240673065186
Distill25_0.25,1,488,17.9970264434814
Current,2,478,0.87285041809082
CE_control_0.25,2,478,19.2739963531494
CE_control_0.5,2,478,18.8090801239014
Distill50_0.5,2,478,19.625186920166
Distill25_0.25,2,478,21.0981369018555
Distill25_1.0,2,478,9.18889045715332
CE_control_0.1,2,478,28.6099910736084
CE_control_1.0,2,478,8.88705253601074
Distill50_0.1,2,478,20.4660892486572
Distill50_0.25,2,478,18.9518928527832
Distill25_0.1,2,478,18.3048248291016
Distill50_1.0,2,478,9.37509536743164
Distill25_0.5,2,478,20.2400684356689
Distill25_0.25,1,507,17.6460742950439
Distill25_0.1,1,507,17.8768634796143
Distill50_1.0,1,507,8.49390029907227
Distill50_0.1,1,507,16.6189670562744
Distill25_1.0,1,507,9.54508781433105
Distill50_0.25,1,507,17.6651477813721
CE_control_0.1,1,507,16.6728496551514
CE_control_1.0,1,507,8.67295265197754
CE_control_0.25,1,507,15.5158042907715
CE_control_0.5,1,507,16.1211490631104
Current,1,507,0.817060470581055
Distill25_0.5,1,507,16.1809921264648
Distill50_0.5,1,507,16.9239044189453
CE_control_0.1,1,595,20.8752155303955
Distill50_0.5,1,595,20.0989246368408
CE_control_0.25,1,595,21.9290256500244
Distill25_0.1,1,595,20.258903503418
Distill50_0.1,1,595,19.6897983551025
CE_control_0.5,1,595,19.4880962371826
Distill25_1.0,1,595,11.0039710998535
Distill50_0.25,1,595,19.3588733673096
Distill25_0.25,1,595,20.6968784332275
Distill50_1.0,1,595,9.38010215759277
Distill25_0.5,1,595,18.9690589904785
CE_control_1.0,1,595,8.13698768615723
Current,1,595,1.04403495788574
Distill50_1.0,3,91,12.0930671691895
Distill25_1.0,3,91,21.4340686798096
CE_control_1.0,3,91,10.1869106292725
Distill50_0.1,3,91,21.0878849029541
Current,3,91,0.886917114257813
Distill25_0.5,3,91,20.0560092926025
Distill50_0.25,3,91,21.4600563049316
Distill50_0.5,3,91,21.1081504821777
CE_control_0.25,3,91,20.5421447753906
Distill25_0.1,3,91,21.5330123901367
CE_control_0.5,3,91,24.3220329284668
Distill25_0.25,3,91,22.3588943481445
CE_control_0.1,3,91,22.7630138397217
Distill50_0.5,1,475,20.1570987701416
CE_control_0.5,1,475,16.834020614624
CE_control_0.25,1,475,16.808032989502
Current,1,475,0.843048095703125
Distill50_1.0,1,475,8.02707672119141
Distill25_0.25,1,475,18.1779861450195
Distill25_0.1,1,475,18.8999176025391
Distill25_1.0,1,475,8.78715515136719
CE_control_0.1,1,475,17.4779891967773
Distill50_0.25,1,475,17.3900127410889
Distill50_0.1,1,475,18.2061195373535
CE_control_1.0,1,475,10.5881690979004
Distill25_0.5,1,475,19.1588401794434
Distill50_0.5,1,1,21.4741230010986
Distill25_0.5,1,1,21.4869976043701
CE_control_0.25,1,1,20.4391479492188
CE_control_0.5,1,1,19.5779800415039
Current,1,1,11.7030143737793
Distill50_0.25,1,1,18.6209678649902
Distill25_0.1,1,1,18.8519954681396
Distill25_1.0,1,1,8.60190391540527
CE_control_1.0,1,1,7.50613212585449
Distill50_0.1,1,1,19.5431709289551
Distill25_0.25,1,1,21.4300155639648
CE_control_0.1,1,1,19.2229747772217
Distill50_1.0,1,1,7.84993171691895
Distill50_0.5,3,87,18.0239677429199
Distill25_0.5,3,87,18.6018943786621
Distill25_0.25,3,87,18.1770324707031
Distill25_1.0,3,87,8.58306884765625
Distill50_1.0,3,87,8.90207290649414
Distill50_0.1,3,87,17.9071426391602
Current,3,87,1.08098983764648
CE_control_0.1,3,87,17.0600414276123
Distill25_0.1,3,87,18.4481143951416
Distill50_0.25,3,87,18.8000202178955
CE_control_1.0,3,87,10.7779502868652
CE_control_0.25,3,87,17.7419185638428
CE_control_0.5,3,87,17.6839828491211
Distill50_0.25,3,575,18.2027816772461
CE_control_0.25,3,575,18.5379981994629
CE_control_0.1,3,575,20.1690196990967
Distill25_0.5,3,575,17.6591873168945
CE_control_1.0,3,575,8.72206687927246
Current,3,575,0.985145568847656
Distill25_1.0,3,575,9.87696647644043
Distill50_0.1,3,575,17.7769660949707
Distill25_0.1,3,575,17.0660018920898
Distill25_0.25,3,575,20.1499462127686
Distill50_0.5,3,575,19.8900699615479
CE_control_0.5,3,575,58.6080551147461
Distill50_1.0,3,575,8.5911750793457
CE_control_1.0,3,547,15.0790214538574
Distill25_0.5,3,547,16.6230201721191
Distill25_0.25,3,547,16.3309574127197
Distill50_0.1,3,547,17.9049968719482
CE_control_0.1,3,547,19.4499492645264
CE_control_0.25,3,547,17.427921295166
Distill50_1.0,3,547,8.29601287841797
Distill25_0.1,3,547,19.6099281311035
CE_control_0.5,3,547,19.4270610809326
Distill50_0.5,3,547,18.8899040222168
Distill50_0.25,3,547,17.916202545166
Current,3,547,0.784158706665039
Distill25_1.0,3,547,10.361909866333
Distill50_0.1,1,39,15.5749320983887
Current,1,39,1.01780891418457
Distill25_0.5,1,39,17.448902130127
Distill50_0.25,1,39,15.3059959411621
Distill50_1.0,1,39,8.02397727966309
Distill25_0.25,1,39,16.0210132598877
CE_control_0.1,1,39,16.1519050598145
CE_control_0.25,1,39,16.2200927734375
Distill25_1.0,1,39,9.84311103820801
Distill50_0.5,1,39,15.5949592590332
Distill25_0.1,1,39,15.7580375671387
CE_control_0.5,1,39,14.97483253479
CE_control_1.0,1,39,8.59999656677246
Distill50_0.1,1,248,18.596887588501
Distill50_0.5,1,248,19.2620754241943
Distill25_0.1,1,248,20.0510025024414
Distill25_1.0,1,248,10.7128620147705
CE_control_0.1,1,248,20.3099250793457
Distill50_1.0,1,248,10.5769634246826
Distill25_0.5,1,248,19.1450119018555
Current,1,248,0.889062881469727
CE_control_0.25,1,248,21.327018737793
CE_control_0.5,1,248,20.6239223480225
Distill50_0.25,1,248,32.3929786682129
CE_control_1.0,1,248,11.4498138427734
Distill25_0.25,1,248,19.5860862731934
CE_control_0.5,3,108,23.2598781585693
Distill50_0.25,3,108,25.6321430206299
Distill50_1.0,3,108,11.9178295135498
CE_control_0.25,3,108,24.055004119873
CE_control_1.0,3,108,11.4259719848633
Current,3,108,1.04904174804688
Distill50_0.5,3,108,23.716926574707
Distill25_0.1,3,108,25.2740383148193
Distill25_0.25,3,108,21.2380886077881
Distill50_0.1,3,108,24.6930122375488
Distill25_1.0,3,108,11.5189552307129
CE_control_0.1,3,108,23.0839252471924
Distill25_0.5,3,108,22.6209163665772
CE_control_0.1,3,125,17.4298286437988
Distill50_0.25,3,125,17.2770023345947
CE_control_0.25,3,125,17.1699523925781
Distill25_0.5,3,125,18.5542106628418
Current,3,125,0.741958618164063
Distill25_0.25,3,125,17.341136932373
CE_control_1.0,3,125,10.3371143341064
Distill50_0.1,3,125,17.632007598877
Distill25_0.1,3,125,18.139123916626
CE_control_0.5,3,125,18.773078918457
Distill25_1.0,3,125,10.2908611297607
Distill50_0.5,3,125,17.4791812896729
Distill50_1.0,3,125,10.8051300048828
Distill50_0.25,2,20,13.6139392852783
CE_control_0.5,2,20,14.1210556030273
CE_control_1.0,2,20,20.2159881591797
CE_control_0.1,2,20,12.4170780181885
Distill50_0.1,2,20,13.6110782623291
Distill25_0.25,2,20,14.4071578979492
Distill50_0.5,2,20,13.85498046875
Distill25_0.5,2,20,12.843132019043
Current,2,20,0.687122344970703
CE_control_0.25,2,20,13.50998878479
Distill50_1.0,2,20,7.79199600219727
Distill25_0.1,2,20,14.9600505828857
Distill25_1.0,2,20,8.72302055358887
Distill25_0.5,1,149,15.0048732757568
Distill50_0.5,1,149,15.8979892730713
Current,1,149,0.863075256347656
Distill25_0.1,1,149,15.5320167541504
Distill50_0.25,1,149,15.7279968261719
CE_control_0.5,1,149,15.5048370361328
Distill25_1.0,1,149,8.86702537536621
Distill50_1.0,1,149,8.34107398986816
Distill50_0.1,1,149,15.8131122589111
Distill25_0.25,1,149,16.279935836792
CE_control_1.0,1,149,8.76903533935547
CE_control_0.25,1,149,14.8029327392578
CE_control_0.1,1,149,15.2390003204346
CE_control_0.1,2,87,18.2368755340576
Distill50_0.25,2,87,17.798900604248
Distill50_0.5,2,87,17.7710056304932
Distill25_0.25,2,87,18.7091827392578
CE_control_1.0,2,87,9.50098037719727
Distill25_1.0,2,87,8.08215141296387
Distill50_0.1,2,87,19.3469524383545
Distill25_0.1,2,87,18.6388492584229
Distill50_1.0,2,87,7.81893730163574
Distill25_0.5,2,87,20.2951431274414
CE_control_0.25,2,87,20.4401016235352
Current,2,87,0.931978225708008
CE_control_0.5,2,87,19.0401077270508
Distill50_0.1,1,44,19.0579891204834
CE_control_0.5,1,44,18.906831741333
Distill25_0.5,1,44,19.0451145172119
Current,1,44,0.861883163452148
Distill50_0.25,1,44,29.6401977539063
Distill25_0.1,1,44,18.9688205718994
Distill25_0.25,1,44,19.1380977630615
CE_control_1.0,1,44,8.14414024353027
CE_control_0.25,1,44,16.6900157928467
Distill50_0.5,1,44,16.6270732879639
CE_control_0.1,1,44,17.1651840209961
Distill50_1.0,1,44,7.92717933654785
Distill25_1.0,1,44,7.49301910400391
Distill50_0.25,1,91,21.3119983673096
Distill25_1.0,1,91,10.8489990234375
Distill25_0.1,1,91,20.6658840179443
Distill25_0.5,1,91,21.791934967041
Distill50_1.0,1,91,9.72509384155273
CE_control_0.25,1,91,23.435115814209
CE_control_1.0,1,91,9.52720642089844
Distill25_0.25,1,91,23.3972072601318
Current,1,91,0.848054885864258
CE_control_0.5,1,91,21.1119651794434
Distill50_0.1,1,91,23.4529972076416
Distill50_0.5,1,91,22.4459171295166
CE_control_0.1,1,91,22.4719047546387
CE_control_0.5,1,520,18.9781188964844
Distill25_0.5,1,520,19.1729068756104
Distill50_0.5,1,520,17.3649787902832
CE_control_0.25,1,520,18.3570384979248
Distill50_1.0,1,520,9.66501235961914
Current,1,520,0.931024551391602
CE_control_0.1,1,520,19.4180011749268
Distill50_0.1,1,520,18.5859203338623
Distill25_0.1,1,520,18.4750556945801
Distill50_0.25,1,520,19.2201137542725
Distill25_0.25,1,520,18.8899040222168
Distill25_1.0,1,520,22.1760272979736
CE_control_1.0,1,520,10.6809139251709
CE_control_0.1,2,447,14.6310329437256
Distill50_0.25,2,447,15.038013458252
CE_control_0.25,2,447,15.2628421783447
Distill25_0.5,2,447,14.9099826812744
CE_control_0.5,2,447,15.1968002319336
Distill50_1.0,2,447,8.80694389343262
Distill25_0.1,2,447,17.3108577728271
Current,2,447,1.1298656463623
Distill50_0.5,2,447,16.2801742553711
Distill25_0.25,2,447,15.1119232177734
CE_control_1.0,2,447,9.92488861083984
Distill25_1.0,2,447,8.8961124420166
Distill50_0.1,2,447,15.6300067901611
CE_control_0.1,3,459,16.3378715515137
CE_control_0.5,3,459,16.3109302520752
Distill50_0.1,3,459,15.9280300140381
CE_control_1.0,3,459,9.34791564941406
Distill50_1.0,3,459,9.38010215759277
CE_control_0.25,3,459,16.1340236663818
Distill25_0.25,3,459,16.3559913635254
Distill50_0.5,3,459,16.9157981872559
Distill50_0.25,3,459,17.4460411071777
Distill25_0.1,3,459,16.6370868682861
Distill25_0.5,3,459,15.6471729278564
Current,3,459,0.97203254699707
Distill25_1.0,3,459,8.12005996704102
CE_control_0.1,1,564,17.1170234680176
Distill50_1.0,1,564,9.43398475646973
Distill50_0.5,1,564,16.8178081512451
CE_control_0.25,1,564,17.3540115356445
Distill25_0.5,1,564,17.2622203826904
Distill50_0.25,1,564,18.9809799194336
Current,1,564,0.802040100097656
Distill25_1.0,1,564,9.27114486694336
Distill25_0.1,1,564,16.124963760376
CE_control_1.0,1,564,8.38708877563477
Distill50_0.1,1,564,17.5881385803223
Distill25_0.25,1,564,19.1719532012939
CE_control_0.5,1,564,27.5678634643555
Distill50_0.25,3,301,16.3390636444092
Distill50_0.5,3,301,16.1659717559814
Distill50_1.0,3,301,8.43310356140137
Distill25_0.5,3,301,15.1510238647461
Distill25_0.1,3,301,15.8798694610596
CE_control_0.25,3,301,16.2961483001709
CE_control_0.5,3,301,17.5299644470215
CE_control_0.1,3,301,16.0789489746094
CE_control_1.0,3,301,8.52704048156738
Distill50_0.1,3,301,17.3540115356445
Distill25_1.0,3,301,9.49883460998535
Current,3,301,0.84996223449707
Distill25_0.25,3,301,16.3140296936035
Distill50_0.5,1,338,16.9830322265625
CE_control_0.5,1,338,17.3640251159668
Distill25_0.5,1,338,17.9519653320313
CE_control_1.0,1,338,11.8169784545898
Distill50_0.25,1,338,18.578052520752
Distill25_1.0,1,338,11.3949775695801
Distill25_0.1,1,338,18.7780857086182
Distill50_0.1,1,338,18.51487159729
CE_control_0.1,1,338,18.0540084838867
Distill50_1.0,1,338,11.1231803894043
Current,1,338,0.874996185302734
Distill25_0.25,1,338,18.2590484619141
CE_control_0.25,1,338,17.7779197692871
Distill25_0.1,3,515,17.9388523101807
Current,3,515,0.755071640014648
Distill50_1.0,3,515,10.4730129241943
CE_control_1.0,3,515,10.0090503692627
Distill50_0.5,3,515,20.2851295471191
Distill25_0.5,3,515,19.4709300994873
CE_control_0.5,3,515,28.3730030059814
Distill50_0.1,3,515,17.8020000457764
CE_control_0.1,3,515,18.2750225067139
Distill25_0.25,3,515,17.2741413116455
Distill25_1.0,3,515,9.01198387145996
CE_control_0.25,3,515,18.7020301818848
Distill50_0.25,3,515,17.8978443145752
Distill50_1.0,1,362,10.2770328521729
Distill25_0.1,1,362,19.6959972381592
CE_control_0.5,1,362,18.8388824462891
Distill25_1.0,1,362,10.1931095123291
CE_control_1.0,1,362,10.685920715332
Distill50_0.25,1,362,18.3289051055908
CE_control_0.1,1,362,18.3320045471191
Current,1,362,0.74315071105957
Distill25_0.5,1,362,18.5201168060303
Distill50_0.1,1,362,20.1029777526855
Distill25_0.25,1,362,20.5800533294678
Distill50_0.5,1,362,20.1680660247803
CE_control_0.25,1,362,19.8221206665039
Current,2,468,0.822067260742188
CE_control_1.0,2,468,9.3989372253418
Distill25_0.1,2,468,15.3439044952393
CE_control_0.1,2,468,15.3000354766846
Distill50_1.0,2,468,8.57806205749512
Distill25_1.0,2,468,9.57894325256348
Distill50_0.5,2,468,15.9671306610107
CE_control_0.5,2,468,16.510009765625
CE_control_0.25,2,468,16.6389942169189
Distill50_0.25,2,468,17.0230865478516
Distill25_0.5,2,468,15.1870250701904
Distill50_0.1,2,468,14.9221420288086
Distill25_0.25,2,468,14.4979953765869
Distill50_0.1,3,225,15.8481597900391
CE_control_0.1,3,225,15.7430171966553
Distill25_0.1,3,225,16.2980556488037
CE_control_0.25,3,225,18.0931091308594
Distill50_0.25,3,225,17.9910659790039
Distill50_0.5,3,225,16.6289806365967
Current,3,225,0.848054885864258
CE_control_0.5,3,225,16.0109996795654
Distill25_0.5,3,225,16.9169902801514
CE_control_1.0,3,225,10.03098487854
Distill25_1.0,3,225,9.90605354309082
Distill25_0.25,3,225,15.6669616699219
Distill50_1.0,3,225,9.11283493041992
Current,1,383,0.885963439941406
Distill50_0.1,1,383,16.3559913635254
Distill25_1.0,1,383,8.89182090759277
Distill25_0.25,1,383,15.8829689025879
Distill25_0.1,1,383,16.2718296051025
Distill50_0.5,1,383,16.4079666137695
CE_control_1.0,1,383,8.02993774414063
Distill50_1.0,1,383,9.8872184753418
CE_control_0.5,1,383,17.0319080352783
Distill50_0.25,1,383,17.9400444030762
CE_control_0.25,1,383,18.3770656585693
Distill25_0.5,1,383,17.7080631256104
CE_control_0.1,1,383,17.963171005249
Distill25_1.0,3,513,9.9329948425293
Distill25_0.5,3,513,17.1020030975342
Distill50_0.1,3,513,16.9711112976074
CE_control_1.0,3,513,8.55684280395508
Distill50_0.5,3,513,18.3179378509521
Distill25_0.25,3,513,18.841028213501
Distill25_0.1,3,513,20.0448036193848
CE_control_0.25,3,513,17.6088809967041
CE_control_0.5,3,513,16.8321132659912
CE_control_0.1,3,513,17.0838832855225
Distill50_1.0,3,513,8.92901420593262
Distill50_0.25,3,513,17.0719623565674
Current,3,513,0.877141952514648
Distill50_0.25,1,225,17.0278549194336
Distill25_0.1,1,225,16.8139934539795
CE_control_0.25,1,225,28.0239582061768
CE_control_0.5,1,225,16.1378383636475
Distill50_0.1,1,225,16.247034072876
Distill25_1.0,1,225,9.6430778503418
CE_control_0.1,1,225,16.1030292510986
Distill25_0.25,1,225,16.3559913635254
Current,1,225,0.709056854248047
Distill50_0.5,1,225,16.8659687042236
Distill25_0.5,1,225,16.8211460113525
Distill50_1.0,1,225,10.4711055755615
CE_control_1.0,1,225,9.21297073364258
Distill25_0.25,1,436,19.3319320678711
CE_control_1.0,1,436,8.62503051757813
Distill50_0.1,1,436,19.9770927429199
Distill50_1.0,1,436,9.12594795227051
CE_control_0.1,1,436,17.3468589782715
Distill25_1.0,1,436,8.18204879760742
CE_control_0.5,1,436,18.596887588501
Current,1,436,0.838041305541992
CE_control_0.25,1,436,18.9599990844727
Distill50_0.5,1,436,18.6309814453125
Distill25_0.5,1,436,18.9740657806396
Distill25_0.1,1,436,19.8178291320801
Distill50_0.25,1,436,19.2949771881104
CE_control_0.5,1,292,17.3690319061279
Distill50_0.5,1,292,17.3099040985107
Distill25_1.0,1,292,9.31406021118164
CE_control_0.25,1,292,18.4321403503418
CE_control_0.1,1,292,19.0789699554443
Distill50_0.1,1,292,18.8620090484619
Distill25_0.1,1,292,19.3190574645996
Distill25_0.5,1,292,18.6769962310791
Current,1,292,0.735998153686523
Distill25_0.25,1,292,18.7199115753174
Distill50_1.0,1,292,10.9550952911377
Distill50_0.25,1,292,29.4179916381836
CE_control_1.0,1,292,10.6379985809326
Current,1,573,0.88810920715332
Distill25_1.0,1,573,9.85383987426758
Distill25_0.5,1,573,17.1329975128174
CE_control_0.1,1,573,17.9729461669922
CE_control_0.25,1,573,17.1549320220947
Distill25_0.1,1,573,18.3169841766357
Distill50_1.0,1,573,10.3390216827393
CE_control_0.5,1,573,18.604040145874
CE_control_1.0,1,573,8.3768367767334
Distill25_0.25,1,573,18.3939933776855
Distill50_0.1,1,573,18.0411338806152
Distill50_0.5,1,573,18.0189609527588
Distill50_0.25,1,573,17.9657936096191
CE_control_0.25,3,100,18.1560516357422
CE_control_0.5,3,100,18.8140869140625
Distill25_0.25,3,100,21.6400623321533
Distill25_0.5,3,100,19.4048881530762
Distill25_1.0,3,100,10.4830265045166
CE_control_1.0,3,100,11.4808082580566
CE_control_0.1,3,100,19.3548202514648
Distill50_0.1,3,100,20.6749439239502
Current,3,100,0.818014144897461
Distill50_0.5,3,100,19.4039344787598
Distill25_0.1,3,100,20.4620361328125
Distill50_0.25,3,100,19.9460983276367
Distill50_1.0,3,100,12.2439861297607
CE_control_1.0,1,357,8.76092910766602
Distill25_1.0,1,357,9.31310653686523
Current,1,357,0.800848007202148
CE_control_0.1,1,357,16.3230895996094
Distill50_0.25,1,357,15.794038772583
Distill25_0.5,1,357,16.0291194915771
Distill50_1.0,1,357,8.67009162902832
Distill25_0.1,1,357,15.7251358032227
CE_control_0.5,1,357,26.3950824737549
Distill25_0.25,1,357,15.8319473266602
Distill50_0.5,1,357,15.28000831604
CE_control_0.25,1,357,15.110969543457
Distill50_0.1,1,357,15.9180164337158
Distill25_0.25,3,137,19.0320014953613
Distill50_0.5,3,137,20.6708908081055
Distill50_1.0,3,137,11.5189552307129
CE_control_0.5,3,137,20.2250480651855
CE_control_0.1,3,137,20.7498073577881
Distill25_0.5,3,137,19.2399024963379
CE_control_1.0,3,137,10.822057723999
Distill50_0.1,3,137,20.0271606445313
Distill25_0.1,3,137,18.9399719238281
Distill50_0.25,3,137,17.1530246734619
CE_control_0.25,3,137,17.6780223846436
Current,3,137,0.771999359130859
Distill25_1.0,3,137,10.1590156555176
Distill50_1.0,3,375,8.84008407592773
Distill25_0.1,3,375,18.1801319122314
Current,3,375,0.945806503295898
Distill25_0.5,3,375,18.7499523162842
Distill50_0.5,3,375,18.2590484619141
Distill25_0.25,3,375,20.2059745788574
CE_control_0.25,3,375,19.2389488220215
CE_control_1.0,3,375,9.21297073364258
Distill50_0.1,3,375,17.9729461669922
CE_control_0.5,3,375,17.7428722381592
CE_control_0.1,3,375,17.7087783813477
Distill50_0.25,3,375,17.970085144043
Distill25_1.0,3,375,9.19604301452637
Distill50_0.25,3,130,17.8501605987549
Distill50_0.1,3,130,27.1439552307129
Distill25_0.25,3,130,16.3469314575195
CE_control_0.5,3,130,16.7779922485352
Distill50_0.5,3,130,17.3211097717285
CE_control_1.0,3,130,9.50980186462402
Distill25_0.1,3,130,15.8421993255615
Distill25_0.5,3,130,15.5138969421387
CE_control_0.25,3,130,15.2559280395508
Distill50_1.0,3,130,7.14516639709473
Current,3,130,0.871896743774414
Distill25_1.0,3,130,7.78603553771973
CE_control_0.1,3,130,15.1209831237793
CE_control_0.5,3,307,14.9250030517578
Distill25_0.1,3,307,14.9121284484863
Distill25_0.25,3,307,15.3839588165283
Distill25_0.5,3,307,16.0369873046875
Distill50_0.5,3,307,17.8680419921875
CE_control_0.25,3,307,17.7710056304932
Distill25_1.0,3,307,8.14700126647949
CE_control_0.1,3,307,16.0188674926758
Distill50_0.25,3,307,16.118049621582
Distill50_0.1,3,307,16.6020393371582
Current,3,307,0.738859176635742
CE_control_1.0,3,307,8.33702087402344
Distill50_1.0,3,307,8.60905647277832
CE_control_1.0,2,280,11.2018585205078
Distill50_1.0,2,280,10.2810859680176
Distill25_1.0,2,280,10.0059509277344
Distill50_0.1,2,280,17.4250602722168
CE_control_0.5,2,280,17.5659656524658
Distill50_0.25,2,280,18.0180072784424
CE_control_0.1,2,280,17.9212093353271
Current,2,280,0.802993774414063
CE_control_0.25,2,280,16.8240070343018
Distill50_0.5,2,280,17.1589851379395
Distill25_0.25,2,280,17.6210403442383
Distill25_0.5,2,280,16.5529251098633
Distill25_0.1,2,280,16.7248249053955
Distill25_0.5,3,235,29.7458171844482
CE_control_0.5,3,235,18.8329219818115
Current,3,235,0.901937484741211
Distill50_1.0,3,235,8.84509086608887
CE_control_0.25,3,235,19.2320346832275
CE_control_0.1,3,235,18.6939239501953
Distill50_0.5,3,235,18.1307792663574
Distill25_0.25,3,235,18.4597969055176
Distill50_0.1,3,235,19.2890167236328
CE_control_1.0,3,235,9.86790657043457
Distill25_1.0,3,235,9.81998443603516
Distill25_0.1,3,235,19.2971229553223
Distill50_0.25,3,235,18.8488960266113
Distill50_0.25,3,339,16.5340900421143
Distill50_1.0,3,339,8.36491584777832
CE_control_0.25,3,339,15.5220031738281
Distill25_0.5,3,339,16.0119533538818
Distill50_0.5,3,339,16.2789821624756
CE_control_0.5,3,339,16.5319442749023
Distill50_0.1,3,339,18.643856048584
CE_control_0.1,3,339,18.1820392608643
CE_control_1.0,3,339,10.2009773254395
Current,3,339,0.795125961303711
Distill25_0.25,3,339,17.6360607147217
Distill25_0.1,3,339,17.5671577453613
Distill25_1.0,3,339,9.50908660888672
Distill25_1.0,3,90,10.9081268310547
CE_control_0.1,3,90,19.9959278106689
Distill25_0.5,3,90,20.2159881591797
Distill50_0.1,3,90,19.4559097290039
CE_control_1.0,3,90,11.012077331543
Distill50_0.5,3,90,19.7339057922363
CE_control_0.5,3,90,19.4470882415771
Current,3,90,0.73695182800293
Distill50_0.25,3,90,30.4138660430908
Distill25_0.25,3,90,21.1851596832275
CE_control_0.25,3,90,20.4970836639404
Distill50_1.0,3,90,10.6749534606934
Distill25_0.1,3,90,19.4439888000488
Distill25_1.0,1,313,9.88411903381348
CE_control_1.0,1,313,8.53991508483887
CE_control_0.1,1,313,16.0260200500488
CE_control_0.25,1,313,15.7029628753662
Distill50_0.25,1,313,15.7361030578613
Current,1,313,0.774145126342773
Distill25_0.5,1,313,16.5598392486572
Distill50_1.0,1,313,10.2460384368896
Distill50_0.5,1,313,15.8429145812988
Distill50_0.1,1,313,15.9130096435547
Distill25_0.25,1,313,16.4039134979248
Distill25_0.1,1,313,15.9909725189209
CE_control_0.5,1,313,15.9060955047607
Current,2,132,0.783920288085938
CE_control_0.5,2,132,19.5400714874268
Distill25_0.5,2,132,21.4729309082031
Distill25_0.1,2,132,19.1800594329834
Distill50_0.25,2,132,19.5450782775879
CE_control_1.0,2,132,10.7979774475098
Distill50_1.0,2,132,10.9419822692871
Distill50_0.1,2,132,20.9639072418213
Distill50_0.5,2,132,19.3831920623779
Distill25_0.25,2,132,19.9568271636963
CE_control_0.1,2,132,19.7799205780029
Distill25_1.0,2,132,11.80100440979
CE_control_0.25,2,132,19.6008682250977
Distill50_0.25,3,463,31.8858623504639
Current,3,463,0.854015350341797
Distill25_0.1,3,463,18.8500881195068
Distill50_0.5,3,463,20.1020240783691
CE_control_0.25,3,463,20.1380252838135
CE_control_1.0,3,463,8.00108909606934
Distill25_0.25,3,463,20.5490589141846
CE_control_0.1,3,463,22.4671363830566
Distill25_1.0,3,463,10.2739334106445
Distill25_0.5,3,463,24.75905418396
CE_control_0.5,3,463,19.4649696350098
Distill50_1.0,3,463,17.8179740905762
Distill50_0.1,3,463,20.5438137054443
Distill25_0.25,2,334,17.117977142334
Distill25_0.5,2,334,18.1069374084473
Distill25_0.1,2,334,16.8280601501465
Distill25_1.0,2,334,7.77697563171387
CE_control_0.5,2,334,17.0738697052002
Distill50_0.25,2,334,18.7339782714844
Distill50_0.5,2,334,18.3541774749756
CE_control_1.0,2,334,8.99291038513184
CE_control_0.1,2,334,16.3559913635254
Distill50_1.0,2,334,8.10003280639648
Distill50_0.1,2,334,16.5359973907471
CE_control_0.25,2,334,17.1389579772949
Current,2,334,1.22690200805664
Distill25_0.25,3,283,21.3229656219482
Distill50_1.0,3,283,9.66787338256836
Distill50_0.1,3,283,18.0799961090088
CE_control_0.5,3,283,18.0749893188477
Distill50_0.5,3,283,18.1910991668701
Distill25_1.0,3,283,9.54318046569824
Distill50_0.25,3,283,19.3800926208496
Distill25_0.1,3,283,17.9779529571533
Distill25_0.5,3,283,18.5580253601074
CE_control_0.1,3,283,17.7168846130371
CE_control_0.25,3,283,16.8750286102295
Current,3,283,0.851154327392578
CE_control_1.0,3,283,21.0719108581543
CE_control_0.5,2,437,16.5121555328369
CE_control_1.0,2,437,9.22012329101562
Distill50_1.0,2,437,8.48698616027832
Distill50_0.5,2,437,16.3500308990479
Distill25_0.1,2,437,16.3991451263428
Distill25_1.0,2,437,9.53197479248047
CE_control_0.25,2,437,16.8089866638184
Current,2,437,0.746011734008789
Distill25_0.5,2,437,15.8870220184326
Distill25_0.25,2,437,14.3368244171143
Distill50_0.1,2,437,15.0609016418457
CE_control_0.1,2,437,16.3729190826416
Distill50_0.25,2,437,16.0670280456543
CE_control_0.5,2,240,18.9809799194336
Distill25_0.1,2,240,18.6731815338135
Distill50_0.1,2,240,18.773078918457
Distill50_0.25,2,240,19.7539329528809
Distill25_0.25,2,240,19.463062286377
Distill50_1.0,2,240,8.11219215393066
CE_control_1.0,2,240,10.2510452270508
Distill25_0.5,2,240,18.7468528747559
Distill25_1.0,2,240,8.30483436584473
CE_control_0.1,2,240,19.6890830993652
Distill50_0.5,2,240,19.481897354126
CE_control_0.25,2,240,19.0489292144775
Current,2,240,0.797033309936523
Distill25_1.0,3,554,9.58013534545898
Distill50_0.5,3,554,21.0409164428711
CE_control_0.25,3,554,21.1410522460938
Distill25_0.1,3,554,20.8230018615723
Distill50_1.0,3,554,8.59498977661133
CE_control_1.0,3,554,8.25691223144531
Distill25_0.5,3,554,20.8029747009277
Current,3,554,0.796079635620117
CE_control_0.1,3,554,20.9529399871826
CE_control_0.5,3,554,21.3010311126709
Distill50_0.1,3,554,21.7769145965576
Distill25_0.25,3,554,19.2430019378662
Distill50_0.25,3,554,32.3569774627686
Distill50_1.0,2,403,8.26287269592285
CE_control_0.25,2,403,18.747091293335
Distill50_0.5,2,403,17.9848670959473
Distill50_0.1,2,403,16.6358947753906
Current,2,403,0.962018966674805
Distill25_1.0,2,403,8.36014747619629
Distill25_0.5,2,403,17.8909301757813
CE_control_0.1,2,403,19.3459987640381
Distill50_0.25,2,403,16.2479877471924
CE_control_1.0,2,403,8.04591178894043
Distill25_0.25,2,403,16.226053237915
CE_control_0.5,2,403,16.2382125854492
Distill25_0.1,2,403,16.693115234375
CE_control_0.25,3,583,16.3600444793701
Distill50_1.0,3,583,8.62789154052734
Distill50_0.25,3,583,16.5789127349854
Distill25_0.5,3,583,16.8979167938232
CE_control_1.0,3,583,7.71689414978027
Current,3,583,0.932931900024414
Distill50_0.5,3,583,16.5231227874756
CE_control_0.1,3,583,17.5018310546875
Distill25_0.25,3,583,18.618106842041
Distill25_1.0,3,583,10.0369453430176
Distill25_0.1,3,583,18.1639194488525
CE_control_0.5,3,583,17.751932144165
Distill50_0.1,3,583,17.9610252380371
Distill25_0.1,2,469,19.258975982666
Distill50_0.25,2,469,18.4431076049805
Distill25_1.0,2,469,9.34195518493652
Distill50_1.0,2,469,10.2970600128174
Current,2,469,0.845909118652344
Distill25_0.25,2,469,17.9548263549805
CE_control_1.0,2,469,9.25683975219727
CE_control_0.5,2,469,18.2960033416748
Distill25_0.5,2,469,18.1279182434082
Distill50_0.5,2,469,17.6868438720703
Distill50_0.1,2,469,17.7550315856934
CE_control_0.1,2,469,17.9760456085205
CE_control_0.25,2,469,31.6219329833984
Distill25_0.1,1,484,17.3702239990234
Distill25_1.0,1,484,8.87298583984375
Distill25_0.25,1,484,18.0079936981201
Distill50_0.25,1,484,17.6150798797607
Distill50_1.0,1,484,8.39614868164063
Distill25_0.5,1,484,18.834114074707
Distill50_0.1,1,484,18.3699131011963
Current,1,484,1.15299224853516
CE_control_1.0,1,484,8.50987434387207
CE_control_0.5,1,484,16.4351463317871
CE_control_0.25,1,484,17.0810222625732
CE_control_0.1,1,484,17.1589851379395
Distill50_0.5,1,484,18.4521675109863
CE_control_1.0,1,373,10.8029842376709
CE_control_0.25,1,373,19.366979598999
CE_control_0.1,1,373,19.8929309844971
Distill50_0.1,1,373,21.2490558624268
CE_control_0.5,1,373,18.7318325042725
Distill50_0.5,1,373,19.7529792785645
Distill50_0.25,1,373,19.9451446533203
Distill25_1.0,1,373,9.67884063720703
Distill25_0.25,1,373,19.650936126709
Distill50_1.0,1,373,9.04393196105957
Current,1,373,0.970125198364258
Distill25_0.1,1,373,18.345832824707
Distill25_0.5,1,373,19.1590785980225
Distill25_0.1,2,171,16.9999599456787
Current,2,171,0.695228576660156
Distill50_0.1,2,171,16.8390274047852
Distill50_1.0,2,171,9.86695289611816
Distill50_0.25,2,171,17.8589820861816
Distill25_0.25,2,171,17.0128345489502
Distill50_0.5,2,171,17.3928737640381
CE_control_0.1,2,171,16.8678760528564
Distill25_1.0,2,171,8.6979866027832
Distill25_0.5,2,171,17.5368785858154
CE_control_0.25,2,171,29.1008949279785
CE_control_0.5,2,171,16.7059898376465
CE_control_1.0,2,171,10.5910301208496
Distill50_0.25,2,192,21.0180282592773
CE_control_0.25,2,192,23.0288505554199
Distill25_1.0,2,192,9.55295562744141
CE_control_1.0,2,192,11.8100643157959
Distill25_0.1,2,192,21.1179256439209
Distill25_0.25,2,192,22.0789909362793
Distill50_0.5,2,192,20.470142364502
Distill25_0.5,2,192,21.233081817627
Distill50_1.0,2,192,11.8241310119629
CE_control_0.1,2,192,22.0849514007568
CE_control_0.5,2,192,22.7000713348389
Distill50_0.1,2,192,22.6609706878662
Current,2,192,1.82604789733887
Distill50_1.0,1,232,10.7200145721436
Distill25_0.25,1,232,19.4108486175537
Distill50_0.25,1,232,18.9130306243896
Distill25_0.1,1,232,19.8690891265869
CE_control_0.1,1,232,19.8450088500977
Distill25_0.5,1,232,18.9568996429443
Distill50_0.1,1,232,19.1669464111328
Distill25_1.0,1,232,9.75298881530762
CE_control_0.25,1,232,19.6089744567871
CE_control_1.0,1,232,9.85598564147949
Distill50_0.5,1,232,20.8230018615723
Current,1,232,0.914812088012695
CE_control_0.5,1,232,19.5460319519043
Distill25_0.5,3,182,19.650936126709
Distill25_0.1,3,182,18.2831287384033
Distill25_1.0,3,182,9.18698310852051
Distill50_0.5,3,182,17.5819396972656
Distill50_1.0,3,182,9.54008102416992
CE_control_0.25,3,182,16.6380405426025
CE_control_1.0,3,182,8.5139274597168
Current,3,182,1.25694274902344
Distill50_0.1,3,182,17.5402164459229
Distill25_0.25,3,182,17.0989036560059
CE_control_0.5,3,182,16.395092010498
CE_control_0.1,3,182,16.4730548858643
Distill50_0.25,3,182,15.5658721923828
Distill50_0.1,1,519,18.4659957885742
Distill25_0.25,1,519,18.3379650115967
Distill50_1.0,1,519,9.36794281005859
Distill25_1.0,1,519,9.56106185913086
Distill50_0.5,1,519,19.4089412689209
CE_control_0.1,1,519,19.5598602294922
CE_control_0.25,1,519,19.0720558166504
Current,1,519,0.842094421386719
CE_control_0.5,1,519,18.1090831756592
Distill25_0.1,1,519,18.4791088104248
CE_control_1.0,1,519,8.45813751220703
Distill25_0.5,1,519,19.2148685455322
Distill50_0.25,1,519,19.1249847412109
CE_control_0.25,1,38,16.9010162353516
Current,1,38,0.783920288085938
Distill25_0.1,1,38,17.2851085662842
CE_control_1.0,1,38,8.26406478881836
CE_control_0.5,1,38,16.9329643249512
Distill50_0.25,1,38,17.6939964294434
CE_control_0.1,1,38,17.0331001281738
Distill25_0.25,1,38,17.7009105682373
Distill50_0.1,1,38,17.6820755004883
Distill50_0.5,1,38,17.5399780273438
Distill50_1.0,1,38,9.96899604797363
Distill25_0.5,1,38,17.63916015625
Distill25_1.0,1,38,8.60214233398438
Distill25_1.0,1,49,8.29887390136719
CE_control_0.1,1,49,31.9919586181641
CE_control_1.0,1,49,7.93695449829102
CE_control_0.5,1,49,17.5650119781494
Distill50_0.1,1,49,18.388032913208
Distill50_0.5,1,49,20.0159549713135
CE_control_0.25,1,49,19.5751190185547
Distill25_0.25,1,49,19.2279815673828
Distill50_0.25,1,49,18.3899402618408
Current,1,49,0.766992568969727
Distill50_1.0,1,49,8.95595550537109
Distill25_0.5,1,49,18.7990665435791
Distill25_0.1,1,49,19.0889835357666
Distill25_0.5,3,123,18.9850330352783
Current,3,123,0.728130340576172
Distill50_0.25,3,123,19.413948059082
CE_control_1.0,3,123,11.4071369171143
Distill50_0.5,3,123,20.2410221099854
CE_control_0.25,3,123,21.2640762329102
Distill25_0.1,3,123,20.8959579467773
Distill25_1.0,3,123,10.2059841156006
Distill50_1.0,3,123,11.2810134887695
CE_control_0.5,3,123,21.8241214752197
Distill50_0.1,3,123,21.5580463409424
CE_control_0.1,3,123,21.0630893707275
Distill25_0.25,3,123,21.0978984832764
Distill50_0.5,1,4,23.3960151672363
Current,1,4,0.828027725219727
Distill25_1.0,1,4,9.7801685333252
Distill25_0.1,1,4,22.6738452911377
CE_control_1.0,1,4,9.09090042114258
CE_control_0.5,1,4,22.5780010223389
Distill25_0.5,1,4,22.0370292663574
CE_control_0.1,1,4,35.1459980010986
Distill50_0.25,1,4,24.0089893341064
Distill25_0.25,1,4,20.6348896026611
Distill50_0.1,1,4,19.8349952697754
CE_control_0.25,1,4,20.4880237579346
Distill50_1.0,1,4,10.6050968170166
CE_control_0.25,1,290,18.4741020202637
CE_control_0.5,1,290,17.9648399353027
Distill50_0.1,1,290,17.4570083618164
CE_control_0.1,1,290,16.9649124145508
Distill25_0.5,1,290,17.7071094512939
Distill25_1.0,1,290,9.82999801635742
Current,1,290,0.797033309936523
Distill25_0.1,1,290,16.4139270782471
Distill25_0.25,1,290,17.5540447235107
Distill50_0.5,1,290,18.4230804443359
Distill50_1.0,1,290,10.962963104248
CE_control_1.0,1,290,9.20820236206055
Distill50_0.25,1,290,18.9228057861328
Distill25_1.0,3,596,8.88609886169434
Distill25_0.1,3,596,17.9769992828369
Distill50_0.25,3,596,19.582986831665
Distill50_1.0,3,596,8.8810920715332
CE_control_0.1,3,596,17.3311233520508
Distill25_0.25,3,596,17.8980827331543
CE_control_0.5,3,596,16.9651508331299
CE_control_1.0,3,596,10.200023651123
Current,3,596,0.906944274902344
CE_control_0.25,3,596,16.7369842529297
Distill50_0.5,3,596,18.355131149292
Distill50_0.1,3,596,16.5548324584961
Distill25_0.5,3,596,16.5920257568359
Distill25_0.25,2,178,19.5600986480713
CE_control_1.0,2,178,11.4951133728027
Distill25_1.0,2,178,9.72914695739746
CE_control_0.1,2,178,20.8449363708496
Distill25_0.5,2,178,31.620979309082
Distill50_0.1,2,178,18.4941291809082
Distill50_0.25,2,178,18.9290046691895
CE_control_0.25,2,178,18.8429355621338
CE_control_0.5,2,178,20.3731060028076
Current,2,178,0.83613395690918
Distill50_0.5,2,178,19.4928646087646
Distill50_1.0,2,178,9.3839168548584
Distill25_0.1,2,178,20.035982131958
Distill25_0.5,2,396,18.1670188903809
CE_control_0.5,2,396,18.3401107788086
Distill50_0.5,2,396,18.0268287658691
Distill50_0.1,2,396,18.1641578674316
Distill50_0.25,2,396,18.6681747436523
Distill25_1.0,2,396,9.07397270202637
Current,2,396,1.05595588684082
CE_control_0.25,2,396,19.9549198150635
Distill50_1.0,2,396,9.37080383300781
CE_control_0.1,2,396,19.5128917694092
CE_control_1.0,2,396,9.10115242004395
Distill25_0.25,2,396,19.7989940643311
Distill25_0.1,2,396,20.1091766357422
Distill25_0.5,1,41,18.2809829711914
Distill50_0.1,1,41,18.0299282073975
CE_control_0.1,1,41,18.8939571380615
Distill25_1.0,1,41,9.46807861328125
CE_control_1.0,1,41,9.44304466247559
Distill25_0.1,1,41,20.1060771942139
Distill50_0.25,1,41,21.1250782012939
Distill50_1.0,1,41,8.74590873718262
Current,1,41,0.806093215942383
Distill50_0.5,1,41,21.0940837860107
CE_control_0.25,1,41,19.9558734893799
Distill25_0.25,1,41,19.5279121398926
CE_control_0.5,1,41,18.7139511108398
Distill25_0.25,2,81,19.8121070861816
Distill25_1.0,2,81,20.0891494750977
CE_control_1.0,2,81,8.06593894958496
CE_control_0.25,2,81,18.3148384094238
Current,2,81,0.963926315307617
Distill25_0.1,2,81,18.6710357666016
CE_control_0.5,2,81,19.1249847412109
Distill50_1.0,2,81,7.72809982299805
Distill50_0.5,2,81,16.3171291351318
Distill25_0.5,2,81,18.272876739502
Distill50_0.25,2,81,19.1919803619385
CE_control_0.1,2,81,17.859935760498
Distill50_0.1,2,81,17.409086227417
Distill50_0.5,2,201,16.9148445129395
Distill25_0.5,2,201,16.7338848114014
CE_control_0.1,2,201,17.0660018920898
Distill25_0.1,2,201,17.5180435180664
Distill50_0.1,2,201,18.2249546051025
Current,2,201,0.756025314331055
CE_control_0.5,2,201,18.0559158325195
CE_control_1.0,2,201,10.2190971374512
Distill50_0.25,2,201,18.5229778289795
Distill50_1.0,2,201,9.78684425354004
Distill25_0.25,2,201,19.1581249237061
Distill25_1.0,2,201,9.70005989074707
CE_control_0.25,2,201,20.050048828125
Distill25_0.5,2,572,18.0089473724365
CE_control_0.25,2,572,17.9488658905029
Distill50_1.0,2,572,8.22210311889648
Distill25_0.1,2,572,16.7138576507568
Distill25_1.0,2,572,8.18991661071777
Distill25_0.25,2,572,16.8859958648682
Current,2,572,1.04403495788574
Distill50_0.5,2,572,17.2979831695557
Distill50_0.1,2,572,16.6490077972412
CE_control_0.1,2,572,16.5820121765137
CE_control_0.5,2,572,16.6981220245361
CE_control_1.0,2,572,20.2579498291016
Distill50_0.25,2,572,16.5641307830811
CE_control_0.5,3,532,15.2649879455566
CE_control_1.0,3,532,7.81607627868652
CE_control_0.1,3,532,14.7969722747803
Distill50_0.25,3,532,17.9648399353027
Distill25_0.5,3,532,14.4369602203369
Distill50_0.5,3,532,21.183967590332
Distill25_0.1,3,532,17.3630714416504
Current,3,532,0.844001770019531
Distill50_1.0,3,532,9.17410850524902
CE_control_0.25,3,532,17.0218944549561
Distill25_1.0,3,532,10.1990699768066
Distill50_0.1,3,532,18.1958675384521
Distill25_0.25,3,532,16.589879989624
Distill25_1.0,2,286,12.0499134063721
CE_control_0.25,2,286,19.3769931793213
CE_control_0.1,2,286,20.427942276001
Distill50_0.5,2,286,21.0340023040771
Distill25_0.25,2,286,19.8869705200195
Distill25_0.5,2,286,18.3079242706299
Current,2,286,0.83613395690918
CE_control_0.5,2,286,18.3999538421631
Distill50_0.1,2,286,20.2429294586182
Distill25_0.1,2,286,20.1389789581299
Distill50_0.25,2,286,18.9390182495117
CE_control_1.0,2,286,9.98902320861816
Distill50_1.0,2,286,10.8208656311035
Distill25_0.5,2,234,20.0600624084473
Distill25_0.25,2,234,20.3990936279297
CE_control_0.1,2,234,18.9230442047119
CE_control_1.0,2,234,8.11290740966797
Distill50_0.5,2,234,18.5298919677734
CE_control_0.25,2,234,19.9658870697021
Distill50_1.0,2,234,10.1349353790283
Current,2,234,0.891923904418945
Distill50_0.1,2,234,20.0700759887695
Distill25_1.0,2,234,9.34505462646484
Distill25_0.1,2,234,29.4740200042725
CE_control_0.5,2,234,18.3291435241699
Distill50_0.25,2,234,18.4030532836914
CE_control_0.25,3,498,16.1700248718262
CE_control_0.1,3,498,16.3440704345703
Distill25_1.0,3,498,10.0901126861572
Distill50_0.5,3,498,16.6771411895752
Distill50_1.0,3,498,8.88299942016602
Distill50_0.1,3,498,17.2369480133057
Current,3,498,0.935077667236328
Distill25_0.5,3,498,15.6888961791992
Distill50_0.25,3,498,16.1798000335693
CE_control_0.5,3,498,16.179084777832
Distill25_0.1,3,498,17.0621871948242
Distill25_0.25,3,498,16.0598754882813
CE_control_1.0,3,498,9.83881950378418
Distill25_0.1,1,268,17.4641609191895
Distill50_0.1,1,268,17.7760124206543
Distill50_1.0,1,268,9.54794883728027
Distill25_0.25,1,268,18.1219577789307
Distill50_0.5,1,268,18.8920497894287
CE_control_0.1,1,268,19.8290348052979
Distill25_1.0,1,268,10.1630687713623
Distill25_0.5,1,268,17.7547931671143
CE_control_1.0,1,268,9.25898551940918
Distill50_0.25,1,268,23.1130123138428
Current,1,268,0.784873962402344
CE_control_0.25,1,268,17.427921295166
CE_control_0.5,1,268,17.4598693847656
Distill25_0.1,1,492,18.2180404663086
Distill50_0.5,1,492,19.1440582275391
CE_control_1.0,1,492,10.6410980224609
Current,1,492,1.43814086914063
CE_control_0.25,1,492,17.0049667358398
Distill50_1.0,1,492,8.95190238952637
Distill50_0.1,1,492,18.2709693908691
CE_control_0.5,1,492,19.0601348876953
CE_control_0.1,1,492,17.5759792327881
Distill25_0.25,1,492,18.7168121337891
Distill25_0.5,1,492,33.1799983978272
Distill25_1.0,1,492,9.39679145812988
Distill50_0.25,1,492,17.6792144775391
Distill25_0.25,2,62,20.9090709686279
Distill50_0.5,2,62,21.3968753814697
CE_control_0.1,2,62,19.5310115814209
Distill25_0.5,2,62,19.6700096130371
Distill25_1.0,2,62,12.113094329834
Distill50_0.25,2,62,19.801139831543
Distill25_0.1,2,62,19.8938846588135
CE_control_0.25,2,62,19.4239616394043
CE_control_0.5,2,62,19.9549198150635
Distill50_0.1,2,62,20.550012588501
Distill50_1.0,2,62,10.0080966949463
CE_control_1.0,2,62,10.9610557556152
Current,2,62,0.889062881469727
CE_control_0.1,1,168,14.5971775054932
Distill50_0.5,1,168,15.4809951782227
Distill50_0.25,1,168,16.7078971862793
CE_control_1.0,1,168,9.14406776428223
Current,1,168,0.86212158203125
Distill25_0.5,1,168,17.6529884338379
Distill25_0.1,1,168,16.7770385742188
CE_control_0.5,1,168,16.1440372467041
Distill50_0.1,1,168,17.2328948974609
Distill25_1.0,1,168,8.75711441040039
CE_control_0.25,1,168,15.9950256347656
Distill25_0.25,1,168,15.5360698699951
Distill50_1.0,1,168,10.3850364685059
Distill50_0.5,3,584,19.4211006164551
Distill50_1.0,3,584,8.2550048828125
Distill25_0.25,3,584,22.4039554595947
CE_control_0.5,3,584,20.3690528869629
Distill25_1.0,3,584,8.18419456481934
Current,3,584,1.05690956115723
Distill50_0.25,3,584,20.2460289001465
CE_control_0.25,3,584,20.7321643829346
Distill25_0.5,3,584,18.3439254760742
CE_control_1.0,3,584,7.62200355529785
CE_control_0.1,3,584,20.2319622039795
Distill25_0.1,3,584,19.413948059082
Distill50_0.1,3,584,19.8178291320801
Distill25_0.1,2,303,16.2849426269531
Distill50_1.0,2,303,8.12602043151856
Current,2,303,0.894784927368164
Distill50_0.5,2,303,16.477108001709
Distill25_0.25,2,303,15.923023223877
Distill50_0.25,2,303,16.2200927734375
CE_control_0.1,2,303,18.1419849395752
CE_control_0.5,2,303,16.4270401000977
CE_control_0.25,2,303,16.2642002105713
Distill25_0.5,2,303,17.3830986022949
Distill50_0.1,2,303,18.2359218597412
Distill25_1.0,2,303,7.89690017700195
CE_control_1.0,2,303,10.3228092193604
CE_control_0.25,3,370,14.9180889129639
Distill25_1.0,3,370,8.01301002502441
Current,3,370,0.813961029052734
Distill50_1.0,3,370,9.92703437805176
Distill25_0.5,3,370,13.6661529541016
CE_control_0.1,3,370,15.2020454406738
Distill50_0.5,3,370,18.2838439941406
CE_control_1.0,3,370,17.2288417816162
CE_control_0.5,3,370,25.7179737091064
Distill25_0.25,3,370,25.6979465484619
Distill50_0.1,3,370,24.357795715332
Distill50_0.25,3,370,14.8451328277588
Distill25_0.1,3,370,21.442174911499
CE_control_0.5,1,513,18.6588764190674
CE_control_0.25,1,513,18.2080268859863
Distill50_1.0,1,513,9.46307182312012
Distill50_0.25,1,513,18.5267925262451
Distill25_0.1,1,513,18.455982208252
Distill50_0.5,1,513,17.9791450500488
Current,1,513,1.23190879821777
Distill25_1.0,1,513,8.73804092407227
Distill25_0.5,1,513,17.9519653320313
Distill50_0.1,1,513,18.5360908508301
CE_control_1.0,1,513,8.85891914367676
CE_control_0.1,1,513,17.0869827270508
Distill25_0.25,1,513,17.2309875488281
CE_control_0.25,3,338,17.8060531616211
CE_control_0.1,3,338,16.9050693511963
Distill25_0.1,3,338,16.8869495391846
Distill25_0.25,3,338,17.4078941345215
Distill50_0.25,3,338,19.395112991333
Distill50_0.1,3,338,18.1498527526855
Distill25_0.5,3,338,17.376184463501
Distill50_0.5,3,338,18.2018280029297
CE_control_0.5,3,338,18.7411308288574
Distill25_1.0,3,338,13.8449668884277
Current,3,338,0.82707405090332
CE_control_1.0,3,338,12.2621059417725
Distill50_1.0,3,338,11.8379592895508
CE_control_0.5,1,17,17.6148414611816
Distill50_0.25,1,17,16.6208744049072
Distill50_1.0,1,17,9.89389419555664
Distill50_0.1,1,17,20.427942276001
Distill25_0.25,1,17,16.6821479797363
Current,1,17,0.759124755859375
CE_control_0.1,1,17,17.0350074768066
Distill25_0.1,1,17,16.7670249938965
CE_control_1.0,1,17,9.39393043518066
Distill25_1.0,1,17,10.6480121612549
CE_control_0.25,1,17,17.0309543609619
Distill25_0.5,1,17,16.7229175567627
Distill50_0.5,1,17,16.1950588226318
Distill25_0.1,2,307,17.8439617156982
CE_control_0.25,2,307,28.357982635498
Distill50_0.5,2,307,18.0671215057373
Distill50_0.25,2,307,18.1429386138916
Distill25_0.5,2,307,17.6200866699219
Distill50_1.0,2,307,8.68296623229981
Distill25_1.0,2,307,10.4770660400391
CE_control_0.1,2,307,16.6659355163574
CE_control_0.5,2,307,16.5169239044189
Distill25_0.25,2,307,17.0321464538574
CE_control_1.0,2,307,9.39106941223145
Distill50_0.1,2,307,17.2460079193115
Current,2,307,0.778913497924805
Distill50_1.0,2,103,8.78405570983887
Current,2,103,0.878095626831055
CE_control_0.25,2,103,16.3018703460693
Distill25_0.25,2,103,16.7050361633301
Distill50_0.1,2,103,16.2479877471924
Distill50_0.5,2,103,16.0751342773438
Distill25_1.0,2,103,9.86695289611816
Distill25_0.5,2,103,16.4799690246582
CE_control_1.0,2,103,9.85407829284668
Distill25_0.1,2,103,16.9379711151123
Distill50_0.25,2,103,15.6300067901611
CE_control_0.1,2,103,15.0790214538574
CE_control_0.5,2,103,15.1340961456299
Distill50_0.1,1,360,18.1272029876709
Distill50_0.5,1,360,19.9880599975586
Distill50_1.0,1,360,10.03098487854
Distill25_1.0,1,360,10.857105255127
CE_control_0.1,1,360,19.1788673400879
Distill25_0.1,1,360,19.8550224304199
Distill25_0.5,1,360,17.9309844970703
Distill25_0.25,1,360,18.3191299438477
Distill50_0.25,1,360,18.8071727752686
CE_control_1.0,1,360,9.99593734741211
CE_control_0.5,1,360,18.4199810028076
CE_control_0.25,1,360,18.5201168060303
Current,1,360,0.804901123046875
Distill50_0.25,2,405,19.9668407440186
Distill25_1.0,2,405,7.71093368530273
CE_control_0.1,2,405,16.746997833252
Distill50_0.1,2,405,16.7040824890137
Distill50_1.0,2,405,8.80002975463867
CE_control_1.0,2,405,8.11409950256348
Distill25_0.1,2,405,19.0000534057617
Distill25_0.5,2,405,19.5908546447754
Distill25_0.25,2,405,18.4369087219238
CE_control_0.5,2,405,16.8988704681396
CE_control_0.25,2,405,17.7590847015381
Current,2,405,0.76603889465332
Distill50_0.5,2,405,17.2750949859619
Distill25_0.5,1,179,16.8571472167969
Distill25_1.0,1,179,7.6138973236084
Current,1,179,0.94294548034668
Distill50_0.5,1,179,16.8981552124023
CE_control_0.1,1,179,16.5979862213135
Distill50_0.1,1,179,17.6470279693604
Distill50_0.25,1,179,17.1608924865723
CE_control_0.25,1,179,16.5891647338867
CE_control_0.5,1,179,16.2258148193359
Distill50_1.0,1,179,9.429931640625
CE_control_1.0,1,179,9.41896438598633
Distill25_0.25,1,179,17.4210071563721
Distill25_0.1,1,179,16.5281295776367
Distill25_0.25,1,355,18.6190605163574
Current,1,355,0.761985778808594
Distill25_1.0,1,355,8.9869499206543
Distill50_0.25,1,355,20.4920768737793
CE_control_0.1,1,355,18.5689926147461
CE_control_0.25,1,355,17.8039073944092
CE_control_0.5,1,355,18.5179710388184
CE_control_1.0,1,355,10.045051574707
Distill50_1.0,1,355,9.19890403747559
Distill50_0.1,1,355,19.7181701660156
Distill25_0.1,1,355,18.2409286499023
Distill50_0.5,1,355,18.8000202178955
Distill25_0.5,1,355,19.1600322723389
Current,2,559,0.782012939453125
CE_control_0.5,2,559,30.6611061096191
Distill25_0.1,2,559,16.1070823669434
CE_control_0.1,2,559,17.4579620361328
Distill50_0.25,2,559,16.9820785522461
Distill25_0.5,2,559,17.2739028930664
CE_control_0.25,2,559,17.3099040985107
Distill50_0.5,2,559,18.7671184539795
Distill50_0.1,2,559,18.9249515533447
CE_control_1.0,2,559,9.57584381103516
Distill25_1.0,2,559,9.27495956420898
Distill25_0.25,2,559,17.7271366119385
Distill50_1.0,2,559,8.66985321044922
Distill25_1.0,2,352,11.052131652832
Distill50_0.1,2,352,18.5370445251465
Distill25_0.5,2,352,18.4469223022461
Current,2,352,0.782012939453125
CE_control_0.25,2,352,19.9048519134521
Distill50_0.5,2,352,18.9878940582275
CE_control_0.1,2,352,17.7040100097656
CE_control_0.5,2,352,17.5909996032715
Distill50_0.25,2,352,17.2228813171387
Distill25_0.1,2,352,17.8639888763428
Distill25_0.25,2,352,17.6448822021484
Distill50_1.0,2,352,9.38105583190918
CE_control_1.0,2,352,10.3211402893066
Distill50_0.5,2,550,17.1840190887451
Distill25_0.25,2,550,16.0939693450928
CE_control_1.0,2,550,8.77785682678223
CE_control_0.5,2,550,14.6498680114746
Distill25_0.1,2,550,16.057014465332
Distill25_0.5,2,550,15.6469345092773
Current,2,550,0.967025756835938
Distill50_1.0,2,550,8.89492034912109
Distill50_0.25,2,550,17.2569751739502
Distill25_1.0,2,550,10.998010635376
CE_control_0.25,2,550,16.7670249938965
CE_control_0.1,2,550,15.8169269561768
Distill50_0.1,2,550,16.2107944488525
Distill50_1.0,1,600,8.76808166503906
Distill25_1.0,1,600,23.0569839477539
Distill25_0.5,1,600,15.1379108428955
CE_control_0.1,1,600,15.7849788665771
Distill25_0.25,1,600,16.909122467041
Distill25_0.1,1,600,15.5940055847168
Distill50_0.5,1,600,15.0678157806396
CE_control_0.25,1,600,15.3489112854004
Current,1,600,0.874996185302734
Distill50_0.1,1,600,16.0911083221436
Distill50_0.25,1,600,15.1998996734619
CE_control_1.0,1,600,8.7730884552002
CE_control_0.5,1,600,14.6269798278809
Current,2,293,0.774860382080078
Distill25_0.1,2,293,18.6038017272949
Distill25_1.0,2,293,11.2819671630859
Distill50_0.25,2,293,18.6710357666016
CE_control_0.25,2,293,19.665002822876
Distill50_0.1,2,293,20.9980010986328
CE_control_1.0,2,293,9.58490371704102
Distill25_0.25,2,293,20.3990936279297
Distill50_0.5,2,293,22.2258567810059
CE_control_0.1,2,293,21.0380554199219
CE_control_0.5,2,293,20.1900005340576
Distill50_1.0,2,293,11.6851329803467
Distill25_0.5,2,293,20.3671455383301
Distill50_1.0,2,130,9.44876670837402
CE_control_0.25,2,130,17.4999237060547
Distill25_0.1,2,130,17.690896987915
Distill25_0.5,2,130,18.2559490203857
Distill25_0.25,2,130,18.3119773864746
Distill50_0.5,2,130,18.3658599853516
Distill50_0.25,2,130,19.1340446472168
CE_control_1.0,2,130,9.63592529296875
Current,2,130,1.01280212402344
Distill25_1.0,2,130,9.0630054473877
CE_control_0.1,2,130,17.6939964294434
CE_control_0.5,2,130,17.8179740905762
Distill50_0.1,2,130,18.0740356445313
CE_control_0.1,3,527,19.2239284515381
Current,3,527,0.877857208251953
Distill25_1.0,3,527,8.54897499084473
Distill25_0.5,3,527,17.92311668396
CE_control_0.5,3,527,17.7810192108154
Distill50_1.0,3,527,9.8719596862793
CE_control_0.25,3,527,17.4500942230225
Distill25_0.25,3,527,18.1679725646973
Distill25_0.1,3,527,19.2239284515381
Distill50_0.5,3,527,17.5850391387939
Distill50_0.25,3,527,17.5259113311768
CE_control_1.0,3,527,8.77690315246582
Distill50_0.1,3,527,17.4140930175781
Distill50_1.0,1,260,11.3182067871094
CE_control_0.25,1,260,19.1309452056885
Current,1,260,0.762939453125
Distill50_0.25,1,260,21.0378170013428
CE_control_0.1,1,260,19.7749137878418
Distill25_1.0,1,260,9.79208946228027
Distill50_0.5,1,260,21.4011669158936
Distill25_0.5,1,260,21.0199356079102
Distill25_0.1,1,260,21.0781097412109
Distill25_0.25,1,260,21.0311412811279
Distill50_0.1,1,260,21.7568874359131
CE_control_1.0,1,260,9.54604148864746
CE_control_0.5,1,260,21.0130214691162
CE_control_0.5,2,12,14.7697925567627
Distill25_0.5,2,12,15.5768394470215
Distill25_1.0,2,12,9.15098190307617
Distill50_0.1,2,12,15.4180526733398
CE_control_0.1,2,12,16.3130760192871
CE_control_1.0,2,12,9.03797149658203
Distill25_0.1,2,12,16.9110298156738
Distill50_0.5,2,12,16.4949893951416
CE_control_0.25,2,12,16.340970993042
Distill50_0.25,2,12,33.2250595092773
Current,2,12,1.18613243103027
Distill50_1.0,2,12,8.58402252197266
Distill25_0.25,2,12,16.4129734039307
Distill25_0.5,1,324,20.5910205841064
Distill25_0.25,1,324,19.3459987640381
Distill25_1.0,1,324,9.99999046325684
CE_control_0.25,1,324,19.0558433532715
Distill50_1.0,1,324,10.8158588409424
CE_control_0.1,1,324,18.7921524047852
CE_control_1.0,1,324,11.6431713104248
Distill25_0.1,1,324,16.901969909668
Distill50_0.25,1,324,16.8399810791016
Distill50_0.5,1,324,17.9450511932373
Current,1,324,0.813007354736328
Distill50_0.1,1,324,19.9611186981201
CE_control_0.5,1,324,18.5830593109131
CE_control_0.25,1,171,16.8869495391846
Distill25_0.25,1,171,17.8501605987549
Distill50_0.5,1,171,17.1439647674561
CE_control_0.5,1,171,17.1458721160889
Distill25_0.1,1,171,17.798900604248
Distill50_1.0,1,171,8.45909118652344
Distill50_0.1,1,171,19.7548866271973
Distill25_1.0,1,171,9.06491279602051
Distill25_0.5,1,171,17.333984375
Distill50_0.25,1,171,19.9670791625977
CE_control_0.1,1,171,18.1372165679932
Current,1,171,0.755071640014648
CE_control_1.0,1,171,9.29093360900879
CE_control_0.5,1,591,17.8589820861816
Distill50_0.1,1,591,19.5789337158203
Current,1,591,0.855207443237305
Distill25_0.1,1,591,20.1699733734131
CE_control_0.25,1,591,28.8791656494141
Distill50_1.0,1,591,9.61613655090332
Distill50_0.5,1,591,18.4440612792969
Distill50_0.25,1,591,19.0680027008057
Distill25_0.5,1,591,19.5269584655762
Distill25_0.25,1,591,19.3908214569092
CE_control_0.1,1,591,18.7959671020508
Distill25_1.0,1,591,8.52799415588379
CE_control_1.0,1,591,9.17601585388184
Distill25_0.25,3,404,15.1848793029785
CE_control_0.1,3,404,15.0401592254639
Distill25_0.1,3,404,14.6999359130859
Distill25_0.5,3,404,14.7380828857422
CE_control_0.25,3,404,15.4068470001221
CE_control_1.0,3,404,8.28909873962402
Distill25_1.0,3,404,8.0718994140625
Distill50_1.0,3,404,8.39900970458984
Distill50_0.5,3,404,16.3838863372803
CE_control_0.5,3,404,16.1640644073486
Distill50_0.25,3,404,16.549825668335
Current,3,404,0.82707405090332
Distill50_0.1,3,404,16.7148113250732
Current,3,1,0.702142715454102
CE_control_0.5,3,1,20.0760364532471
Distill50_0.1,3,1,22.3410129547119
Distill50_0.25,3,1,19.582986831665
CE_control_0.1,3,1,19.7091102600098
CE_control_1.0,3,1,8.46004486083984
Distill25_0.5,3,1,20.0488567352295
Distill50_1.0,3,1,8.18705558776856
CE_control_0.25,3,1,20.7149982452393
Distill25_1.0,3,1,8.03112983703613
Distill50_0.5,3,1,20.5390453338623
Distill25_0.25,3,1,21.3220119476318
Distill25_0.1,3,1,19.7460651397705
CE_control_0.5,3,430,17.2989368438721
Distill50_0.25,3,430,17.4391269683838
Current,3,430,0.823974609375
Distill25_0.5,3,430,17.1489715576172
Distill50_0.5,3,430,17.5302028656006
Distill25_0.25,3,430,31.7609310150147
Distill25_0.1,3,430,18.2521343231201
Distill50_1.0,3,430,9.86790657043457
Distill25_1.0,3,430,9.31692123413086
CE_control_0.25,3,430,17.8861618041992
CE_control_0.1,3,430,16.9119834899902
Distill50_0.1,3,430,17.7528858184814
CE_control_1.0,3,430,8.51297378540039
Distill50_0.25,2,411,18.8281536102295
CE_control_0.1,2,411,18.751859664917
Distill25_1.0,2,411,10.188102722168
CE_control_0.25,2,411,17.3130035400391
Distill50_1.0,2,411,10.1621150970459
Distill25_0.1,2,411,17.132043838501
Current,2,411,0.813007354736328
Distill25_0.5,2,411,16.7369842529297
CE_control_0.5,2,411,17.3201560974121
Distill25_0.25,2,411,17.1129703521729
CE_control_1.0,2,411,9.81807708740234
Distill50_0.5,2,411,19.3290710449219
Distill50_0.1,2,411,19.0191268920898
CE_control_0.25,2,345,18.1200504302979
CE_control_0.1,2,345,18.6221599578857
CE_control_1.0,2,345,12.160062789917
Distill25_0.5,2,345,18.9900398254395
CE_control_0.5,2,345,19.2699432373047
Distill50_0.5,2,345,20.4839706420898
Distill50_0.1,2,345,18.6331272125244
Distill25_0.1,2,345,17.9080963134766
Distill25_0.25,2,345,18.0201530456543
Distill50_0.25,2,345,18.2840824127197
Distill50_1.0,2,345,10.4560852050781
Current,2,345,1.04808807373047
Distill25_1.0,2,345,9.09996032714844
Distill25_1.0,1,37,12.8500461578369
Distill50_0.5,1,37,19.0069675445557
Distill50_0.1,1,37,29.771089553833
Distill25_0.25,1,37,17.7421569824219
Distill25_0.5,1,37,18.4910297393799
CE_control_0.5,1,37,20.2128887176514
CE_control_0.25,1,37,18.712043762207
Distill50_0.25,1,37,18.078088760376
Current,1,37,0.934123992919922
CE_control_1.0,1,37,9.52696800231934
Distill50_1.0,1,37,11.4560127258301
CE_control_0.1,1,37,17.9879665374756
Distill25_0.1,1,37,18.8238620758057
Current,1,391,0.632047653198242
Distill50_0.1,1,391,14.3511295318604
CE_control_0.25,1,391,13.653039932251
Distill50_0.5,1,391,12.5670433044434
CE_control_1.0,1,391,7.34305381774902
CE_control_0.1,1,391,13.1931304931641
Distill25_0.5,1,391,13.1549835205078
CE_control_0.5,1,391,12.3460292816162
Distill25_0.1,1,391,13.5900974273682
Distill50_0.25,1,391,14.5199298858643
Distill25_0.25,1,391,14.8460865020752
Distill50_1.0,1,391,9.47093963623047
Distill25_1.0,1,391,8.03422927856445
Distill50_1.0,3,557,10.673999786377
CE_control_1.0,3,557,9.57012176513672
Distill25_0.1,3,557,19.6359157562256
Distill50_0.1,3,557,18.1491374969482
Distill50_0.5,3,557,18.5959339141846
Distill25_0.25,3,557,18.7549591064453
CE_control_0.25,3,557,18.9988613128662
Distill50_0.25,3,557,20.0810432434082
Distill25_0.5,3,557,19.9511051177979
Distill25_1.0,3,557,7.88497924804688
Current,3,557,0.825881958007813
CE_control_0.1,3,557,30.7009220123291
CE_control_0.5,3,557,18.4659957885742
Distill50_0.5,3,254,18.8300609588623
CE_control_1.0,3,254,9.53006744384766
Distill25_0.25,3,254,15.6409740447998
CE_control_0.1,3,254,16.5832042694092
Distill50_1.0,3,254,10.037899017334
Distill25_1.0,3,254,9.54198837280273
CE_control_0.25,3,254,17.7440643310547
CE_control_0.5,3,254,16.8030261993408
Distill25_0.5,3,254,16.6890621185303
Current,3,254,0.861883163452148
Distill50_0.25,3,254,16.7930126190186
Distill50_0.1,3,254,19.4151401519775
Distill25_0.1,3,254,16.4279937744141
Distill25_0.5,3,341,20.0748443603516
Distill25_0.1,3,341,19.2201137542725
Distill50_0.25,3,341,19.0110206604004
CE_control_0.25,3,341,19.3109512329102
CE_control_1.0,3,341,11.2521648406982
Distill50_0.5,3,341,19.0401077270508
Distill25_1.0,3,341,10.6170177459717
CE_control_0.5,3,341,20.2510356903076
Distill50_1.0,3,341,9.41991806030273
Distill25_0.25,3,341,19.7820663452148
Current,3,341,0.808000564575195
Distill50_0.1,3,341,18.740177154541
CE_control_0.1,3,341,18.4860229492188
Current,3,332,0.82707405090332
Distill25_0.1,3,332,15.3679847717285
CE_control_0.1,3,332,15.6049728393555
Distill25_1.0,3,332,10.8990669250488
Distill50_0.5,3,332,14.26100730896
CE_control_0.5,3,332,13.9398574829102
Distill25_0.25,3,332,13.9679908752441
Distill50_0.25,3,332,15.6810283660889
Distill25_0.5,3,332,24.4390964508057
Distill50_1.0,3,332,8.15701484680176
Distill50_0.1,3,332,14.8689746856689
CE_control_1.0,3,332,9.9029541015625
CE_control_0.25,3,332,13.6821269989014
CE_control_0.1,2,414,16.0560607910156
Distill25_0.1,2,414,16.0520076751709
CE_control_0.5,2,414,16.4201259613037
Distill50_1.0,2,414,8.69488716125488
Distill25_1.0,2,414,10.0178718566895
CE_control_0.25,2,414,16.251802444458
Distill50_0.5,2,414,16.6409015655518
Distill25_0.25,2,414,17.0018672943115
Distill50_0.25,2,414,16.7751312255859
Distill25_0.5,2,414,16.5441036224365
Distill50_0.1,2,414,16.5700912475586
Current,2,414,0.738143920898438
CE_control_1.0,2,414,8.2697868347168
CE_control_0.25,1,562,20.1151371002197
Distill50_0.5,1,562,20.1489925384521
CE_control_0.5,1,562,19.2790031433105
Distill25_0.1,1,562,20.3859806060791
Distill50_1.0,1,562,10.7319355010986
Distill50_0.1,1,562,19.5369720458984
Current,1,562,0.789880752563477
Distill50_0.25,1,562,21.136999130249
CE_control_0.1,1,562,20.0879573822021
Distill25_0.25,1,562,19.7591781616211
Distill25_0.5,1,562,20.1749801635742
Distill25_1.0,1,562,10.5888843536377
CE_control_1.0,1,562,10.0381374359131
Current,1,27,0.977993011474609
CE_control_0.1,1,27,22.6490497589111
CE_control_1.0,1,27,9.93800163269043
Distill25_1.0,1,27,10.2920532226563
Distill25_0.25,1,27,21.906852722168
CE_control_0.5,1,27,22.0510959625244
Distill50_0.5,1,27,22.3069190979004
Distill25_0.1,1,27,32.1309566497803
Distill50_0.1,1,27,21.8009948730469
Distill50_0.25,1,27,20.8320617675781
Distill50_1.0,1,27,8.61597061157227
CE_control_0.25,1,27,21.7080116271973
Distill25_0.5,1,27,21.597146987915
Distill25_0.5,2,5,18.7990665435791
Distill50_0.25,2,5,18.4261798858643
CE_control_0.5,2,5,19.9069976806641
CE_control_0.1,2,5,19.2458629608154
CE_control_0.25,2,5,18.3839797973633
Distill25_0.1,2,5,17.8189277648926
Current,2,5,0.754117965698242
Distill50_0.1,2,5,18.2280540466309
Distill50_1.0,2,5,9.00506973266602
Distill25_0.25,2,5,20.258903503418
CE_control_1.0,2,5,9.46807861328125
Distill25_1.0,2,5,11.2450122833252
Distill50_0.5,2,5,18.1190967559814
Distill50_0.5,3,76,17.6820755004883
Distill25_0.5,3,76,17.4350738525391
CE_control_0.25,3,76,17.7900791168213
CE_control_1.0,3,76,9.19604301452637
Distill25_0.25,3,76,16.3650512695313
Distill25_1.0,3,76,7.86209106445313
CE_control_0.1,3,76,17.909049987793
Distill50_1.0,3,76,9.29999351501465
Current,3,76,0.802040100097656
Distill50_0.1,3,76,17.0609951019287
CE_control_0.5,3,76,17.7569389343262
Distill50_0.25,3,76,18.3119773864746
Distill25_0.1,3,76,18.7320709228516
Distill50_0.25,2,418,18.3279514312744
Distill50_1.0,2,418,9.04178619384766
Distill25_0.1,2,418,17.719030380249
CE_control_0.5,2,418,17.2820091247559
Distill25_0.5,2,418,30.9000015258789
Distill25_0.25,2,418,16.9410705566406
CE_control_0.1,2,418,16.1960124969482
Current,2,418,0.833988189697266
CE_control_0.25,2,418,16.5009498596191
CE_control_1.0,2,418,8.93902778625488
Distill50_0.1,2,418,15.9962177276611
Distill25_1.0,2,418,7.51996040344238
Distill50_0.5,2,418,17.0679092407227
CE_control_0.1,1,46,21.5389728546143
CE_control_0.5,1,46,19.0010070800781
Distill25_0.5,1,46,18.8469886779785
Distill25_1.0,1,46,9.04703140258789
Distill25_0.1,1,46,18.5191631317139
CE_control_0.25,1,46,17.8930759429932
Distill50_0.5,1,46,18.4550285339355
CE_control_1.0,1,46,8.88705253601074
Distill25_0.25,1,46,19.8590755462646
Distill50_0.1,1,46,19.446849822998
Distill50_0.25,1,46,20.4248428344727
Current,1,46,0.783205032348633
Distill50_1.0,1,46,11.1188888549805
Distill25_0.25,2,454,18.7070369720459
Distill50_0.25,2,454,17.8380012512207
CE_control_1.0,2,454,9.19103622436523
Distill50_1.0,2,454,9.56201553344727
Current,2,454,0.802040100097656
Distill25_0.5,2,454,17.8360939025879
Distill50_0.5,2,454,18.8121795654297
CE_control_0.1,2,454,19.0088748931885
Distill25_1.0,2,454,9.40513610839844
CE_control_0.25,2,454,18.3820724487305
CE_control_0.5,2,454,19.1137790679932
Distill25_0.1,2,454,18.2249546051025
Distill50_0.1,2,454,18.8989639282227
Distill25_0.5,1,5,19.2010402679443
Distill50_1.0,1,5,25.7139205932617
Distill25_0.25,1,5,19.8798179626465
CE_control_0.1,1,5,18.6941623687744
Distill25_1.0,1,5,8.9421272277832
CE_control_0.5,1,5,18.2449817657471
Distill50_0.25,1,5,17.1098709106445
Current,1,5,0.823974609375
Distill50_0.1,1,5,17.1551704406738
Distill50_0.5,1,5,17.3900127410889
Distill25_0.1,1,5,16.7992115020752
CE_control_0.25,1,5,17.8592205047607
CE_control_1.0,1,5,17.0788764953613
Distill50_0.1,3,212,32.7401161193848
CE_control_0.25,3,212,29.979944229126
CE_control_0.1,3,212,20.8179950714111
Distill50_0.25,3,212,17.5290107727051
CE_control_0.5,3,212,17.254114151001
Distill50_1.0,3,212,9.95302200317383
Distill25_1.0,3,212,9.4001293182373
Distill25_0.1,3,212,18.9449787139893
Current,3,212,0.809907913208008
Distill25_0.5,3,212,18.2180404663086
Distill50_0.5,3,212,17.9979801177979
Distill25_0.25,3,212,17.7609920501709
CE_control_1.0,3,212,9.42611694335938
Distill50_0.25,1,384,17.3299312591553
Distill25_0.25,1,384,21.3449001312256
Distill25_0.5,1,384,15.739917755127
Distill50_0.1,1,384,16.2642002105713
CE_control_0.25,1,384,18.0418491363525
Distill25_1.0,1,384,8.53490829467773
Distill50_0.5,1,384,17.531156539917
Distill25_0.1,1,384,16.6060924530029
Distill50_1.0,1,384,9.97710227966309
CE_control_0.1,1,384,15.7771110534668
CE_control_1.0,1,384,9.19985771179199
Current,1,384,1.0521411895752
CE_control_0.5,1,384,16.3528919219971
Distill25_0.1,2,218,29.1359424591064
Distill50_0.5,2,218,18.0859565734863
CE_control_1.0,2,218,9.6280574798584
CE_control_0.1,2,218,17.6589488983154
CE_control_0.25,2,218,18.4869766235352
Distill25_0.25,2,218,18.8729763031006
Distill25_0.5,2,218,17.9219245910645
Current,2,218,0.940084457397461
CE_control_0.5,2,218,17.2200202941895
Distill50_0.25,2,218,17.5058841705322
Distill50_1.0,2,218,8.53896141052246
Distill50_0.1,2,218,18.4130668640137
Distill25_1.0,2,218,10.2970600128174
CE_control_0.5,2,205,16.0181522369385
CE_control_0.1,2,205,16.2138938903809
Distill25_0.25,2,205,16.0529613494873
CE_control_1.0,2,205,9.68003273010254
Distill50_0.25,2,205,16.2479877471924
CE_control_0.25,2,205,16.4978504180908
Current,2,205,0.975131988525391
Distill25_0.1,2,205,17.1880722045898
Distill50_1.0,2,205,9.54198837280273
Distill50_0.5,2,205,18.7480449676514
Distill25_1.0,2,205,10.4410648345947
Distill25_0.5,2,205,16.1900520324707
Distill50_0.1,2,205,17.5859928131104
Distill25_0.25,3,403,18.6169147491455
Distill25_1.0,3,403,11.3258361816406
Distill25_0.1,3,403,17.6708698272705
Current,3,403,0.741004943847656
CE_control_0.5,3,403,17.7371501922607
Distill50_0.1,3,403,18.2349681854248
CE_control_0.25,3,403,19.366979598999
Distill50_0.5,3,403,18.6071395874023
CE_control_1.0,3,403,8.32819938659668
CE_control_0.1,3,403,17.5230503082275
Distill50_0.25,3,403,19.0300941467285
Distill50_1.0,3,403,9.8118782043457
Distill25_0.5,3,403,18.6870098114014
CE_control_0.5,2,101,18.2120800018311
CE_control_0.25,2,101,17.4379348754883
Distill25_0.5,2,101,18.3749198913574
Distill25_0.1,2,101,19.075870513916
Current,2,101,0.849008560180664
Distill50_0.1,2,101,19.028902053833
Distill25_0.25,2,101,18.373966217041
CE_control_1.0,2,101,9.62281227111816
CE_control_0.1,2,101,19.9069976806641
Distill25_1.0,2,101,10.4949474334717
Distill50_1.0,2,101,11.7299556732178
Distill50_0.5,2,101,17.8239345550537
Distill50_0.25,2,101,18.1851387023926
Distill50_0.1,2,446,16.5119171142578
CE_control_0.25,2,446,16.7570114135742
Current,2,446,0.919818878173828
CE_control_0.1,2,446,16.6580677032471
Distill50_0.5,2,446,17.6849365234375
Distill25_1.0,2,446,10.0278854370117
Distill25_0.25,2,446,17.8360939025879
Distill25_0.5,2,446,17.643928527832
Distill50_0.25,2,446,17.3699855804443
Distill50_1.0,2,446,9.07015800476074
Distill25_0.1,2,446,17.7700519561768
CE_control_0.5,2,446,17.9760456085205
CE_control_1.0,2,446,9.07015800476074
CE_control_0.1,2,91,23.2329368591309
Distill25_0.5,2,91,22.8509902954102
Distill25_1.0,2,91,12.6659870147705
Distill50_1.0,2,91,12.0570659637451
CE_control_1.0,2,91,11.5890502929688
Distill50_0.25,2,91,23.6070156097412
Distill25_0.25,2,91,22.7270126342773
Distill50_0.5,2,91,24.3499279022217
CE_control_0.5,2,91,35.3059768676758
Distill25_0.1,2,91,22.4919319152832
Current,2,91,0.902891159057617
CE_control_0.25,2,91,22.9649543762207
Distill50_0.1,2,91,21.3871002197266
Distill25_0.1,1,506,16.8941020965576
Distill25_0.5,1,506,16.7078971862793
Current,1,506,0.874042510986328
Distill25_0.25,1,506,16.1881446838379
Distill50_0.5,1,506,16.1151885986328
Distill50_0.25,1,506,15.5918598175049
CE_control_0.25,1,506,15.5978202819824
CE_control_0.5,1,506,15.5129432678223
Distill25_1.0,1,506,7.43794441223145
Distill50_1.0,1,506,9.17387008666992
CE_control_1.0,1,506,8.11505317687988
Distill50_0.1,1,506,17.8558826446533
CE_control_0.1,1,506,17.9548263549805
Distill50_0.5,1,532,15.8939361572266
CE_control_0.5,1,532,15.6919956207275
CE_control_0.25,1,532,16.0338878631592
CE_control_0.1,1,532,15.2771472930908
Distill50_0.25,1,532,16.8850421905518
Distill25_0.1,1,532,16.7489051818848
Current,1,532,0.864028930664063
Distill25_0.25,1,532,15.1360034942627
CE_control_1.0,1,532,9.24301147460938
Distill25_1.0,1,532,9.85288619995117
Distill25_0.5,1,532,16.4620876312256
Distill50_0.1,1,532,14.5449638366699
Distill50_1.0,1,532,8.31699371337891
CE_control_1.0,3,385,11.9218826293945
Distill25_0.1,3,385,17.5468921661377
Distill50_1.0,3,385,8.97693634033203
Distill25_0.25,3,385,17.1890258789063
CE_control_0.25,3,385,17.8990364074707
Distill25_1.0,3,385,8.94594192504883
Distill25_0.5,3,385,19.1810131072998
Distill50_0.1,3,385,18.2769298553467
Current,3,385,0.872135162353516
Distill50_0.5,3,385,18.9700126647949
CE_control_0.5,3,385,17.3640251159668
Distill50_0.25,3,385,16.8218612670898
CE_control_0.1,3,385,16.3319110870361
Current,3,69,0.929117202758789
Distill25_0.25,3,69,16.1740779876709
Distill25_0.1,3,69,16.6299343109131
Distill50_0.5,3,69,17.1811580657959
CE_control_1.0,3,69,7.98892974853516
Distill25_1.0,3,69,10.282039642334
Distill50_0.25,3,69,16.5669918060303
Distill25_0.5,3,69,16.1769390106201
CE_control_0.1,3,69,15.9289836883545
CE_control_0.25,3,69,16.0760879516602
Distill50_0.1,3,69,16.9720649719238
CE_control_0.5,3,69,17.1899795532227
Distill50_1.0,3,69,9.0789794921875
Distill50_0.5,3,202,19.4740295410156
Distill25_0.1,3,202,18.3670520782471
Distill50_0.1,3,202,18.3901786804199
Distill50_1.0,3,202,8.70108604431152
CE_control_1.0,3,202,9.6738338470459
Distill25_0.25,3,202,20.6778049468994
Distill25_1.0,3,202,11.4250183105469
CE_control_0.5,3,202,20.3390121459961
Distill50_0.25,3,202,20.2310085296631
CE_control_0.1,3,202,20.3919410705566
CE_control_0.25,3,202,19.0880298614502
Current,3,202,0.785112380981445
Distill25_0.5,3,202,18.8438892364502
Distill50_1.0,3,236,11.5079879760742
CE_control_0.1,3,236,20.0419425964355
Distill25_0.25,3,236,31.9271087646484
Distill25_0.5,3,236,20.2779769897461
CE_control_0.25,3,236,20.6100940704346
Current,3,236,0.945091247558594
Distill50_0.25,3,236,18.8131332397461
Distill50_0.5,3,236,18.85986328125
CE_control_1.0,3,236,10.8349323272705
Distill25_0.1,3,236,19.6480751037598
Distill50_0.1,3,236,21.049976348877
Distill25_1.0,3,236,11.7011070251465
CE_control_0.5,3,236,20.9038257598877
Distill25_0.1,2,509,14.8141384124756
CE_control_0.5,2,509,14.4228935241699
Distill25_0.5,2,509,14.8000717163086
Distill25_1.0,2,509,9.32693481445312
CE_control_1.0,2,509,9.34100151062012
Distill50_0.25,2,509,14.7778987884521
Distill25_0.25,2,509,13.8659477233887
Distill50_1.0,2,509,9.76204872131348
CE_control_0.1,2,509,14.2951011657715
Distill50_0.5,2,509,14.3899917602539
Current,2,509,0.694990158081055
Distill50_0.1,2,509,14.8360729217529
CE_control_0.25,2,509,13.4658813476563
Distill25_0.1,3,3,16.5479183197021
Distill50_0.5,3,3,15.6781673431396
Distill25_0.5,3,3,15.6941413879395
CE_control_0.25,3,3,15.3582096099854
CE_control_1.0,3,3,9.15288925170898
CE_control_0.5,3,3,16.0329341888428
CE_control_0.1,3,3,15.7589912414551
Distill25_1.0,3,3,8.28289985656738
Distill50_0.25,3,3,15.531063079834
Distill25_0.25,3,3,15.9370899200439
Distill50_1.0,3,3,9.92417335510254
Current,3,3,0.871896743774414
Distill50_0.1,3,3,16.7179107666016
CE_control_0.25,2,75,29.1039943695068
Distill50_1.0,2,75,10.1962089538574
Current,2,75,1.17921829223633
Distill25_1.0,2,75,9.67693328857422
Distill25_0.1,2,75,19.5868015289307
Distill25_0.25,2,75,17.7328586578369
CE_control_0.1,2,75,17.0760154724121
Distill50_0.1,2,75,17.7431106567383
CE_control_1.0,2,75,9.32598114013672
Distill25_0.5,2,75,20.3428268432617
CE_control_0.5,2,75,17.9829597473145
Distill50_0.5,2,75,18.2318687438965
Distill50_0.25,2,75,18.2580947875977
Distill25_0.25,3,499,17.4200534820557
CE_control_0.5,3,499,16.5450572967529
Distill25_1.0,3,499,7.09700584411621
CE_control_1.0,3,499,9.86409187316895
Distill50_0.1,3,499,18.4569358825684
Distill25_0.1,3,499,19.6888446807861
Distill50_0.5,3,499,20.0529098510742
Distill50_1.0,3,499,8.81195068359375
Distill25_0.5,3,499,17.2710418701172
CE_control_0.1,3,499,17.2619819641113
CE_control_0.25,3,499,17.8861618041992
Current,3,499,0.729084014892578
Distill50_0.25,3,499,19.2749500274658
Distill25_0.1,1,255,19.5579528808594
Distill50_0.1,1,255,19.6409225463867
Distill50_0.5,1,255,18.9230442047119
CE_control_0.25,1,255,18.0962085723877
CE_control_1.0,1,255,9.06205177307129
Current,1,255,1.03092193603516
Distill25_1.0,1,255,8.51202011108398
Distill50_0.25,1,255,19.9019908905029
CE_control_0.5,1,255,19.0470218658447
Distill25_0.5,1,255,30.0278663635254
Distill25_0.25,1,255,21.4450359344482
Distill50_1.0,1,255,8.22687149047852
CE_control_0.1,1,255,19.212007522583
Distill25_0.1,1,258,21.5818881988525
Distill50_0.5,1,258,18.5668468475342
Current,1,258,0.774860382080078
Distill50_0.1,1,258,18.7091827392578
CE_control_0.5,1,258,20.4510688781738
Distill25_1.0,1,258,12.2010707855225
CE_control_1.0,1,258,12.502908706665
CE_control_0.1,1,258,20.4071998596191
CE_control_0.25,1,258,20.6308364868164
Distill25_0.5,1,258,21.1970806121826
Distill50_1.0,1,258,11.7180347442627
Distill50_0.25,1,258,20.5841064453125
Distill25_0.25,1,258,18.4049606323242
Current,3,405,0.720024108886719
CE_control_0.1,3,405,19.650936126709
Distill25_0.5,3,405,19.075870513916
Distill50_0.1,3,405,20.5259323120117
Distill50_0.5,3,405,20.3170776367188
CE_control_0.25,3,405,19.9098587036133
Distill25_1.0,3,405,9.06801223754883
CE_control_0.5,3,405,20.7300186157227
CE_control_1.0,3,405,8.62693786621094
Distill50_1.0,3,405,10.526180267334
Distill50_0.25,3,405,18.9530849456787
Distill25_0.1,3,405,19.1409587860107
Distill25_0.25,3,405,19.3550586700439
CE_control_0.1,3,465,17.4009799957275
CE_control_0.5,3,465,16.8361663818359
Distill50_0.25,3,465,17.4100399017334
Distill50_0.1,3,465,17.268180847168
CE_control_1.0,3,465,12.6559734344482
Distill50_1.0,3,465,9.38701629638672
Current,3,465,1.10816955566406
Distill25_1.0,3,465,8.40592384338379
CE_control_0.25,3,465,18.143892288208
Distill50_0.5,3,465,16.9539451599121
Distill25_0.25,3,465,16.3581371307373
Distill25_0.1,3,465,16.0989761352539
Distill25_0.5,3,465,16.3719654083252
Current,1,301,0.883102416992188
Distill25_1.0,1,301,9.66382026672363
Distill25_0.25,1,301,16.8919563293457
CE_control_1.0,1,301,9.34290885925293
Distill25_0.1,1,301,17.2560214996338
Distill50_1.0,1,301,8.95595550537109
CE_control_0.25,1,301,18.3920860290527
Distill50_0.25,1,301,17.5919532775879
CE_control_0.5,1,301,17.3060894012451
Distill25_0.5,1,301,17.7021026611328
Distill50_0.5,1,301,17.6589488983154
Distill50_0.1,1,301,17.8418159484863
CE_control_0.1,1,301,18.0270671844482
CE_control_1.0,3,439,9.03010368347168
CE_control_0.5,3,439,16.9439315795898
Distill25_0.25,3,439,16.995906829834
Distill25_0.1,3,439,16.5059566497803
Current,3,439,0.99492073059082
Distill50_0.1,3,439,16.664981842041
CE_control_0.25,3,439,16.3161754608154
CE_control_0.1,3,439,16.1089897155762
Distill25_0.5,3,439,16.4589881896973
Distill25_1.0,3,439,9.13691520690918
Distill50_0.5,3,439,17.0331001281738
Distill50_1.0,3,439,9.90200042724609
Distill50_0.25,3,439,16.348123550415
CE_control_0.5,1,575,19.2859172821045
Distill50_0.5,1,575,19.4258689880371
CE_control_0.1,1,575,18.488883972168
Distill50_1.0,1,575,21.1338996887207
Distill25_0.5,1,575,18.3839797973633
CE_control_1.0,1,575,9.87100601196289
Distill25_0.25,1,575,19.5591449737549
Distill25_1.0,1,575,10.6270313262939
CE_control_0.25,1,575,18.5821056365967
Current,1,575,0.986099243164062
Distill50_0.25,1,575,18.8970565795898
Distill50_0.1,1,575,18.5642242431641
Distill25_0.1,1,575,19.2530155181885
Distill50_1.0,3,162,8.95810127258301
CE_control_0.1,3,162,17.7218914031982
CE_control_0.25,3,162,18.0728435516357
Distill25_0.25,3,162,16.9568061828613
Distill25_0.1,3,162,16.9990062713623
Distill25_1.0,3,162,8.83603096008301
Current,3,162,0.849008560180664
Distill50_0.25,3,162,17.3888206481934
Distill25_0.5,3,162,19.2971229553223
Distill50_0.5,3,162,18.1879997253418
CE_control_1.0,3,162,10.0440979003906
Distill50_0.1,3,162,19.8390483856201
CE_control_0.5,3,162,21.0468769073486
Distill25_0.25,1,73,18.7489986419678
CE_control_0.5,1,73,18.1870460510254
Distill50_0.25,1,73,18.2640552520752
CE_control_1.0,1,73,11.9690895080566
Distill25_0.1,1,73,18.5129642486572
Distill50_1.0,1,73,11.8110179901123
Distill50_0.5,1,73,19.0799236297607
Current,1,73,0.771999359130859
Distill25_0.5,1,73,17.9910659790039
Distill25_1.0,1,73,11.2369060516357
CE_control_0.25,1,73,29.7839641571045
Distill50_0.1,1,73,19.2229747772217
CE_control_0.1,1,73,17.51708984375
CE_control_0.5,3,178,19.3080902099609
Distill25_0.1,3,178,18.9249515533447
Distill50_1.0,3,178,11.4231109619141
CE_control_0.25,3,178,20.4248428344727
Distill25_1.0,3,178,11.6441249847412
Current,3,178,0.91099739074707
Distill50_0.5,3,178,19.7591781616211
Distill50_0.1,3,178,19.5238590240479
CE_control_0.1,3,178,20.2140808105469
CE_control_1.0,3,178,10.6370449066162
Distill50_0.25,3,178,20.2879905700684
Distill25_0.5,3,178,27.8480052947998
Distill25_0.25,3,178,21.1009979248047
Distill50_0.1,3,83,19.8550224304199
Distill50_0.25,3,83,19.06418800354
Distill25_0.5,3,83,18.5480117797852
Distill25_0.1,3,83,17.5840854644775
CE_control_0.25,3,83,17.4238681793213
Distill25_1.0,3,83,9.8881721496582
Current,3,83,1.26791000366211
Distill50_1.0,3,83,9.0939998626709
Distill50_0.5,3,83,18.1221961975098
Distill25_0.25,3,83,21.0609436035156
CE_control_1.0,3,83,9.44185256958008
CE_control_0.5,3,83,17.8358554840088
CE_control_0.1,3,83,19.5291042327881
Distill50_0.5,1,96,20.2569961547852
Distill25_0.5,1,96,19.2921161651611
Distill50_1.0,1,96,8.38279724121094
Distill50_0.1,1,96,19.9060440063477
CE_control_1.0,1,96,8.80002975463867
Current,1,96,0.848054885864258
CE_control_0.25,1,96,19.4900035858154
Distill50_0.25,1,96,33.1017971038818
Distill25_1.0,1,96,9.92894172668457
Distill25_0.25,1,96,17.3749923706055
CE_control_0.5,1,96,17.064094543457
Distill25_0.1,1,96,18.2390213012695
CE_control_0.1,1,96,18.2750225067139
CE_control_0.25,1,138,19.2599296569824
Distill25_1.0,1,138,9.49978828430176
CE_control_0.1,1,138,17.0588493347168
Distill50_0.25,1,138,16.2842273712158
Distill25_0.25,1,138,16.7758464813232
Distill50_0.5,1,138,16.8590545654297
CE_control_1.0,1,138,8.95905494689941
CE_control_0.5,1,138,16.9029235839844
Distill25_0.1,1,138,16.8459415435791
Distill50_1.0,1,138,8.65602493286133
Current,1,138,1.6169548034668
Distill25_0.5,1,138,19.2949771881104
Distill50_0.1,1,138,18.4500217437744
Distill25_1.0,3,21,8.71014595031738
Distill50_1.0,3,21,10.8268260955811
CE_control_1.0,3,21,9.84597206115723
CE_control_0.5,3,21,17.8790092468262
Distill25_0.25,3,21,18.0680751800537
CE_control_0.1,3,21,18.0039405822754
Current,3,21,0.813007354736328
Distill50_0.25,3,21,17.3900127410889
Distill50_0.1,3,21,17.6048278808594
Distill50_0.5,3,21,17.4248218536377
CE_control_0.25,3,21,18.1050300598145
Distill25_0.1,3,21,18.8009738922119
Distill25_0.5,3,21,19.0858840942383
CE_control_0.5,1,352,19.0219879150391
Distill25_0.1,1,352,18.1941986083984
CE_control_0.25,1,352,18.4359550476074
Distill25_1.0,1,352,9.35792922973633
Distill50_0.25,1,352,18.5317993164063
Distill50_1.0,1,352,9.36007499694824
Distill50_0.1,1,352,18.9411640167236
CE_control_1.0,1,352,10.9059810638428
Current,1,352,15.272855758667
Distill50_0.5,1,352,17.3540115356445
CE_control_0.1,1,352,17.2078609466553
Distill25_0.5,1,352,16.8819427490234
Distill25_0.25,1,352,17.2889232635498
CE_control_0.1,1,526,16.0081386566162
Distill25_0.5,1,526,15.6209468841553
Distill25_1.0,1,526,9.04703140258789
Current,1,526,0.960111618041992
CE_control_0.5,1,526,17.1668529510498
CE_control_0.25,1,526,15.6850814819336
CE_control_1.0,1,526,8.56208801269531
Distill50_0.25,1,526,16.3829326629639
Distill50_0.1,1,526,15.7978534698486
Distill50_0.5,1,526,16.0648822784424
Distill25_0.25,1,526,17.5259113311768
Distill25_0.1,1,526,17.6639556884766
Distill50_1.0,1,526,11.228084564209
Distill50_0.25,3,386,17.4000263214111
Distill50_1.0,3,386,9.32598114013672
Distill25_1.0,3,386,8.9418888092041
Distill50_0.5,3,386,19.0219879150391
Current,3,386,0.745058059692383
Distill25_0.5,3,386,18.9969539642334
CE_control_0.25,3,386,17.8258419036865
CE_control_1.0,3,386,8.99291038513184
CE_control_0.1,3,386,19.6371078491211
Distill25_0.1,3,386,18.0699825286865
Distill50_0.1,3,386,18.2428359985352
Distill25_0.25,3,386,16.9460773468018
CE_control_0.5,3,386,16.9188976287842
Distill50_0.25,1,85,17.8990364074707
Distill50_0.5,1,85,17.5671577453613
Distill50_0.1,1,85,17.2770023345947
Distill25_0.25,1,85,18.1028842926025
Distill25_0.1,1,85,16.632080078125
CE_control_0.25,1,85,27.9419422149658
Distill25_0.5,1,85,16.1979198455811
Distill50_1.0,1,85,8.29887390136719
CE_control_1.0,1,85,10.0479125976563
Distill25_1.0,1,85,8.56804847717285
Current,1,85,0.918865203857422
CE_control_0.1,1,85,16.3929462432861
CE_control_0.5,1,85,16.5929794311523
Distill50_0.5,3,265,17.3559188842773
Distill50_0.25,3,265,17.3149108886719
Distill25_0.1,3,265,15.9351825714111
Distill25_0.5,3,265,16.0839557647705
Distill25_0.25,3,265,16.4558887481689
Distill50_1.0,3,265,8.7430477142334
CE_control_0.5,3,265,16.0751342773438
CE_control_1.0,3,265,8.59808921813965
CE_control_0.25,3,265,16.0391330718994
Current,3,265,0.983953475952148
Distill25_1.0,3,265,8.08215141296387
CE_control_0.1,3,265,16.6521072387695
Distill50_0.1,3,265,17.8728103637695
Distill25_0.5,3,126,20.6389427185059
Distill50_1.0,3,126,9.32216644287109
Distill50_0.25,3,126,18.3298587799072
Distill50_0.5,3,126,19.7038650512695
CE_control_0.1,3,126,19.2630290985107
CE_control_0.25,3,126,18.7950134277344
Distill25_1.0,3,126,8.00609588623047
Current,3,126,0.884056091308594
Distill50_0.1,3,126,20.7669734954834
Distill25_0.25,3,126,19.2470550537109
Distill25_0.1,3,126,18.822193145752
CE_control_0.5,3,126,18.298864364624
CE_control_1.0,3,126,8.24213027954102
Distill50_0.25,2,552,17.9500579833984
Distill50_0.5,2,552,17.5549983978271
Distill25_0.1,2,552,17.960786819458
CE_control_0.5,2,552,28.2609462738037
Distill50_0.1,2,552,17.4460411071777
Distill25_0.25,2,552,16.7078971862793
Current,2,552,0.911951065063477
CE_control_1.0,2,552,8.60500335693359
Distill25_0.5,2,552,16.9270038604736
CE_control_0.25,2,552,16.5719985961914
CE_control_0.1,2,552,17.15087890625
Distill50_1.0,2,552,11.0621452331543
Distill25_1.0,2,552,9.0329647064209
Distill50_0.5,3,581,17.4078941345215
Distill25_0.1,3,581,19.0460681915283
Current,3,581,0.900030136108398
CE_control_1.0,3,581,8.93402099609375
Distill50_0.1,3,581,19.3729400634766
Distill50_0.25,3,581,18.3179378509521
CE_control_0.25,3,581,17.3861980438232
Distill50_1.0,3,581,9.16004180908203
Distill25_1.0,3,581,9.24897193908691
CE_control_0.5,3,581,17.5020694732666
Distill25_0.5,3,581,18.043041229248
Distill25_0.25,3,581,16.4029598236084
CE_control_0.1,3,581,16.9909000396729
Distill25_0.1,1,510,17.5271034240723
CE_control_1.0,1,510,8.44192504882813
Distill50_1.0,1,510,8.16202163696289
Distill25_1.0,1,510,8.33392143249512
Distill50_0.1,1,510,18.3479785919189
Distill25_0.25,1,510,18.2971954345703
CE_control_0.5,1,510,17.8399085998535
Current,1,510,0.751972198486328
Distill50_0.25,1,510,17.7171230316162
Distill50_0.5,1,510,17.9870128631592
Distill25_0.5,1,510,19.5410251617432
CE_control_0.25,1,510,19.4289684295654
CE_control_0.1,1,510,19.1209316253662
Distill25_0.1,2,151,16.2479877471924
Distill50_0.25,2,151,16.1027908325195
Distill25_0.25,2,151,15.7909393310547
Current,2,151,2.91895866394043
CE_control_0.5,2,151,15.3629779815674
CE_control_0.1,2,151,16.1619186401367
Distill25_1.0,2,151,9.37700271606445
Distill50_0.1,2,151,15.841007232666
CE_control_1.0,2,151,8.49604606628418
Distill25_0.5,2,151,15.0859355926514
CE_control_0.25,2,151,15.5899524688721
Distill50_0.5,2,151,16.5128707885742
Distill50_1.0,2,151,9.82284545898438
CE_control_0.5,3,199,19.2849636077881
CE_control_0.1,3,199,20.7040309906006
Distill50_0.5,3,199,21.3909149169922
Current,3,199,0.876903533935547
Distill50_0.1,3,199,20.244836807251
CE_control_1.0,3,199,9.93585586547852
Distill25_1.0,3,199,9.67621803283691
Distill25_0.25,3,199,22.2201347351074
Distill50_0.25,3,199,20.4789638519287
CE_control_0.25,3,199,20.2078819274902
Distill25_0.5,3,199,22.737979888916
Distill50_1.0,3,199,11.2729072570801
Distill25_0.1,3,199,22.4239826202393
Distill50_0.5,1,504,16.7222023010254
CE_control_0.25,1,504,16.6637897491455
Distill50_0.1,1,504,17.1079635620117
Distill25_1.0,1,504,9.27090644836426
Distill25_0.25,1,504,16.4608955383301
CE_control_0.1,1,504,16.4361000061035
CE_control_0.5,1,504,16.7090892791748
Current,1,504,0.729084014892578
Distill25_0.5,1,504,17.1499252319336
Distill50_1.0,1,504,10.5400085449219
CE_control_1.0,1,504,10.0009441375732
Distill50_0.25,1,504,16.8471336364746
Distill25_0.1,1,504,17.2879695892334
CE_control_0.5,2,355,32.3050022125244
Distill50_0.25,2,355,19.5889472961426
Distill25_0.5,2,355,19.3791389465332
Distill50_1.0,2,355,9.5980167388916
CE_control_0.25,2,355,19.8941230773926
Distill50_0.5,2,355,19.1230773925781
Current,2,355,0.781059265136719
Distill25_1.0,2,355,9.01508331298828
Distill50_0.1,2,355,19.7989940643311
CE_control_0.1,2,355,19.0320014953613
Distill25_0.25,2,355,19.2248821258545
CE_control_1.0,2,355,9.25707817077637
Distill25_0.1,2,355,18.7430381774902
Distill25_1.0,2,557,8.04805755615234
CE_control_0.5,2,557,19.6969509124756
Distill25_0.5,2,557,20.2808380126953
Distill25_0.1,2,557,18.1338787078857
Distill50_0.25,2,557,18.2747840881348
Distill50_0.1,2,557,18.1460380554199
Distill50_0.5,2,557,18.3258056640625
Distill25_0.25,2,557,19.5448398590088
CE_control_0.1,2,557,19.5927619934082
Current,2,557,0.882148742675781
Distill50_1.0,2,557,8.03804397583008
CE_control_0.25,2,557,20.6949710845947
CE_control_1.0,2,557,8.85200500488281
Distill50_0.1,3,25,18.1341171264648
CE_control_1.0,3,25,11.2729072570801
Distill25_0.1,3,25,17.8470611572266
Distill50_0.25,3,25,17.7969932556152
Distill25_0.5,3,25,19.8729038238525
Distill50_0.5,3,25,20.9548473358154
Distill25_1.0,3,25,10.3979110717773
CE_control_0.1,3,25,18.3360576629639
CE_control_0.5,3,25,18.9998149871826
Current,3,25,13.1311416625977
CE_control_0.25,3,25,18.7430381774902
Distill50_1.0,3,25,10.8819007873535
Distill25_0.25,3,25,17.4431800842285
Distill25_0.5,1,222,14.5761966705322
Distill25_0.25,1,222,14.4009590148926
CE_control_0.25,1,222,14.3060684204102
CE_control_0.1,1,222,14.6670341491699
CE_control_0.5,1,222,14.4109725952148
Distill25_0.1,1,222,14.6031379699707
Current,1,222,0.717878341674805
Distill50_1.0,1,222,8.53300094604492
Distill50_0.1,1,222,13.9551162719727
Distill25_1.0,1,222,8.56590270996094
Distill50_0.25,1,222,15.3570175170898
Distill50_0.5,1,222,15.0308609008789
CE_control_1.0,1,222,9.14096832275391
Distill25_0.5,3,493,14.5840644836426
Distill25_1.0,3,493,8.03017616271973
CE_control_0.1,3,493,16.2467956542969
Distill25_0.25,3,493,15.9070491790771
Distill50_0.5,3,493,15.9220695495605
CE_control_0.5,3,493,16.1640644073486
Current,3,493,0.664949417114258
Distill50_1.0,3,493,9.3839168548584
Distill50_0.25,3,493,16.4999961853027
Distill50_0.1,3,493,16.402006149292
CE_control_1.0,3,493,11.5528106689453
CE_control_0.25,3,493,16.9830322265625
Distill25_0.1,3,493,16.9041156768799
Current,1,556,0.982999801635742
Distill25_0.1,1,556,18.4459686279297
Distill50_0.25,1,556,18.1691646575928
Distill50_0.1,1,556,18.1100368499756
CE_control_0.1,1,556,17.5819396972656
CE_control_0.5,1,556,17.4789428710938
Distill50_0.5,1,556,17.0488357543945
Distill25_0.5,1,556,29.5958518981934
Distill25_0.25,1,556,18.1179046630859
Distill50_1.0,1,556,8.97407531738281
CE_control_0.25,1,556,19.1020965576172
CE_control_1.0,1,556,8.78715515136719
Distill25_1.0,1,556,9.26589965820312
Distill50_1.0,2,50,9.32407379150391
CE_control_0.1,2,50,18.4528827667236
Distill50_0.1,2,50,18.4218883514404
Distill50_0.25,2,50,17.8790092468262
CE_control_0.25,2,50,18.0559158325195
Distill25_0.5,2,50,17.5578594207764
CE_control_1.0,2,50,9.13214683532715
Current,2,50,0.988006591796875
Distill25_0.25,2,50,17.5800323486328
CE_control_0.5,2,50,17.6939964294434
Distill25_1.0,2,50,8.96000862121582
Distill50_0.5,2,50,19.9830532073975
Distill25_0.1,2,50,17.9710388183594
Current,3,504,0.777959823608398
Distill50_0.1,3,504,15.8910751342773
Distill25_0.1,3,504,14.8611068725586
Distill50_1.0,3,504,8.64911079406738
Distill25_0.5,3,504,16.6771411895752
Distill50_0.25,3,504,15.3729915618896
Distill25_0.25,3,504,16.8418884277344
Distill50_0.5,3,504,15.6469345092773
CE_control_0.25,3,504,15.4480934143066
CE_control_1.0,3,504,8.43691825866699
CE_control_0.1,3,504,15.5529975891113
CE_control_0.5,3,504,15.8741474151611
Distill25_1.0,3,504,9.40299034118652
Distill25_0.1,2,489,16.2279605865479
Distill50_1.0,2,489,8.23211669921875
CE_control_0.5,2,489,18.9259052276611
Distill50_0.25,2,489,16.5629386901855
Distill25_1.0,2,489,7.83705711364746
Distill25_0.25,2,489,16.4220333099365
CE_control_0.25,2,489,27.9130935668945
Current,2,489,0.938892364501953
Distill25_0.5,2,489,17.6630020141602
Distill50_0.5,2,489,16.8509483337402
Distill50_0.1,2,489,16.0770416259766
CE_control_1.0,2,489,7.61103630065918
CE_control_0.1,2,489,16.103982925415
Distill50_0.1,2,152,16.6168212890625
Distill50_1.0,2,152,8.56304168701172
Current,2,152,0.990867614746094
Distill25_0.5,2,152,16.3729190826416
CE_control_0.1,2,152,15.5539512634277
CE_control_0.5,2,152,15.5680179595947
Distill25_0.1,2,152,15.9399509429932
CE_control_1.0,2,152,7.25698471069336
Distill25_1.0,2,152,9.22203063964844
Distill50_0.5,2,152,15.7008171081543
Distill50_0.25,2,152,15.6509876251221
Distill25_0.25,2,152,16.8049335479736
CE_control_0.25,2,152,16.5131092071533
Distill25_0.5,1,205,18.9208984375
Current,1,205,0.834941864013672
CE_control_0.5,1,205,18.5890197753906
CE_control_1.0,1,205,9.72485542297363
Distill50_0.25,1,205,15.9199237823486
Distill50_0.5,1,205,16.746997833252
Distill25_0.25,1,205,17.4610614776611
CE_control_0.25,1,205,16.7579650878906
Distill50_1.0,1,205,9.03797149658203
CE_control_0.1,1,205,17.8310871124268
Distill25_1.0,1,205,10.0760459899902
Distill25_0.1,1,205,16.5390968322754
Distill50_0.1,1,205,16.8490409851074
Distill25_0.1,2,387,17.8589820861816
CE_control_0.25,2,387,17.2808170318604
Distill50_0.5,2,387,17.9729461669922
Current,2,387,0.837802886962891
CE_control_0.1,2,387,16.5700912475586
Distill25_1.0,2,387,22.3259925842285
Distill25_0.5,2,387,14.024019241333
Distill25_0.25,2,387,14.8799419403076
Distill50_0.1,2,387,14.7788524627686
CE_control_1.0,2,387,9.26613807678223
Distill50_0.25,2,387,16.4189338684082
Distill50_1.0,2,387,8.39900970458984
CE_control_0.5,2,387,14.4269466400146
Distill50_0.5,3,112,18.9149379730225
Distill25_0.25,3,112,17.1768665313721
CE_control_1.0,3,112,7.46512413024902
Distill50_0.25,3,112,17.9719924926758
Distill25_1.0,3,112,9.06205177307129
CE_control_0.1,3,112,16.9141292572021
CE_control_0.5,3,112,16.6020393371582
Distill50_1.0,3,112,9.10806655883789
Distill25_0.5,3,112,18.2948112487793
Current,3,112,0.947952270507812
Distill25_0.1,3,112,18.1851387023926
CE_control_0.25,3,112,18.7628269195557
Distill50_0.1,3,112,17.9769992828369
Distill50_0.5,2,163,19.7148323059082
CE_control_1.0,2,163,11.7390155792236
Distill25_1.0,2,163,10.6151103973389
CE_control_0.5,2,163,18.7950134277344
Distill50_1.0,2,163,10.2620124816895
Distill50_0.1,2,163,19.5400714874268
Distill25_0.1,2,163,18.8450813293457
Current,2,163,0.753879547119141
CE_control_0.25,2,163,18.4450149536133
CE_control_0.1,2,163,19.2480087280273
Distill50_0.25,2,163,19.7420120239258
Distill25_0.5,2,163,20.4379558563232
Distill25_0.25,2,163,18.6188220977783
Current,2,124,1.50489807128906
CE_control_0.5,2,124,18.510103225708
Distill50_1.0,2,124,9.93895530700684
Distill50_0.25,2,124,18.1219577789307
Distill25_0.25,2,124,18.0809497833252
Distill50_0.1,2,124,18.8508033752441
Distill25_1.0,2,124,9.76705551147461
CE_control_0.1,2,124,18.7990665435791
Distill50_0.5,2,124,20.557165145874
CE_control_1.0,2,124,16.9849395751953
CE_control_0.25,2,124,33.9221954345703
Distill25_0.5,2,124,34.5609188079834
Distill25_0.1,2,124,23.2460498809814
Distill50_0.1,3,407,20.2500820159912
Distill25_0.1,3,407,17.2641277313232
CE_control_0.25,3,407,18.578052520752
CE_control_0.5,3,407,18.2240009307861
Distill25_1.0,3,407,8.78596305847168
Distill25_0.5,3,407,18.7640190124512
Distill50_0.5,3,407,17.9400444030762
Distill25_0.25,3,407,17.841100692749
Current,3,407,0.755071640014648
Distill50_1.0,3,407,8.22997093200684
CE_control_1.0,3,407,9.87386703491211
Distill50_0.25,3,407,17.0319080352783
CE_control_0.1,3,407,17.9550647735596
Distill25_0.1,1,67,23.6620903015137
CE_control_0.25,1,67,21.0919380187988
Distill50_0.5,1,67,21.8358039855957
Distill50_0.25,1,67,22.9589939117432
Distill50_0.1,1,67,22.8610038757324
Distill50_1.0,1,67,10.6890201568604
CE_control_0.1,1,67,40.4670238494873
Current,1,67,1.00898742675781
Distill25_0.25,1,67,21.2860107421875
CE_control_0.5,1,67,21.0819244384766
Distill25_1.0,1,67,11.0220909118652
Distill25_0.5,1,67,20.4789638519287
CE_control_1.0,1,67,11.2888813018799
Distill25_0.25,1,53,21.6319561004639
Distill25_1.0,1,53,11.0049247741699
CE_control_1.0,1,53,11.775016784668
Distill50_0.1,1,53,21.589994430542
Distill25_0.5,1,53,21.2609767913818
Distill50_1.0,1,53,10.1840496063232
Distill25_0.1,1,53,21.3069915771484
Distill50_0.25,1,53,20.531177520752
CE_control_0.1,1,53,22.8140354156494
CE_control_0.25,1,53,22.8621959686279
CE_control_0.5,1,53,21.6169357299805
Current,1,53,0.783920288085938
Distill50_0.5,1,53,21.8789577484131
CE_control_0.25,1,190,18.5670852661133
CE_control_0.1,1,190,18.7931060791016
CE_control_1.0,1,190,10.3378295898438
Distill50_0.5,1,190,18.4569358825684
Distill25_0.5,1,190,17.7221298217773
Distill50_0.1,1,190,18.1229114532471
Distill25_1.0,1,190,10.4410648345947
Distill25_0.25,1,190,17.7669525146484
Distill25_0.1,1,190,18.5980796813965
Distill50_0.25,1,190,18.8860893249512
CE_control_0.5,1,190,20.9841728210449
Distill50_1.0,1,190,10.2849006652832
Current,1,190,0.946044921875
Distill50_0.5,3,518,19.2089080810547
CE_control_0.1,3,518,17.7891254425049
Distill25_0.5,3,518,19.578218460083
CE_control_1.0,3,518,8.69512557983398
Distill50_0.1,3,518,18.7430381774902
CE_control_0.5,3,518,18.3532238006592
Distill25_0.25,3,518,18.3730125427246
Distill50_1.0,3,518,9.37700271606445
Current,3,518,0.844001770019531
Distill50_0.25,3,518,17.8020000457764
Distill25_0.1,3,518,19.3908214569092
Distill25_1.0,3,518,9.84501838684082
CE_control_0.25,3,518,17.0779228210449
Distill50_0.25,3,577,18.6398029327393
Distill25_0.1,3,577,18.8319683074951
CE_control_0.1,3,577,18.4760093688965
Distill25_0.25,3,577,18.4509754180908
Distill50_1.0,3,577,9.34100151062012
Current,3,577,1.06096267700195
Distill50_0.5,3,577,19.5741653442383
CE_control_1.0,3,577,9.39011573791504
CE_control_0.5,3,577,17.1630382537842
Distill25_0.5,3,577,17.9579257965088
Distill25_1.0,3,577,9.72890853881836
Distill50_0.1,3,577,17.8020000457764
CE_control_0.25,3,577,17.3110961914063
Distill25_0.25,1,265,18.4769630432129
Current,1,265,0.723123550415039
CE_control_0.25,1,265,19.4830894470215
CE_control_1.0,1,265,10.7541084289551
Distill25_1.0,1,265,9.71508026123047
CE_control_0.5,1,265,18.6629295349121
Distill50_0.1,1,265,19.0398693084717
CE_control_0.1,1,265,21.8160152435303
Distill50_0.5,1,265,19.9878215789795
Distill25_0.5,1,265,30.3158760070801
Distill25_0.1,1,265,18.8961029052734
Distill50_0.25,1,265,19.111156463623
Distill50_1.0,1,265,9.67812538146973
CE_control_0.25,2,143,20.0037956237793
CE_control_0.1,2,143,17.49587059021
CE_control_0.5,2,143,18.2011127471924
Distill25_0.5,2,143,18.3079242706299
Distill50_0.5,2,143,18.9468860626221
Distill25_0.1,2,143,17.8360939025879
Distill25_1.0,2,143,9.76085662841797
Distill50_1.0,2,143,9.47403907775879
Distill50_0.25,2,143,17.5478458404541
Distill50_0.1,2,143,19.597053527832
Current,2,143,0.909090042114258
Distill25_0.25,2,143,18.5821056365967
CE_control_1.0,2,143,9.73701477050781
Distill25_1.0,1,530,10.3650093078613
CE_control_0.1,1,530,18.9371109008789
Distill50_0.25,1,530,19.3908214569092
Distill25_0.5,1,530,22.489070892334
CE_control_1.0,1,530,10.8039379119873
CE_control_0.5,1,530,20.6801891326904
Distill25_0.1,1,530,20.7011699676514
Current,1,530,0.773906707763672
Distill50_1.0,1,530,8.85605812072754
Distill50_0.5,1,530,20.1470851898193
Distill25_0.25,1,530,19.9780464172363
Distill50_0.1,1,530,19.0629959106445
CE_control_0.25,1,530,19.8738574981689
CE_control_0.25,2,169,18.625020980835
Distill25_0.5,2,169,19.0799236297607
CE_control_0.1,2,169,18.751859664917
Distill50_1.0,2,169,9.16504859924316
Distill25_0.25,2,169,18.733024597168
Distill50_0.5,2,169,18.8460350036621
Distill25_1.0,2,169,10.2200508117676
Distill25_0.1,2,169,18.3939933776855
Distill50_0.1,2,169,20.219087600708
Current,2,169,14.6059989929199
CE_control_0.5,2,169,18.4359550476074
CE_control_1.0,2,169,9.13882255554199
Distill50_0.25,2,169,17.3509120941162
Distill25_0.25,3,245,19.9360847473145
Distill25_0.1,3,245,19.9160575866699
Distill25_0.5,3,245,19.575834274292
Distill50_0.5,3,245,20.0490951538086
Distill50_1.0,3,245,8.46600532531738
CE_control_0.5,3,245,19.1240310668945
Distill50_0.25,3,245,20.5121040344238
CE_control_0.1,3,245,19.9720859527588
Current,3,245,0.760078430175781
CE_control_1.0,3,245,9.30404663085938
Distill50_0.1,3,245,20.5600261688232
CE_control_0.25,3,245,20.3509330749512
Distill25_1.0,3,245,11.2252235412598
Distill50_1.0,3,597,9.93704795837402
Distill25_0.25,3,597,18.9979076385498
Distill25_1.0,3,597,8.77785682678223
CE_control_0.5,3,597,19.5190906524658
CE_control_1.0,3,597,10.0550651550293
Distill50_0.5,3,597,18.8109874725342
Distill50_0.1,3,597,20.2889442443848
CE_control_0.1,3,597,19.5250511169434
Distill50_0.25,3,597,17.9591178894043
CE_control_0.25,3,597,18.4149742126465
Distill25_0.1,3,597,17.5199508666992
Distill25_0.5,3,597,18.0480480194092
Current,3,597,0.67901611328125
Distill25_0.5,2,517,16.726016998291
CE_control_1.0,2,517,9.60397720336914
Distill50_0.1,2,517,17.2469615936279
Distill25_1.0,2,517,8.72802734375
Distill25_0.1,2,517,17.2688961029053
Distill25_0.25,2,517,18.0480480194092
Distill50_1.0,2,517,9.9031925201416
CE_control_0.25,2,517,16.7040824890137
Distill50_0.5,2,517,17.927885055542
Distill50_0.25,2,517,17.2469615936279
CE_control_0.1,2,517,17.6689624786377
Current,2,517,14.1909122467041
CE_control_0.5,2,517,16.6211128234863
Distill50_0.25,2,538,17.8418159484863
Distill25_1.0,2,538,10.6759071350098
Distill50_0.1,2,538,18.272876739502
CE_control_0.25,2,538,17.9219245910645
Distill25_0.25,2,538,17.9200172424316
Distill25_0.1,2,538,19.2031860351563
Distill50_1.0,2,538,10.1721286773682
Distill50_0.5,2,538,17.4431800842285
CE_control_1.0,2,538,15.610933303833
CE_control_0.5,2,538,18.5019969940186
CE_control_0.1,2,538,17.5530910491943
Distill25_0.5,2,538,18.9831256866455
Current,2,538,1.23310089111328
Distill25_0.25,3,145,18.104076385498
Distill50_0.1,3,145,18.5549259185791
Distill25_0.5,3,145,17.2979831695557
Distill50_0.5,3,145,18.3570384979248
CE_control_0.5,3,145,18.528938293457
CE_control_0.25,3,145,19.0019607543945
CE_control_1.0,3,145,11.4750862121582
Current,3,145,0.826120376586914
Distill50_1.0,3,145,10.4401111602783
Distill25_0.1,3,145,18.7039375305176
Distill25_1.0,3,145,9.73701477050781
CE_control_0.1,3,145,19.5410251617432
Distill50_0.25,3,145,19.4361209869385
Distill50_0.1,2,356,16.9010162353516
CE_control_0.1,2,356,17.3637866973877
Distill50_0.5,2,356,16.7388916015625
CE_control_1.0,2,356,8.44311714172363
CE_control_0.5,2,356,17.6420211791992
Distill25_1.0,2,356,9.97400283813477
Distill25_0.5,2,356,16.7438983917236
Distill25_0.1,2,356,15.7270431518555
Distill50_1.0,2,356,9.72485542297363
Current,2,356,1.0688304901123
CE_control_0.25,2,356,29.5889377593994
Distill50_0.25,2,356,15.6779289245605
Distill25_0.25,2,356,15.7980918884277
CE_control_0.1,1,135,19.0191268920898
Current,1,135,0.938177108764648
Distill50_0.1,1,135,17.9779529571533
Distill25_0.5,1,135,18.0590152740479
CE_control_0.5,1,135,19.1659927368164
Distill25_0.1,1,135,19.8178291320801
Distill50_1.0,1,135,11.8281841278076
CE_control_1.0,1,135,11.4419460296631
Distill25_1.0,1,135,11.3041400909424
Distill50_0.25,1,135,19.340991973877
Distill25_0.25,1,135,19.6161270141602
CE_control_0.25,1,135,19.2770957946777
Distill50_0.5,1,135,19.3519592285156
Distill50_0.25,2,148,17.2438621520996
CE_control_0.25,2,148,17.2550678253174
Distill50_0.1,2,148,18.6691284179688
Distill50_0.5,2,148,17.7998542785645
CE_control_1.0,2,148,9.19198989868164
Distill25_0.25,2,148,16.0539150238037
Distill25_0.1,2,148,15.4540538787842
Current,2,148,0.82707405090332
Distill25_1.0,2,148,7.74788856506348
CE_control_0.5,2,148,15.678882598877
Distill25_0.5,2,148,15.5789852142334
CE_control_0.1,2,148,16.7138576507568
Distill50_1.0,2,148,9.94515419006348
Distill25_0.1,2,598,15.5260562896729
CE_control_0.5,2,598,15.6748294830322
Distill50_0.1,2,598,15.8088207244873
Distill25_1.0,2,598,8.75997543334961
Distill25_0.25,2,598,15.5050754547119
Distill50_0.5,2,598,27.2769927978516
Distill25_0.5,2,598,16.1149501800537
CE_control_0.25,2,598,15.6309604644775
Distill50_0.25,2,598,15.4891014099121
Current,2,598,0.76603889465332
CE_control_0.1,2,598,14.340877532959
Distill50_1.0,2,598,8.04400444030762
CE_control_1.0,2,598,8.98814201354981
CE_control_0.1,2,125,15.8369541168213
Distill25_0.5,2,125,15.8078670501709
Distill50_0.5,2,125,16.3788795471191
Distill25_0.1,2,125,16.3600444793701
Distill50_0.25,2,125,15.7618522644043
Current,2,125,0.709056854248047
CE_control_0.25,2,125,15.9800052642822
Distill50_1.0,2,125,9.26995277404785
Distill25_1.0,2,125,9.86289978027344
CE_control_1.0,2,125,10.167121887207
Distill25_0.25,2,125,16.1910057067871
CE_control_0.5,2,125,16.4949893951416
Distill50_0.1,2,125,17.2038078308105
CE_control_0.5,1,467,16.6940689086914
Distill25_0.25,1,467,17.6780223846436
Distill50_0.5,1,467,16.7970657348633
Distill50_0.25,1,467,17.0118808746338
Current,1,467,0.750064849853516
Distill25_0.1,1,467,17.2381401062012
Distill50_1.0,1,467,9.22298431396484
Distill25_1.0,1,467,9.06705856323242
CE_control_0.25,1,467,16.2720680236816
CE_control_0.1,1,467,16.7191028594971
Distill25_0.5,1,467,16.6380405426025
Distill50_0.1,1,467,16.6571140289307
CE_control_1.0,1,467,10.5040073394775
Distill25_0.5,2,154,15.7570838928223
Distill25_0.1,2,154,25.123119354248
CE_control_0.5,2,154,15.5899524688721
Distill25_0.25,2,154,16.1371231079102
CE_control_0.25,2,154,15.7589912414551
Distill25_1.0,2,154,9.62686538696289
Current,2,154,1.03998184204102
Distill50_0.25,2,154,14.6489143371582
CE_control_1.0,2,154,8.59308242797852
Distill50_0.5,2,154,15.4240131378174
CE_control_0.1,2,154,17.3909664154053
Distill50_0.1,2,154,15.9058570861816
Distill50_1.0,2,154,9.32002067565918
Distill50_0.1,1,379,14.5459175109863
Distill25_1.0,1,379,7.59005546569824
Distill50_0.25,1,379,16.6430473327637
Distill50_1.0,1,379,9.8879337310791
Distill50_0.5,1,379,13.862133026123
Current,1,379,0.769853591918945
CE_control_0.25,1,379,13.6120319366455
CE_control_0.1,1,379,14.9378776550293
Distill25_0.5,1,379,16.4170265197754
Distill25_0.25,1,379,15.632152557373
CE_control_1.0,1,379,8.44788551330566
CE_control_0.5,1,379,15.2850151062012
Distill25_0.1,1,379,15.3858661651611
Distill50_0.1,2,193,13.7679576873779
CE_control_0.25,2,193,12.8099918365479
CE_control_1.0,2,193,8.49604606628418
CE_control_0.1,2,193,13.4398937225342
Distill50_0.5,2,193,14.1839981079102
Distill25_1.0,2,193,7.68208503723145
Distill25_0.1,2,193,14.1270160675049
Distill25_0.25,2,193,13.5040283203125
Distill50_1.0,2,193,8.20994377136231
CE_control_0.5,2,193,14.2531394958496
Current,2,193,0.750064849853516
Distill25_0.5,2,193,14.5130157470703
Distill50_0.25,2,193,14.2691135406494
CE_control_0.25,1,28,20.2670097351074
Distill25_0.5,1,28,20.0059413909912
Distill50_0.25,1,28,29.1168689727783
CE_control_0.5,1,28,18.873929977417
CE_control_1.0,1,28,8.10003280639648
Distill25_0.1,1,28,18.2750225067139
Distill50_0.5,1,28,20.129919052124
Distill50_1.0,1,28,9.0630054473877
Current,1,28,0.851869583129883
CE_control_0.1,1,28,17.8098678588867
Distill50_0.1,1,28,19.805908203125
Distill25_1.0,1,28,9.58418846130371
Distill25_0.25,1,28,17.6069736480713
Distill25_0.1,1,316,16.6199207305908
Distill25_1.0,1,316,9.08303260803223
Distill50_1.0,1,316,8.06999206542969
CE_control_0.25,1,316,16.7908668518066
Distill50_0.5,1,316,17.5762176513672
Distill50_0.25,1,316,19.04296875
Distill25_0.5,1,316,18.2759761810303
Distill25_0.25,1,316,18.7489986419678
CE_control_0.1,1,316,18.2158946990967
Distill50_0.1,1,316,17.9359912872314
Current,1,316,0.772953033447266
CE_control_1.0,1,316,9.39393043518066
CE_control_0.5,1,316,18.2840824127197
Distill50_0.5,1,424,18.0950164794922
Current,1,424,0.710964202880859
Distill50_1.0,1,424,8.27407836914063
Distill50_0.1,1,424,20.6739902496338
CE_control_0.5,1,424,18.5039043426514
Distill25_0.1,1,424,18.6100006103516
Distill25_0.25,1,424,19.0911293029785
CE_control_0.1,1,424,18.1789398193359
CE_control_1.0,1,424,9.31096076965332
CE_control_0.25,1,424,18.4829235076904
Distill25_1.0,1,424,8.19993019104004
Distill25_0.5,1,424,21.388053894043
Distill50_0.25,1,424,19.7348594665527
Distill50_0.1,3,158,16.5390968322754
Distill50_0.25,3,158,15.2881145477295
Distill50_0.5,3,158,18.5449123382568
Distill25_1.0,3,158,9.26709175109863
Distill25_0.1,3,158,15.4860019683838
CE_control_0.5,3,158,15.0761604309082
Distill25_0.25,3,158,14.4748687744141
Distill50_1.0,3,158,8.61096382141113
CE_control_1.0,3,158,9.49406623840332
CE_control_0.1,3,158,14.3849849700928
CE_control_0.25,3,158,15.3231620788574
Distill25_0.5,3,158,15.8100128173828
Current,3,158,0.709056854248047
Distill50_0.25,2,24,13.9701366424561
Distill25_1.0,2,24,7.23409652709961
Distill50_0.5,2,24,14.5089626312256
Distill25_0.1,2,24,14.1048431396484
CE_control_0.1,2,24,14.1580104827881
Distill25_0.5,2,24,14.2650604248047
Distill50_0.1,2,24,14.4507884979248
Distill50_1.0,2,24,8.20589065551758
Distill25_0.25,2,24,14.909029006958
CE_control_1.0,2,24,8.06403160095215
CE_control_0.5,2,24,16.8290138244629
Current,2,24,0.744104385375977
CE_control_0.25,2,24,16.4239406585693
CE_control_1.0,1,440,8.42905044555664
CE_control_0.5,1,440,19.913911819458
Distill50_1.0,1,440,10.0481510162354
Distill25_0.25,1,440,15.1658058166504
Distill50_0.25,1,440,14.8937702178955
Distill25_1.0,1,440,7.71999359130859
Distill25_0.1,1,440,15.7778263092041
Distill25_0.5,1,440,15.8388614654541
Current,1,440,0.65302848815918
CE_control_0.1,1,440,16.6950225830078
CE_control_0.25,1,440,16.1211490631104
Distill50_0.1,1,440,17.1840190887451
Distill50_0.5,1,440,15.7890319824219
Distill25_1.0,2,67,11.8279457092285
Distill25_0.1,2,67,21.373987197876
Distill25_0.25,2,67,22.7248668670654
Current,2,67,2.98118591308594
Distill50_0.1,2,67,24.3971347808838
Distill50_0.25,2,67,20.1339721679688
CE_control_0.5,2,67,21.806001663208
Distill50_0.5,2,67,20.3781127929688
CE_control_1.0,2,67,10.1799964904785
Distill50_1.0,2,67,10.7731819152832
CE_control_0.25,2,67,21.1570262908936
CE_control_0.1,2,67,22.7730274200439
Distill25_0.5,2,67,21.7640399932861
Distill50_1.0,1,450,8.29696655273438
CE_control_0.25,1,450,19.6130275726318
CE_control_1.0,1,450,9.25707817077637
Distill25_0.1,1,450,21.4548110961914
Distill25_1.0,1,450,7.76004791259766
CE_control_0.5,1,450,19.1748142242432
CE_control_0.1,1,450,19.6750164031982
Distill25_0.5,1,450,20.4019546508789
Distill50_0.5,1,450,19.6759700775146
Distill50_0.25,1,450,19.197940826416
Distill50_0.1,1,450,19.9031829833984
Current,1,450,0.700950622558594
Distill25_0.25,1,450,21.812915802002
Distill25_0.1,3,383,16.7608261108398
CE_control_0.1,3,383,17.5859928131104
CE_control_0.5,3,383,16.9658660888672
Distill25_1.0,3,383,8.40091705322266
Distill50_0.25,3,383,18.9929008483887
Distill50_0.5,3,383,18.0308818817139
Distill25_0.5,3,383,17.5628662109375
Distill50_0.1,3,383,17.6429748535156
Distill25_0.25,3,383,17.0459747314453
Distill50_1.0,3,383,8.17513465881348
Current,3,383,1.32489204406738
CE_control_0.25,3,383,18.0490016937256
CE_control_1.0,3,383,21.8391418457031
Distill25_0.1,2,312,17.2069072723389
Distill25_1.0,2,312,7.35282897949219
Current,2,312,0.892877578735352
Distill50_1.0,2,312,8.84890556335449
CE_control_0.5,2,312,17.1678066253662
CE_control_0.25,2,312,17.2250270843506
Distill50_0.1,2,312,16.2570476531982
CE_control_0.1,2,312,16.984224319458
CE_control_1.0,2,312,7.81798362731934
Distill25_0.25,2,312,17.5340175628662
Distill50_0.25,2,312,16.5848731994629
Distill50_0.5,2,312,16.9720649719238
Distill25_0.5,2,312,16.8130397796631
Distill25_0.1,3,32,16.3259506225586
Distill25_0.5,3,32,16.5641307830811
Distill25_1.0,3,32,9.35101509094238
Distill50_0.5,3,32,17.8160667419434
Distill25_0.25,3,32,18.455982208252
CE_control_0.25,3,32,17.301082611084
CE_control_1.0,3,32,10.0760459899902
CE_control_0.5,3,32,17.9731845855713
CE_control_0.1,3,32,17.9140567779541
Distill50_0.1,3,32,18.0249214172363
Current,3,32,0.823974609375
Distill50_1.0,3,32,9.95206832885742
Distill50_0.25,3,32,24.1999626159668
Distill25_1.0,2,122,7.96604156494141
CE_control_0.25,2,122,18.6529159545898
Distill25_0.1,2,122,19.7989940643311
CE_control_0.1,2,122,19.1559791564941
Current,2,122,0.793933868408203
Distill25_0.5,2,122,18.2321071624756
CE_control_0.5,2,122,18.1539058685303
Distill25_0.25,2,122,18.0230140686035
Distill50_0.1,2,122,31.5251350402832
Distill50_1.0,2,122,8.80289077758789
Distill50_0.25,2,122,19.4218158721924
Distill50_0.5,2,122,19.7811126708984
CE_control_1.0,2,122,8.80885124206543
Distill25_1.0,3,200,11.0228061676025
Distill50_0.5,3,200,19.2370414733887
CE_control_1.0,3,200,10.8890533447266
CE_control_0.5,3,200,17.6229476928711
Distill50_0.25,3,200,19.3190574645996
Distill50_1.0,3,200,11.9831562042236
Current,3,200,0.844955444335938
CE_control_0.1,3,200,19.4010734558105
Distill50_0.1,3,200,21.17919921875
Distill25_0.25,3,200,18.6800956726074
CE_control_0.25,3,200,18.6560153961182
Distill25_0.5,3,200,19.5848941802979
Distill25_0.1,3,200,19.8647975921631
Distill25_0.25,1,536,17.2140598297119
Distill25_0.1,1,536,17.1549320220947
Current,1,536,0.944137573242188
CE_control_0.25,1,536,17.7450180053711
Distill25_1.0,1,536,9.06801223754883
Distill50_1.0,1,536,8.3928108215332
Distill50_0.5,1,536,16.6938304901123
CE_control_0.1,1,536,16.4480209350586
CE_control_0.5,1,536,16.5340900421143
Distill50_0.1,1,536,16.6881084442139
Distill50_0.25,1,536,15.9621238708496
CE_control_1.0,1,536,8.66198539733887
Distill25_0.5,1,536,15.9518718719482
Distill25_0.1,1,314,17.3451900482178
Distill25_1.0,1,314,9.91106033325195
CE_control_0.5,1,314,17.4460411071777
Distill50_1.0,1,314,9.25898551940918
Distill50_0.1,1,314,29.6788215637207
CE_control_1.0,1,314,10.9322071075439
CE_control_0.25,1,314,17.4570083618164
Distill25_0.5,1,314,16.4539813995361
Distill25_0.25,1,314,16.549825668335
Current,1,314,0.914096832275391
Distill50_0.5,1,314,15.3570175170898
Distill50_0.25,1,314,15.3238773345947
CE_control_0.1,1,314,16.1209106445313
CE_control_0.1,2,180,14.9078369140625
CE_control_1.0,2,180,6.99305534362793
Distill25_0.5,2,180,16.1690711975098
Distill50_1.0,2,180,9.20605659484863
Distill50_0.25,2,180,15.2509212493896
Distill50_0.1,2,180,15.535831451416
CE_control_0.5,2,180,16.8650150299072
Distill25_0.1,2,180,17.2708034515381
Distill25_1.0,2,180,8.16702842712402
CE_control_0.25,2,180,17.9309844970703
Current,2,180,1.2819766998291
Distill50_0.5,2,180,17.7597999572754
Distill25_0.25,2,180,17.8968906402588
Distill50_0.5,2,102,18.5089111328125
Distill25_0.25,2,102,18.6400413513184
Current,2,102,0.684022903442383
Distill50_0.1,2,102,18.9158916473389
Distill50_0.25,2,102,19.6840763092041
CE_control_1.0,2,102,11.0039710998535
Distill25_0.5,2,102,18.7070369720459
Distill25_0.1,2,102,19.8688507080078
CE_control_0.1,2,102,21.4030742645264
Distill25_1.0,2,102,9.88912582397461
Distill50_1.0,2,102,10.6759071350098
CE_control_0.5,2,102,19.0930366516113
CE_control_0.25,2,102,18.9039707183838
Distill25_1.0,3,358,9.49716567993164
Distill50_1.0,3,358,8.61120223999023
Distill25_0.5,3,358,19.3400382995605
CE_control_0.5,3,358,18.218994140625
Current,3,358,1.08218193054199
Distill50_0.5,3,358,16.3841247558594
Distill25_0.25,3,358,16.3991451263428
Distill50_0.1,3,358,16.1700248718262
CE_control_0.1,3,358,18.517017364502
Distill50_0.25,3,358,17.2510147094727
CE_control_1.0,3,358,8.7590217590332
CE_control_0.25,3,358,15.2041912078857
Distill25_0.1,3,358,15.3639316558838
Distill25_0.1,3,66,18.9650058746338
CE_control_0.25,3,66,18.9731121063232
CE_control_0.1,3,66,22.3441123962402
Distill25_0.25,3,66,20.8570957183838
Distill50_0.25,3,66,20.1191902160645
CE_control_0.5,3,66,20.543098449707
Current,3,66,1.08098983764648
Distill50_0.1,3,66,21.2600231170654
Distill50_0.5,3,66,20.3430652618408
Distill25_1.0,3,66,10.6468200683594
Distill25_0.5,3,66,20.3189849853516
Distill50_1.0,3,66,10.2438926696777
CE_control_1.0,3,66,10.5659961700439
Current,3,442,0.834941864013672
CE_control_0.1,3,442,16.3300037384033
Distill50_1.0,3,442,8.53109359741211
CE_control_0.5,3,442,17.099142074585
Distill25_0.5,3,442,17.4839496612549
Distill25_0.25,3,442,17.2591209411621
Distill25_1.0,3,442,8.25691223144531
Distill25_0.1,3,442,17.8461074829102
Distill50_0.25,3,442,18.0439949035645
Distill50_0.5,3,442,17.4441337585449
CE_control_1.0,3,442,8.28003883361816
CE_control_0.25,3,442,17.333984375
Distill50_0.1,3,442,16.5398120880127
CE_control_1.0,1,364,7.82394409179688
Distill25_1.0,1,364,9.6127986907959
Distill50_0.1,1,364,17.0531272888184
Current,1,364,0.779151916503906
Distill50_0.5,1,364,16.8418884277344
Distill25_0.5,1,364,17.6980495452881
CE_control_0.1,1,364,18.6679363250732
Distill25_0.1,1,364,20.3819274902344
CE_control_0.25,1,364,17.3470973968506
Distill25_0.25,1,364,17.80104637146
Distill50_0.25,1,364,18.8999176025391
CE_control_0.5,1,364,16.7679786682129
Distill50_1.0,1,364,7.68804550170898
Distill50_1.0,3,368,9.0639591217041
Distill25_0.1,3,368,14.0459537506104
Current,3,368,0.772953033447266
CE_control_0.25,3,368,13.8258934020996
Distill25_0.25,3,368,14.5101547241211
CE_control_0.1,3,368,16.0009860992432
Distill25_0.5,3,368,16.826868057251
CE_control_0.5,3,368,16.1409378051758
CE_control_1.0,3,368,9.6580982208252
Distill50_0.5,3,368,15.9687995910645
Distill50_0.1,3,368,16.2379741668701
Distill25_1.0,3,368,9.90009307861328
Distill50_0.25,3,368,16.3638591766357
Distill25_0.25,3,550,15.6068801879883
Distill25_0.1,3,550,16.7911052703857
Distill50_0.25,3,550,16.1080360412598
Distill50_0.1,3,550,16.8640613555908
CE_control_0.25,3,550,15.0821208953857
CE_control_0.1,3,550,14.7161483764648
Distill50_1.0,3,550,8.86106491088867
Distill50_0.5,3,550,15.2711868286133
Current,3,550,0.662088394165039
CE_control_1.0,3,550,8.31508636474609
CE_control_0.5,3,550,29.2279720306397
Distill25_1.0,3,550,10.1869106292725
Distill25_0.5,3,550,14.3399238586426
CE_control_0.5,2,10,17.3602104187012
Distill25_0.1,2,10,17.5271034240723
CE_control_0.25,2,10,18.9049243927002
CE_control_0.1,2,10,19.4268226623535
Distill50_0.1,2,10,20.0259685516357
Distill25_1.0,2,10,9.83405113220215
Distill50_0.25,2,10,21.6729640960693
Distill25_0.25,2,10,19.3579196929932
Distill50_1.0,2,10,8.81385803222656
CE_control_1.0,2,10,11.350154876709
Current,2,10,0.855922698974609
Distill25_0.5,2,10,18.5918807983398
Distill50_0.5,2,10,19.4549560546875
Current,1,321,1.14798545837402
CE_control_0.1,1,321,17.7290439605713
Distill25_1.0,1,321,10.8888149261475
CE_control_1.0,1,321,10.3440284729004
Distill50_1.0,1,321,8.98289680480957
Distill25_0.25,1,321,17.9519653320313
Distill50_0.25,1,321,16.4480209350586
Distill50_0.1,1,321,16.5228843688965
Distill50_0.5,1,321,16.3841247558594
CE_control_0.25,1,321,17.085075378418
Distill25_0.1,1,321,18.2380676269531
CE_control_0.5,1,321,16.6537761688232
Distill25_0.5,1,321,16.5820121765137
Distill50_0.5,3,545,16.4470672607422
Distill25_0.25,3,545,17.0350074768066
CE_control_0.1,3,545,17.1051025390625
Distill50_0.1,3,545,16.3969993591309
Current,3,545,0.75078010559082
CE_control_0.25,3,545,27.4500846862793
Distill50_1.0,3,545,8.77499580383301
CE_control_1.0,3,545,8.00704956054688
CE_control_0.5,3,545,16.8650150299072
Distill25_0.5,3,545,16.057014465332
Distill25_0.1,3,545,15.8779621124268
Distill50_0.25,3,545,16.8290138244629
Distill25_1.0,3,545,9.42707061767578
CE_control_0.25,1,524,17.5549983978271
Distill25_0.5,1,524,17.9069042205811
Distill25_1.0,1,524,9.78493690490723
CE_control_0.5,1,524,17.7969932556152
Distill50_1.0,1,524,7.5981616973877
Distill50_0.25,1,524,17.733097076416
Distill25_0.25,1,524,17.6370143890381
CE_control_1.0,1,524,7.94005393981934
Distill25_0.1,1,524,17.7979469299316
Current,1,524,0.741958618164063
Distill50_0.5,1,524,19.38796043396
Distill50_0.1,1,524,19.7579860687256
CE_control_0.1,1,524,20.3690528869629
Distill50_0.1,3,11,18.3660984039307
CE_control_1.0,3,11,8.89396667480469
Distill25_0.5,3,11,17.7640914916992
Current,3,11,0.946998596191406
Distill50_0.5,3,11,18.5818672180176
Distill50_1.0,3,11,9.16504859924316
Distill25_0.25,3,11,17.8070068359375
CE_control_0.5,3,11,17.1210765838623
CE_control_0.1,3,11,18.1488990783691
CE_control_0.25,3,11,17.2820091247559
Distill25_1.0,3,11,8.62693786621094
Distill50_0.25,3,11,19.1829204559326
Distill25_0.1,3,11,18.0761814117432
Distill25_1.0,2,242,9.50789451599121
Distill50_0.25,2,242,17.5461769104004
Distill25_0.5,2,242,16.7679786682129
Distill50_0.5,2,242,28.5170078277588
CE_control_0.1,2,242,15.8219337463379
CE_control_0.5,2,242,15.3048038482666
Distill25_0.25,2,242,14.9741172790527
Distill50_0.1,2,242,14.7161483764648
Distill50_1.0,2,242,9.53292846679688
CE_control_1.0,2,242,11.667013168335
Distill25_0.1,2,242,16.035795211792
CE_control_0.25,2,242,16.1490440368652
Current,2,242,0.686168670654297
CE_control_0.25,2,131,15.7539844512939
CE_control_1.0,2,131,7.75504112243652
Distill25_0.5,2,131,17.8489685058594
CE_control_0.1,2,131,17.5631046295166
Distill50_1.0,2,131,8.61883163452148
Distill25_1.0,2,131,8.32200050354004
Distill50_0.25,2,131,17.8689956665039
Distill50_0.1,2,131,16.3650512695313
Distill25_0.25,2,131,16.03102684021
Distill25_0.1,2,131,15.8119201660156
Current,2,131,1.01304054260254
Distill50_0.5,2,131,16.1380767822266
CE_control_0.5,2,131,16.3669586181641
Distill50_0.25,1,596,17.0600414276123
CE_control_0.25,1,596,17.2500610351563
Distill25_0.1,1,596,16.3700580596924
CE_control_0.1,1,596,15.8579349517822
Distill25_1.0,1,596,7.9958438873291
CE_control_1.0,1,596,9.96017456054688
Current,1,596,0.863075256347656
Distill50_1.0,1,596,8.13484191894531
Distill50_0.5,1,596,18.3010101318359
Distill50_0.1,1,596,17.0750617980957
Distill25_0.5,1,596,16.9970989227295
Distill25_0.25,1,596,16.5779590606689
CE_control_0.5,1,596,16.4129734039307
Distill50_0.5,2,573,18.1610584259033
Distill25_1.0,2,573,7.71093368530273
CE_control_1.0,2,573,20.0769901275635
Distill50_1.0,2,573,14.9199962615967
Distill25_0.25,2,573,18.8109874725342
CE_control_0.1,2,573,17.9040431976318
Distill50_0.25,2,573,17.0769691467285
CE_control_0.5,2,573,16.8371200561523
Current,2,573,0.833988189697266
Distill25_0.5,2,573,16.5998935699463
CE_control_0.25,2,573,18.639087677002
Distill50_0.1,2,573,18.6190605163574
Distill25_0.1,2,573,17.8730487823486
CE_control_0.5,1,126,17.4210071563721
Distill50_1.0,1,126,8.97002220153809
CE_control_1.0,1,126,7.41314888000488
Distill25_1.0,1,126,9.72509384155273
Distill50_0.5,1,126,18.064022064209
Distill50_0.25,1,126,18.0468559265137
CE_control_0.25,1,126,18.1200504302979
Distill25_0.5,1,126,19.1450119018555
Distill25_0.25,1,126,19.5560455322266
Distill50_0.1,1,126,19.2940235137939
Distill25_0.1,1,126,17.9648399353027
Current,1,126,0.704050064086914
CE_control_0.1,1,126,17.423152923584
Distill50_1.0,2,194,7.59100914001465
Current,2,194,1.15489959716797
Distill25_0.1,2,194,15.8219337463379
Distill25_0.25,2,194,15.8529281616211
CE_control_0.1,2,194,15.8758163452148
CE_control_0.25,2,194,15.3601169586182
Distill50_0.1,2,194,15.7890319824219
CE_control_0.5,2,194,15.5751705169678
CE_control_1.0,2,194,9.15098190307617
Distill50_0.25,2,194,15.1419639587402
Distill25_0.5,2,194,14.7800445556641
Distill25_1.0,2,194,8.19206237792969
Distill50_0.5,2,194,15.308141708374
Distill50_0.25,3,299,16.0119533538818
Distill50_0.1,3,299,31.7518711090088
Distill25_1.0,3,299,9.28282737731934
CE_control_0.5,3,299,15.8851146697998
CE_control_1.0,3,299,9.29808616638184
Distill50_1.0,3,299,9.10019874572754
CE_control_0.25,3,299,15.9690380096436
Distill25_0.25,3,299,15.5148506164551
Distill50_0.5,3,299,16.4661407470703
Distill25_0.1,3,299,17.0931816101074
Distill25_0.5,3,299,16.9000625610352
Current,3,299,0.957012176513672
CE_control_0.1,3,299,15.9120559692383
Distill25_1.0,2,57,8.22687149047852
Distill50_0.1,2,57,21.5058326721191
CE_control_0.1,2,57,22.1729278564453
Distill25_0.5,2,57,19.766092300415
Distill50_0.25,2,57,21.291971206665
Distill50_0.5,2,57,21.6851234436035
CE_control_1.0,2,57,8.05401802062988
CE_control_0.5,2,57,20.960807800293
Current,2,57,0.816106796264648
Distill25_0.1,2,57,20.7960605621338
CE_control_0.25,2,57,19.8860168457031
Distill50_1.0,2,57,8.34012031555176
Distill25_0.25,2,57,21.6948986053467
CE_control_0.1,1,400,15.9409046173096
Distill50_1.0,1,400,8.55302810668945
CE_control_0.5,1,400,17.0900821685791
Distill25_0.5,1,400,17.6258087158203
Distill25_0.1,1,400,16.8390274047852
Current,1,400,0.820159912109375
Distill50_0.5,1,400,15.7721042633057
Distill25_1.0,1,400,9.42206382751465
Distill25_0.25,1,400,16.3099765777588
CE_control_0.25,1,400,16.9351100921631
Distill50_0.1,1,400,16.6699886322021
CE_control_1.0,1,400,10.1499557495117
Distill50_0.25,1,400,16.2649154663086
Distill50_0.25,1,229,32.3100090026855
Distill25_0.5,1,229,18.8989639282227
CE_control_0.25,1,229,18.9321041107178
CE_control_0.5,1,229,21.6472148895264
Distill50_1.0,1,229,11.448860168457
Distill50_0.1,1,229,20.0390815734863
CE_control_1.0,1,229,10.991096496582
CE_control_0.1,1,229,18.7191963195801
Distill25_0.1,1,229,19.0999507904053
Current,1,229,0.771999359130859
Distill50_0.5,1,229,20.4780101776123
Distill25_0.25,1,229,17.8408622741699
Distill25_1.0,1,229,9.17983055114746
Distill25_1.0,2,21,8.42404365539551
CE_control_0.25,2,21,15.2537822723389
Current,2,21,0.895023345947266
Distill25_0.25,2,21,15.510082244873
Distill50_0.5,2,21,15.9399509429932
Distill25_0.1,2,21,16.261100769043
Distill25_0.5,2,21,17.4820423126221
Distill50_1.0,2,21,7.79390335083008
CE_control_1.0,2,21,9.34004783630371
Distill50_0.25,2,21,16.86692237854
CE_control_0.1,2,21,16.3941383361816
Distill50_0.1,2,21,16.2479877471924
CE_control_0.5,2,21,16.2868499755859
CE_control_0.5,1,423,17.4880027770996
Distill25_0.25,1,423,18.0408954620361
CE_control_0.1,1,423,17.5590515136719
CE_control_1.0,1,423,8.54396820068359
Distill50_1.0,1,423,8.40592384338379
Distill25_0.1,1,423,18.57590675354
Current,1,423,0.704050064086914
Distill50_0.25,1,423,18.6831951141357
Distill25_0.5,1,423,18.8610553741455
CE_control_0.25,1,423,18.6359882354736
Distill25_1.0,1,423,7.79604911804199
Distill50_0.1,1,423,29.325008392334
Distill50_0.5,1,423,17.164945602417
Distill25_0.25,2,502,14.4491195678711
Distill50_1.0,2,502,8.59689712524414
Distill25_0.1,2,502,15.0070190429688
CE_control_0.1,2,502,15.1081085205078
Distill50_0.5,2,502,16.226053237915
Current,2,502,0.79798698425293
Distill25_0.5,2,502,15.8810615539551
CE_control_1.0,2,502,9.53984260559082
Distill25_1.0,2,502,7.7660083770752
CE_control_0.25,2,502,15.2149200439453
Distill50_0.25,2,502,15.3679847717285
CE_control_0.5,2,502,14.2848491668701
Distill50_0.1,2,502,14.4290924072266
Distill50_0.5,2,35,16.5450572967529
Distill50_0.1,2,35,16.8089866638184
Distill25_0.25,2,35,16.6709423065186
CE_control_0.25,2,35,17.798900604248
Distill25_0.1,2,35,18.8179016113281
Distill50_1.0,2,35,10.4670524597168
Distill25_1.0,2,35,9.05609130859375
CE_control_1.0,2,35,10.0369453430176
Current,2,35,0.867843627929688
CE_control_0.1,2,35,17.7958011627197
Distill25_0.5,2,35,19.874095916748
Distill50_0.25,2,35,18.2590484619141
CE_control_0.5,2,35,17.9140567779541
Distill25_0.5,1,481,19.3829536437988
Distill25_0.25,1,481,20.7099914550781
Distill25_0.1,1,481,22.536039352417
CE_control_0.25,1,481,21.975040435791
CE_control_1.0,1,481,8.96406173706055
Distill50_0.5,1,481,22.3870277404785
CE_control_0.1,1,481,20.8258628845215
Distill25_1.0,1,481,8.2249641418457
Distill50_0.1,1,481,21.1479663848877
Distill50_0.25,1,481,33.0479145050049
CE_control_0.5,1,481,18.7911987304688
Current,1,481,0.916004180908203
Distill50_1.0,1,481,8.33702087402344
Distill25_0.1,3,166,16.1929130554199
CE_control_1.0,3,166,8.60095024108887
Distill50_0.1,3,166,14.7209167480469
Distill25_1.0,3,166,8.45503807067871
CE_control_0.25,3,166,16.8168544769287
Distill50_0.5,3,166,15.7661437988281
Distill50_1.0,3,166,9.05919075012207
CE_control_0.1,3,166,15.2029991149902
CE_control_0.5,3,166,14.4510269165039
Current,3,166,0.751018524169922
Distill25_0.25,3,166,14.1680240631104
Distill25_0.5,3,166,13.7670040130615
Distill50_0.25,3,166,14.3449306488037
Distill25_1.0,1,56,8.51583480834961
Distill50_0.5,1,56,17.2109603881836
CE_control_0.5,1,56,17.1799659729004
Distill50_0.25,1,56,18.233060836792
Distill50_0.1,1,56,18.7990665435791
Distill25_0.1,1,56,20.2178955078125
Current,1,56,0.854969024658203
Distill25_0.25,1,56,18.3191299438477
Distill25_0.5,1,56,17.9500579833984
Distill50_1.0,1,56,8.20612907409668
CE_control_0.25,1,56,19.2999839782715
CE_control_1.0,1,56,8.35299491882324
CE_control_0.1,1,56,17.4121856689453
Distill50_0.25,3,140,17.3068046569824
Distill50_0.1,3,140,17.7128314971924
Distill25_1.0,3,140,9.66095924377441
Distill25_0.25,3,140,16.7930126190186
CE_control_0.25,3,140,17.8399085998535
Distill25_0.5,3,140,17.2150135040283
CE_control_0.1,3,140,17.17209815979
CE_control_0.5,3,140,17.1558856964111
Distill50_1.0,3,140,8.81218910217285
Distill25_0.1,3,140,17.4310207366943
CE_control_1.0,3,140,20.751953125
Current,3,140,1.27387046813965
Distill50_0.5,3,140,15.8190727233887
CE_control_0.5,3,379,14.5220756530762
Distill25_0.1,3,379,15.1338577270508
CE_control_0.25,3,379,14.3749713897705
Distill50_0.5,3,379,14.3699645996094
Distill50_1.0,3,379,7.83705711364746
CE_control_0.1,3,379,15.8350467681885
Distill25_1.0,3,379,8.8038444519043
CE_control_1.0,3,379,7.78889656066895
Distill25_0.25,3,379,15.0570869445801
Current,3,379,0.730991363525391
Distill50_0.25,3,379,14.2421722412109
Distill50_0.1,3,379,19.7649002075195
Distill25_0.5,3,379,14.4391059875488
Current,3,217,0.730991363525391
Distill50_0.1,3,217,15.4759883880615
CE_control_0.1,3,217,15.355110168457
CE_control_1.0,3,217,8.48603248596191
Distill50_1.0,3,217,9.24897193908691
CE_control_0.5,3,217,16.4170265197754
Distill25_1.0,3,217,9.1099739074707
Distill50_0.25,3,217,16.0260200500488
CE_control_0.25,3,217,16.9129371643066
Distill25_0.5,3,217,15.8607959747314
Distill50_0.5,3,217,16.2060260772705
Distill25_0.25,3,217,16.8020725250244
Distill25_0.1,3,217,16.5870189666748
CE_control_0.5,3,210,18.9049243927002
CE_control_0.1,3,210,19.2351341247559
CE_control_0.25,3,210,19.0558433532715
Distill50_0.25,3,210,20.906925201416
CE_control_1.0,3,210,10.4250907897949
Distill25_0.1,3,210,18.2499885559082
Distill25_1.0,3,210,9.43088531494141
Current,3,210,0.846147537231445
Distill25_0.25,3,210,16.8430805206299
Distill50_0.1,3,210,18.017053604126
Distill25_0.5,3,210,29.4039249420166
Distill50_1.0,3,210,9.01699066162109
Distill50_0.5,3,210,18.0089473724365
Distill50_0.5,3,306,16.7078971862793
Distill50_0.25,3,306,17.2820091247559
CE_control_1.0,3,306,8.57710838317871
Distill50_0.1,3,306,15.4750347137451
Distill25_0.1,3,306,16.5858268737793
Current,3,306,0.749111175537109
Distill25_0.5,3,306,15.923023223877
Distill25_0.25,3,306,15.9361362457275
Distill50_1.0,3,306,9.23490524291992
Distill25_1.0,3,306,8.21590423583984
CE_control_0.25,3,306,14.9970054626465
CE_control_0.1,3,306,15.7549381256104
CE_control_0.5,3,306,15.0609016418457
CE_control_0.25,3,5,18.2778835296631
Distill50_0.1,3,5,17.808198928833
Distill25_0.5,3,5,17.9409980773926
Distill50_1.0,3,5,10.9848976135254
Distill25_1.0,3,5,9.78302955627441
Distill25_0.25,3,5,18.0799961090088
CE_control_0.5,3,5,17.8399085998535
Current,3,5,0.952959060668945
Distill50_0.5,3,5,18.2640552520752
CE_control_1.0,3,5,8.96692276000977
Distill50_0.25,3,5,18.4550285339355
Distill25_0.1,3,5,18.3467864990234
CE_control_0.1,3,5,18.0990695953369
CE_control_1.0,3,276,10.2589130401611
Distill50_0.25,3,276,17.3671245574951
Current,3,276,0.721931457519531
CE_control_0.5,3,276,16.887903213501
CE_control_0.1,3,276,16.1948204040527
Distill25_0.1,3,276,17.2860622406006
CE_control_0.25,3,276,17.0540809631348
Distill50_0.1,3,276,27.472972869873
Distill25_1.0,3,276,10.5299949645996
Distill25_0.25,3,276,19.0060138702393
Distill25_0.5,3,276,19.1090106964111
Distill50_0.5,3,276,16.9358253479004
Distill50_1.0,3,276,11.214017868042
CE_control_0.1,2,211,21.4669704437256
CE_control_1.0,2,211,10.6329917907715
Distill25_0.25,2,211,16.8869495391846
Distill25_1.0,2,211,8.70585441589356
Distill50_1.0,2,211,8.79120826721191
Distill50_0.5,2,211,15.3310298919678
Distill25_0.1,2,211,15.7990455627441
Distill50_0.1,2,211,16.7191028594971
Distill50_0.25,2,211,17.488956451416
Distill25_0.5,2,211,17.5979137420654
CE_control_0.25,2,211,16.8380737304688
CE_control_0.5,2,211,17.8110599517822
Current,2,211,0.764846801757813
Distill50_0.5,2,311,18.528938293457
Distill50_0.1,2,311,18.3131694793701
Distill50_0.25,2,311,18.3298587799072
CE_control_0.1,2,311,18.7699794769287
Distill25_0.25,2,311,18.0478096008301
Distill25_1.0,2,311,10.2019309997559
Distill50_1.0,2,311,10.0898742675781
Distill25_0.5,2,311,17.7469253540039
CE_control_0.25,2,311,17.7121162414551
CE_control_1.0,2,311,11.681079864502
CE_control_0.5,2,311,17.7810192108154
Current,2,311,0.688076019287109
Distill25_0.1,2,311,17.4429416656494
Distill25_0.25,2,220,18.7938213348389
CE_control_1.0,2,220,22.9310989379883
CE_control_0.1,2,220,17.2111988067627
Distill50_1.0,2,220,10.2419853210449
Distill25_1.0,2,220,9.83881950378418
Distill50_0.25,2,220,17.8298950195313
Current,2,220,1.64794921875
CE_control_0.5,2,220,19.8469161987305
Distill50_0.5,2,220,17.815113067627
Distill50_0.1,2,220,17.9078578948975
CE_control_0.25,2,220,17.7280902862549
Distill25_0.5,2,220,17.2710418701172
Distill25_0.1,2,220,17.6620483398438
Distill50_1.0,1,570,8.04996490478516
Current,1,570,0.929832458496094
Distill25_0.25,1,570,17.1771049499512
Distill25_1.0,1,570,8.97407531738281
Distill25_0.1,1,570,16.636848449707
Distill50_0.1,1,570,16.6609287261963
CE_control_0.25,1,570,16.6580677032471
CE_control_1.0,1,570,8.42714309692383
Distill50_0.5,1,570,18.0890560150146
Distill50_0.25,1,570,17.9679393768311
CE_control_0.1,1,570,17.2808170318604
CE_control_0.5,1,570,16.3509845733643
Distill25_0.5,1,570,20.0910568237305
CE_control_0.1,3,129,20.7338333129883
CE_control_0.25,3,129,20.942211151123
Distill25_0.25,3,129,19.7179317474365
Distill50_0.5,3,129,20.2219486236572
Current,3,129,0.788211822509766
Distill25_0.1,3,129,20.1501846313477
Distill25_0.5,3,129,24.4810581207275
Distill50_0.25,3,129,19.866943359375
CE_control_1.0,3,129,8.45503807067871
CE_control_0.5,3,129,20.927906036377
Distill50_1.0,3,129,8.53705406188965
Distill25_1.0,3,129,22.852897644043
Distill50_0.1,3,129,18.287181854248
CE_control_1.0,3,7,10.8768939971924
Distill25_0.1,3,7,21.3689804077148
Distill25_0.5,3,7,19.3090438842773
Distill50_0.25,3,7,20.5321311950684
CE_control_0.5,3,7,22.5889682769775
Distill50_0.5,3,7,21.1160182952881
CE_control_0.25,3,7,20.2150344848633
CE_control_0.1,3,7,21.5210914611816
Distill50_1.0,3,7,10.9460353851318
Distill25_0.25,3,7,22.8180885314941
Distill50_0.1,3,7,22.3350524902344
Distill25_1.0,3,7,9.28497314453125
Current,3,7,0.967025756835938
Distill25_1.0,1,72,8.55708122253418
Distill50_0.25,1,72,15.5138969421387
Distill25_0.1,1,72,14.7860050201416
Distill50_0.1,1,72,13.6780738830566
CE_control_0.25,1,72,12.9489898681641
CE_control_1.0,1,72,8.58306884765625
Distill25_0.5,1,72,13.3512020111084
Distill50_0.5,1,72,13.1008625030518
CE_control_0.5,1,72,12.8238201141357
CE_control_0.1,1,72,13.6399269104004
Current,1,72,0.671148300170898
Distill25_0.25,1,72,14.2860412597656
Distill50_1.0,1,72,9.54580307006836
CE_control_1.0,1,497,9.04703140258789
Distill25_0.1,1,497,18.5508728027344
CE_control_0.25,1,497,17.0907974243164
Distill50_1.0,1,497,8.71109962463379
Current,1,497,0.830888748168945
Distill25_0.25,1,497,17.0300006866455
Distill50_0.25,1,497,18.1069374084473
Distill25_0.5,1,497,19.0279483795166
Distill50_0.1,1,497,29.1428565979004
Distill50_0.5,1,497,18.1708335876465
CE_control_0.1,1,497,17.2889232635498
Distill25_1.0,1,497,10.2310180664063
CE_control_0.5,1,497,17.6079273223877
CE_control_1.0,3,86,9.98902320861816
CE_control_0.5,3,86,16.9548988342285
Current,3,86,0.81181526184082
CE_control_0.25,3,86,17.3079967498779
Distill25_0.5,3,86,17.5399780273438
Distill50_1.0,3,86,9.37104225158691
Distill25_0.1,3,86,17.4438953399658
Distill25_1.0,3,86,9.05704498291016
Distill25_0.25,3,86,18.0590152740479
Distill50_0.5,3,86,19.1209316253662
Distill50_0.25,3,86,18.8419818878174
Distill50_0.1,3,86,19.420862197876
CE_control_0.1,3,86,17.5189971923828
CE_control_0.25,3,521,14.7731304168701
Distill50_1.0,3,521,7.843017578125
Distill25_1.0,3,521,10.0200176239014
CE_control_0.1,3,521,15.5339241027832
CE_control_0.5,3,521,15.21897315979
Distill25_0.5,3,521,16.4179801940918
CE_control_1.0,3,521,8.99004936218262
Distill50_0.1,3,521,16.1759853363037
Distill50_0.5,3,521,17.0860290527344
Distill25_0.25,3,521,16.3061618804932
Distill25_0.1,3,521,23.1850147247314
Current,3,521,0.804901123046875
Distill50_0.25,3,521,16.1919593811035
CE_control_0.1,2,27,19.658088684082
Distill25_0.5,2,27,20.3561782836914
CE_control_0.5,2,27,21.9638347625732
Distill50_0.1,2,27,20.6730365753174
Distill50_0.5,2,27,31.7120552062988
Distill50_0.25,2,27,19.3469524383545
Distill50_1.0,2,27,8.86797904968262
Distill25_1.0,2,27,9.38701629638672
Current,2,27,0.854969024658203
CE_control_1.0,2,27,8.64911079406738
CE_control_0.25,2,27,20.0860500335693
Distill25_0.1,2,27,18.8298225402832
Distill25_0.25,2,27,19.7641849517822
Distill50_1.0,3,220,11.6899013519287
Distill50_0.5,3,220,19.2201137542725
CE_control_0.1,3,220,19.2470550537109
Distill25_0.5,3,220,20.021915435791
CE_control_0.5,3,220,17.6610946655273
CE_control_0.25,3,220,17.7061557769775
Distill25_1.0,3,220,9.40895080566406
Distill25_0.1,3,220,18.712043762207
Current,3,220,0.815153121948242
Distill50_0.1,3,220,18.5558795928955
CE_control_1.0,3,220,9.95588302612305
Distill50_0.25,3,220,21.2681293487549
Distill25_0.25,3,220,19.0000534057617
Distill50_0.25,3,354,17.9369449615479
CE_control_0.1,3,354,17.4610614776611
Current,3,354,0.799894332885742
Distill50_0.1,3,354,16.7608261108398
Distill25_0.25,3,354,18.1729793548584
CE_control_0.25,3,354,16.3722038269043
CE_control_0.5,3,354,16.6010856628418
Distill50_0.5,3,354,18.7208652496338
Distill50_1.0,3,354,9.03511047363281
Distill25_1.0,3,354,13.4041309356689
Distill25_0.1,3,354,17.8098678588867
Distill25_0.5,3,354,17.11106300354
CE_control_1.0,3,354,8.32295417785645
Distill50_0.25,1,544,27.2901058197022
Current,1,544,1.10888481140137
CE_control_1.0,1,544,7.97390937805176
Distill25_0.25,1,544,16.5162086486816
CE_control_0.5,1,544,16.118049621582
Distill25_0.1,1,544,17.2109603881836
Distill50_1.0,1,544,9.32216644287109
Distill50_0.5,1,544,15.6619548797607
CE_control_0.25,1,544,16.1340236663818
Distill25_0.5,1,544,15.6118869781494
CE_control_0.1,1,544,16.2110328674316
Distill25_1.0,1,544,8.71586799621582
Distill50_0.1,1,544,15.8569812774658
Distill50_0.5,3,585,17.0190334320068
CE_control_0.25,3,585,17.4248218536377
CE_control_0.1,3,585,16.5219306945801
Current,3,585,1.09004974365234
CE_control_1.0,3,585,7.48085975646973
Distill25_0.5,3,585,17.9450511932373
Distill25_0.1,3,585,17.8358554840088
CE_control_0.5,3,585,18.6140537261963
Distill25_1.0,3,585,8.82720947265625
Distill50_0.25,3,585,16.7980194091797
Distill25_0.25,3,585,17.6730155944824
Distill50_1.0,3,585,9.11879539489746
Distill50_0.1,3,585,16.7050361633301
Distill50_0.5,1,120,15.2781009674072
CE_control_0.25,1,120,15.7489776611328
CE_control_1.0,1,120,8.0101490020752
Distill25_0.1,1,120,16.308069229126
Distill50_0.1,1,120,15.3419971466064
Distill50_1.0,1,120,8.47697257995606
Current,1,120,1.1141300201416
CE_control_0.5,1,120,15.0401592254639
Distill25_0.25,1,120,15.9730911254883
Distill25_0.5,1,120,15.9518718719482
CE_control_0.1,1,120,16.2720680236816
Distill50_0.25,1,120,16.5541172027588
Distill25_1.0,1,120,9.54294204711914
Distill50_1.0,1,167,9.30500030517578
Distill50_0.25,1,167,29.1750431060791
Distill25_0.5,1,167,19.0119743347168
Distill25_0.25,1,167,17.4620151519775
CE_control_0.5,1,167,18.1159973144531
Distill50_0.5,1,167,17.2731876373291
CE_control_1.0,1,167,8.77904891967773
CE_control_0.1,1,167,17.4109935760498
Distill25_0.1,1,167,17.98415184021
Distill50_0.1,1,167,16.9529914855957
Distill25_1.0,1,167,7.2479248046875
CE_control_0.25,1,167,18.0280208587646
Current,1,167,0.715017318725586
Distill25_0.1,3,303,16.8600082397461
Distill50_0.5,3,303,17.0221328735352
Distill25_0.25,3,303,16.4380073547363
Distill25_1.0,3,303,8.92782211303711
CE_control_0.5,3,303,16.0601139068604
Current,3,303,0.795125961303711
CE_control_0.25,3,303,16.1449909210205
Distill50_0.1,3,303,16.693115234375
Distill50_1.0,3,303,8.40210914611816
Distill50_0.25,3,303,17.3671245574951
Distill25_0.5,3,303,18.2549953460693
CE_control_0.1,3,303,17.3768997192383
CE_control_1.0,3,303,8.71992111206055
Distill25_0.5,1,478,21.0580825805664
Distill50_0.25,1,478,19.6521282196045
Distill50_1.0,1,478,9.65189933776855
Distill25_1.0,1,478,10.228157043457
CE_control_1.0,1,478,10.4410648345947
Current,1,478,0.986099243164062
Distill50_0.1,1,478,20.0629234313965
CE_control_0.5,1,478,19.6940898895264
CE_control_0.25,1,478,20.9870338439941
Distill25_0.25,1,478,19.6847915649414
Distill25_0.1,1,478,20.2090740203857
CE_control_0.1,1,478,20.2808380126953
Distill50_0.5,1,478,19.3681716918945
Distill50_0.1,3,179,28.925895690918
Distill25_0.25,3,179,15.5198574066162
Distill50_0.25,3,179,15.5470371246338
CE_control_0.25,3,179,15.7051086425781
Current,3,179,0.777006149291992
CE_control_0.1,3,179,15.2349472045898
Distill25_0.1,3,179,16.6099071502686
Distill50_0.5,3,179,16.7410373687744
CE_control_1.0,3,179,8.18610191345215
Distill25_1.0,3,179,9.39512252807617
CE_control_0.5,3,179,17.7700519561768
Distill25_0.5,3,179,16.6499614715576
Distill50_1.0,3,179,7.89403915405273
Distill50_0.1,1,286,17.4291133880615
CE_control_0.1,1,286,17.9128646850586
CE_control_1.0,1,286,8.60500335693359
Distill25_0.5,1,286,18.5720920562744
Distill25_1.0,1,286,10.4761123657227
CE_control_0.5,1,286,17.8890228271484
CE_control_0.25,1,286,18.2509422302246
Distill50_0.5,1,286,20.9741592407227
Distill25_0.1,1,286,19.503116607666
Distill25_0.25,1,286,20.2910900115967
Distill50_1.0,1,286,11.3768577575684
Distill50_0.25,1,286,19.4859504699707
Current,1,286,0.79798698425293
Current,1,280,0.679969787597656
Distill25_1.0,1,280,9.43493843078613
Distill50_0.25,1,280,17.5209045410156
CE_control_0.5,1,280,17.0869827270508
CE_control_0.1,1,280,17.4169540405273
Distill50_0.1,1,280,17.3881053924561
CE_control_0.25,1,280,17.8430080413818
CE_control_1.0,1,280,10.0748538970947
Distill25_0.5,1,280,18.1970596313477
Distill50_1.0,1,280,21.5651988983154
Distill25_0.25,1,280,15.7899856567383
Distill50_0.5,1,280,15.2201652526855
Distill25_0.1,1,280,14.9321556091309
Distill25_0.5,3,110,17.2479152679443
CE_control_1.0,3,110,8.10384750366211
CE_control_0.25,3,110,18.9230442047119
Distill50_0.1,3,110,19.758939743042
Distill50_1.0,3,110,9.09304618835449
Distill25_1.0,3,110,10.5469226837158
Distill50_0.25,3,110,17.9669857025146
Distill25_0.1,3,110,17.8930759429932
Distill50_0.5,3,110,19.3519592285156
Distill25_0.25,3,110,20.4238891601563
CE_control_0.1,3,110,19.8218822479248
CE_control_0.5,3,110,19.6859836578369
Current,3,110,0.829935073852539
Distill50_0.1,3,227,17.7891254425049
Distill25_0.25,3,227,18.5840129852295
Current,3,227,0.695943832397461
CE_control_0.1,3,227,18.2249546051025
CE_control_0.25,3,227,19.4590091705322
CE_control_0.5,3,227,18.3429718017578
Distill25_0.1,3,227,18.618106842041
Distill25_1.0,3,227,8.37087631225586
Distill25_0.5,3,227,18.9599990844727
Distill50_0.5,3,227,18.8829898834229
CE_control_1.0,3,227,9.98282432556152
Distill50_1.0,3,227,10.7159614562988
Distill50_0.25,3,227,17.8678035736084
CE_control_1.0,2,202,8.97002220153809
Distill25_0.1,2,202,21.0449695587158
Distill25_0.5,2,202,18.5089111328125
Distill50_1.0,2,202,9.28902626037598
CE_control_0.25,2,202,30.4059982299805
Distill50_0.1,2,202,19.6688175201416
Distill25_0.25,2,202,17.8999900817871
CE_control_0.5,2,202,18.435001373291
CE_control_0.1,2,202,18.0380344390869
Distill50_0.25,2,202,18.5399055480957
Current,2,202,0.825881958007813
Distill25_1.0,2,202,8.67295265197754
Distill50_0.5,2,202,19.1161632537842
Distill50_1.0,2,147,9.34982299804688
Distill25_0.1,2,147,16.8290138244629
Distill25_1.0,2,147,10.3030204772949
Current,2,147,0.869035720825195
Distill50_0.5,2,147,15.7170295715332
Distill25_0.5,2,147,15.7680511474609
CE_control_0.1,2,147,15.9251689910889
Distill50_0.1,2,147,14.6667957305908
Distill25_0.25,2,147,14.9850845336914
CE_control_0.25,2,147,15.2039527893066
CE_control_0.5,2,147,16.139030456543
CE_control_1.0,2,147,9.66501235961914
Distill50_0.25,2,147,18.9418792724609
Distill25_1.0,2,306,10.1368427276611
Distill50_0.5,2,306,17.1468257904053
Distill50_0.25,2,306,16.8540477752686
Distill50_0.1,2,306,17.1329975128174
Distill25_0.25,2,306,17.2281265258789
Distill25_0.5,2,306,16.793966293335
Current,2,306,0.853061676025391
CE_control_1.0,2,306,10.1778507232666
CE_control_0.1,2,306,18.3849334716797
CE_control_0.5,2,306,17.024040222168
CE_control_0.25,2,306,15.9049034118652
Distill50_1.0,2,306,8.59713554382324
Distill25_0.1,2,306,16.5741443634033
Distill50_0.5,3,218,26.8840789794922
Distill25_0.5,3,218,16.6969299316406
CE_control_0.25,3,218,17.3580646514893
Distill50_1.0,3,218,9.51290130615234
CE_control_1.0,3,218,8.0559253692627
Distill25_0.1,3,218,16.4399147033691
Distill50_0.1,3,218,17.1749591827393
Distill25_0.25,3,218,16.5150165557861
CE_control_0.1,3,218,17.8217887878418
Distill50_0.25,3,218,17.7829265594482
CE_control_0.5,3,218,16.4940357208252
Distill25_1.0,3,218,8.48913192749023
Current,3,218,0.926971435546875
Distill50_0.1,3,135,18.8078880310059
Distill50_0.25,3,135,19.2110538482666
Distill25_0.25,3,135,18.0099010467529
CE_control_1.0,3,135,10.2598667144775
Distill50_0.5,3,135,19.7949409484863
CE_control_0.25,3,135,17.9400444030762
Current,3,135,0.952959060668945
Distill25_0.5,3,135,18.8009738922119
CE_control_0.5,3,135,19.1650390625
Distill50_1.0,3,135,11.6560459136963
Distill25_0.1,3,135,20.319938659668
Distill25_1.0,3,135,11.3739967346191
CE_control_0.1,3,135,19.4180011749268
Distill25_1.0,2,408,7.69996643066406
Distill25_0.5,2,408,17.6551342010498
Distill25_0.1,2,408,17.4050331115723
CE_control_0.25,2,408,17.5981521606445
Current,2,408,1.00994110107422
Distill25_0.25,2,408,16.7219638824463
CE_control_0.1,2,408,15.9931182861328
CE_control_0.5,2,408,16.312837600708
Distill50_0.5,2,408,29.2270183563232
Distill50_0.1,2,408,17.5340175628662
CE_control_1.0,2,408,8.47411155700684
Distill50_1.0,2,408,7.69805908203125
Distill50_0.25,2,408,15.7430171966553
CE_control_1.0,3,106,9.53006744384766
Distill25_0.1,3,106,16.1690711975098
Distill50_0.25,3,106,16.4389610290527
Distill25_0.5,3,106,16.7210102081299
Distill50_0.5,3,106,15.3031349182129
CE_control_0.5,3,106,15.7549381256104
Distill50_1.0,3,106,9.11402702331543
Current,3,106,0.854015350341797
Distill50_0.1,3,106,16.9720649719238
Distill25_1.0,3,106,8.84819030761719
CE_control_0.1,3,106,15.2890682220459
Distill25_0.25,3,106,15.078067779541
CE_control_0.25,3,106,15.4459476470947
Distill25_0.25,3,249,16.5390968322754
Distill25_0.1,3,249,17.8868770599365
CE_control_0.1,3,249,17.9111957550049
CE_control_0.5,3,249,17.3130035400391
Distill50_0.5,3,249,17.8670883178711
Distill50_0.25,3,249,19.6671485900879
Distill50_0.1,3,249,18.63694190979
Distill50_1.0,3,249,8.63313674926758
CE_control_1.0,3,249,9.79399681091309
Current,3,249,0.833034515380859
CE_control_0.25,3,249,17.3599720001221
Distill25_0.5,3,249,17.9781913757324
Distill25_1.0,3,249,8.83293151855469
Distill25_0.5,3,170,17.258882522583
Distill25_1.0,3,170,9.11402702331543
CE_control_0.25,3,170,17.8909301757813
Distill50_0.1,3,170,17.9510116577148
Distill50_0.5,3,170,19.463062286377
Current,3,170,0.833988189697266
CE_control_0.1,3,170,28.1398296356201
Distill25_0.1,3,170,18.3899402618408
CE_control_0.5,3,170,17.441987991333
Distill50_0.25,3,170,17.1010494232178
Distill25_0.25,3,170,16.5259838104248
Distill50_1.0,3,170,9.7501277923584
CE_control_1.0,3,170,10.4241371154785
Distill25_0.25,2,69,18.3911323547363
Distill50_0.5,2,69,18.3248519897461
Distill50_0.25,2,69,16.171932220459
CE_control_1.0,2,69,8.16893577575684
Distill25_0.5,2,69,17.0481204986572
CE_control_0.1,2,69,16.9048309326172
Distill25_0.1,2,69,17.6739692687988
Distill25_1.0,2,69,8.06117057800293
CE_control_0.5,2,69,17.8658962249756
Distill50_0.1,2,69,18.8219547271729
Distill50_1.0,2,69,9.64903831481934
CE_control_0.25,2,69,17.4939632415771
Current,2,69,0.761985778808594
CE_control_0.25,2,33,22.9249000549316
Distill50_0.5,2,33,21.6209888458252
Distill50_0.25,2,33,20.4610824584961
Distill50_1.0,2,33,11.2969875335693
CE_control_1.0,2,33,12.0940208435059
Distill25_0.1,2,33,20.9288597106934
Distill25_0.5,2,33,20.2658176422119
Current,2,33,0.734090805053711
Distill50_0.1,2,33,21.2430953979492
Distill25_0.25,2,33,22.4831104278564
CE_control_0.5,2,33,21.2409496307373
Distill25_1.0,2,33,11.6190910339355
CE_control_0.1,2,33,22.3119258880615
CE_control_0.25,3,138,16.4649486541748
Current,3,138,1.05094909667969
Distill50_0.5,3,138,15.9268379211426
Distill25_0.5,3,138,15.6500339508057
Distill50_0.1,3,138,16.2458419799805
Distill25_1.0,3,138,7.54117965698242
CE_control_1.0,3,138,10.3509426116943
CE_control_0.1,3,138,16.571044921875
CE_control_0.5,3,138,15.3958797454834
Distill50_1.0,3,138,7.43603706359863
Distill25_0.25,3,138,17.5609588623047
Distill25_0.1,3,138,18.1069374084473
Distill50_0.25,3,138,16.9861316680908
CE_control_0.5,1,542,17.3568725585938
Distill25_0.25,1,542,16.0720348358154
CE_control_0.25,1,542,16.9050693511963
CE_control_0.1,1,542,16.2808895111084
Current,1,542,1.05094909667969
Distill50_0.25,1,542,16.0269737243652
Distill25_0.1,1,542,15.4831409454346
Distill25_1.0,1,542,8.86416435241699
Distill25_0.5,1,542,16.2270069122314
Distill50_0.5,1,542,16.3371562957764
Distill50_0.1,1,542,17.2879695892334
Distill50_1.0,1,542,9.55605506896973
CE_control_1.0,1,542,7.63583183288574
Distill50_0.5,2,126,19.6578502655029
Distill25_0.1,2,126,18.7921524047852
Distill50_1.0,2,126,8.09597969055176
Distill25_0.25,2,126,19.0598964691162
CE_control_1.0,2,126,9.37294960021973
Distill50_0.1,2,126,18.474817276001
Current,2,126,0.805139541625977
CE_control_0.5,2,126,17.6489353179932
Distill25_1.0,2,126,8.64505767822266
CE_control_0.25,2,126,18.2099342346191
Distill50_0.25,2,126,18.0249214172363
CE_control_0.1,2,126,28.2118320465088
Distill25_0.5,2,126,17.9610252380371
CE_control_0.25,3,167,16.9000625610352
CE_control_0.5,3,167,17.0230865478516
CE_control_0.1,3,167,19.8419094085693
Distill50_1.0,3,167,7.82299041748047
Distill25_0.25,3,167,17.988920211792
Distill25_0.5,3,167,17.611026763916
Distill25_0.1,3,167,17.4989700317383
Distill50_0.5,3,167,17.117977142334
CE_control_1.0,3,167,7.09009170532227
Distill50_0.25,3,167,18.7640190124512
Distill25_1.0,3,167,8.52608680725098
Distill50_0.1,3,167,16.4070129394531
Current,3,167,0.774860382080078
Distill50_0.5,2,541,16.8700218200684
CE_control_0.5,2,541,18.4590816497803
CE_control_0.25,2,541,18.0468559265137
Distill25_0.5,2,541,19.5968151092529
Distill25_0.1,2,541,19.1550254821777
CE_control_1.0,2,541,8.02803039550781
CE_control_0.1,2,541,18.4750556945801
Distill50_0.1,2,541,19.8409557342529
Distill50_1.0,2,541,9.11307334899902
Distill25_1.0,2,541,8.15701484680176
Distill25_0.25,2,541,18.8391208648682
Distill50_0.25,2,541,18.0468559265137
Current,2,541,0.704050064086914
CE_control_1.0,1,534,8.98194313049316
Distill50_0.5,1,534,18.0671215057373
Distill50_0.25,1,534,17.7850723266602
Distill50_1.0,1,534,8.61001014709473
Distill25_1.0,1,534,9.34100151062012
CE_control_0.5,1,534,17.6858901977539
CE_control_0.25,1,534,16.8631076812744
Distill25_0.5,1,534,16.9920921325684
Current,1,534,0.803947448730469
Distill25_0.1,1,534,17.6188945770264
Distill25_0.25,1,534,17.2460079193115
CE_control_0.1,1,534,33.14208984375
Distill50_0.1,1,534,17.3399448394775
Distill50_0.5,2,512,14.9548053741455
Distill25_0.1,2,512,15.9001350402832
Distill25_0.25,2,512,14.4891738891602
CE_control_0.5,2,512,14.6381855010986
Distill25_0.5,2,512,14.9581432342529
CE_control_0.25,2,512,16.0012245178223
CE_control_1.0,2,512,8.93092155456543
Distill50_0.25,2,512,17.4589157104492
Distill25_1.0,2,512,9.4599723815918
Distill50_1.0,2,512,7.8279972076416
Current,2,512,0.848054885864258
CE_control_0.1,2,512,15.8908367156982
Distill50_0.1,2,512,15.7151222229004
Distill25_0.1,1,87,20.2479362487793
CE_control_0.25,1,87,18.5549259185791
Current,1,87,0.808954238891602
CE_control_0.1,1,87,18.3780193328857
Distill25_0.5,1,87,18.9111232757568
CE_control_1.0,1,87,8.27789306640625
CE_control_0.5,1,87,19.7570323944092
Distill25_0.25,1,87,19.773006439209
Distill50_0.1,1,87,18.6150074005127
Distill50_0.5,1,87,18.2721614837646
Distill50_0.25,1,87,19.7279453277588
Distill50_1.0,1,87,9.32908058166504
Distill25_1.0,1,87,8.3470344543457
Distill50_0.1,3,195,20.5230712890625
CE_control_0.25,3,195,21.2430953979492
Distill25_0.5,3,195,20.5748081207275
Distill25_0.25,3,195,20.4360485076904
Distill50_1.0,3,195,10.0998878479004
Current,3,195,0.835895538330078
Distill50_0.25,3,195,20.3440189361572
Distill25_0.1,3,195,20.7729339599609
CE_control_0.5,3,195,30.4529666900635
Distill25_1.0,3,195,11.4250183105469
Distill50_0.5,3,195,19.9620723724365
CE_control_1.0,3,195,9.70005989074707
CE_control_0.1,3,195,18.4807777404785
Distill50_0.5,1,552,18.3699131011963
CE_control_0.5,1,552,18.4731483459473
CE_control_0.25,1,552,18.6100006103516
CE_control_0.1,1,552,17.0631408691406
Distill25_0.1,1,552,17.0800685882568
Distill50_0.1,1,552,17.1120166778564
Distill25_0.5,1,552,16.8581008911133
CE_control_1.0,1,552,8.5909366607666
Current,1,552,0.951051712036133
Distill25_0.25,1,552,18.8078880310059
Distill50_0.25,1,552,18.4180736541748
Distill50_1.0,1,552,8.59403610229492
Distill25_1.0,1,552,10.2059841156006
Distill25_1.0,3,176,10.422945022583
Distill50_0.25,3,176,17.7609920501709
Distill50_1.0,3,176,10.7171535491943
CE_control_0.25,3,176,19.7160243988037
CE_control_0.5,3,176,18.6338424682617
Distill25_0.5,3,176,18.3241367340088
Current,3,176,0.88191032409668
CE_control_1.0,3,176,10.1640224456787
Distill25_0.1,3,176,18.6300277709961
Distill25_0.25,3,176,21.1870670318604
Distill50_0.5,3,176,17.5700187683105
CE_control_0.1,3,176,17.1198844909668
Distill50_0.1,3,176,18.1210041046143
Distill50_0.25,1,139,15.4299736022949
Distill25_0.5,1,139,15.0110721588135
Distill25_0.25,1,139,28.9261341094971
CE_control_0.5,1,139,15.3481960296631
Distill50_0.5,1,139,15.5429840087891
Current,1,139,1.02901458740234
Distill25_1.0,1,139,9.16194915771484
CE_control_0.1,1,139,16.5729522705078
CE_control_0.25,1,139,15.9249305725098
Distill50_0.1,1,139,16.2410736083984
CE_control_1.0,1,139,9.33313369750977
Distill50_1.0,1,139,8.43501091003418
Distill25_0.1,1,139,16.793966293335
Distill50_0.1,1,334,19.8979377746582
Distill50_1.0,1,334,8.88299942016602
CE_control_0.25,1,334,15.4128074645996
Distill25_0.25,1,334,15.0809288024902
Distill25_1.0,1,334,7.2779655456543
Distill25_0.1,1,334,16.1540508270264
CE_control_0.5,1,334,16.808032989502
Current,1,334,1.11985206604004
Distill25_0.5,1,334,18.7978744506836
CE_control_1.0,1,334,9.05299186706543
Distill50_0.25,1,334,16.1778926849365
Distill50_0.5,1,334,16.7100429534912
CE_control_0.1,1,334,16.6738033294678
Distill25_0.5,3,131,16.2210464477539
Distill50_0.1,3,131,16.977071762085
CE_control_0.25,3,131,17.719030380249
Distill50_0.5,3,131,18.2349681854248
Distill50_0.25,3,131,17.4360275268555
CE_control_0.1,3,131,17.794132232666
Distill25_0.1,3,131,16.9239044189453
Distill25_1.0,3,131,8.01992416381836
Current,3,131,0.92005729675293
Distill50_1.0,3,131,8.56995582580566
CE_control_1.0,3,131,7.57288932800293
Distill25_0.25,3,131,18.6879634857178
CE_control_0.5,3,131,20.0920104980469
Distill50_0.1,2,338,33.5719585418701
Distill25_0.25,2,338,32.8869819641113
Distill50_0.25,2,338,37.9199981689453
CE_control_0.5,2,338,17.6899433135986
Distill25_0.1,2,338,17.7769660949707
Distill25_0.5,2,338,18.2650089263916
CE_control_1.0,2,338,12.160062789917
Distill25_1.0,2,338,10.249137878418
Distill50_1.0,2,338,10.5259418487549
CE_control_0.1,2,338,18.8109874725342
Current,2,338,0.875949859619141
CE_control_0.25,2,338,17.2090530395508
Distill50_0.5,2,338,17.0671939849854
Current,1,226,0.835895538330078
Distill50_0.25,1,226,17.0118808746338
CE_control_0.1,1,226,16.9119834899902
Distill50_0.1,1,226,17.460823059082
Distill25_0.25,1,226,17.4350738525391
Distill25_0.5,1,226,17.6749229431152
Distill50_0.5,1,226,17.4229145050049
Distill25_0.1,1,226,17.2169208526611
Distill25_1.0,1,226,9.3531608581543
CE_control_0.25,1,226,19.0408229827881
CE_control_1.0,1,226,8.87703895568848
CE_control_0.5,1,226,19.2480087280273
Distill50_1.0,1,226,10.0090503692627
Current,3,546,0.779867172241211
Distill25_0.5,3,546,18.4369087219238
Distill50_0.25,3,546,20.6241607666016
Distill50_0.5,3,546,19.2039012908936
CE_control_1.0,3,546,8.24904441833496
CE_control_0.1,3,546,18.6350345611572
Distill50_0.1,3,546,19.7849273681641
Distill25_1.0,3,546,8.70990753173828
CE_control_0.5,3,546,18.2478427886963
Distill25_0.1,3,546,19.787073135376
Distill25_0.25,3,546,20.0579166412354
Distill50_1.0,3,546,11.6090774536133
CE_control_0.25,3,546,16.9291496276855
Distill50_0.25,1,369,15.8398151397705
Distill50_0.1,1,369,15.1350498199463
CE_control_0.25,1,369,14.976978302002
Distill25_1.0,1,369,8.57996940612793
CE_control_0.5,1,369,15.7120227813721
CE_control_0.1,1,369,16.1211490631104
CE_control_1.0,1,369,9.77492332458496
Distill50_1.0,1,369,9.37891006469727
Distill25_0.1,1,369,16.063928604126
Current,1,369,0.844955444335938
Distill25_0.5,1,369,14.7960186004639
Distill50_0.5,1,369,15.2320861816406
Distill25_0.25,1,369,15.693187713623
Current,3,476,1.02710723876953
Distill50_0.25,3,476,16.7560577392578
Distill25_1.0,3,476,8.40902328491211
Distill50_0.5,3,476,15.6760215759277
Distill50_0.1,3,476,16.5939331054688
Distill50_1.0,3,476,7.90810585021973
Distill25_0.1,3,476,17.4379348754883
CE_control_0.1,3,476,18.3351039886475
Distill25_0.25,3,476,16.7849063873291
CE_control_1.0,3,476,7.98583030700684
CE_control_0.25,3,476,17.017126083374
CE_control_0.5,3,476,17.3928737640381
Distill25_0.5,3,476,18.0189609527588
Distill50_1.0,3,380,10.1511478424072
CE_control_0.25,3,380,16.2010192871094
CE_control_0.1,3,380,15.8898830413818
Distill50_0.25,3,380,16.4749622344971
CE_control_0.5,3,380,16.1418914794922
Distill25_0.25,3,380,15.9618854522705
Distill25_0.5,3,380,16.9708728790283
Current,3,380,0.771045684814453
CE_control_1.0,3,380,9.33003425598145
Distill50_0.5,3,380,15.9950256347656
Distill50_0.1,3,380,16.9079303741455
Distill25_1.0,3,380,10.7090473175049
Distill25_0.1,3,380,15.0539875030518
Distill50_0.1,2,497,16.4308547973633
Distill25_0.1,2,497,16.1111354827881
Current,2,497,0.797033309936523
Distill25_0.25,2,497,15.9640312194824
Distill50_0.5,2,497,15.7968997955322
CE_control_0.25,2,497,15.9721374511719
Distill50_0.25,2,497,17.5061225891113
CE_control_1.0,2,497,8.20493698120117
Distill50_1.0,2,497,9.1710090637207
CE_control_0.5,2,497,15.6989097595215
Distill25_1.0,2,497,8.09407234191895
CE_control_0.1,2,497,17.2150135040283
Distill25_0.5,2,497,16.5410041809082
CE_control_1.0,1,390,8.25309753417969
Distill25_0.5,1,390,14.2250061035156
Distill50_0.1,1,390,14.8580074310303
CE_control_0.1,1,390,16.2129402160645
Distill25_0.25,1,390,15.8741474151611
Distill50_0.5,1,390,16.9339179992676
Distill25_1.0,1,390,8.70513916015625
CE_control_0.5,1,390,18.0339813232422
Current,1,390,0.869035720825195
Distill25_0.1,1,390,15.9280300140381
CE_control_0.25,1,390,16.791820526123
Distill50_0.25,1,390,17.4269676208496
Distill50_1.0,1,390,9.84096527099609
Distill25_0.1,1,125,18.7070369720459
Distill50_0.25,1,125,18.8219547271729
Distill25_0.5,1,125,19.1850662231445
Distill50_0.1,1,125,18.1498527526855
Current,1,125,0.792026519775391
Distill50_0.5,1,125,16.9460773468018
CE_control_0.1,1,125,18.4431076049805
CE_control_1.0,1,125,11.106014251709
CE_control_0.5,1,125,29.4950008392334
Distill25_0.25,1,125,18.3460712432861
CE_control_0.25,1,125,17.3718929290771
Distill25_1.0,1,125,9.3529224395752
Distill50_1.0,1,125,11.1157894134521
Distill25_0.5,2,41,17.9798603057861
Distill25_0.1,2,41,16.9739723205566
Distill25_0.25,2,41,17.2839164733887
CE_control_0.1,2,41,17.4930095672607
Distill50_0.1,2,41,17.2328948974609
Current,2,41,0.771045684814453
Distill25_1.0,2,41,8.86702537536621
CE_control_0.25,2,41,17.920970916748
Distill50_1.0,2,41,9.06491279602051
CE_control_1.0,2,41,9.60087776184082
Distill50_0.5,2,41,18.4030532836914
Distill50_0.25,2,41,18.226146697998
CE_control_0.5,2,41,20.3089714050293
CE_control_0.5,1,498,16.5030956268311
Distill50_0.25,1,498,17.0140266418457
Distill50_1.0,1,498,9.48810577392578
Current,1,498,0.880956649780273
CE_control_1.0,1,498,9.77301597595215
CE_control_0.25,1,498,16.4439678192139
Distill50_0.1,1,498,14.8630142211914
Distill25_0.25,1,498,18.826961517334
CE_control_0.1,1,498,17.2488689422607
Distill25_1.0,1,498,9.08899307250977
Distill25_0.5,1,498,16.0601139068604
Distill50_0.5,1,498,16.261100769043
Distill25_0.1,1,498,16.9351100921631
Distill25_0.25,1,356,17.6429748535156
CE_control_0.25,1,356,15.1901245117188
Distill25_0.1,1,356,15.68603515625
Distill25_0.5,1,356,15.6779289245605
Distill50_1.0,1,356,9.31596755981445
Distill50_0.25,1,356,16.3328647613525
CE_control_0.1,1,356,15.8779621124268
Distill50_0.1,1,356,26.745080947876
CE_control_1.0,1,356,7.92002677917481
CE_control_0.5,1,356,14.9428844451904
Distill25_1.0,1,356,8.30602645874023
Distill50_0.5,1,356,15.1550769805908
Current,1,356,0.913858413696289
Distill50_1.0,1,19,9.49597358703613
Distill25_0.1,1,19,16.4680480957031
Distill25_0.25,1,19,16.1800384521484
Distill25_1.0,1,19,9.90796089172363
Distill50_0.25,1,19,17.8039073944092
CE_control_0.1,1,19,17.05002784729
CE_control_1.0,1,19,9.33504104614258
CE_control_0.25,1,19,16.0679817199707
Current,1,19,0.817060470581055
CE_control_0.5,1,19,15.5022144317627
Distill25_0.5,1,19,15.9540176391602
Distill50_0.5,1,19,17.9378986358643
Distill50_0.1,1,19,16.8290138244629
Distill50_0.25,1,132,18.8620090484619
CE_control_0.1,1,132,18.9211368560791
Distill50_0.1,1,132,20.0998783111572
CE_control_1.0,1,132,12.4900341033936
Distill25_1.0,1,132,10.9028816223145
Distill25_0.1,1,132,18.8839435577393
Current,1,132,0.836849212646484
Distill50_1.0,1,132,10.9810829162598
CE_control_0.25,1,132,20.0259685516357
CE_control_0.5,1,132,19.2677974700928
Distill50_0.5,1,132,19.0391540527344
Distill25_0.25,1,132,20.3971862792969
Distill25_0.5,1,132,21.2769508361816
CE_control_0.1,3,293,20.5910205841064
Current,3,293,11.1122131347656
Distill50_0.25,3,293,20.359992980957
Distill50_1.0,3,293,11.0659599304199
CE_control_0.25,3,293,18.4211730957031
CE_control_0.5,3,293,18.402099609375
Distill50_0.5,3,293,18.5058116912842
Distill25_1.0,3,293,8.18800926208496
CE_control_1.0,3,293,11.0099315643311
Distill25_0.25,3,293,19.536018371582
Distill25_0.5,3,293,20.3440189361572
Distill50_0.1,3,293,19.9549198150635
Distill25_0.1,3,293,18.4400081634521
Distill50_0.25,1,122,16.8790817260742
Distill25_1.0,1,122,7.54904747009277
Distill25_0.25,1,122,18.017053604126
Distill50_0.1,1,122,18.2459354400635
CE_control_0.5,1,122,18.4409618377686
CE_control_0.1,1,122,18.6209678649902
Distill50_1.0,1,122,8.61001014709473
Distill25_0.5,1,122,19.273042678833
CE_control_1.0,1,122,9.07397270202637
Distill25_0.1,1,122,17.9309844970703
Current,1,122,0.746965408325195
Distill50_0.5,1,122,19.6468830108643
CE_control_0.25,1,122,19.7491645812988
Distill50_1.0,3,372,9.01985168457031
CE_control_0.5,3,372,17.39501953125
Distill50_0.5,3,372,18.0230140686035
Distill25_0.25,3,372,18.3959007263184
Distill25_0.5,3,372,17.4639225006104
Distill25_1.0,3,372,8.96787643432617
Distill50_0.25,3,372,16.7207717895508
Distill50_0.1,3,372,16.9060230255127
CE_control_0.1,3,372,16.7419910430908
Distill25_0.1,3,372,16.6800022125244
CE_control_1.0,3,372,8.73517990112305
CE_control_0.25,3,372,18.7389850616455
Current,3,372,0.938892364501953
Distill50_1.0,1,395,8.64911079406738
CE_control_0.1,1,395,19.1378593444824
Distill25_1.0,1,395,10.3800296783447
Distill50_0.5,1,395,16.7820453643799
CE_control_0.25,1,395,17.2491073608398
Current,1,395,0.787019729614258
CE_control_0.5,1,395,16.5910720825195
Distill25_0.5,1,395,16.6709423065186
Distill50_0.25,1,395,17.6260471343994
Distill50_0.1,1,395,20.2360153198242
Distill25_0.1,1,395,18.2571411132813
CE_control_1.0,1,395,8.72707366943359
Distill25_0.25,1,395,17.9049968719482
CE_control_1.0,1,318,9.22298431396484
Current,1,318,0.842094421386719
CE_control_0.25,1,318,16.1800384521484
Distill25_0.5,1,318,17.956018447876
Distill25_1.0,1,318,7.62486457824707
Distill50_0.25,1,318,17.9691314697266
Distill50_1.0,1,318,8.95309448242188
Distill25_0.25,1,318,17.6351070404053
Distill50_0.1,1,318,17.6560878753662
Distill50_0.5,1,318,17.2929763793945
CE_control_0.1,1,318,17.2080993652344
CE_control_0.5,1,318,18.3861255645752
Distill25_0.1,1,318,18.435001373291
CE_control_0.5,3,566,18.2521343231201
Current,3,566,1.06406211853027
Distill25_0.1,3,566,17.0390605926514
Distill25_0.25,3,566,16.9820785522461
Distill50_1.0,3,566,8.93592834472656
Distill25_0.5,3,566,18.9950466156006
CE_control_0.25,3,566,17.4360275268555
Distill50_0.5,3,566,18.4228420257568
CE_control_0.1,3,566,17.4741744995117
Distill50_0.25,3,566,16.5920257568359
Distill25_1.0,3,566,7.66086578369141
Distill50_0.1,3,566,18.6779499053955
CE_control_1.0,3,566,20.0569629669189
CE_control_0.1,3,428,19.2770957946777
Distill25_1.0,3,428,8.14986228942871
Distill25_0.1,3,428,21.3239192962646
Distill50_0.1,3,428,20.1661586761475
Current,3,428,0.856161117553711
CE_control_0.25,3,428,18.5079574584961
Distill25_0.5,3,428,19.0057754516602
Distill25_0.25,3,428,21.21901512146
CE_control_1.0,3,428,9.00697708129883
Distill50_1.0,3,428,8.72087478637695
Distill50_0.5,3,428,19.9458599090576
Distill50_0.25,3,428,19.6211338043213
CE_control_0.5,3,428,20.8308696746826
CE_control_0.25,2,92,19.244909286499
CE_control_1.0,2,92,9.49406623840332
Distill50_0.25,2,92,19.9460983276367
CE_control_0.1,2,92,19.4540023803711
Distill25_1.0,2,92,9.70792770385742
Distill25_0.1,2,92,16.9470310211182
Distill50_1.0,2,92,10.0698471069336
Distill25_0.25,2,92,18.3329582214355
Current,2,92,0.712871551513672
Distill25_0.5,2,92,17.7578926086426
Distill50_0.1,2,92,19.7892189025879
CE_control_0.5,2,92,18.0759429931641
Distill50_0.5,2,92,19.8638439178467
Distill25_1.0,2,335,9.48810577392578
Distill25_0.5,2,335,16.2649154663086
Current,2,335,0.781059265136719
Distill50_0.5,2,335,17.11106300354
CE_control_0.5,2,335,17.0738697052002
Distill50_0.25,2,335,17.4438953399658
Distill25_0.25,2,335,17.9369449615479
CE_control_0.1,2,335,16.9298648834229
CE_control_0.25,2,335,18.0909633636475
Distill50_1.0,2,335,9.43303108215332
Distill25_0.1,2,335,28.764009475708
Distill50_0.1,2,335,16.7610645294189
CE_control_1.0,2,335,9.58490371704102
Distill50_0.1,1,182,18.3300971984863
Distill50_0.25,1,182,16.6850090026855
CE_control_0.25,1,182,16.6068077087402
Current,1,182,1.0979175567627
Distill25_0.5,1,182,17.3079967498779
CE_control_0.1,1,182,17.0528888702393
Distill50_0.5,1,182,15.7132148742676
Distill25_0.25,1,182,14.976978302002
Distill50_1.0,1,182,7.50899314880371
CE_control_1.0,1,182,8.06188583374023
CE_control_0.5,1,182,14.4879817962646
Distill25_1.0,1,182,7.94100761413574
Distill25_0.1,1,182,15.9981250762939
Distill25_0.1,2,321,16.4740085601807
Distill50_0.1,2,321,16.5410041809082
Current,2,321,0.743865966796875
CE_control_0.25,2,321,16.2351131439209
Distill50_0.5,2,321,16.4358615875244
CE_control_0.5,2,321,15.9320831298828
CE_control_0.1,2,321,16.0901546478271
Distill50_0.25,2,321,16.279935836792
CE_control_1.0,2,321,9.22083854675293
Distill25_1.0,2,321,9.22703742980957
Distill25_0.5,2,321,16.8280601501465
Distill50_1.0,2,321,10.6589794158936
Distill25_0.25,2,321,15.9468650817871
Distill25_0.25,1,271,15.4449939727783
Distill25_0.5,1,271,15.6679153442383
CE_control_0.25,1,271,15.9730911254883
Distill50_1.0,1,271,7.74717330932617
CE_control_0.1,1,271,16.5929794311523
CE_control_0.5,1,271,16.0200595855713
Distill50_0.25,1,271,15.9769058227539
CE_control_1.0,1,271,8.62193107604981
Distill50_0.1,1,271,26.054859161377
Current,1,271,1.43194198608398
Distill25_0.1,1,271,15.5842304229736
Distill25_1.0,1,271,9.69386100769043
Distill50_0.5,1,271,15.2678489685059
CE_control_0.1,3,501,18.0621147155762
CE_control_0.5,3,501,16.9241428375244
Distill50_0.5,3,501,18.3358192443848
Distill25_0.25,3,501,20.1849937438965
CE_control_1.0,3,501,10.1609230041504
Distill50_1.0,3,501,9.06491279602051
Distill25_0.5,3,501,19.3829536437988
Distill25_0.1,3,501,18.4330940246582
Current,3,501,0.74005126953125
Distill25_1.0,3,501,8.27288627624512
Distill50_0.25,3,501,19.8559761047363
CE_control_0.25,3,501,18.7790393829346
Distill50_0.1,3,501,18.7768936157227
CE_control_0.25,1,69,18.1148052215576
CE_control_0.1,1,69,17.9369449615479
Distill25_0.25,1,69,18.3341503143311
Distill50_0.1,1,69,19.7689533233643
Distill50_0.5,1,69,19.1419124603271
CE_control_1.0,1,69,9.11498069763184
Distill50_0.25,1,69,18.4199810028076
Distill50_1.0,1,69,11.7688179016113
Distill25_0.1,1,69,17.8689956665039
Current,1,69,0.67901611328125
Distill25_1.0,1,69,9.80782508850098
Distill25_0.5,1,69,17.1148777008057
CE_control_0.5,1,69,18.7199115753174
Distill50_0.25,3,340,17.7481174468994
Distill25_1.0,3,340,10.2558135986328
CE_control_0.1,3,340,17.8561210632324
Distill25_0.25,3,340,17.6818370819092
Distill50_0.5,3,340,17.3139572143555
CE_control_0.5,3,340,17.0290470123291
CE_control_1.0,3,340,12.1629238128662
Distill25_0.1,3,340,18.8281536102295
Distill25_0.5,3,340,17.5719261169434
Distill50_0.1,3,340,17.5700187683105
Distill50_1.0,3,340,8.8798999786377
Current,3,340,0.874042510986328
CE_control_0.25,3,340,15.5320167541504
CE_control_0.1,2,520,16.5488719940186
Distill25_0.5,2,520,17.9469585418701
Distill25_1.0,2,520,10.3089809417725
CE_control_1.0,2,520,9.16385650634766
Distill50_0.5,2,520,17.4398422241211
Distill50_1.0,2,520,8.83698463439941
Distill50_0.25,2,520,16.2539482116699
Distill25_0.1,2,520,16.4558887481689
Current,2,520,0.676870346069336
Distill25_0.25,2,520,17.7111625671387
Distill50_0.1,2,520,17.4009799957275
CE_control_0.5,2,520,18.9898014068604
CE_control_0.25,2,520,19.0238952636719
CE_control_0.1,3,475,17.2398090362549
CE_control_0.25,3,475,18.1457996368408
Distill25_0.25,3,475,16.7539119720459
Distill50_1.0,3,475,7.904052734375
Distill50_0.5,3,475,17.3110961914063
CE_control_0.5,3,475,18.8710689544678
Current,3,475,0.726222991943359
Distill50_0.25,3,475,17.5750255584717
Distill25_1.0,3,475,8.5139274597168
Distill25_0.1,3,475,16.9999599456787
Distill50_0.1,3,475,16.9620513916016
Distill25_0.5,3,475,16.7930126190186
CE_control_1.0,3,475,9.00697708129883
CE_control_0.5,1,215,16.732931137085
Distill50_0.25,1,215,17.0891284942627
Distill25_0.25,1,215,28.9790630340576
Distill50_0.1,1,215,18.0799961090088
CE_control_1.0,1,215,8.48603248596191
Distill50_1.0,1,215,10.3118419647217
CE_control_0.25,1,215,17.8568363189697
Distill50_0.5,1,215,17.6689624786377
Distill25_0.1,1,215,17.3840522766113
Distill25_0.5,1,215,17.0049667358398
Distill25_1.0,1,215,8.57710838317871
Current,1,215,0.983953475952148
CE_control_0.1,1,215,16.8030261993408
CE_control_0.5,3,96,18.3689594268799
Distill25_0.25,3,96,18.8210010528564
CE_control_1.0,3,96,8.73494148254395
Distill50_0.25,3,96,19.7830200195313
Distill25_0.5,3,96,18.8860893249512
Distill50_1.0,3,96,8.15486907958984
Distill50_0.1,3,96,20.0619697570801
CE_control_0.1,3,96,19.0339088439941
Distill25_1.0,3,96,9.13691520690918
Distill50_0.5,3,96,20.7960605621338
CE_control_0.25,3,96,18.4001922607422
Current,3,96,0.74005126953125
Distill25_0.1,3,96,18.3110237121582
Distill25_0.5,3,467,16.2279605865479
Distill50_0.25,3,467,17.7929401397705
CE_control_0.1,3,467,16.5190696716309
CE_control_0.25,3,467,16.6618824005127
Distill25_0.25,3,467,17.207145690918
Distill25_0.1,3,467,16.0529613494873
Distill50_0.5,3,467,16.2589550018311
Distill25_1.0,3,467,9.18197631835938
CE_control_0.5,3,467,16.2980556488037
Current,3,467,0.877141952514648
Distill50_1.0,3,467,9.49001312255859
Distill50_0.1,3,467,17.2989368438721
CE_control_1.0,3,467,10.5891227722168
Distill50_0.5,3,165,15.1009559631348
Distill25_0.1,3,165,26.2870788574219
CE_control_0.25,3,165,15.4521465301514
Distill25_0.5,3,165,14.9869918823242
Distill25_0.25,3,165,16.6070461273193
Current,3,165,0.946998596191406
Distill25_1.0,3,165,8.56781005859375
CE_control_0.1,3,165,14.1670703887939
Distill50_1.0,3,165,7.99798965454102
Distill50_0.25,3,165,15.002965927124
CE_control_0.5,3,165,15.6970024108887
CE_control_1.0,3,165,10.1099014282227
Distill50_0.1,3,165,16.4098739624023
CE_control_0.1,3,399,18.7370777130127
CE_control_0.25,3,399,18.8169479370117
Distill25_0.25,3,399,20.6630229949951
Distill25_0.5,3,399,19.9439525604248
Distill50_1.0,3,399,9.79900360107422
Distill25_0.1,3,399,20.1370716094971
Distill50_0.1,3,399,19.9401378631592
Distill50_0.25,3,399,20.7479000091553
Current,3,399,0.728845596313477
Distill50_0.5,3,399,20.9281444549561
Distill25_1.0,3,399,12.9671096801758
CE_control_0.5,3,399,20.6999778747559
CE_control_1.0,3,399,11.3120079040527
Current,2,4,0.854015350341797
CE_control_1.0,2,4,9.14216041564941
CE_control_0.25,2,4,20.3080177307129
CE_control_0.5,2,4,20.4319953918457
Distill25_0.5,2,4,21.7080116271973
Distill25_0.25,2,4,23.8800048828125
Distill50_1.0,2,4,9.74202156066895
Distill25_0.1,2,4,33.623218536377
CE_control_0.1,2,4,22.2268104553223
Distill50_0.25,2,4,21.7130184173584
Distill25_1.0,2,4,11.8520259857178
Distill50_0.1,2,4,21.9340324401855
Distill50_0.5,2,4,23.7209796905518
CE_control_0.5,1,119,20.0879573822021
Distill50_0.5,1,119,18.6789035797119
CE_control_1.0,1,119,10.7829570770264
Distill50_1.0,1,119,10.7259750366211
CE_control_0.25,1,119,19.6731090545654
Distill25_0.5,1,119,19.3328857421875
Distill50_0.25,1,119,18.7540054321289
Distill25_1.0,1,119,11.5160942077637
Current,1,119,1.02496147155762
Distill25_0.1,1,119,18.6381340026855
CE_control_0.1,1,119,18.8319683074951
Distill50_0.1,1,119,18.4829235076904
Distill25_0.25,1,119,21.9290256500244
Distill25_1.0,3,455,9.02986526489258
CE_control_1.0,3,455,8.09001922607422
Distill25_0.1,3,455,16.463041305542
CE_control_0.5,3,455,15.9668922424316
CE_control_0.25,3,455,15.9611701965332
CE_control_0.1,3,455,15.8209800720215
Distill50_1.0,3,455,9.01699066162109
Distill50_0.1,3,455,15.5529975891113
Current,3,455,0.735998153686523
Distill25_0.25,3,455,16.5579319000244
Distill25_0.5,3,455,14.44411277771
Distill50_0.5,3,455,15.1419639587402
Distill50_0.25,3,455,16.3369178771973
Current,2,136,0.777006149291992
Distill50_0.5,2,136,28.0559062957764
Distill25_0.25,2,136,19.6371078491211
CE_control_0.1,2,136,19.9689865112305
Distill25_0.1,2,136,19.6311473846436
CE_control_1.0,2,136,10.4451179504395
Distill25_1.0,2,136,9.61399078369141
CE_control_0.25,2,136,20.0819969177246
Distill50_0.1,2,136,19.9470520019531
CE_control_0.5,2,136,19.4919109344482
Distill50_0.25,2,136,21.7318534851074
Distill50_1.0,2,136,9.72509384155273
Distill25_0.5,2,136,21.6360092163086
Distill25_0.25,2,261,19.6471214294434
Distill50_0.5,2,261,16.1979198455811
Current,2,261,0.914096832275391
CE_control_0.5,2,261,15.3079032897949
CE_control_1.0,2,261,7.50899314880371
CE_control_0.25,2,261,15.6419277191162
Distill25_0.1,2,261,16.7150497436523
Distill25_1.0,2,261,8.88991355895996
Distill50_1.0,2,261,8.29792022705078
Distill50_0.25,2,261,16.8111324310303
Distill25_0.5,2,261,17.6219940185547
Distill50_0.1,2,261,18.657922744751
CE_control_0.1,2,261,17.848014831543
Distill50_0.5,2,217,16.089916229248
CE_control_0.1,2,217,17.5130367279053
CE_control_0.5,2,217,15.6598091125488
Distill25_0.25,2,217,16.0679817199707
Distill50_1.0,2,217,9.18102264404297
CE_control_1.0,2,217,8.54206085205078
Distill50_0.25,2,217,15.9881114959717
Current,2,217,0.944137573242188
Distill25_1.0,2,217,8.25405120849609
CE_control_0.25,2,217,15.8050060272217
Distill25_0.1,2,217,15.6738758087158
Distill25_0.5,2,217,14.9810314178467
Distill50_0.1,2,217,14.8952007293701
Distill50_0.5,1,598,26.6730785369873
Distill25_0.1,1,598,15.5529975891113
Distill25_0.5,1,598,15.1529312133789
Distill25_1.0,1,598,9.6890926361084
CE_control_0.1,1,598,15.9080028533936
CE_control_0.5,1,598,14.9540901184082
Distill25_0.25,1,598,14.5878791809082
Current,1,598,0.799179077148438
Distill50_0.25,1,598,13.9200687408447
CE_control_1.0,1,598,8.12506675720215
Distill50_1.0,1,598,8.88180732727051
Distill50_0.1,1,598,15.5229568481445
CE_control_0.25,1,598,13.8378143310547
CE_control_0.5,2,117,15.7299041748047
Distill25_1.0,2,117,8.39614868164063
Distill50_0.25,2,117,15.9380435943604
CE_control_1.0,2,117,7.69495964050293
Distill25_0.5,2,117,16.8590545654297
CE_control_0.1,2,117,16.5178775787354
Distill25_0.1,2,117,16.5350437164307
Distill25_0.25,2,117,16.9000625610352
CE_control_0.25,2,117,17.8699493408203
Distill50_0.1,2,117,18.524169921875
Distill50_0.5,2,117,16.6361331939697
Distill50_1.0,2,117,7.781982421875
Current,2,117,1.19900703430176
CE_control_0.5,1,430,18.2490348815918
Distill25_0.5,1,430,17.8000926971436
CE_control_1.0,1,430,8.43715667724609
Distill50_0.25,1,430,16.5910720825195
Current,1,430,0.699996948242188
Distill50_0.5,1,430,16.3750648498535
Distill25_0.25,1,430,17.9901123046875
CE_control_0.25,1,430,19.0310478210449
CE_control_0.1,1,430,18.665075302124
Distill25_1.0,1,430,9.31310653686523
Distill50_1.0,1,430,9.64498519897461
Distill25_0.1,1,430,16.7660713195801
Distill50_0.1,1,430,17.8699493408203
Distill50_0.5,1,55,27.1689891815186
CE_control_0.25,1,55,16.1869525909424
Distill25_0.5,1,55,15.1247978210449
CE_control_1.0,1,55,9.08994674682617
Distill25_1.0,1,55,8.71181488037109
Distill50_0.25,1,55,14.6951675415039
Distill50_1.0,1,55,9.12904739379883
Distill50_0.1,1,55,16.0150527954102
CE_control_0.5,1,55,15.9969329833984
CE_control_0.1,1,55,15.6519412994385
Distill25_0.1,1,55,14.6830081939697
Distill25_0.25,1,55,14.4128799438477
Current,1,55,0.79798698425293
CE_control_0.1,1,387,14.164924621582
CE_control_0.25,1,387,14.4369602203369
Distill25_1.0,1,387,8.61096382141113
Distill50_0.1,1,387,15.0179862976074
Current,1,387,0.79798698425293
Distill25_0.5,1,387,14.7459506988525
CE_control_0.5,1,387,15.3980255126953
Distill50_0.5,1,387,16.3130760192871
Distill50_1.0,1,387,8.12005996704102
CE_control_1.0,1,387,10.6880664825439
Distill25_0.25,1,387,16.3688659667969
Distill25_0.1,1,387,16.3650512695313
Distill50_0.25,1,387,16.7698860168457
Distill50_0.1,3,318,17.9600715637207
Distill25_0.25,3,318,18.0561542510986
CE_control_1.0,3,318,9.99188423156738
Distill50_0.25,3,318,18.1357860565186
CE_control_0.25,3,318,17.3521041870117
CE_control_0.5,3,318,17.9669857025146
Current,3,318,0.808000564575195
Distill25_1.0,3,318,9.31191444396973
Distill50_1.0,3,318,8.77809524536133
Distill25_0.5,3,318,18.7809467315674
CE_control_0.1,3,318,18.2211399078369
Distill50_0.5,3,318,28.3479690551758
Distill25_0.1,3,318,18.0940628051758
Distill25_0.1,1,583,17.3330307006836
Distill50_0.1,1,583,18.9359188079834
Distill50_0.25,1,583,17.3180103302002
Distill25_0.5,1,583,16.6518688201904
Current,1,583,1.07097625732422
CE_control_0.25,1,583,17.6651477813721
Distill25_1.0,1,583,8.62002372741699
Distill50_0.5,1,583,18.3091163635254
CE_control_0.1,1,583,17.1170234680176
CE_control_1.0,1,583,7.98106193542481
CE_control_0.5,1,583,15.2580738067627
Distill25_0.25,1,583,15.7840251922607
Distill50_1.0,1,583,7.77387619018555
CE_control_0.25,3,323,13.5068893432617
CE_control_0.5,3,323,12.8889083862305
Distill50_0.5,3,323,12.7060413360596
CE_control_1.0,3,323,7.58981704711914
Distill25_0.1,3,323,16.4361000061035
Distill25_0.5,3,323,14.4548416137695
Distill50_1.0,3,323,8.2390308380127
Distill50_0.25,3,323,12.6500129699707
CE_control_0.1,3,323,14.5840644836426
Distill50_0.1,3,323,15.2661800384521
Distill25_0.25,3,323,19.3510055541992
Current,3,323,2.00009346008301
Distill25_1.0,3,323,10.3919506072998
Distill50_0.25,2,376,34.7089767456055
Distill50_1.0,2,376,18.2399749755859
CE_control_0.1,2,376,26.4880657196045
Distill50_0.1,2,376,17.7960395812988
Current,2,376,0.674009323120117
CE_control_0.25,2,376,18.0568695068359
Distill25_0.25,2,376,19.2899703979492
Distill25_0.1,2,376,17.4350738525391
Distill25_0.5,2,376,17.8101062774658
Distill50_0.5,2,376,17.4109935760498
CE_control_1.0,2,376,9.27186012268066
Distill25_1.0,2,376,9.22513008117676
CE_control_0.5,2,376,19.2270278930664
CE_control_0.1,1,16,17.7690982818604
Distill50_1.0,1,16,10.7181072235107
Distill25_0.5,1,16,19.1960334777832
Distill50_0.25,1,16,17.9100036621094
CE_control_1.0,1,16,10.6830596923828
Distill25_0.25,1,16,18.4462070465088
CE_control_0.5,1,16,18.186092376709
Current,1,16,0.813007354736328
Distill25_0.1,1,16,18.4869766235352
Distill50_0.1,1,16,17.7760124206543
Distill25_1.0,1,16,10.5969905853271
CE_control_0.25,1,16,18.4369087219238
Distill50_0.5,1,16,18.1229114532471
CE_control_0.25,1,141,18.1798934936523
Distill50_0.5,1,141,19.0269947052002
Distill50_0.25,1,141,19.6070671081543
CE_control_1.0,1,141,10.5361938476563
Distill50_0.1,1,141,19.7470188140869
Current,1,141,0.813961029052734
Distill25_0.25,1,141,19.0281867980957
Distill25_0.1,1,141,19.7830200195313
CE_control_0.1,1,141,20.6739902496338
Distill50_1.0,1,141,10.7421875
Distill25_1.0,1,141,12.6190185546875
CE_control_0.5,1,141,19.1259384155273
Distill25_0.5,1,141,20.1680660247803
CE_control_0.5,1,427,19.7088718414307
CE_control_1.0,1,427,15.9850120544434
Distill50_0.5,1,427,47.9810237884522
Distill25_0.1,1,427,26.7620086669922
CE_control_0.25,1,427,15.0129795074463
Distill25_0.25,1,427,16.6330337524414
Distill50_0.25,1,427,16.7109966278076
Current,1,427,0.78582763671875
Distill25_1.0,1,427,9.10496711730957
Distill25_0.5,1,427,14.8940086364746
Distill50_1.0,1,427,8.89801979064941
CE_control_0.1,1,427,15.0630474090576
Distill50_0.1,1,427,15.6409740447998
Distill25_0.25,3,270,19.3459987640381
CE_control_0.25,3,270,19.0889835357666
Distill50_0.5,3,270,19.9007987976074
Distill50_1.0,3,270,13.5881900787354
Distill25_0.1,3,270,18.7680721282959
Distill25_1.0,3,270,9.2160701751709
CE_control_0.1,3,270,19.4900035858154
CE_control_1.0,3,270,11.0580921173096
Distill50_0.25,3,270,17.7240371704102
Current,3,270,0.741004943847656
CE_control_0.5,3,270,18.4798240661621
Distill50_0.1,3,270,20.2109813690186
Distill25_0.5,3,270,18.9881324768066
Distill25_0.5,2,1,20.0231075286865
Distill50_0.5,2,1,20.0939178466797
Distill25_1.0,2,1,8.15391540527344
Distill50_0.25,2,1,20.1520919799805
Distill25_0.1,2,1,20.3869342803955
Current,2,1,0.751972198486328
Distill50_1.0,2,1,8.03399085998535
CE_control_0.25,2,1,19.9248790740967
Distill50_0.1,2,1,19.6211338043213
CE_control_0.5,2,1,20.6360816955566
Distill25_0.25,2,1,21.5740203857422
CE_control_0.1,2,1,32.149076461792
CE_control_1.0,2,1,9.32502746582031
Distill25_0.5,2,129,18.0211067199707
Distill50_0.5,2,129,18.9261436462402
CE_control_0.1,2,129,20.5249786376953
Current,2,129,0.904083251953125
CE_control_0.25,2,129,19.1640853881836
Distill50_0.1,2,129,18.4800624847412
Distill50_0.25,2,129,19.0110206604004
CE_control_1.0,2,129,7.85017013549805
Distill50_1.0,2,129,8.12292098999023
CE_control_0.5,2,129,19.8559761047363
Distill25_1.0,2,129,9.58895683288574
Distill25_0.1,2,129,17.8890228271484
Distill25_0.25,2,129,20.4219818115234
CE_control_0.5,2,521,17.1470642089844
Distill50_0.25,2,521,16.9789791107178
Distill25_0.5,2,521,16.1290168762207
CE_control_1.0,2,521,9.68003273010254
Distill50_0.5,2,521,16.2980556488037
CE_control_0.25,2,521,15.3300762176514
Distill25_1.0,2,521,9.2320442199707
Distill50_0.1,2,521,17.2629356384277
Distill25_0.1,2,521,16.3331031799316
Distill25_0.25,2,521,16.4802074432373
Distill50_1.0,2,521,9.0029239654541
CE_control_0.1,2,521,16.3860321044922
Current,2,521,0.772953033447266
Distill25_0.25,3,213,20.4179286956787
Distill50_0.1,3,213,22.3250389099121
Distill50_0.25,3,213,20.9081172943115
Distill25_0.1,3,213,20.2200412750244
CE_control_0.25,3,213,20.8859443664551
Distill50_0.5,3,213,21.7311382293701
Distill50_1.0,3,213,8.92305374145508
CE_control_0.1,3,213,22.4030017852783
Distill25_0.5,3,213,20.4639434814453
CE_control_0.5,3,213,20.9450721740723
Current,3,213,0.797033309936523
Distill25_1.0,3,213,9.82904434204102
CE_control_1.0,3,213,8.44788551330566
CE_control_0.25,2,419,30.0889015197754
CE_control_1.0,2,419,8.41808319091797
Distill50_0.1,2,419,15.125036239624
Distill25_0.25,2,419,15.2549743652344
Distill50_1.0,2,419,8.14080238342285
Distill25_1.0,2,419,8.55398178100586
CE_control_0.1,2,419,15.0980949401855
Distill25_0.1,2,419,14.6121978759766
CE_control_0.5,2,419,16.3030624389648
Distill50_0.5,2,419,16.6130065917969
Current,2,419,0.782012939453125
Distill25_0.5,2,419,15.5088901519775
Distill50_0.25,2,419,15.4039859771729
Distill50_1.0,1,102,8.87203216552734
Distill25_0.5,1,102,17.3749923706055
Distill25_0.25,1,102,19.5531845092773
CE_control_0.5,1,102,18.5530185699463
Distill25_1.0,1,102,9.71293449401855
Distill50_0.5,1,102,17.9359912872314
Distill25_0.1,1,102,19.1941261291504
CE_control_0.1,1,102,21.5721130371094
CE_control_1.0,1,102,8.73994827270508
Current,1,102,0.808954238891602
CE_control_0.25,1,102,17.7249908447266
Distill50_0.25,1,102,19.8431015014648
Distill50_0.1,1,102,19.442081451416
Distill25_0.5,1,328,17.8508758544922
Distill25_0.25,1,328,18.0089473724365
Current,1,328,0.746965408325195
Distill25_0.1,1,328,18.2499885559082
Distill50_0.1,1,328,17.8039073944092
CE_control_0.25,1,328,20.197868347168
Distill50_0.25,1,328,20.4319953918457
Distill25_1.0,1,328,9.11998748779297
CE_control_0.1,1,328,19.1500186920166
Distill50_0.5,1,328,20.2610492706299
Distill50_1.0,1,328,9.31692123413086
CE_control_1.0,1,328,9.674072265625
CE_control_0.5,1,328,19.3040370941162
Current,2,251,12.7701759338379
Distill50_0.25,2,251,16.5770053863525
CE_control_1.0,2,251,8.90517234802246
CE_control_0.5,2,251,16.7829990386963
Distill25_0.5,2,251,17.6470279693604
Distill50_0.5,2,251,18.5160636901855
Distill50_1.0,2,251,9.63807106018066
Distill25_0.1,2,251,16.7679786682129
CE_control_0.25,2,251,17.280101776123
Distill50_0.1,2,251,16.9250965118408
Distill25_0.25,2,251,16.9479846954346
Distill25_1.0,2,251,10.7150077819824
CE_control_0.1,2,251,16.5138244628906
CE_control_0.1,2,326,16.4949893951416
Distill25_0.25,2,326,17.3420906066895
CE_control_0.5,2,326,17.9529190063477
Current,2,326,0.790119171142578
Distill25_0.5,2,326,17.3478126525879
Distill50_0.1,2,326,17.3120498657227
Distill50_1.0,2,326,11.6159915924072
Distill25_1.0,2,326,10.7359886169434
Distill50_0.25,2,326,17.8279876708984
CE_control_0.25,2,326,17.9269313812256
Distill50_0.5,2,326,18.3620452880859
CE_control_1.0,2,326,10.167121887207
Distill25_0.1,2,326,16.5679454803467
Distill25_0.25,1,14,18.9521312713623
Distill50_0.1,1,14,18.7361240386963
CE_control_0.1,1,14,18.5818672180176
Distill50_0.25,1,14,17.9250240325928
CE_control_0.25,1,14,18.1097984313965
Distill50_1.0,1,14,8.72015953063965
Distill25_0.1,1,14,20.5609798431396
CE_control_1.0,1,14,9.31406021118164
Current,1,14,0.919103622436523
Distill25_1.0,1,14,8.3010196685791
Distill50_0.5,1,14,18.7058448791504
CE_control_0.5,1,14,29.4220447540283
Distill25_0.5,1,14,17.1101093292236
Distill50_0.25,3,147,17.4610614776611
Distill50_1.0,3,147,9.69815254211426
CE_control_0.1,3,147,16.1559581756592
CE_control_1.0,3,147,9.46402549743652
CE_control_0.25,3,147,16.4308547973633
Distill25_0.1,3,147,16.9730186462402
Current,3,147,0.724077224731445
Distill50_0.5,3,147,17.4751281738281
Distill25_0.25,3,147,17.1499252319336
Distill25_1.0,3,147,9.98902320861816
Distill50_0.1,3,147,17.719030380249
CE_control_0.5,3,147,17.3289775848389
Distill25_0.5,3,147,18.5329914093018
CE_control_0.5,1,311,19.2840099334717
Distill25_0.25,1,311,17.9309844970703
Distill50_0.1,1,311,17.7128314971924
CE_control_0.25,1,311,18.2769298553467
Distill50_1.0,1,311,11.4810466766357
Distill25_0.1,1,311,19.5960998535156
Distill25_1.0,1,311,11.4438533782959
Distill25_0.5,1,311,18.7039375305176
Distill50_0.25,1,311,18.8329219818115
CE_control_1.0,1,311,11.3790035247803
CE_control_0.1,1,311,18.1269645690918
Current,1,311,1.13606452941895
Distill50_0.5,1,311,18.6090469360352
CE_control_0.1,2,337,18.6491012573242
CE_control_0.5,2,337,18.6188220977783
Distill50_0.5,2,337,19.3619728088379
Distill50_0.1,2,337,29.4308662414551
CE_control_1.0,2,337,9.77301597595215
Current,2,337,1.02019309997559
CE_control_0.25,2,337,19.0999507904053
Distill50_1.0,2,337,10.0560188293457
Distill25_0.1,2,337,19.2329883575439
Distill25_0.5,2,337,17.578125
Distill25_0.25,2,337,17.4269676208496
Distill25_1.0,2,337,9.69886779785156
Distill50_0.25,2,337,19.420862197876
Distill50_0.25,3,360,19.4790363311768
Distill25_0.1,3,360,18.7759399414063
Distill50_1.0,3,360,9.15384292602539
Distill25_0.25,3,360,18.2409286499023
Distill50_0.1,3,360,18.0478096008301
Distill25_0.5,3,360,16.8280601501465
CE_control_0.5,3,360,17.8959369659424
Distill25_1.0,3,360,9.46307182312012
Current,3,360,0.864982604980469
CE_control_0.1,3,360,19.942045211792
CE_control_1.0,3,360,9.6437931060791
CE_control_0.25,3,360,18.928050994873
Distill50_0.5,3,360,19.4449424743652
Distill25_1.0,2,144,9.61089134216309
Current,2,144,1.01494789123535
Distill25_0.5,2,144,19.0658569335938
Distill50_0.5,2,144,18.7509059906006
CE_control_0.25,2,144,22.4430561065674
Distill50_1.0,2,144,10.955810546875
CE_control_1.0,2,144,10.3311538696289
CE_control_0.1,2,144,18.9089775085449
Distill25_0.1,2,144,19.8428630828857
Distill25_0.25,2,144,20.2639102935791
Distill50_0.1,2,144,19.665002822876
Distill50_0.25,2,144,30.7309627532959
CE_control_0.5,2,144,19.1030502319336
Distill50_1.0,2,504,8.97908210754395
Distill50_0.25,2,504,15.0589942932129
Distill25_1.0,2,504,9.12690162658691
CE_control_0.5,2,504,16.1621570587158
CE_control_1.0,2,504,8.6820125579834
Distill50_0.5,2,504,15.93017578125
Distill50_0.1,2,504,16.3850784301758
Distill25_0.25,2,504,15.4688358306885
Current,2,504,0.927209854125977
Distill25_0.5,2,504,16.0548686981201
Distill25_0.1,2,504,15.416145324707
CE_control_0.1,2,504,15.2568817138672
CE_control_0.25,2,504,15.6960487365723
Distill25_0.5,3,529,17.4589157104492
CE_control_0.5,3,529,17.5647735595703
Distill50_1.0,3,529,8.93902778625488
CE_control_1.0,3,529,11.6198062896729
Current,3,529,0.977039337158203
Distill25_1.0,3,529,9.39702987670898
Distill50_0.25,3,529,18.9039707183838
Distill50_0.5,3,529,17.2479152679443
Distill25_0.25,3,529,17.024040222168
CE_control_0.1,3,529,18.0799961090088
CE_control_0.25,3,529,17.611026763916
Distill50_0.1,3,529,17.4410343170166
Distill25_0.1,3,529,19.6049213409424
Distill25_0.25,2,66,25.1309871673584
Distill25_0.5,2,66,23.1680870056152
CE_control_0.1,2,66,22.7460861206055
Current,2,66,0.834941864013672
CE_control_0.5,2,66,21.7149257659912
Distill50_0.25,2,66,22.1621990203857
Distill25_0.1,2,66,22.4490165710449
CE_control_1.0,2,66,10.1950168609619
CE_control_0.25,2,66,31.2299728393555
Distill25_1.0,2,66,12.8130912780762
Distill50_1.0,2,66,12.3798847198486
Distill50_0.1,2,66,22.0561027526855
Distill50_0.5,2,66,20.9851264953613
Current,2,213,1.04808807373047
CE_control_0.5,2,213,19.9661254882813
Distill50_0.1,2,213,20.2178955078125
Distill25_0.25,2,213,22.3000049591064
Distill50_0.25,2,213,21.3589668273926
Distill50_1.0,2,213,9.93514060974121
Distill25_1.0,2,213,8.83197784423828
Distill50_0.5,2,213,20.56884765625
CE_control_0.25,2,213,19.489049911499
Distill25_0.5,2,213,19.9630260467529
Distill25_0.1,2,213,21.5680599212646
CE_control_0.1,2,213,21.5988159179688
CE_control_1.0,2,213,9.51099395751953
Distill25_0.5,1,93,18.7790393829346
Distill50_0.1,1,93,17.7619457244873
Distill25_0.25,1,93,17.6510810852051
Distill50_0.25,1,93,19.5999145507813
CE_control_0.25,1,93,17.7240371704102
Distill50_0.5,1,93,18.4237957000732
CE_control_0.1,1,93,19.4151401519775
Distill25_0.1,1,93,20.3211307525635
CE_control_0.5,1,93,18.1758403778076
CE_control_1.0,1,93,8.94808769226074
Distill50_1.0,1,93,11.4071369171143
Current,1,93,0.865936279296875
Distill25_1.0,1,93,9.71412658691406
Distill50_0.5,2,104,20.0741291046143
Distill25_0.25,2,104,19.2470550537109
Distill50_1.0,2,104,8.98814201354981
Current,2,104,1.10006332397461
CE_control_0.1,2,104,20.0819969177246
Distill25_0.5,2,104,18.6049938201904
Distill50_0.25,2,104,31.8148136138916
Distill25_0.1,2,104,18.1939601898193
CE_control_1.0,2,104,9.53984260559082
CE_control_0.25,2,104,18.589973449707
Distill50_0.1,2,104,18.7029838562012
Distill25_1.0,2,104,9.85407829284668
CE_control_0.5,2,104,18.7110900878906
Distill50_1.0,1,223,8.50391387939453
Distill25_0.1,1,223,18.488883972168
Distill25_0.5,1,223,18.3699131011963
Distill50_0.1,1,223,20.1449394226074
CE_control_0.5,1,223,16.2858963012695
Distill25_1.0,1,223,8.41903686523438
CE_control_1.0,1,223,10.106086730957
CE_control_0.1,1,223,15.6528949737549
CE_control_0.25,1,223,17.1129703521729
Current,1,223,0.812053680419922
Distill50_0.25,1,223,17.4169540405273
Distill50_0.5,1,223,17.8580284118652
Distill25_0.25,1,223,17.4469947814941
Distill25_0.5,3,353,16.2639617919922
Distill25_0.1,3,353,18.2580947875977
Distill50_0.1,3,353,17.0478820800781
CE_control_0.1,3,353,16.9599056243896
Distill25_1.0,3,353,9.01389122009277
Distill50_0.5,3,353,16.819953918457
Distill25_0.25,3,353,16.8509483337402
CE_control_1.0,3,353,8.68821144104004
Current,3,353,1.27911567687988
Distill50_1.0,3,353,9.97495651245117
CE_control_0.5,3,353,19.2470550537109
CE_control_0.25,3,353,21.0719108581543
Distill50_0.25,3,353,18.8140869140625
Distill25_1.0,3,192,10.8420848846436
CE_control_0.1,3,192,25.097131729126
CE_control_0.5,3,192,24.4369506835938
Distill50_1.0,3,192,12.8870010375977
CE_control_1.0,3,192,13.5622024536133
Distill25_0.1,3,192,26.3218879699707
Distill50_0.1,3,192,38.4402275085449
Distill25_0.25,3,192,21.956205368042
Current,3,192,0.921964645385742
CE_control_0.25,3,192,23.4138965606689
Distill50_0.25,3,192,20.9770202636719
Distill50_0.5,3,192,23.2658386230469
Distill25_0.5,3,192,22.8710174560547
CE_control_0.5,3,514,18.0289745330811
Distill25_0.25,3,514,17.8000926971436
Distill25_0.5,3,514,15.5730247497559
Distill50_0.25,3,514,15.5661106109619
Distill50_1.0,3,514,9.66405868530273
CE_control_0.25,3,514,15.6500339508057
Distill50_0.1,3,514,16.0608291625977
Distill50_0.5,3,514,15.6729221343994
Current,3,514,0.877141952514648
CE_control_0.1,3,514,18.8980102539063
Distill25_0.1,3,514,19.0439224243164
Distill25_1.0,3,514,9.10615921020508
CE_control_1.0,3,514,9.77802276611328
CE_control_0.5,3,290,19.0451145172119
Distill50_0.25,3,290,21.5930938720703
CE_control_0.1,3,290,19.3910598754883
Distill50_0.1,3,290,21.0700035095215
Current,3,290,0.754833221435547
CE_control_0.25,3,290,20.8408832550049
CE_control_1.0,3,290,12.1350288391113
Distill50_0.5,3,290,20.6229686737061
Distill25_0.1,3,290,20.0629234313965
Distill50_1.0,3,290,10.138988494873
Distill25_0.5,3,290,20.7130908966064
Distill25_1.0,3,290,10.5218887329102
Distill25_0.25,3,290,20.7910537719727
Distill50_0.25,2,432,18.5577869415283
CE_control_0.25,2,432,30.6429862976074
Current,2,432,1.09696388244629
Distill25_0.1,2,432,17.4369812011719
Distill50_0.1,2,432,17.7772045135498
Distill25_0.5,2,432,21.8491554260254
Distill50_0.5,2,432,18.0578231811523
Distill25_0.25,2,432,18.9080238342285
CE_control_0.5,2,432,18.6259746551514
CE_control_1.0,2,432,10.43701171875
Distill50_1.0,2,432,9.37795639038086
CE_control_0.1,2,432,18.9568996429443
Distill25_1.0,2,432,8.75592231750488
Distill25_0.1,1,210,20.9109783172607
Distill25_1.0,1,210,10.7829570770264
Distill50_0.1,1,210,22.5429534912109
Current,1,210,0.913143157958984
Distill25_0.25,1,210,19.017219543457
CE_control_0.5,1,210,18.7208652496338
CE_control_0.1,1,210,18.0900096893311
Distill25_0.5,1,210,18.3680057525635
Distill50_0.25,1,210,20.3800201416016
Distill50_0.5,1,210,19.8428630828857
CE_control_0.25,1,210,18.5699462890625
Distill50_1.0,1,210,10.0719928741455
CE_control_1.0,1,210,10.9381675720215
CE_control_0.25,1,418,16.6990756988525
CE_control_0.1,1,418,17.8389549255371
Distill50_0.5,1,418,18.8210010528564
Distill50_1.0,1,418,10.2040767669678
CE_control_1.0,1,418,9.56106185913086
Current,1,418,0.967979431152344
CE_control_0.5,1,418,18.4540748596191
Distill25_0.5,1,418,19.8230743408203
Distill25_0.25,1,418,18.1481838226318
Distill50_0.1,1,418,17.1060562133789
Distill50_0.25,1,418,18.4829235076904
Distill25_0.1,1,418,20.5259323120117
Distill25_1.0,1,418,9.79900360107422
Distill50_0.1,1,371,31.8210124969482
CE_control_0.5,1,371,17.949104309082
Distill25_0.25,1,371,18.5031890869141
CE_control_1.0,1,371,9.4609260559082
Distill25_1.0,1,371,9.3839168548584
Distill50_0.25,1,371,19.0460681915283
Distill50_0.5,1,371,18.6450481414795
Distill25_0.1,1,371,22.2377777099609
Distill25_0.5,1,371,18.8019275665283
CE_control_0.1,1,371,18.8500881195068
Current,1,371,0.844001770019531
CE_control_0.25,1,371,20.4160213470459
Distill50_1.0,1,371,8.99386405944824
Distill50_0.25,2,176,18.9568996429443
Distill50_0.1,2,176,18.5060501098633
Distill50_0.5,2,176,18.0270671844482
Distill25_0.5,2,176,18.2869434356689
CE_control_0.25,2,176,18.5761451721191
CE_control_0.1,2,176,18.0940628051758
Distill25_1.0,2,176,12.0320320129395
CE_control_0.5,2,176,19.4211006164551
Distill25_0.25,2,176,18.6798572540283
Current,2,176,1.3890266418457
Distill50_1.0,2,176,13.1759643554688
CE_control_1.0,2,176,11.6541385650635
Distill25_0.1,2,176,19.1709995269775
Distill25_0.1,1,191,18.9359188079834
Distill50_0.25,1,191,18.8219547271729
Distill25_0.5,1,191,19.6452140808105
CE_control_0.5,1,191,20.0831890106201
Distill50_0.1,1,191,20.0519561767578
Current,1,191,0.869035720825195
Distill50_1.0,1,191,23.6990451812744
Distill50_0.5,1,191,18.0108547210693
CE_control_0.25,1,191,18.2881355285645
Distill25_0.25,1,191,19.8760032653809
Distill25_1.0,1,191,11.1789703369141
CE_control_0.1,1,191,19.2780494689941
CE_control_1.0,1,191,9.8569393157959
CE_control_0.25,2,421,19.819974899292
CE_control_0.1,2,421,18.8398361206055
Distill50_1.0,2,421,9.13691520690918
Distill25_1.0,2,421,10.5509757995605
Distill25_0.25,2,421,18.043041229248
Distill50_0.1,2,421,17.9691314697266
Distill25_0.1,2,421,18.139123916626
Distill50_0.25,2,421,18.4440612792969
CE_control_0.5,2,421,17.5788402557373
Distill50_0.5,2,421,17.9290771484375
Distill25_0.5,2,421,17.3389911651611
Current,2,421,0.799894332885742
CE_control_1.0,2,421,8.61191749572754
Distill25_1.0,1,593,8.72898101806641
Distill50_0.25,1,593,18.9099311828613
Distill25_0.5,1,593,18.841028213501
CE_control_1.0,1,593,9.21010971069336
Current,1,593,1.08504295349121
CE_control_0.25,1,593,18.3801651000977
Distill50_1.0,1,593,9.5679759979248
Distill50_0.5,1,593,20.7650661468506
Distill25_0.25,1,593,18.8961029052734
CE_control_0.5,1,593,18.1410312652588
Distill25_0.1,1,593,17.2171592712402
Distill50_0.1,1,593,18.3639526367188
CE_control_0.1,1,593,17.9080963134766
Distill25_0.25,1,115,21.8908786773682
CE_control_0.5,1,115,20.247220993042
CE_control_1.0,1,115,11.4932060241699
CE_control_0.1,1,115,31.0239791870117
Distill50_0.1,1,115,20.9760665893555
CE_control_0.25,1,115,19.6049213409424
Distill25_1.0,1,115,11.2018585205078
Distill50_0.25,1,115,19.6051597595215
Distill50_1.0,1,115,10.21409034729
Distill25_0.5,1,115,20.1318264007568
Distill25_0.1,1,115,19.5040702819824
Current,1,115,1.17301940917969
Distill50_0.5,1,115,18.7687873840332
CE_control_1.0,3,448,8.41188430786133
Distill25_0.5,3,448,17.6990032196045
CE_control_0.5,3,448,18.0199146270752
Distill25_0.1,3,448,16.4999961853027
Distill50_0.1,3,448,17.0178413391113
Distill25_0.25,3,448,17.2500610351563
Distill50_0.25,3,448,17.2209739685059
Current,3,448,0.814914703369141
CE_control_0.25,3,448,17.6799297332764
Distill50_0.5,3,448,17.9049968719482
Distill25_1.0,3,448,10.1001262664795
CE_control_0.1,3,448,18.474817276001
Distill50_1.0,3,448,8.91709327697754
Distill50_0.5,3,419,17.2090530395508
CE_control_0.5,3,419,18.0239677429199
Current,3,419,0.752925872802734
Distill25_0.25,3,419,17.880916595459
Distill50_0.25,3,419,17.1589851379395
Distill50_1.0,3,419,8.97812843322754
Distill25_0.5,3,419,18.1431770324707
CE_control_0.1,3,419,18.557071685791
CE_control_0.25,3,419,18.4280872344971
CE_control_1.0,3,419,9.13190841674805
Distill50_0.1,3,419,18.6090469360352
Distill25_1.0,3,419,10.4479789733887
Distill25_0.1,3,419,17.2469615936279
Distill25_1.0,3,496,9.28592681884766
Current,3,496,0.916957855224609
Distill50_0.25,3,496,16.6611671447754
CE_control_0.5,3,496,16.974925994873
Distill25_0.25,3,496,16.8671607971191
CE_control_1.0,3,496,10.3161334991455
CE_control_0.1,3,496,15.3379440307617
Distill25_0.1,3,496,15.3529644012451
Distill50_1.0,3,496,7.86614418029785
CE_control_0.25,3,496,15.4738426208496
Distill25_0.5,3,496,15.6919956207275
Distill50_0.1,3,496,15.8498287200928
Distill50_0.5,3,496,15.6328678131104
Distill50_0.1,1,545,16.6418552398682
Distill50_0.5,1,545,15.5410766601563
Distill25_0.1,1,545,17.3149108886719
Current,1,545,0.756025314331055
Distill25_1.0,1,545,9.13095474243164
Distill25_0.25,1,545,16.4890289306641
CE_control_0.1,1,545,18.1589126586914
Distill50_0.25,1,545,17.988920211792
Distill50_1.0,1,545,8.88991355895996
CE_control_0.25,1,545,18.2809829711914
Distill25_0.5,1,545,18.7311172485352
CE_control_0.5,1,545,17.4078941345215
CE_control_1.0,1,545,8.79502296447754
CE_control_0.25,1,512,16.4470672607422
Distill25_0.25,1,512,17.4579620361328
Distill50_0.1,1,512,16.7992115020752
Distill25_0.1,1,512,16.7989730834961
Distill25_0.5,1,512,16.5369510650635
CE_control_1.0,1,512,10.1168155670166
Current,1,512,0.795125961303711
CE_control_0.1,1,512,15.9399509429932
Distill50_1.0,1,512,10.2510452270508
Distill50_0.5,1,512,16.0579681396484
Distill25_1.0,1,512,9.21988487243652
Distill50_0.25,1,512,17.2519683837891
CE_control_0.5,1,512,17.1270370483398
CE_control_0.25,1,156,22.4699974060059
Distill25_1.0,1,156,11.8749141693115
Distill25_0.25,1,156,21.7189788818359
CE_control_0.1,1,156,19.6359157562256
Distill25_0.1,1,156,20.2560424804688
Current,1,156,0.84686279296875
CE_control_0.5,1,156,19.2360877990723
Distill50_0.5,1,156,20.9269523620605
CE_control_1.0,1,156,11.5320682525635
Distill25_0.5,1,156,21.4970111846924
Distill50_1.0,1,156,11.5070343017578
Distill50_0.25,1,156,19.5059776306152
Distill50_0.1,1,156,20.2600955963135
Current,1,317,0.891923904418945
Distill50_0.25,1,317,21.2981700897217
Distill50_0.1,1,317,21.3000774383545
Distill50_1.0,1,317,12.0768547058105
CE_control_1.0,1,317,10.1139545440674
Distill50_0.5,1,317,23.2589244842529
Distill25_0.5,1,317,22.3569869995117
Distill25_0.1,1,317,23.2629776000977
CE_control_0.25,1,317,21.7139720916748
CE_control_0.5,1,317,24.00803565979
Distill25_1.0,1,317,10.3161334991455
Distill25_0.25,1,317,22.946834564209
CE_control_0.1,1,317,22.5861072540283
Distill25_0.25,3,286,19.6239948272705
CE_control_0.25,3,286,20.5450057983398
Distill50_0.1,3,286,20.5039978027344
Distill50_0.25,3,286,18.8498497009277
Distill50_0.5,3,286,18.8100337982178
CE_control_0.1,3,286,17.3699855804443
Distill25_0.1,3,286,16.4070129394531
CE_control_0.5,3,286,16.8318748474121
Distill50_1.0,3,286,10.0681781768799
CE_control_1.0,3,286,11.0170841217041
Distill25_0.5,3,286,18.4619426727295
Distill25_1.0,3,286,10.5159282684326
Current,3,286,0.906944274902344
Distill25_0.25,1,571,15.5758857727051
CE_control_0.1,1,571,15.6538486480713
Distill25_1.0,1,571,8.45599174499512
Distill50_0.5,1,571,15.9480571746826
Distill50_0.25,1,571,15.6528949737549
CE_control_0.5,1,571,15.9969329833984
CE_control_1.0,1,571,8.82697105407715
CE_control_0.25,1,571,14.915943145752
Current,1,571,0.957012176513672
Distill25_0.5,1,571,15.861988067627
Distill50_0.1,1,571,16.4458751678467
Distill50_1.0,1,571,9.1710090637207
Distill25_0.1,1,571,17.2648429870605
Distill25_1.0,3,595,9.78779792785645
Distill50_0.25,3,595,20.7850933074951
Distill25_0.1,3,595,20.8559036254883
Distill25_0.5,3,595,21.9378471374512
CE_control_0.5,3,595,20.488977432251
Distill50_0.5,3,595,21.7258930206299
Distill50_1.0,3,595,10.7121467590332
Distill25_0.25,3,595,21.9979286193848
Distill50_0.1,3,595,22.0248699188232
Current,3,595,0.885009765625
CE_control_0.25,3,595,21.2278366088867
CE_control_1.0,3,595,9.07087326049805
CE_control_0.1,3,595,21.5749740600586
Distill50_0.1,2,243,19.4411277770996
Distill50_1.0,2,243,8.97312164306641
CE_control_0.5,2,243,31.5308570861816
Distill50_0.25,2,243,18.5561180114746
CE_control_0.1,2,243,17.8158283233643
Distill25_0.1,2,243,18.9430713653564
Distill25_0.25,2,243,17.7769660949707
CE_control_1.0,2,243,8.6359977722168
Distill50_0.5,2,243,19.3660259246826
CE_control_0.25,2,243,18.9359188079834
Distill25_1.0,2,243,8.99100303649902
Current,2,243,0.854969024658203
Distill25_0.5,2,243,18.9189910888672
Distill25_0.25,1,236,18.8610553741455
Distill50_0.5,1,236,19.1271305084229
Distill25_0.5,1,236,18.9149379730225
CE_control_0.25,1,236,19.0529823303223
Current,1,236,0.761985778808594
Distill50_1.0,1,236,12.0468139648438
Distill25_1.0,1,236,11.6679668426514
CE_control_1.0,1,236,10.9429359436035
Distill25_0.1,1,236,19.8900699615479
CE_control_0.5,1,236,18.6319351196289
Distill50_0.1,1,236,19.0300941467285
Distill50_0.25,1,236,20.2109813690186
CE_control_0.1,1,236,20.9839344024658
Distill25_0.1,2,88,20.3788280487061
Distill50_0.5,2,88,20.1048851013184
Distill50_0.1,2,88,17.8968906402588
CE_control_1.0,2,88,8.87703895568848
CE_control_0.25,2,88,18.4550285339355
Current,2,88,0.763893127441406
Distill25_1.0,2,88,8.27479362487793
CE_control_0.5,2,88,20.672082901001
CE_control_0.1,2,88,19.4270610809326
Distill50_0.25,2,88,29.5209884643555
Distill25_0.5,2,88,18.0859565734863
Distill25_0.25,2,88,16.7000293731689
Distill50_1.0,2,88,10.1640224456787
Current,1,322,0.892877578735352
CE_control_0.5,1,322,15.657901763916
CE_control_1.0,1,322,9.0789794921875
Distill25_1.0,1,322,7.89403915405273
Distill50_1.0,1,322,8.74114036560059
Distill50_0.5,1,322,14.354944229126
Distill50_0.1,1,322,15.308141708374
Distill50_0.25,1,322,16.0617828369141
CE_control_0.25,1,322,16.1120891571045
Distill25_0.25,1,322,15.1522159576416
Distill25_0.1,1,322,14.578104019165
Distill25_0.5,1,322,15.0821208953857
CE_control_0.1,1,322,15.8588886260986
CE_control_0.1,3,4,21.3451385498047
Distill25_0.5,3,4,21.8479633331299
Distill50_0.25,3,4,23.5939025878906
Distill50_1.0,3,4,10.1790428161621
CE_control_0.5,3,4,23.3008861541748
CE_control_0.25,3,4,22.5179195404053
Distill25_0.25,3,4,21.6579437255859
Current,3,4,1.40500068664551
Distill50_0.1,3,4,24.0390300750732
CE_control_1.0,3,4,10.8101367950439
Distill50_0.5,3,4,22.3429203033447
Distill25_0.1,3,4,22.1810340881348
Distill25_1.0,3,4,11.80100440979
Distill50_1.0,2,458,8.96191596984863
Current,2,458,0.94294548034668
Distill25_1.0,2,458,9.37294960021973
CE_control_0.25,2,458,17.9641246795654
Distill25_0.5,2,458,19.6719169616699
Distill50_0.5,2,458,18.3341503143311
CE_control_0.1,2,458,28.8670063018799
Distill25_0.25,2,458,17.9240703582764
Distill50_0.25,2,458,17.6510810852051
Distill25_0.1,2,458,17.5390243530273
Distill50_0.1,2,458,16.8421268463135
CE_control_1.0,2,458,8.58807563781738
CE_control_0.5,2,458,15.9091949462891
Distill25_0.1,1,130,17.1210765838623
CE_control_1.0,1,130,9.18006896972656
Current,1,130,1.00207328796387
Distill50_1.0,1,130,8.28790664672852
CE_control_0.1,1,130,18.596887588501
Distill50_0.25,1,130,18.4600353240967
Distill50_0.5,1,130,15.8109664916992
Distill25_1.0,1,130,8.7580680847168
CE_control_0.5,1,130,17.6901817321777
Distill25_0.25,1,130,17.7140235900879
Distill25_0.5,1,130,18.7079906463623
CE_control_0.25,1,130,18.9371109008789
Distill50_0.1,1,130,18.0861949920654
Distill50_0.1,3,232,19.4079875946045
CE_control_0.5,3,232,18.8839435577393
Distill25_0.25,3,232,17.6138877868652
CE_control_1.0,3,232,8.84699821472168
CE_control_0.25,3,232,16.9990062713623
Distill25_0.1,3,232,16.9899463653564
CE_control_0.1,3,232,17.4689292907715
Distill25_1.0,3,232,8.6979866027832
Distill25_0.5,3,232,19.5529460906982
Distill50_0.5,3,232,18.5391902923584
Distill50_0.25,3,232,17.7760124206543
Distill50_1.0,3,232,8.92090797424316
Current,3,232,0.811100006103516
Distill50_1.0,2,470,10.6689929962158
CE_control_0.5,2,470,17.4078941345215
Current,2,470,0.772953033447266
Distill50_0.1,2,470,17.3029899597168
Distill50_0.5,2,470,31.6939353942871
Distill25_0.1,2,470,17.0049667358398
Distill25_0.25,2,470,16.2191390991211
Distill25_0.5,2,470,16.3388252258301
CE_control_1.0,2,470,8.95404815673828
CE_control_0.25,2,470,16.0348415374756
Distill25_1.0,2,470,8.39591026306152
CE_control_0.1,2,470,16.3078308105469
Distill50_0.25,2,470,17.1568393707275
CE_control_0.25,2,578,17.0528888702393
Distill25_0.1,2,578,16.5219306945801
Distill25_1.0,2,578,9.0329647064209
Distill25_0.25,2,578,15.1479244232178
CE_control_0.1,2,578,15.6559944152832
CE_control_1.0,2,578,8.61406326293945
Current,2,578,0.787019729614258
Distill25_0.5,2,578,15.9080028533936
Distill50_0.1,2,578,16.2389278411865
Distill50_0.25,2,578,15.9111022949219
Distill50_0.5,2,578,18.0771350860596
CE_control_0.5,2,578,17.481803894043
Distill50_1.0,2,578,10.8940601348877
Distill50_0.25,1,200,21.1398601531982
Distill25_0.25,1,200,21.9571590423584
CE_control_0.1,1,200,20.313024520874
Distill25_0.1,1,200,19.7889804840088
Distill50_1.0,1,200,12.0267868041992
CE_control_0.5,1,200,20.7221508026123
CE_control_1.0,1,200,12.2911930084229
Distill25_0.5,1,200,19.895076751709
Current,1,200,0.879049301147461
Distill50_0.1,1,200,20.2300548553467
CE_control_0.25,1,200,20.7560062408447
Distill25_1.0,1,200,25.7880687713623
Distill50_0.5,1,200,20.4780101776123
Distill50_1.0,2,249,9.55080986022949
Distill25_0.5,2,249,16.3421630859375
CE_control_0.25,2,249,16.5979862213135
Distill50_0.1,2,249,17.1270370483398
CE_control_0.5,2,249,16.2351131439209
Distill25_1.0,2,249,8.29696655273438
Distill50_0.25,2,249,17.4658298492432
Distill50_0.5,2,249,17.902135848999
Distill25_0.25,2,249,17.7090167999268
Current,2,249,0.787019729614258
Distill25_0.1,2,249,18.4731483459473
CE_control_1.0,2,249,9.4459056854248
CE_control_0.1,2,249,17.8799629211426
Distill50_1.0,2,244,8.56995582580566
CE_control_1.0,2,244,9.31215286254883
CE_control_0.25,2,244,17.5800323486328
Distill25_1.0,2,244,8.04305076599121
Distill25_0.25,2,244,19.6750164031982
Distill50_0.5,2,244,18.2099342346191
Distill50_0.25,2,244,17.8000926971436
Distill50_0.1,2,244,18.043041229248
Current,2,244,0.768184661865234
Distill25_0.1,2,244,17.8520679473877
CE_control_0.5,2,244,18.6982154846191
Distill25_0.5,2,244,18.2909965515137
CE_control_0.1,2,244,19.340991973877
Current,1,162,0.764131546020508
Distill25_0.1,1,162,19.5560455322266
Distill25_0.5,1,162,17.4620151519775
Distill25_0.25,1,162,18.312931060791
Distill25_1.0,1,162,8.85701179504395
Distill50_1.0,1,162,10.1079940795898
Distill50_0.5,1,162,18.1741714477539
CE_control_0.25,1,162,19.8941230773926
Distill50_0.25,1,162,19.6690559387207
CE_control_0.5,1,162,19.0510749816895
CE_control_1.0,1,162,22.3500728607178
CE_control_0.1,1,162,18.1980133056641
Distill50_0.1,1,162,19.1068649291992
CE_control_1.0,1,404,9.50503349304199
Current,1,404,0.980138778686523
CE_control_0.1,1,404,16.5188312530518
Distill50_0.1,1,404,16.3900852203369
Distill50_0.25,1,404,16.7109966278076
Distill25_1.0,1,404,8.90612602233887
Distill25_0.25,1,404,17.67897605896
Distill25_0.1,1,404,17.7459716796875
Distill50_0.5,1,404,17.3680782318115
Distill50_1.0,1,404,8.44097137451172
Distill25_0.5,1,404,17.5139904022217
CE_control_0.25,1,404,17.2829627990723
CE_control_0.5,1,404,18.2089805603027
Distill25_1.0,3,300,8.64410400390625
Distill25_0.1,3,300,16.9010162353516
Distill50_0.1,3,300,18.1601047515869
CE_control_0.1,3,300,19.1910266876221
Distill25_0.25,3,300,18.6710357666016
Distill50_1.0,3,300,9.63306427001953
Distill50_0.25,3,300,18.1229114532471
CE_control_0.25,3,300,18.9099311828613
CE_control_0.5,3,300,18.0130004882813
Distill50_0.5,3,300,18.2008743286133
Current,3,300,0.927925109863281
Distill25_0.5,3,300,17.1878337860107
CE_control_1.0,3,300,8.9569091796875
Distill50_0.25,1,246,20.2429294586182
CE_control_1.0,1,246,10.2639198303223
Distill50_0.5,1,246,20.359992980957
CE_control_0.5,1,246,19.9480056762695
Distill50_1.0,1,246,10.2708339691162
Current,1,246,1.01900100708008
CE_control_0.25,1,246,20.1849937438965
CE_control_0.1,1,246,19.4118022918701
Distill50_0.1,1,246,19.2549228668213
Distill25_0.1,1,246,32.3081016540527
Distill25_0.5,1,246,18.5480117797852
Distill25_0.25,1,246,18.9409255981445
Distill25_1.0,1,246,11.5921497344971
Current,3,18,0.864982604980469
Distill50_0.5,3,18,19.9990272521973
CE_control_0.5,3,18,19.3300247192383
CE_control_1.0,3,18,10.2770328521729
Distill25_0.25,3,18,19.0079212188721
Distill25_0.1,3,18,19.2990303039551
Distill25_1.0,3,18,10.5950832366943
CE_control_0.1,3,18,18.355131149292
Distill50_1.0,3,18,9.34505462646484
Distill50_0.25,3,18,18.6789035797119
Distill25_0.5,3,18,18.5730457305908
Distill50_0.1,3,18,20.6310749053955
CE_control_0.25,3,18,20.4541683197021
Distill25_1.0,1,224,10.4360580444336
CE_control_1.0,1,224,9.07111167907715
CE_control_0.5,1,224,18.6469554901123
Distill25_0.25,1,224,18.8210010528564
Distill25_0.1,1,224,18.6491012573242
Distill50_0.25,1,224,20.3750133514404
Distill50_0.5,1,224,20.1570987701416
Distill50_0.1,1,224,19.4680690765381
Distill25_0.5,1,224,18.6440944671631
Current,1,224,0.706911087036133
CE_control_0.25,1,224,18.7368392944336
CE_control_0.1,1,224,18.906831741333
Distill50_1.0,1,224,9.49001312255859
Current,3,441,0.796079635620117
Distill25_0.25,3,441,18.3157920837402
CE_control_0.25,3,441,19.1538333892822
CE_control_0.5,3,441,17.7550315856934
Distill25_0.5,3,441,31.336784362793
Distill50_0.5,3,441,19.3679332733154
Distill50_1.0,3,441,9.20891761779785
Distill25_0.1,3,441,17.3649787902832
Distill25_1.0,3,441,7.65299797058106
Distill50_0.25,3,441,18.402099609375
Distill50_0.1,3,441,18.3870792388916
CE_control_1.0,3,441,7.70998001098633
CE_control_0.1,3,441,16.7720317840576
Distill50_0.1,2,181,16.6459083557129
Distill50_0.5,2,181,16.6609287261963
Distill25_1.0,2,181,8.6979866027832
CE_control_1.0,2,181,7.87806510925293
Distill25_0.1,2,181,16.9131755828857
Distill25_0.5,2,181,17.064094543457
CE_control_0.25,2,181,18.3708667755127
Distill25_0.25,2,181,17.2240734100342
CE_control_0.1,2,181,18.1071758270264
CE_control_0.5,2,181,17.9901123046875
Distill50_1.0,2,181,9.76085662841797
Distill50_0.25,2,181,19.5600986480713
Current,2,181,0.847101211547852
Distill50_1.0,2,196,10.4250907897949
Distill50_0.1,2,196,18.2249546051025
CE_control_0.5,2,196,19.3190574645996
CE_control_0.25,2,196,18.2240009307861
CE_control_1.0,2,196,10.483980178833
Distill50_0.25,2,196,19.758939743042
CE_control_0.1,2,196,19.3119049072266
Distill50_0.5,2,196,18.0089473724365
Distill25_1.0,2,196,10.4799270629883
Distill25_0.1,2,196,18.312931060791
Current,2,196,0.863075256347656
Distill25_0.25,2,196,18.2459354400635
Distill25_0.5,2,196,18.0320739746094
CE_control_0.5,2,448,16.9579982757568
Distill25_0.25,2,448,28.1128883361816
Distill25_0.5,2,448,16.8280601501465
CE_control_0.1,2,448,17.4548625946045
Current,2,448,0.950098037719727
Distill50_0.1,2,448,16.6549682617188
Distill25_1.0,2,448,8.51106643676758
CE_control_1.0,2,448,8.66913795471191
Distill50_0.5,2,448,14.9860382080078
CE_control_0.25,2,448,14.970064163208
Distill50_1.0,2,448,8.65507125854492
Distill50_0.25,2,448,16.5178775787354
Distill25_0.1,2,448,16.8678760528564
Distill50_0.25,2,442,15.5320167541504
Distill50_0.5,2,442,15.8801078796387
CE_control_0.1,2,442,15.6028270721436
Distill50_1.0,2,442,8.21089744567871
Distill25_0.25,2,442,15.9499645233154
Current,2,442,0.888824462890625
Distill25_1.0,2,442,8.12816619873047
Distill50_0.1,2,442,16.2231922149658
CE_control_0.5,2,442,16.2310600280762
Distill25_0.5,2,442,16.5829658508301
CE_control_0.25,2,442,16.1957740783691
CE_control_1.0,2,442,8.37182998657227
Distill25_0.1,2,442,16.8609619140625
Distill50_1.0,2,48,10.0839138031006
CE_control_1.0,2,48,11.970043182373
Current,2,48,0.885963439941406
CE_control_0.25,2,48,19.212007522583
Distill25_1.0,2,48,11.5330219268799
Distill25_0.25,2,48,19.2320346832275
Distill50_0.5,2,48,19.7720527648926
Distill25_0.5,2,48,20.1718807220459
Distill25_0.1,2,48,19.010066986084
Distill50_0.25,2,48,19.6728706359863
Distill50_0.1,2,48,18.4788703918457
CE_control_0.5,2,48,30.9109687805176
CE_control_0.1,2,48,17.4019336700439
Current,3,410,0.728130340576172
CE_control_0.1,3,410,14.707088470459
Distill50_1.0,3,410,7.46607780456543
CE_control_0.5,3,410,17.8639888763428
Distill25_0.5,3,410,16.0629749298096
Distill50_0.5,3,410,21.7130184173584
Distill25_0.25,3,410,31.4891338348389
Distill25_1.0,3,410,17.2131061553955
Distill50_0.25,3,410,33.0560207366943
Distill50_0.1,3,410,17.3969268798828
CE_control_1.0,3,410,7.89499282836914
Distill25_0.1,3,410,17.4942016601563
CE_control_0.25,3,410,18.2230472564697
CE_control_1.0,3,444,9.43398475646973
Distill25_0.5,3,444,19.3331241607666
Distill25_0.1,3,444,20.784854888916
Distill50_0.5,3,444,20.3001499176025
Distill25_0.25,3,444,19.4399356842041
CE_control_0.1,3,444,20.0150012969971
CE_control_0.5,3,444,20.0760364532471
Distill50_0.1,3,444,22.2859382629395
CE_control_0.25,3,444,20.7200050354004
Distill25_1.0,3,444,9.25207138061523
Current,3,444,0.94914436340332
Distill50_1.0,3,444,9.32693481445312
Distill50_0.25,3,444,19.4978713989258
Distill50_0.1,1,349,20.9290981292725
Distill50_1.0,1,349,8.50296020507813
Distill25_0.25,1,349,18.9831256866455
CE_control_0.5,1,349,19.9408531188965
Distill50_0.25,1,349,19.3150043487549
CE_control_0.25,1,349,19.7360515594482
Distill25_0.1,1,349,19.7551250457764
Distill50_0.5,1,349,20.7481384277344
CE_control_0.1,1,349,20.5740928649902
CE_control_1.0,1,349,9.03701782226562
Current,1,349,14.8999691009521
Distill25_0.5,1,349,18.5699462890625
Distill25_1.0,1,349,10.1981163024902
Distill50_0.5,2,195,18.7911987304688
CE_control_1.0,2,195,16.8168544769287
CE_control_0.5,2,195,19.3889141082764
Distill25_0.5,2,195,20.3299522399902
Distill25_0.1,2,195,18.7320709228516
CE_control_0.1,2,195,19.5050239562988
Distill25_1.0,2,195,10.7588768005371
Distill50_0.25,2,195,19.7570323944092
Current,2,195,0.843048095703125
CE_control_0.25,2,195,17.5309181213379
Distill25_0.25,2,195,20.205020904541
Distill50_1.0,2,195,10.174036026001
Distill50_0.1,2,195,18.3930397033691
Distill50_0.1,3,333,16.0439014434814
Distill50_0.5,3,333,17.1148777008057
Distill50_1.0,3,333,9.99999046325684
Current,3,333,0.952005386352539
Distill25_0.5,3,333,16.0470008850098
CE_control_1.0,3,333,10.7359886169434
Distill50_0.25,3,333,17.0190334320068
Distill25_0.1,3,333,17.5879001617432
CE_control_0.1,3,333,16.9539451599121
CE_control_0.5,3,333,19.2749500274658
CE_control_0.25,3,333,16.3421630859375
Distill25_0.25,3,333,17.8492069244385
Distill25_1.0,3,333,10.9078884124756
Distill25_1.0,2,451,8.95404815673828
CE_control_0.1,2,451,20.5850601196289
Distill50_0.1,2,451,29.6530723571777
CE_control_0.5,2,451,19.0939903259277
Current,2,451,0.851869583129883
Distill25_0.5,2,451,19.1659927368164
CE_control_1.0,2,451,9.07588005065918
Distill50_1.0,2,451,7.88688659667969
Distill25_0.1,2,451,20.4348564147949
CE_control_0.25,2,451,21.7239856719971
Distill50_0.5,2,451,20.7040309906006
Distill25_0.25,2,451,20.097017288208
Distill50_0.25,2,451,21.1489200592041
Distill50_1.0,3,142,8.62693786621094
Current,3,142,0.861883163452148
Distill50_0.5,3,142,15.5489444732666
CE_control_0.1,3,142,16.3910388946533
Distill25_0.1,3,142,16.9429779052734
Distill25_1.0,3,142,9.98687744140625
Distill50_0.1,3,142,16.9150829315186
Distill25_0.25,3,142,16.746997833252
Distill25_0.5,3,142,16.0470008850098
CE_control_1.0,3,142,9.52911376953125
CE_control_0.25,3,142,16.9508457183838
CE_control_0.5,3,142,16.5607929229736
Distill50_0.25,3,142,16.6189670562744
CE_control_0.1,3,352,18.4459686279297
Distill50_0.25,3,352,17.7719593048096
CE_control_0.25,3,352,17.9400444030762
Distill50_1.0,3,352,9.03701782226562
Distill25_0.25,3,352,19.4389820098877
Current,3,352,0.871896743774414
Distill25_0.5,3,352,19.0000534057617
CE_control_0.5,3,352,17.4040794372559
Distill25_0.1,3,352,18.1028842926025
Distill50_0.1,3,352,17.6169872283936
Distill50_0.5,3,352,17.8449153900146
CE_control_1.0,3,352,9.31715965270996
Distill25_1.0,3,352,9.80305671691895
Distill25_0.5,2,285,17.9529190063477
CE_control_0.25,2,285,16.2651538848877
CE_control_0.5,2,285,16.585111618042
Distill50_0.1,2,285,16.5739059448242
CE_control_0.1,2,285,16.0849094390869
Distill25_0.1,2,285,16.2110328674316
Current,2,285,0.890016555786133
CE_control_1.0,2,285,9.19008255004883
Distill25_0.25,2,285,17.3089504241943
Distill50_0.25,2,285,17.5158977508545
Distill25_1.0,2,285,8.21185111999512
Distill50_1.0,2,285,9.32502746582031
Distill50_0.5,2,285,16.3159370422363
Distill50_0.25,3,535,15.5901908874512
Distill25_0.1,3,535,15.7401561737061
Distill25_0.5,3,535,16.5660381317139
Distill50_0.5,3,535,17.2090530395508
Current,3,535,0.730037689208984
CE_control_0.1,3,535,16.2239074707031
Distill50_0.1,3,535,17.2920227050781
CE_control_0.25,3,535,16.8581008911133
Distill25_1.0,3,535,10.0710391998291
Distill50_1.0,3,535,10.2689266204834
Distill25_0.25,3,535,17.6279544830322
CE_control_1.0,3,535,11.7170810699463
CE_control_0.5,3,535,16.0760879516602
Distill50_0.25,2,310,18.0602073669434
Distill25_0.25,2,310,18.3279514312744
Distill50_0.1,2,310,18.6629295349121
Distill50_1.0,2,310,11.0399723052979
Distill25_0.1,2,310,17.4798965454102
CE_control_0.1,2,310,17.1051025390625
CE_control_1.0,2,310,8.37302207946777
Distill25_0.5,2,310,17.9619789123535
CE_control_0.5,2,310,17.4508094787598
Current,2,310,0.779867172241211
Distill50_0.5,2,310,16.9491767883301
Distill25_1.0,2,310,7.83896446228027
CE_control_0.25,2,310,30.1260948181152
CE_control_1.0,2,444,8.40497016906738
CE_control_0.5,2,444,17.582893371582
Distill25_0.5,2,444,18.3079242706299
Distill50_0.5,2,444,18.657922744751
Distill50_0.25,2,444,18.8708305358887
CE_control_0.1,2,444,20.0040340423584
Distill25_0.1,2,444,21.5840339660645
Distill25_0.25,2,444,19.9811458587646
Distill50_0.1,2,444,19.0122127532959
CE_control_0.25,2,444,18.1910991668701
Distill25_1.0,2,444,8.24189186096191
Current,2,444,0.997066497802734
Distill50_1.0,2,444,7.67707824707031
CE_control_1.0,3,190,9.88912582397461
Distill50_0.25,3,190,16.4279937744141
Current,3,190,0.720024108886719
CE_control_0.25,3,190,16.2110328674316
CE_control_0.1,3,190,16.4389610290527
Distill25_0.25,3,190,16.5421962738037
Distill25_1.0,3,190,9.71484184265137
Distill50_0.1,3,190,16.9069766998291
Distill50_1.0,3,190,9.75608825683594
Distill25_0.5,3,190,17.9991722106934
Distill25_0.1,3,190,17.3459053039551
Distill50_0.5,3,190,18.8310146331787
CE_control_0.5,3,190,17.3039436340332
Distill50_0.1,1,347,18.1078910827637
CE_control_0.25,1,347,17.848014831543
CE_control_0.5,1,347,16.8130397796631
CE_control_0.1,1,347,17.0888900756836
Distill25_0.25,1,347,16.6950225830078
Distill50_1.0,1,347,8.13984870910645
Distill25_0.5,1,347,19.5848941802979
Distill50_0.5,1,347,29.2389392852783
Distill50_0.25,1,347,17.1439647674561
Distill25_1.0,1,347,10.0409984588623
CE_control_1.0,1,347,8.6979866027832
Distill25_0.1,1,347,16.7820453643799
Current,1,347,0.721931457519531
CE_control_0.1,3,242,15.2900218963623
Distill50_0.25,3,242,15.6629085540771
Current,3,242,0.82707405090332
CE_control_0.25,3,242,15.1760578155518
Distill25_0.5,3,242,16.8190002441406
Distill25_0.25,3,242,16.6399478912354
Distill50_1.0,3,242,9.75584983825684
Distill25_1.0,3,242,9.42111015319824
Distill25_0.1,3,242,16.6571140289307
Distill50_0.1,3,242,16.7109966278076
CE_control_0.5,3,242,15.4051780700684
CE_control_1.0,3,242,8.74900817871094
Distill50_0.5,3,242,16.2639617919922
Distill50_0.1,3,435,15.1681900024414
CE_control_0.1,3,435,15.2761936187744
CE_control_0.5,3,435,15.2339935302734
Distill50_0.5,3,435,15.0580406188965
Distill25_1.0,3,435,8.06403160095215
Distill50_1.0,3,435,10.0369453430176
Distill25_0.1,3,435,15.4139995574951
Distill25_0.25,3,435,15.0508880615234
Distill25_0.5,3,435,15.5460834503174
CE_control_1.0,3,435,7.77602195739746
Current,3,435,0.786781311035156
CE_control_0.25,3,435,15.9409046173096
Distill50_0.25,3,435,17.4160003662109
CE_control_0.25,1,326,18.1350708007813
CE_control_1.0,1,326,9.73415374755859
Distill50_0.1,1,326,16.8428421020508
Distill50_1.0,1,326,10.5109214782715
Distill50_0.25,1,326,17.5149440765381
CE_control_0.5,1,326,18.9061164855957
Distill25_1.0,1,326,11.1889839172363
Distill25_0.1,1,326,17.3659324645996
Distill25_0.25,1,326,17.1520709991455
Distill50_0.5,1,326,18.0821418762207
CE_control_0.1,1,326,17.1239376068115
Distill25_0.5,1,326,18.0850028991699
Current,1,326,1.00207328796387
Distill50_0.5,3,230,16.2699222564697
Distill50_0.25,3,230,15.7709121704102
CE_control_1.0,3,230,9.25898551940918
Distill25_0.5,3,230,17.5528526306152
Distill25_0.1,3,230,17.819881439209
Distill25_0.25,3,230,18.2881355285645
Distill50_1.0,3,230,10.4100704193115
Distill50_0.1,3,230,16.3729190826416
Distill25_1.0,3,230,10.3540420532227
CE_control_0.5,3,230,16.2808895111084
CE_control_0.1,3,230,16.1161422729492
CE_control_0.25,3,230,15.8379077911377
Current,3,230,0.815153121948242
Distill25_0.25,3,489,17.4951553344727
CE_control_0.25,3,489,17.4860954284668
CE_control_0.5,3,489,16.8988704681396
CE_control_0.1,3,489,16.9129371643066
Distill50_0.5,3,489,16.852855682373
Distill50_1.0,3,489,7.92884826660156
CE_control_1.0,3,489,9.02390480041504
Distill25_0.5,3,489,16.2980556488037
Distill50_0.1,3,489,16.5820121765137
Distill25_1.0,3,489,8.00800323486328
Distill50_0.25,3,489,18.4988975524902
Distill25_0.1,3,489,18.0048942565918
Current,3,489,0.893831253051758
Distill25_1.0,2,203,10.3018283843994
Distill25_0.5,2,203,23.3840942382813
Distill50_0.5,2,203,19.8888778686523
CE_control_0.1,2,203,20.1349258422852
Current,2,203,0.806093215942383
Distill25_0.1,2,203,19.3450450897217
Distill25_0.25,2,203,20.9000110626221
Distill50_0.25,2,203,21.0251808166504
CE_control_0.5,2,203,21.2409496307373
Distill50_0.1,2,203,20.4801559448242
CE_control_1.0,2,203,11.4538669586182
Distill50_1.0,2,203,10.361909866333
CE_control_0.25,2,203,19.7048187255859
Distill25_1.0,1,420,9.43589210510254
CE_control_0.25,1,420,19.3867683410645
Distill50_0.1,1,420,19.1419124603271
Distill50_1.0,1,420,9.14692878723145
CE_control_0.5,1,420,21.0599899291992
Distill25_0.5,1,420,20.7982063293457
Current,1,420,0.710010528564453
Distill25_0.1,1,420,19.5698738098145
Distill50_0.5,1,420,19.8168754577637
Distill50_0.25,1,420,21.0680961608887
Distill25_0.25,1,420,20.0860500335693
CE_control_0.1,1,420,20.0130939483643
CE_control_1.0,1,420,9.613037109375
CE_control_0.5,3,377,18.7170505523682
Distill25_0.5,3,377,18.3091163635254
Distill25_0.1,3,377,18.186092376709
Distill50_0.1,3,377,18.5480117797852
Distill25_1.0,3,377,8.47792625427246
Distill50_1.0,3,377,8.55207443237305
Distill25_0.25,3,377,17.4667835235596
Current,3,377,0.868082046508789
CE_control_1.0,3,377,10.3578567504883
Distill50_0.5,3,377,17.8771018981934
CE_control_0.1,3,377,29.8330783843994
CE_control_0.25,3,377,17.2569751739502
Distill50_0.25,3,377,17.9378986358643
Distill50_0.5,1,129,19.1199779510498
Distill50_0.1,1,129,19.4311141967773
Distill25_1.0,1,129,9.13095474243164
CE_control_0.25,1,129,18.949031829834
Distill25_0.1,1,129,20.8590030670166
Distill50_1.0,1,129,10.5040073394775
CE_control_0.1,1,129,19.2210674285889
CE_control_1.0,1,129,8.63194465637207
CE_control_0.5,1,129,20.5278396606445
Distill50_0.25,1,129,19.8760032653809
Current,1,129,0.769853591918945
Distill25_0.5,1,129,20.8079814910889
Distill25_0.25,1,129,20.7450389862061
Distill50_0.5,2,255,20.1561450958252
CE_control_0.25,2,255,18.6069011688232
CE_control_0.1,2,255,19.3519592285156
Distill25_1.0,2,255,11.1980438232422
Distill25_0.1,2,255,18.887996673584
Distill25_0.5,2,255,19.04296875
Distill50_0.1,2,255,20.6198692321777
Distill50_1.0,2,255,9.37986373901367
Distill25_0.25,2,255,19.9129581451416
Distill50_0.25,2,255,20.7908153533936
CE_control_0.5,2,255,20.0290679931641
CE_control_1.0,2,255,8.85200500488281
Current,2,255,0.789880752563477
Distill25_0.25,3,508,18.7778472900391
Distill50_0.25,3,508,18.3110237121582
Distill25_0.5,3,508,18.247127532959
CE_control_1.0,3,508,7.70401954650879
Distill25_1.0,3,508,10.2570056915283
CE_control_0.25,3,508,18.7900066375732
Distill50_1.0,3,508,8.46099853515625
CE_control_0.5,3,508,18.7170505523682
Distill50_0.1,3,508,30.4989814758301
Distill25_0.1,3,508,18.0790424346924
Current,3,508,1.01590156555176
CE_control_0.1,3,508,16.4728164672852
Distill50_0.5,3,508,16.9677734375
CE_control_0.5,2,395,15.6929492950439
Distill25_0.5,2,395,15.9850120544434
Distill25_1.0,2,395,8.54992866516113
Distill25_0.25,2,395,18.6548233032227
Distill50_0.5,2,395,18.5098648071289
Distill50_0.1,2,395,17.0578956604004
Distill50_0.25,2,395,16.1960124969482
CE_control_1.0,2,395,8.37612152099609
CE_control_0.25,2,395,15.5680179595947
Current,2,395,0.723123550415039
Distill25_0.1,2,395,15.7430171966553
CE_control_0.1,2,395,16.5529251098633
Distill50_1.0,2,395,8.64291191101074
Distill25_0.1,3,184,18.0160999298096
Distill50_0.1,3,184,18.5089111328125
Distill50_1.0,3,184,7.79199600219727
Distill50_0.5,3,184,20.6458568572998
Distill25_0.5,3,184,19.1299915313721
CE_control_0.5,3,184,17.9538726806641
CE_control_0.25,3,184,18.4121131896973
CE_control_0.1,3,184,18.1150436401367
CE_control_1.0,3,184,8.06283950805664
Current,3,184,0.841140747070313
Distill25_1.0,3,184,8.95500183105469
Distill25_0.25,3,184,20.7610130310059
Distill50_0.25,3,184,20.0710296630859
Distill50_0.25,3,464,17.9729461669922
Distill50_1.0,3,464,7.73382186889648
CE_control_0.5,3,464,18.0509090423584
Distill25_1.0,3,464,8.93497467041016
Distill50_0.1,3,464,18.4319019317627
Distill25_0.25,3,464,18.0649757385254
CE_control_1.0,3,464,8.71396064758301
CE_control_0.25,3,464,29.7970771789551
Distill25_0.5,3,464,19.517183303833
CE_control_0.1,3,464,18.3060169219971
Distill50_0.5,3,464,16.7210102081299
Distill25_0.1,3,464,16.4840221405029
Current,3,464,0.780820846557617
CE_control_0.5,1,217,13.477087020874
Distill25_1.0,1,217,7.6441764831543
CE_control_1.0,1,217,8.10098648071289
CE_control_0.1,1,217,14.3260955810547
Distill25_0.5,1,217,16.3018703460693
CE_control_0.25,1,217,14.2889022827148
Distill50_0.1,1,217,14.9290561676025
Distill50_1.0,1,217,9.41801071166992
Current,1,217,0.781059265136719
Distill50_0.5,1,217,13.6229991912842
Distill50_0.25,1,217,13.6511325836182
Distill25_0.25,1,217,13.9060020446777
Distill25_0.1,1,217,14.4100189208984
Distill25_0.1,2,339,17.096996307373
Distill25_0.25,2,339,17.8799629211426
CE_control_0.1,2,339,18.2480812072754
Current,2,339,0.877141952514648
Distill25_1.0,2,339,8.19492340087891
CE_control_1.0,2,339,9.60516929626465
CE_control_0.25,2,339,16.3819789886475
Distill50_0.1,2,339,16.8831348419189
Distill50_1.0,2,339,8.06498527526856
CE_control_0.5,2,339,18.5689926147461
Distill25_0.5,2,339,17.9629325866699
Distill50_0.5,2,339,17.8248882293701
Distill50_0.25,2,339,17.7068710327148
Distill25_1.0,2,123,10.3440284729004
CE_control_1.0,2,123,10.8351707458496
Distill25_0.1,2,123,20.7738876342773
CE_control_0.1,2,123,22.0530033111572
Distill50_0.25,2,123,32.0510864257813
Distill50_1.0,2,123,10.6079578399658
Distill25_0.5,2,123,21.7311382293701
CE_control_0.25,2,123,19.6390151977539
CE_control_0.5,2,123,18.5179710388184
Distill25_0.25,2,123,18.8040733337402
Distill50_0.1,2,123,20.3208923339844
Current,2,123,1.39498710632324
Distill50_0.5,2,123,20.5600261688232
Distill50_0.1,3,510,17.3540115356445
Distill25_0.5,3,510,17.2059535980225
CE_control_1.0,3,510,7.49397277832031
Distill25_1.0,3,510,9.52601432800293
CE_control_0.25,3,510,17.9629325866699
Distill50_0.5,3,510,17.9181098937988
Distill50_1.0,3,510,9.28092002868652
Distill50_0.25,3,510,19.0792083740234
Distill25_0.25,3,510,18.8539028167725
CE_control_0.5,3,510,19.5939540863037
Current,3,510,0.760078430175781
CE_control_0.1,3,510,19.2279815673828
Distill25_0.1,3,510,21.4440822601318
CE_control_0.1,1,345,18.9979076385498
CE_control_0.5,1,345,19.489049911499
Distill25_0.1,1,345,18.8629627227783
Distill50_0.25,1,345,19.1800594329834
Distill50_1.0,1,345,11.2540721893311
Distill50_0.1,1,345,18.4800624847412
Distill25_1.0,1,345,10.5428695678711
Distill25_0.5,1,345,18.3651447296143
CE_control_0.25,1,345,18.8090801239014
Distill25_0.25,1,345,18.481969833374
Distill50_0.5,1,345,18.2058811187744
Current,1,345,12.6500129699707
CE_control_1.0,1,345,9.7811222076416
Distill50_0.25,2,142,17.179012298584
CE_control_0.1,2,142,15.8741474151611
Distill50_1.0,2,142,9.25588607788086
Distill25_1.0,2,142,10.8959674835205
CE_control_0.25,2,142,18.906831741333
Distill25_0.1,2,142,16.1378383636475
CE_control_1.0,2,142,9.08899307250977
Distill50_0.1,2,142,16.589879989624
Distill50_0.5,2,142,16.4599418640137
CE_control_0.5,2,142,16.887903213501
Distill25_0.5,2,142,15.9659385681152
Distill25_0.25,2,142,16.0369873046875
Current,2,142,0.906944274902344
CE_control_0.25,3,392,15.172004699707
Current,3,392,0.90789794921875
CE_control_0.5,3,392,15.0070190429688
Distill50_0.25,3,392,15.7091617584229
Distill25_0.1,3,392,15.9749984741211
Distill25_0.5,3,392,15.5620574951172
CE_control_1.0,3,392,9.71007347106934
Distill25_1.0,3,392,10.1439952850342
Distill50_0.5,3,392,16.646146774292
Distill50_0.1,3,392,16.901969909668
Distill25_0.25,3,392,16.4408683776855
CE_control_0.1,3,392,16.6468620300293
Distill50_1.0,3,392,9.42397117614746
Distill25_0.25,1,180,18.3780193328857
Current,1,180,0.779867172241211
CE_control_1.0,1,180,8.99386405944824
Distill25_0.5,1,180,17.4441337585449
Distill50_1.0,1,180,9.32002067565918
CE_control_0.5,1,180,17.4179077148438
CE_control_0.25,1,180,17.9119110107422
Distill25_1.0,1,180,9.07802581787109
Distill50_0.25,1,180,18.1269645690918
Distill50_0.5,1,180,26.9079208374023
Distill25_0.1,1,180,17.2398090362549
CE_control_0.1,1,180,17.1840190887451
Distill50_0.1,1,180,17.9359912872314
Distill50_0.25,1,22,14.2261981964111
Distill50_0.5,1,22,14.5151615142822
Current,1,22,0.67901611328125
CE_control_0.5,1,22,14.44411277771
Distill25_1.0,1,22,9.24515724182129
CE_control_0.25,1,22,14.4200325012207
Distill50_0.1,1,22,13.6380195617676
Distill25_0.1,1,22,15.0749683380127
Distill25_0.5,1,22,14.0600204467773
CE_control_0.1,1,22,12.6540660858154
Distill50_1.0,1,22,7.45201110839844
Distill25_0.25,1,22,13.7519836425781
CE_control_1.0,1,22,8.6209774017334
CE_control_1.0,3,93,7.50303268432617
Distill25_0.1,3,93,18.6581611633301
Distill50_0.25,3,93,18.1419849395752
Distill25_0.25,3,93,18.6948776245117
Distill25_0.5,3,93,17.1539783477783
Distill50_1.0,3,93,8.6970329284668
Distill50_0.5,3,93,17.3709392547607
Distill50_0.1,3,93,16.8790817260742
Distill25_1.0,3,93,9.04107093811035
CE_control_0.1,3,93,16.6909694671631
CE_control_0.5,3,93,16.6659355163574
Current,3,93,0.85902214050293
CE_control_0.25,3,93,16.7140960693359
CE_control_0.5,1,100,17.751932144165
Distill50_0.25,1,100,18.5530185699463
CE_control_1.0,1,100,12.3209953308105
CE_control_0.1,1,100,18.3560848236084
CE_control_0.25,1,100,19.5810794830322
Distill50_0.1,1,100,32.1931838989258
Distill50_0.5,1,100,20.0197696685791
Distill25_1.0,1,100,10.4739665985107
Distill25_0.25,1,100,17.3840522766113
Current,1,100,0.745058059692383
Distill50_1.0,1,100,10.96510887146
Distill25_0.5,1,100,17.0669555664063
Distill25_0.1,1,100,17.7600383758545
Distill50_0.5,3,185,15.977144241333
Distill50_1.0,3,185,8.99910926818848
Distill25_0.1,3,185,17.0588493347168
Distill25_0.5,3,185,15.4588222503662
CE_control_0.25,3,185,15.0320529937744
Distill25_1.0,3,185,9.20796394348145
Distill25_0.25,3,185,14.2779350280762
Distill50_0.1,3,185,14.5430564880371
CE_control_1.0,3,185,7.97605514526367
Distill50_0.25,3,185,16.5188312530518
CE_control_0.5,3,185,15.977144241333
Current,3,185,0.650167465209961
CE_control_0.1,3,185,18.0859565734863
Distill50_1.0,1,298,10.6379985809326
Distill25_0.5,1,298,19.1569328308105
CE_control_0.5,1,298,21.636962890625
CE_control_0.1,1,298,20.3149318695068
CE_control_0.25,1,298,18.7990665435791
Distill25_0.25,1,298,18.9230442047119
Distill25_0.1,1,298,19.5510387420654
Distill25_1.0,1,298,11.6488933563232
Current,1,298,0.817060470581055
Distill50_0.5,1,298,19.3631649017334
Distill50_0.25,1,298,20.5860137939453
CE_control_1.0,1,298,10.033130645752
Distill50_0.1,1,298,34.9650382995605
Distill50_1.0,3,411,9.95588302612305
CE_control_0.1,3,411,19.0038681030273
Distill25_1.0,3,411,8.51106643676758
CE_control_1.0,3,411,9.76181030273438
Distill50_0.5,3,411,16.758918762207
Distill50_0.25,3,411,16.801118850708
Distill50_0.1,3,411,17.1852111816406
Distill25_0.1,3,411,17.0550346374512
CE_control_0.5,3,411,18.2139873504639
Distill25_0.5,3,411,18.6350345611572
CE_control_0.25,3,411,19.1531181335449
Distill25_0.25,3,411,16.9320106506348
Current,3,411,0.868797302246094
Distill25_1.0,1,493,7.99989700317383
Distill50_1.0,1,493,9.80901718139648
Distill25_0.1,1,493,15.883207321167
CE_control_0.25,1,493,15.6300067901611
Distill25_0.25,1,493,16.0908699035645
Distill50_0.25,1,493,17.024040222168
Distill50_0.1,1,493,15.7051086425781
CE_control_1.0,1,493,8.18490982055664
Distill25_0.5,1,493,16.1759853363037
Distill50_0.5,1,493,16.3640975952148
CE_control_0.1,1,493,15.7821178436279
CE_control_0.5,1,493,17.8179740905762
Current,1,493,1.1289119720459
Distill50_1.0,2,518,10.8261108398438
Distill50_0.1,2,518,16.9968605041504
Distill50_0.5,2,518,17.8029537200928
Distill25_0.5,2,518,17.7309513092041
CE_control_0.25,2,518,19.06418800354
Distill50_0.25,2,518,18.2030200958252
Distill25_0.1,2,518,18.5480117797852
Distill25_1.0,2,518,8.44693183898926
CE_control_0.5,2,518,17.4789428710938
CE_control_0.1,2,518,17.535924911499
Current,2,518,1.26791000366211
CE_control_1.0,2,518,9.13715362548828
Distill25_0.25,2,518,16.6430473327637
Distill25_0.25,2,282,15.902042388916
CE_control_0.5,2,282,15.8169269561768
Current,2,282,1.04498863220215
CE_control_1.0,2,282,7.50494003295898
Distill25_1.0,2,282,8.87012481689453
Distill50_0.1,2,282,15.9590244293213
CE_control_0.1,2,282,15.0501728057861
Distill50_0.5,2,282,16.5109634399414
CE_control_0.25,2,282,17.5540447235107
Distill50_0.25,2,282,16.8130397796631
Distill50_1.0,2,282,8.87203216552734
Distill25_0.5,2,282,17.4429416656494
Distill25_0.1,2,282,18.226146697998
Distill25_0.25,2,394,18.5549259185791
CE_control_0.1,2,394,18.0139541625977
Distill50_0.25,2,394,18.2931423187256
Distill25_0.1,2,394,18.1210041046143
Distill50_0.1,2,394,18.765926361084
Current,2,394,0.688076019287109
Distill25_0.5,2,394,18.7339782714844
Distill50_0.5,2,394,19.4239616394043
Distill25_1.0,2,394,9.65785980224609
Distill50_1.0,2,394,8.64315032958984
CE_control_0.25,2,394,19.3700790405273
CE_control_1.0,2,394,8.1939697265625
CE_control_0.5,2,394,20.5509662628174
CE_control_0.1,1,471,18.388032913208
Distill25_0.5,1,471,17.7459716796875
Distill25_1.0,1,471,9.26709175109863
Current,1,471,0.793933868408203
CE_control_0.5,1,471,18.1629657745361
CE_control_0.25,1,471,17.3909664154053
Distill25_0.25,1,471,18.0258750915527
CE_control_1.0,1,471,8.29911231994629
Distill50_0.1,1,471,18.1310176849365
Distill50_0.5,1,471,31.4459800720215
Distill50_0.25,1,471,17.7950859069824
Distill25_0.1,1,471,17.5759792327881
Distill50_1.0,1,471,11.3399028778076
CE_control_0.5,1,599,18.1829929351807
CE_control_1.0,1,599,8.95094871520996
Distill50_0.1,1,599,18.5229778289795
Distill25_0.5,1,599,18.312931060791
Distill50_0.25,1,599,18.7809467315674
Distill50_0.5,1,599,19.7920799255371
CE_control_0.25,1,599,18.8770294189453
Distill25_0.1,1,599,18.5701847076416
Current,1,599,0.904083251953125
Distill25_1.0,1,599,7.71689414978027
Distill50_1.0,1,599,8.87012481689453
Distill25_0.25,1,599,18.1970596313477
CE_control_0.1,1,599,17.8549289703369
Distill25_0.5,1,68,15.6011581420898
Distill25_1.0,1,68,8.50415229797363
CE_control_0.1,1,68,16.9618129730225
Distill25_0.25,1,68,16.8020725250244
CE_control_1.0,1,68,9.87410545349121
Distill50_0.1,1,68,16.7908668518066
Distill50_1.0,1,68,10.0481510162354
Distill25_0.1,1,68,17.4751281738281
CE_control_0.5,1,68,15.7449245452881
Distill50_0.5,1,68,17.3940658569336
CE_control_0.25,1,68,16.0229206085205
Distill50_0.25,1,68,18.4869766235352
Current,1,68,0.720024108886719
CE_control_1.0,1,416,8.16202163696289
Distill25_0.25,1,416,19.6130275726318
Distill25_0.5,1,416,18.9919471740723
Distill25_0.1,1,416,18.0389881134033
Distill50_0.25,1,416,17.8120136260986
Distill50_0.1,1,416,18.0728435516357
CE_control_0.1,1,416,17.754077911377
CE_control_0.25,1,416,18.4900760650635
Distill25_1.0,1,416,9.54794883728027
CE_control_0.5,1,416,18.0158615112305
Current,1,416,0.910043716430664
Distill50_1.0,1,416,8.98385047912598
Distill50_0.5,1,416,19.4568634033203
Distill50_0.1,2,302,19.4699764251709
Distill50_0.5,2,302,18.5000896453857
Distill25_0.25,2,302,18.218994140625
CE_control_0.5,2,302,18.8488960266113
Distill25_0.1,2,302,20.6260681152344
Distill50_1.0,2,302,10.4019641876221
Distill50_0.25,2,302,18.8100337982178
Current,2,302,0.802040100097656
CE_control_1.0,2,302,9.44709777832031
Distill25_1.0,2,302,9.95683670043945
CE_control_0.1,2,302,19.8068618774414
CE_control_0.25,2,302,22.6941108703613
Distill25_0.5,2,302,32.5179100036621
Distill25_0.25,2,145,30.0800800323486
Distill50_0.25,2,145,28.2959938049316
CE_control_0.1,2,145,19.1898345947266
Distill25_1.0,2,145,9.34100151062012
Current,2,145,0.973939895629883
Distill25_0.5,2,145,19.0768241882324
Distill50_0.5,2,145,19.0598964691162
Distill50_0.1,2,145,18.5458660125732
Distill25_0.1,2,145,17.941951751709
CE_control_0.5,2,145,18.2840824127197
CE_control_0.25,2,145,19.0269947052002
Distill50_1.0,2,145,11.012077331543
CE_control_1.0,2,145,9.58514213562012
Distill50_1.0,1,327,10.1470947265625
CE_control_0.1,1,327,18.6657905578613
CE_control_1.0,1,327,10.7810497283936
Current,1,327,0.798940658569336
Distill25_0.1,1,327,18.0320739746094
CE_control_0.25,1,327,18.1510448455811
Distill25_0.25,1,327,28.6629199981689
Distill50_0.25,1,327,21.9039916992188
Distill50_0.5,1,327,18.4500217437744
Distill25_0.5,1,327,18.5489654541016
Distill25_1.0,1,327,8.50009918212891
Distill50_0.1,1,327,18.7499523162842
CE_control_0.5,1,327,18.0449485778809
Distill50_0.25,2,184,20.9951400756836
Distill50_0.5,2,184,19.5670127868652
Distill25_1.0,2,184,9.36698913574219
CE_control_0.5,2,184,19.7930335998535
Distill25_0.1,2,184,19.6149349212646
CE_control_1.0,2,184,8.79192352294922
Distill50_1.0,2,184,10.2078914642334
Distill25_0.5,2,184,19.8512077331543
CE_control_0.1,2,184,19.6468830108643
Distill25_0.25,2,184,21.8229293823242
Distill50_0.1,2,184,19.5009708404541
Current,2,184,0.79798698425293
CE_control_0.25,2,184,18.5530185699463
Distill50_0.5,2,544,17.0819759368896
CE_control_0.5,2,544,16.8800354003906
Distill25_1.0,2,544,9.83214378356934
Current,2,544,0.865936279296875
CE_control_0.25,2,544,15.916109085083
Distill25_0.1,2,544,16.5112018585205
Distill50_1.0,2,544,8.97097587585449
CE_control_0.1,2,544,15.8901214599609
CE_control_1.0,2,544,10.0688934326172
Distill50_0.25,2,544,17.1079635620117
Distill25_0.5,2,544,16.5200233459473
Distill25_0.25,2,544,16.2110328674316
Distill50_0.1,2,544,16.3829326629639
Distill50_0.1,2,173,21.1360454559326
Distill50_0.5,2,173,22.7458477020264
CE_control_0.1,2,173,21.0089683532715
CE_control_0.25,2,173,20.6139087677002
CE_control_1.0,2,173,10.4949474334717
Distill25_0.5,2,173,21.111011505127
Distill50_0.25,2,173,32.2401523590088
Distill25_1.0,2,173,9.43708419799805
Distill50_1.0,2,173,8.92090797424316
CE_control_0.5,2,173,21.2829113006592
Distill25_0.25,2,173,22.0100879669189
Distill25_0.1,2,173,19.5980072021484
Current,2,173,0.741004943847656
Current,3,397,0.580072402954102
Distill50_0.5,3,397,15.9280300140381
Distill50_1.0,3,397,9.14382934570312
Distill50_0.25,3,397,15.9001350402832
Distill25_1.0,3,397,8.73994827270508
Distill25_0.1,3,397,16.8161392211914
CE_control_0.5,3,397,17.0810222625732
CE_control_1.0,3,397,9.85383987426758
Distill50_0.1,3,397,15.6569480895996
Distill25_0.25,3,397,14.6670341491699
CE_control_0.25,3,397,15.146017074585
CE_control_0.1,3,397,14.9450302124023
Distill25_0.5,3,397,14.3630504608154
Distill50_0.5,1,279,20.0839042663574
Distill25_0.25,1,279,17.4798965454102
Current,1,279,0.931024551391602
Distill25_0.1,1,279,16.8561935424805
CE_control_0.1,1,279,16.5660381317139
CE_control_0.25,1,279,16.3850784301758
Distill50_0.1,1,279,16.5038108825684
Distill50_0.25,1,279,16.4411067962646
Distill25_0.5,1,279,17.0578956604004
Distill25_1.0,1,279,9.37891006469727
CE_control_1.0,1,279,9.3839168548584
CE_control_0.5,1,279,18.2211399078369
Distill50_1.0,1,279,8.63003730773926
Distill25_0.25,3,558,16.6449546813965
Current,3,558,0.855922698974609
CE_control_1.0,3,558,8.72802734375
CE_control_0.25,3,558,18.8961029052734
CE_control_0.1,3,558,18.4841156005859
Distill25_1.0,3,558,8.89301300048828
Distill50_1.0,3,558,10.1869106292725
Distill50_0.5,3,558,17.8358554840088
Distill25_0.5,3,558,30.1969051361084
Distill50_0.1,3,558,17.0559883117676
CE_control_0.5,3,558,16.575813293457
Distill25_0.1,3,558,17.3881053924561
Distill50_0.25,3,558,16.8430805206299
CE_control_1.0,3,174,9.09519195556641
Distill25_0.5,3,174,15.8200263977051
CE_control_0.25,3,174,16.7019367218018
Current,3,174,0.742912292480469
Distill50_0.5,3,174,15.5889987945557
CE_control_0.5,3,174,16.2370204925537
Distill50_1.0,3,174,9.51886177062988
Distill50_0.25,3,174,15.7430171966553
Distill50_0.1,3,174,15.3448581695557
Distill25_0.25,3,174,15.5699253082275
Distill25_0.1,3,174,15.1550769805908
Distill25_1.0,3,174,8.02111625671387
CE_control_0.1,3,174,16.6308879852295
Distill50_1.0,1,234,10.2338790893555
Distill25_0.1,1,234,19.2399024963379
Distill50_0.5,1,234,21.0778713226318
Distill25_0.25,1,234,19.9589729309082
Distill50_0.25,1,234,19.2720890045166
CE_control_0.1,1,234,19.0191268920898
CE_control_0.5,1,234,18.6810493469238
CE_control_1.0,1,234,9.25803184509277
Current,1,234,0.914096832275391
Distill50_0.1,1,234,19.1910266876221
Distill25_1.0,1,234,9.74488258361816
CE_control_0.25,1,234,20.2479362487793
Distill25_0.5,1,234,19.7370052337646
CE_control_0.25,3,60,18.6240673065186
Distill25_0.5,3,60,18.8140869140625
CE_control_1.0,3,60,12.749195098877
Distill25_1.0,3,60,12.4340057373047
Distill25_0.1,3,60,18.9170837402344
Distill50_0.1,3,60,30.8232307434082
Distill50_0.5,3,60,18.3980464935303
CE_control_0.1,3,60,17.2479152679443
Distill50_1.0,3,60,11.4669799804688
Current,3,60,0.961065292358398
CE_control_0.5,3,60,16.6501998901367
Distill25_0.25,3,60,16.6788101196289
Distill50_0.25,3,60,17.1761512756348
Current,1,186,0.784873962402344
CE_control_1.0,1,186,7.41815567016602
CE_control_0.1,1,186,15.5808925628662
Distill25_0.5,1,186,16.0679817199707
Distill25_1.0,1,186,9.90605354309082
Distill25_0.25,1,186,14.3439769744873
Distill50_0.25,1,186,13.8769149780273
Distill50_1.0,1,186,7.66992568969727
CE_control_0.25,1,186,14.4698619842529
Distill50_0.1,1,186,14.2650604248047
Distill25_0.1,1,186,14.2109394073486
Distill50_0.5,1,186,13.7550830841064
CE_control_0.5,1,186,15.376091003418
Distill25_0.5,1,315,16.5770053863525
Distill25_1.0,1,315,8.64005088806152
Distill25_0.1,1,315,15.5258178710938
Distill50_1.0,1,315,9.57512855529785
CE_control_0.25,1,315,16.664981842041
Current,1,315,0.932931900024414
CE_control_0.5,1,315,15.6359672546387
CE_control_0.1,1,315,15.6991481781006
Distill50_0.5,1,315,16.0431861877441
Distill50_0.1,1,315,16.1099433898926
CE_control_1.0,1,315,9.39106941223145
Distill25_0.25,1,315,16.6900157928467
Distill50_0.25,1,315,16.9379711151123
Distill25_0.5,3,416,20.8909511566162
CE_control_0.5,3,416,19.881010055542
CE_control_0.25,3,416,19.1919803619385
Distill50_1.0,3,416,20.2879905700684
Distill25_0.25,3,416,18.6290740966797
Distill50_0.5,3,416,18.7978744506836
Distill25_1.0,3,416,9.81616973876953
Distill50_0.1,3,416,18.1169509887695
Distill25_0.1,3,416,18.1949138641357
Distill50_0.25,3,416,19.0498828887939
CE_control_0.1,3,416,19.6230411529541
CE_control_1.0,3,416,8.87322425842285
Current,3,416,0.813961029052734
CE_control_1.0,3,92,9.9799633026123
CE_control_0.5,3,92,18.2850360870361
Distill50_0.1,3,92,17.5328254699707
Distill50_0.5,3,92,17.3051357269287
CE_control_0.1,3,92,17.7500247955322
Distill50_1.0,3,92,10.7989311218262
CE_control_0.25,3,92,18.2900428771973
Distill25_0.5,3,92,18.1708335876465
Distill25_0.25,3,92,18.5039043426514
Current,3,92,0.837087631225586
Distill25_0.1,3,92,19.5200443267822
Distill25_1.0,3,92,10.9310150146484
Distill50_0.25,3,92,18.8210010528564
CE_control_0.1,1,147,17.798900604248
Distill50_1.0,1,147,11.4128589630127
Distill25_0.5,1,147,17.4610614776611
Distill25_0.1,1,147,17.0180797576904
CE_control_1.0,1,147,10.4911327362061
Distill50_0.1,1,147,17.9390907287598
CE_control_0.5,1,147,17.956018447876
Distill50_0.25,1,147,17.9178714752197
CE_control_0.25,1,147,17.5580978393555
Distill50_0.5,1,147,17.6689624786377
Distill25_0.25,1,147,18.204927444458
Current,1,147,0.830173492431641
Distill25_1.0,1,147,11.3019943237305
Distill25_1.0,3,537,10.0088119506836
Distill50_1.0,3,537,9.79495048522949
Distill25_0.5,3,537,16.8919563293457
Distill50_0.1,3,537,16.8499946594238
CE_control_0.25,3,537,16.2208080291748
Distill25_0.1,3,537,16.9510841369629
Distill50_0.5,3,537,15.3570175170898
CE_control_0.1,3,537,15.34104347229
Distill25_0.25,3,537,15.2280330657959
CE_control_1.0,3,537,7.42793083190918
Distill50_0.25,3,537,18.1310176849365
CE_control_0.5,3,537,17.3230171203613
Current,3,537,1.23095512390137
Distill25_0.25,1,443,18.1980133056641
CE_control_0.1,1,443,17.8790092468262
Distill25_0.5,1,443,19.705057144165
Distill50_0.1,1,443,19.1409587860107
CE_control_0.5,1,443,19.9909210205078
Distill50_0.25,1,443,20.2140808105469
Distill25_0.1,1,443,18.6159610748291
CE_control_1.0,1,443,7.86781311035156
Distill25_1.0,1,443,9.21320915222168
Distill50_1.0,1,443,8.1779956817627
CE_control_0.25,1,443,20.2610492706299
Current,1,443,0.989913940429688
Distill50_0.5,1,443,19.3970203399658
CE_control_1.0,3,429,8.46099853515625
Distill25_0.25,3,429,16.3388252258301
Distill50_0.5,3,429,16.279935836792
Distill25_1.0,3,429,9.78994369506836
Distill25_0.1,3,429,15.5270099639893
Distill25_0.5,3,429,16.247034072876
CE_control_0.5,3,429,16.5150165557861
Current,3,429,0.680208206176758
CE_control_0.1,3,429,15.5978202819824
Distill50_1.0,3,429,8.93282890319824
CE_control_0.25,3,429,15.5029296875
Distill50_0.1,3,429,16.3328647613525
Distill50_0.25,3,429,15.8450603485107
Current,2,215,13.0820274353027
CE_control_0.1,2,215,16.7629718780518
Distill25_0.5,2,215,16.3819789886475
Distill50_0.1,2,215,16.3638591766357
Distill25_0.1,2,215,16.4320468902588
Distill50_0.25,2,215,16.063928604126
Distill50_1.0,2,215,8.39400291442871
Distill25_1.0,2,215,7.43699073791504
CE_control_0.25,2,215,15.7809257507324
CE_control_0.5,2,215,16.1881446838379
CE_control_1.0,2,215,8.07499885559082
Distill50_0.5,2,215,16.7009830474854
Distill25_0.25,2,215,15.8970355987549
CE_control_1.0,2,208,8.10813903808594
Distill50_0.5,2,208,17.4160003662109
Distill25_0.1,2,208,17.5869464874268
CE_control_0.1,2,208,19.4408893585205
CE_control_0.25,2,208,20.1489925384521
Distill50_1.0,2,208,9.28401947021484
Distill25_0.25,2,208,19.179105758667
Distill50_0.25,2,208,20.1470851898193
Distill25_1.0,2,208,9.00697708129883
Distill25_0.5,2,208,19.9210643768311
Current,2,208,0.927925109863281
CE_control_0.5,2,208,20.4899311065674
Distill50_0.1,2,208,19.4759368896484
Distill25_0.1,3,113,17.5769329071045
Distill25_0.5,3,113,18.2149410247803
Distill50_0.1,3,113,18.9449787139893
CE_control_0.25,3,113,18.8040733337402
Current,3,113,0.82087516784668
Distill50_0.5,3,113,18.0449485778809
Distill50_0.25,3,113,18.7499523162842
Distill50_1.0,3,113,9.09709930419922
CE_control_0.5,3,113,20.237922668457
Distill25_1.0,3,113,8.89396667480469
CE_control_1.0,3,113,8.58402252197266
Distill25_0.25,3,113,16.5209770202637
CE_control_0.1,3,113,16.6471004486084
Distill25_1.0,3,331,21.5709209442139
CE_control_1.0,3,331,8.56089591979981
CE_control_0.1,3,331,16.9038772583008
Current,3,331,1.0380744934082
Distill50_0.1,3,331,17.0900821685791
Distill50_0.5,3,331,16.2580013275146
CE_control_0.25,3,331,17.1661376953125
CE_control_0.5,3,331,17.096996307373
Distill50_0.25,3,331,17.1811580657959
Distill25_0.5,3,331,17.2908306121826
Distill50_1.0,3,331,8.38589668273926
Distill25_0.25,3,331,19.5529460906982
Distill25_0.1,3,331,17.9119110107422
CE_control_0.5,3,402,14.8880481719971
Distill50_0.5,3,402,15.0151252746582
CE_control_1.0,3,402,8.68916511535645
Current,3,402,0.796079635620117
Distill25_1.0,3,402,8.06999206542969
Distill25_0.25,3,402,14.9569511413574
Distill25_0.1,3,402,15.4881477355957
Distill50_0.1,3,402,15.6328678131104
CE_control_0.25,3,402,16.4999961853027
CE_control_0.1,3,402,15.9120559692383
Distill50_0.25,3,402,16.4420604705811
Distill50_1.0,3,402,9.27901268005371
Distill25_0.5,3,402,14.801025390625
Distill50_0.25,3,150,18.1670188903809
Current,3,150,0.807046890258789
CE_control_0.25,3,150,17.7991390228271
CE_control_0.5,3,150,18.1641578674316
Distill25_0.5,3,150,20.4930305480957
Distill50_0.1,3,150,19.183874130249
Distill50_1.0,3,150,9.3071460723877
CE_control_1.0,3,150,10.9591484069824
Distill25_0.1,3,150,17.9390907287598
Distill50_0.5,3,150,18.1951522827148
Distill25_1.0,3,150,10.1418495178223
CE_control_0.1,3,150,30.1029682159424
Distill25_0.25,3,150,16.9038772583008
Distill25_0.5,3,486,15.7980918884277
CE_control_0.1,3,486,15.9890651702881
Distill50_0.1,3,486,16.2501335144043
CE_control_1.0,3,486,8.15892219543457
Current,3,486,0.755071640014648
Distill25_0.1,3,486,16.0458087921143
Distill50_0.5,3,486,17.1220302581787
Distill25_0.25,3,486,17.5199508666992
Distill50_1.0,3,486,8.41093063354492
Distill50_0.25,3,486,16.8459415435791
CE_control_0.25,3,486,15.5808925628662
Distill25_1.0,3,486,7.40790367126465
CE_control_0.5,3,486,15.8340930938721
CE_control_0.1,3,57,19.6468830108643
Distill25_0.25,3,57,22.8888988494873
Current,3,57,0.875949859619141
Distill50_1.0,3,57,8.60905647277832
Distill50_0.1,3,57,22.953987121582
Distill50_0.25,3,57,21.0831165313721
Distill50_0.5,3,57,20.2679634094238
Distill25_0.5,3,57,21.3320255279541
Distill25_1.0,3,57,9.80186462402344
CE_control_0.25,3,57,21.6691493988037
CE_control_0.5,3,57,21.7158794403076
CE_control_1.0,3,57,8.43119621276856
Distill25_0.1,3,57,20.7479000091553
Distill50_0.1,1,137,19.3510055541992
Distill50_0.5,1,137,18.3010101318359
Distill25_0.1,1,137,19.0069675445557
Distill25_0.5,1,137,19.2549228668213
CE_control_0.25,1,137,18.9700126647949
CE_control_0.1,1,137,19.057035446167
Distill25_1.0,1,137,24.7969627380371
Distill50_1.0,1,137,10.8528137207031
Current,1,137,1.04403495788574
CE_control_1.0,1,137,9.67192649841309
Distill25_0.25,1,137,19.3648338317871
CE_control_0.5,1,137,18.1920528411865
Distill50_0.25,1,137,18.5389518737793
Distill50_0.25,2,141,17.5659656524658
CE_control_0.25,2,141,18.261194229126
Distill25_0.25,2,141,18.0180072784424
Distill50_0.1,2,141,18.2211399078369
CE_control_0.5,2,141,18.280029296875
Distill25_1.0,2,141,11.3019943237305
CE_control_0.1,2,141,17.5819396972656
CE_control_1.0,2,141,9.82403755187988
Distill25_0.1,2,141,18.8100337982178
Distill25_0.5,2,141,17.7779197692871
Current,2,141,0.744819641113281
Distill50_0.5,2,141,18.3508396148682
Distill50_1.0,2,141,9.83405113220215
Distill50_0.25,2,39,14.4979953765869
CE_control_0.25,2,39,15.233039855957
Current,2,39,0.927209854125977
CE_control_1.0,2,39,8.35609436035156
Distill50_1.0,2,39,8.23497772216797
CE_control_0.1,2,39,15.6509876251221
Distill25_1.0,2,39,8.55207443237305
Distill25_0.5,2,39,14.646053314209
Distill25_0.1,2,39,14.3120288848877
CE_control_0.5,2,39,14.6729946136475
Distill50_0.1,2,39,14.4748687744141
Distill25_0.25,2,39,14.7230625152588
Distill50_0.5,2,39,15.4159069061279
CE_control_0.25,2,245,19.6318626403809
CE_control_0.1,2,245,27.8940200805664
Distill50_0.5,2,245,18.9151763916016
Distill25_1.0,2,245,8.60214233398438
CE_control_0.5,2,245,17.7350044250488
Distill50_0.1,2,245,18.0580615997314
Distill25_0.5,2,245,17.7741050720215
Distill25_0.25,2,245,18.4690952301025
Distill25_0.1,2,245,18.3501243591309
Current,2,245,0.973939895629883
Distill50_0.25,2,245,18.517017364502
Distill50_1.0,2,245,7.39502906799316
CE_control_1.0,2,245,8.33797454833984
CE_control_0.5,2,588,13.7689113616943
CE_control_0.25,2,588,14.3659114837646
Distill25_0.1,2,588,14.9338245391846
Distill50_0.5,2,588,16.7040824890137
Distill50_1.0,2,588,9.16004180908203
CE_control_0.1,2,588,14.9021148681641
Distill25_0.5,2,588,15.7301425933838
CE_control_1.0,2,588,8.23402404785156
Distill50_0.1,2,588,16.4890289306641
Distill50_0.25,2,588,17.3141956329346
Distill25_1.0,2,588,9.50098037719727
Current,2,588,0.822067260742188
Distill25_0.25,2,588,15.2699947357178
CE_control_0.25,2,257,17.3301696777344
Distill25_0.1,2,257,16.4999961853027
Distill50_0.5,2,257,17.5988674163818
Distill50_0.1,2,257,17.9929733276367
Distill50_1.0,2,257,9.52601432800293
Current,2,257,0.805139541625977
CE_control_0.1,2,257,17.6711082458496
CE_control_1.0,2,257,8.44597816467285
Distill25_0.25,2,257,18.8591480255127
Distill50_0.25,2,257,17.1589851379395
CE_control_0.5,2,257,17.3110961914063
Distill25_1.0,2,257,7.89499282836914
Distill25_0.5,2,257,17.1849727630615
Distill50_0.1,3,98,22.9570865631104
Distill25_0.1,3,98,33.1010818481445
Distill50_0.5,3,98,24.2691040039063
Distill25_0.25,3,98,21.8710899353027
Current,3,98,0.885963439941406
CE_control_0.5,3,98,20.5731391906738
Distill25_1.0,3,98,8.5299015045166
Distill50_0.25,3,98,24.5671272277832
CE_control_0.25,3,98,20.2360153198242
Distill50_1.0,3,98,9.1860294342041
CE_control_1.0,3,98,10.5741024017334
Distill25_0.5,3,98,21.751880645752
CE_control_0.1,3,98,20.6820964813232
Distill50_0.25,2,361,18.94211769104
Distill25_1.0,2,361,8.42499732971191
CE_control_0.25,2,361,19.0169811248779
Distill50_1.0,2,361,9.47403907775879
Distill50_0.5,2,361,20.8182334899902
CE_control_0.1,2,361,19.8769569396973
Distill50_0.1,2,361,18.8369750976563
Distill25_0.1,2,361,19.5839405059814
CE_control_1.0,2,361,8.74400138854981
Current,2,361,1.06501579284668
CE_control_0.5,2,361,18.2361602783203
Distill25_0.5,2,361,24.3427753448486
Distill25_0.25,2,361,21.8610763549805
Distill25_1.0,3,146,9.16600227355957
Distill25_0.25,3,146,18.2340145111084
Distill25_0.5,3,146,20.2929973602295
CE_control_0.1,3,146,19.9840068817139
Distill50_1.0,3,146,9.10282135009766
Current,3,146,0.972986221313477
Distill50_0.25,3,146,18.7788009643555
CE_control_1.0,3,146,9.76014137268066
Distill50_0.1,3,146,20.0331211090088
Distill50_0.5,3,146,20.1880931854248
CE_control_0.25,3,146,19.434928894043
CE_control_0.5,3,146,30.9441089630127
Distill25_0.1,3,146,18.57590675354
Distill25_0.5,3,533,16.6399478912354
Distill50_1.0,3,533,7.83300399780273
Distill25_0.25,3,533,19.0010070800781
CE_control_1.0,3,533,9.64617729187012
Distill50_0.25,3,533,15.9049034118652
Distill25_0.1,3,533,15.8419609069824
Current,3,533,0.757932662963867
CE_control_0.5,3,533,16.0369873046875
CE_control_0.1,3,533,16.9579982757568
CE_control_0.25,3,533,15.96999168396
Distill50_0.1,3,533,15.1739120483398
Distill25_1.0,3,533,7.42197036743164
Distill50_0.5,3,533,17.2021389007568
Distill25_0.5,3,292,17.3530578613281
Distill50_0.5,3,292,17.8790092468262
Distill25_1.0,3,292,8.85605812072754
CE_control_0.5,3,292,20.3590393066406
Distill50_0.1,3,292,20.0469493865967
CE_control_0.25,3,292,17.5490379333496
Distill50_1.0,3,292,9.5369815826416
Distill25_0.25,3,292,19.7510719299316
CE_control_1.0,3,292,9.86099243164062
CE_control_0.1,3,292,18.9158916473389
Current,3,292,0.761985778808594
Distill50_0.25,3,292,20.5650329589844
Distill25_0.1,3,292,18.3260440826416
CE_control_0.25,1,83,16.5750980377197
Distill25_0.5,1,83,18.1682109832764
Distill25_1.0,1,83,8.38208198547363
Distill50_0.25,1,83,17.7099704742432
Distill25_0.25,1,83,18.449068069458
CE_control_1.0,1,83,9.49811935424805
Distill50_1.0,1,83,9.20009613037109
CE_control_0.1,1,83,18.2240009307861
Distill50_0.1,1,83,16.7210102081299
Distill50_0.5,1,83,17.179012298584
Current,1,83,1.08695030212402
Distill25_0.1,1,83,17.98415184021
CE_control_0.5,1,83,17.7888870239258
Distill25_0.5,1,516,18.1469917297363
CE_control_0.5,1,516,17.8239345550537
CE_control_0.1,1,516,16.834020614624
Distill25_0.1,1,516,17.7021026611328
CE_control_1.0,1,516,10.4529857635498
Distill50_0.1,1,516,18.9878940582275
Distill50_1.0,1,516,9.49907302856445
Distill25_0.25,1,516,18.4309482574463
Distill50_0.5,1,516,18.0649757385254
Distill25_1.0,1,516,9.27400588989258
Current,1,516,0.999927520751953
Distill50_0.25,1,516,18.5849666595459
CE_control_0.25,1,516,17.2529220581055
Distill25_0.1,1,78,16.92795753479
Distill25_1.0,1,78,8.79406929016113
CE_control_1.0,1,78,10.6348991394043
CE_control_0.5,1,78,17.207145690918
Distill25_0.25,1,78,17.5809860229492
Distill25_0.5,1,78,18.2759761810303
Distill50_1.0,1,78,10.0529193878174
Current,1,78,0.946998596191406
Distill50_0.25,1,78,17.6389217376709
CE_control_0.25,1,78,17.4620151519775
Distill50_0.1,1,78,19.0939903259277
Distill50_0.5,1,78,20.9560394287109
CE_control_0.1,1,78,21.6400623321533
Distill25_1.0,2,449,9.43207740783691
CE_control_0.25,2,449,19.1249847412109
CE_control_0.5,2,449,18.3329582214355
Current,2,449,0.855207443237305
CE_control_0.1,2,449,29.6189785003662
Distill50_0.5,2,449,18.7079906463623
Distill25_0.5,2,449,17.6689624786377
Distill50_0.25,2,449,17.4479484558105
Distill50_0.1,2,449,17.5089836120605
Distill25_0.25,2,449,16.7980194091797
Distill50_1.0,2,449,8.92806053161621
CE_control_1.0,2,449,10.9789371490479
Distill25_0.1,2,449,16.9439315795898
CE_control_0.25,3,327,17.4970626831055
Distill25_0.5,3,327,18.5449123382568
CE_control_0.5,3,327,18.3072090148926
CE_control_1.0,3,327,9.8419189453125
Distill50_0.1,3,327,17.1329975128174
Distill50_0.25,3,327,17.0300006866455
Distill25_0.1,3,327,17.0729160308838
Distill50_0.5,3,327,19.658088684082
Distill50_1.0,3,327,10.3709697723389
CE_control_0.1,3,327,18.0411338806152
Distill25_1.0,3,327,9.2320442199707
Distill25_0.25,3,327,18.0590152740479
Current,3,327,0.91099739074707
Distill50_0.5,3,589,19.7560787200928
Distill25_0.5,3,589,20.0099945068359
Distill25_0.25,3,589,20.8020210266113
Distill50_1.0,3,589,10.037899017334
CE_control_0.1,3,589,19.69313621521
CE_control_1.0,3,589,10.7400417327881
Distill25_0.1,3,589,20.4079151153564
Distill50_0.1,3,589,19.813060760498
CE_control_0.5,3,589,20.2369689941406
Current,3,589,0.961065292358398
Distill50_0.25,3,589,21.2359428405762
Distill25_1.0,3,589,9.57417488098145
CE_control_0.25,3,589,21.0649967193604
Distill25_0.25,1,501,21.589994430542
Distill50_0.1,1,501,19.5651054382324
Current,1,501,0.7781982421875
Distill25_1.0,1,501,25.2809524536133
CE_control_1.0,1,501,8.58902931213379
CE_control_0.5,1,501,17.9598331451416
CE_control_0.25,1,501,17.0328617095947
Distill50_0.5,1,501,18.4831619262695
Distill50_0.25,1,501,16.9570446014404
Distill50_1.0,1,501,8.35680961608887
CE_control_0.1,1,501,19.5658206939697
Distill25_0.5,1,501,18.7168121337891
Distill25_0.1,1,501,19.4659233093262
CE_control_0.1,1,331,17.9011821746826
CE_control_0.25,1,331,17.6601409912109
Distill50_0.1,1,331,16.5479183197021
Distill50_0.5,1,331,17.7609920501709
Current,1,331,0.797033309936523
Distill25_0.5,1,331,19.8321342468262
Distill50_0.25,1,331,17.9789066314697
Distill50_1.0,1,331,9.53912734985352
CE_control_0.5,1,331,17.9438591003418
Distill25_1.0,1,331,10.1110935211182
Distill25_0.1,1,331,17.880916595459
CE_control_1.0,1,331,9.32407379150391
Distill25_0.25,1,331,19.8969841003418
CE_control_0.1,3,438,13.8840675354004
CE_control_0.5,3,438,17.3609256744385
Current,3,438,0.871896743774414
CE_control_1.0,3,438,8.44717025756836
Distill50_0.25,3,438,15.0349140167236
Distill25_0.25,3,438,15.2859687805176
Distill50_0.1,3,438,15.6970024108887
Distill25_1.0,3,438,9.00006294250488
Distill25_0.1,3,438,15.139102935791
Distill25_0.5,3,438,15.6459808349609
Distill50_1.0,3,438,10.673999786377
Distill50_0.5,3,438,14.9898529052734
CE_control_0.25,3,438,14.9109363555908
CE_control_0.5,3,495,17.5769329071045
CE_control_1.0,3,495,9.04297828674316
CE_control_0.25,3,495,18.0320739746094
Distill50_1.0,3,495,9.33504104614258
Distill25_1.0,3,495,8.65602493286133
Distill25_0.1,3,495,17.1029567718506
Distill25_0.25,3,495,16.4709091186523
CE_control_0.1,3,495,18.0549621582031
Distill50_0.25,3,495,15.5439376831055
Distill25_0.5,3,495,16.3249969482422
Distill50_0.1,3,495,16.4589881896973
Current,3,495,0.880002975463867
Distill50_0.5,3,495,15.6230926513672
Distill25_0.5,3,568,19.5989608764648
Distill25_0.1,3,568,18.6800956726074
CE_control_0.1,3,568,16.1828994750977
Distill50_1.0,3,568,9.16695594787598
CE_control_0.5,3,568,18.2900428771973
Distill25_0.25,3,568,17.8279876708984
Current,3,568,0.786066055297852
CE_control_1.0,3,568,8.29577445983887
Distill50_0.5,3,568,18.9051628112793
CE_control_0.25,3,568,19.2098617553711
Distill50_0.1,3,568,17.7130699157715
Distill25_1.0,3,568,9.26017761230469
Distill50_0.25,3,568,18.6500549316406
Current,3,466,0.969886779785156
Distill25_0.5,3,466,21.5470790863037
CE_control_0.1,3,466,21.928071975708
Distill25_0.25,3,466,24.8630046844482
Distill50_1.0,3,466,11.0712051391602
Distill50_0.25,3,466,22.4051475524902
Distill50_0.5,3,466,20.1818943023682
Distill25_0.1,3,466,20.0788974761963
CE_control_0.5,3,466,20.5011367797852
Distill50_0.1,3,466,21.3699340820313
Distill25_1.0,3,466,8.29386711120606
CE_control_1.0,3,466,9.65094566345215
CE_control_0.25,3,466,20.0929641723633
Distill25_0.5,2,111,17.2181129455566
Distill50_0.5,2,111,17.8768634796143
CE_control_0.1,2,111,19.2830562591553
CE_control_0.5,2,111,18.6619758605957
Distill25_0.1,2,111,17.2419548034668
Distill25_1.0,2,111,9.26399230957031
Distill50_0.1,2,111,17.5650119781494
Distill50_0.25,2,111,17.3559188842773
CE_control_1.0,2,111,10.9069347381592
CE_control_0.25,2,111,16.2909030914307
Distill25_0.25,2,111,17.0841217041016
Current,2,111,0.85902214050293
Distill50_1.0,2,111,8.60309600830078
Distill50_1.0,2,457,8.52489471435547
CE_control_0.25,2,457,17.207145690918
CE_control_0.1,2,457,18.7108516693115
CE_control_1.0,2,457,10.1869106292725
Current,2,457,0.813961029052734
Distill50_0.5,2,457,15.8429145812988
Distill25_0.5,2,457,17.4520015716553
Distill50_0.25,2,457,16.5419578552246
CE_control_0.5,2,457,17.2779560089111
Distill25_0.1,2,457,17.1511173248291
Distill25_0.25,2,457,19.1891193389893
Distill25_1.0,2,457,9.74011421203613
Distill50_0.1,2,457,18.1119441986084
CE_control_0.5,1,252,17.7600383758545
Distill25_0.5,1,252,17.542839050293
Current,1,252,0.890970230102539
Distill50_0.1,1,252,18.8109874725342
CE_control_0.1,1,252,18.5718536376953
CE_control_1.0,1,252,9.27996635437012
Distill25_0.1,1,252,17.3070430755615
Distill50_0.25,1,252,17.5940990447998
Distill25_0.25,1,252,18.8069343566895
Distill50_0.5,1,252,18.9399719238281
CE_control_0.25,1,252,18.3289051055908
Distill50_1.0,1,252,9.03105735778809
Distill25_1.0,1,252,9.81593132019043
Distill50_0.1,2,9,16.5390968322754
Distill25_0.1,2,9,15.3369903564453
Distill25_1.0,2,9,8.07785987854004
CE_control_0.5,2,9,27.0678997039795
Distill25_0.25,2,9,14.5790576934814
Distill50_1.0,2,9,7.73406028747559
CE_control_0.1,2,9,16.7050361633301
Distill25_0.5,2,9,17.0600414276123
Distill50_0.25,2,9,17.085075378418
CE_control_0.25,2,9,16.4768695831299
Current,2,9,0.886917114257813
CE_control_1.0,2,9,9.26399230957031
Distill50_0.5,2,9,18.1372165679932
Current,1,26,0.817060470581055
Distill50_1.0,1,26,9.40299034118652
Distill50_0.5,1,26,18.157958984375
Distill50_0.25,1,26,18.8770294189453
CE_control_0.1,1,26,20.2629566192627
CE_control_0.25,1,26,21.4180946350098
CE_control_1.0,1,26,8.58592987060547
Distill25_0.1,1,26,17.7130699157715
Distill25_0.25,1,26,17.67897605896
Distill25_1.0,1,26,9.98902320861816
Distill25_0.5,1,26,17.1740055084229
Distill50_0.1,1,26,18.5048580169678
CE_control_0.5,1,26,21.5790271759033
CE_control_1.0,3,395,10.9138488769531
Current,3,395,0.854015350341797
Distill50_1.0,3,395,10.2200508117676
CE_control_0.1,3,395,18.4669494628906
Distill25_0.1,3,395,17.0660018920898
Distill25_0.5,3,395,17.2898769378662
Distill25_0.25,3,395,17.2579288482666
CE_control_0.25,3,395,17.8871154785156
CE_control_0.5,3,395,18.4640884399414
Distill50_0.25,3,395,19.7098255157471
Distill50_0.5,3,395,19.4921493530273
Distill25_1.0,3,395,9.78302955627441
Distill50_0.1,3,395,19.8578834533691
Distill25_0.5,1,62,20.442008972168
Distill25_0.25,1,62,18.8698768615723
CE_control_0.25,1,62,20.097017288208
CE_control_0.1,1,62,18.8870429992676
Distill25_0.1,1,62,19.273042678833
CE_control_0.5,1,62,20.1790332794189
Distill50_1.0,1,62,11.6720199584961
Distill50_0.1,1,62,18.157958984375
Current,1,62,0.847101211547852
Distill50_0.25,1,62,19.3550586700439
CE_control_1.0,1,62,10.6861591339111
Distill25_1.0,1,62,10.8678340911865
Distill50_0.5,1,62,18.7888145446777
CE_control_0.25,3,381,17.8439617156982
Distill25_1.0,3,381,8.90684127807617
Distill25_0.1,3,381,17.0350074768066
CE_control_0.5,3,381,16.7770385742188
CE_control_0.1,3,381,16.697883605957
Distill50_0.25,3,381,17.1298980712891
Distill50_1.0,3,381,8.53204727172852
Distill50_0.1,3,381,16.9820785522461
Distill25_0.25,3,381,17.3230171203613
Current,3,381,0.798940658569336
Distill25_0.5,3,381,17.988920211792
CE_control_1.0,3,381,9.2170238494873
Distill50_0.5,3,381,17.3079967498779
Current,3,75,0.742912292480469
Distill50_0.25,3,75,18.1779861450195
CE_control_0.5,3,75,19.6211338043213
Distill25_1.0,3,75,10.1540088653564
Distill25_0.25,3,75,17.7111625671387
CE_control_0.25,3,75,18.4359550476074
Distill25_0.1,3,75,19.9739933013916
Distill25_0.5,3,75,28.1579494476318
Distill50_0.5,3,75,20.0819969177246
Distill50_0.1,3,75,17.7009105682373
CE_control_0.1,3,75,18.4829235076904
Distill50_1.0,3,75,9.73415374755859
CE_control_1.0,3,75,10.7319355010986
Distill25_0.5,2,491,19.2978382110596
CE_control_0.5,2,491,19.1318988800049
CE_control_1.0,2,491,8.69488716125488
CE_control_0.1,2,491,22.5851535797119
Distill25_0.25,2,491,20.4050540924072
Distill50_0.25,2,491,20.8971500396729
Distill25_0.1,2,491,19.2899703979492
Distill50_0.5,2,491,19.4628238677979
Distill50_1.0,2,491,8.43501091003418
Current,2,491,0.900030136108398
Distill50_0.1,2,491,19.5949077606201
Distill25_1.0,2,491,8.49604606628418
CE_control_0.25,2,491,20.8251476287842
Current,1,185,1.0068416595459
CE_control_0.1,1,185,15.8860683441162
CE_control_1.0,1,185,8.72397422790527
Distill25_0.5,1,185,15.9358978271484
Distill50_1.0,1,185,9.23013687133789
Distill50_0.25,1,185,15.9358978271484
Distill25_0.1,1,185,16.0219669342041
Distill25_0.25,1,185,15.8381462097168
CE_control_0.5,1,185,16.4408683776855
Distill50_0.1,1,185,15.7618522644043
Distill25_1.0,1,185,8.92400741577148
Distill50_0.5,1,185,18.3889865875244
CE_control_0.25,1,185,18.805980682373
CE_control_1.0,2,207,10.2360248565674
Distill25_0.25,2,207,18.7740325927734
Distill50_0.5,2,207,20.5628871917725
Distill50_1.0,2,207,10.2989673614502
CE_control_0.5,2,207,20.3819274902344
Distill25_1.0,2,207,10.0398063659668
Distill50_0.25,2,207,18.3260440826416
Distill50_0.1,2,207,18.0239677429199
Distill25_0.5,2,207,18.3160305023193
CE_control_0.25,2,207,17.3611640930176
CE_control_0.1,2,207,17.2171592712402
Distill25_0.1,2,207,17.6620483398438
Current,2,207,0.818967819213867
Distill50_0.5,1,464,19.8311805725098
Distill25_0.1,1,464,17.4779891967773
Distill25_1.0,1,464,7.84802436828613
Distill50_0.25,1,464,17.3990726470947
Current,1,464,0.734090805053711
CE_control_0.5,1,464,16.5209770202637
CE_control_0.1,1,464,18.4249877929688
CE_control_1.0,1,464,8.99505615234375
CE_control_0.25,1,464,17.0071125030518
Distill25_0.25,1,464,18.7060832977295
Distill50_1.0,1,464,8.00895690917969
Distill50_0.1,1,464,18.5599327087402
Distill25_0.5,1,464,17.4870491027832
CE_control_1.0,3,389,7.67207145690918
Distill50_0.25,3,389,14.9800777435303
Distill25_0.25,3,389,15.2850151062012
CE_control_0.25,3,389,14.5509243011475
Distill25_1.0,3,389,8.08620452880859
Current,3,389,0.897884368896484
CE_control_0.5,3,389,15.7661437988281
CE_control_0.1,3,389,15.0909423828125
Distill50_0.1,3,389,15.6500339508057
Distill25_0.1,3,389,15.7871246337891
Distill25_0.5,3,389,15.4118537902832
Distill50_1.0,3,389,9.36698913574219
Distill50_0.5,3,389,14.3527984619141
CE_control_0.1,2,410,15.6209468841553
Distill25_1.0,2,410,7.62200355529785
CE_control_0.25,2,410,16.9639587402344
Distill50_0.1,2,410,16.538143157959
Distill50_0.25,2,410,16.8499946594238
CE_control_0.5,2,410,16.9539451599121
Distill50_1.0,2,410,7.90190696716309
Distill50_0.5,2,410,17.0309543609619
Distill25_0.25,2,410,16.2150859832764
CE_control_1.0,2,410,8.47601890563965
Current,2,410,0.833988189697266
Distill25_0.1,2,410,15.2578353881836
Distill25_0.5,2,410,14.7039890289307
CE_control_0.25,2,273,13.5300159454346
Distill50_0.5,2,273,12.9890441894531
Distill25_0.5,2,273,14.0938758850098
Distill50_0.25,2,273,15.6431198120117
Distill25_1.0,2,273,10.2498531341553
Distill50_0.1,2,273,14.3821239471436
Distill50_1.0,2,273,8.59403610229492
Distill25_0.25,2,273,14.9130821228027
CE_control_1.0,2,273,10.2071762084961
Current,2,273,0.795841217041016
Distill25_0.1,2,273,15.0420665740967
CE_control_0.5,2,273,14.4960880279541
CE_control_0.1,2,273,14.6110057830811
Distill50_0.5,3,12,15.6700611114502
Distill50_1.0,3,12,8.92305374145508
Current,3,12,0.809192657470703
CE_control_0.5,3,12,17.1680450439453
Distill25_0.25,3,12,17.2059535980225
CE_control_0.25,3,12,16.9849395751953
Distill25_0.1,3,12,16.3009166717529
Distill25_0.5,3,12,17.1990394592285
Distill50_0.1,3,12,16.7438983917236
Distill25_1.0,3,12,9.90986824035645
CE_control_0.1,3,12,16.2699222564697
CE_control_1.0,3,12,8.94999504089356
Distill50_0.25,3,12,15.5870914459229
CE_control_1.0,3,102,9.5829963684082
CE_control_0.5,3,102,19.3870067596436
CE_control_0.1,3,102,19.3140506744385
Distill50_0.25,3,102,18.5790061950684
Distill25_1.0,3,102,8.41403007507324
Distill25_0.25,3,102,28.8758277893066
Distill50_0.5,3,102,18.2371139526367
Distill25_0.5,3,102,20.5230712890625
Distill25_0.1,3,102,19.813060760498
CE_control_0.25,3,102,18.0439949035645
Distill50_1.0,3,102,8.82291793823242
Current,3,102,0.844001770019531
Distill50_0.1,3,102,20.902156829834
Distill25_0.1,1,310,18.9859867095947
Distill25_1.0,1,310,9.25493240356445
CE_control_0.1,1,310,18.9990997314453
CE_control_1.0,1,310,9.21297073364258
Distill50_1.0,1,310,8.97502899169922
Distill50_0.1,1,310,18.3620452880859
Current,1,310,0.92005729675293
Distill25_0.5,1,310,17.5561904907227
CE_control_0.5,1,310,17.1408653259277
Distill50_0.5,1,310,16.5460109710693
CE_control_0.25,1,310,17.5578594207764
Distill50_0.25,1,310,18.2669162750244
Distill25_0.25,1,310,17.8170204162598
CE_control_0.25,2,379,15.8500671386719
Distill50_0.5,2,379,15.7821178436279
Distill50_0.1,2,379,15.9599781036377
Distill50_1.0,2,379,8.80813598632813
Current,2,379,1.03211402893066
Distill50_0.25,2,379,16.0930156707764
Distill25_1.0,2,379,8.66293907165527
Distill25_0.1,2,379,16.6440010070801
CE_control_1.0,2,379,8.70299339294434
Distill25_0.5,2,379,14.9970054626465
Distill25_0.25,2,379,14.6279335021973
CE_control_0.5,2,379,16.1659717559814
CE_control_0.1,2,379,16.1490440368652
Distill50_0.5,2,107,15.56396484375
Distill50_0.25,2,107,16.1049365997314
CE_control_0.1,2,107,16.2630081176758
CE_control_0.25,2,107,16.1919593811035
CE_control_1.0,2,107,21.306037902832
Distill50_1.0,2,107,10.1878643035889
CE_control_0.5,2,107,15.9080028533936
Distill25_0.5,2,107,16.1960124969482
Distill25_0.1,2,107,15.7430171966553
Distill25_0.25,2,107,15.9051418304443
Current,2,107,0.810146331787109
Distill25_1.0,2,107,9.59110260009766
Distill50_0.1,2,107,14.1391754150391
Distill50_1.0,3,6,7.66801834106445
CE_control_0.5,3,6,15.1939392089844
Current,3,6,0.698089599609375
Distill50_0.25,3,6,15.0198936462402
CE_control_1.0,3,6,9.80401039123535
Distill25_1.0,3,6,8.03399085998535
Distill25_0.1,3,6,15.8660411834717
Distill50_0.1,3,6,16.6511535644531
CE_control_0.25,3,6,16.7410373687744
CE_control_0.1,3,6,16.9568061828613
Distill25_0.5,3,6,17.2960758209229
Distill50_0.5,3,6,16.2441730499268
Distill25_0.25,3,6,16.6730880737305
Distill50_0.5,3,89,17.4829959869385
CE_control_0.1,3,89,16.1049365997314
Distill50_1.0,3,89,9.27019119262695
Distill25_0.5,3,89,14.9760246276855
Distill25_0.25,3,89,15.2900218963623
Distill50_0.1,3,89,15.1619911193848
Current,3,89,0.780105590820313
Distill25_1.0,3,89,7.81583786010742
CE_control_1.0,3,89,9.36388969421387
CE_control_0.25,3,89,14.1031742095947
CE_control_0.5,3,89,14.3258571624756
Distill25_0.1,3,89,14.7769451141357
Distill50_0.25,3,89,15.0470733642578
Distill50_0.25,2,412,18.1291103363037
CE_control_0.1,2,412,17.996072769165
CE_control_0.5,2,412,27.9321670532227
Distill25_0.5,2,412,18.3899402618408
CE_control_0.25,2,412,17.7180767059326
Distill25_0.1,2,412,17.0807838439941
Current,2,412,0.866889953613281
Distill50_0.1,2,412,16.7889595031738
CE_control_1.0,2,412,8.70990753173828
Distill50_0.5,2,412,18.2220935821533
Distill25_0.25,2,412,17.988920211792
Distill50_1.0,2,412,9.87696647644043
Distill25_1.0,2,412,9.39106941223145
Distill50_0.1,1,81,18.7880992889404
Distill50_0.5,1,81,18.2120800018311
Current,1,81,0.771045684814453
Distill25_0.25,1,81,17.549991607666
CE_control_0.1,1,81,17.894983291626
CE_control_0.25,1,81,18.7919139862061
Distill50_0.25,1,81,20.3258991241455
CE_control_0.5,1,81,19.5341110229492
CE_control_1.0,1,81,9.12094116210938
Distill25_1.0,1,81,11.0270977020264
Distill25_0.5,1,81,18.3959007263184
Distill50_1.0,1,81,10.8311176300049
Distill25_0.1,1,81,20.150899887085
Distill50_0.25,1,256,23.3831405639648
Distill50_0.1,1,256,24.4500637054443
Distill50_0.5,1,256,22.4790573120117
Distill25_0.25,1,256,23.7729549407959
Distill25_0.1,1,256,22.9020118713379
CE_control_0.25,1,256,24.3299007415772
Current,1,256,0.964164733886719
Distill50_1.0,1,256,10.9460353851318
CE_control_1.0,1,256,11.9988918304443
CE_control_0.1,1,256,23.2939720153809
CE_control_0.5,1,256,34.343957901001
Distill25_0.5,1,256,24.1491794586182
Distill25_1.0,1,256,11.2879276275635
Current,3,556,0.855922698974609
Distill50_0.5,3,556,16.2220001220703
CE_control_0.1,3,556,16.1168575286865
CE_control_0.25,3,556,15.8090591430664
Distill50_1.0,3,556,8.12315940856934
Distill25_0.1,3,556,18.4180736541748
Distill25_0.5,3,556,19.2031860351563
CE_control_1.0,3,556,9.22083854675293
Distill25_0.25,3,556,16.089916229248
CE_control_0.5,3,556,15.3870582580566
Distill50_0.25,3,556,15.8641338348389
Distill50_0.1,3,556,17.0121192932129
Distill25_1.0,3,556,8.27479362487793
Distill25_0.1,1,434,14.7888660430908
Distill50_0.5,1,434,16.3779258728027
CE_control_0.5,1,434,17.5061225891113
Distill50_1.0,1,434,9.99712944030762
Current,1,434,0.818967819213867
Distill25_0.25,1,434,18.2578563690186
CE_control_1.0,1,434,10.9291076660156
Distill25_0.5,1,434,16.2529945373535
CE_control_0.25,1,434,15.143871307373
CE_control_0.1,1,434,15.3610706329346
Distill50_0.1,1,434,15.5949592590332
Distill25_1.0,1,434,8.57305526733398
Distill50_0.25,1,434,16.5541172027588
Distill50_0.25,2,392,16.7498588562012
Distill25_1.0,2,392,9.97209548950195
CE_control_0.1,2,392,15.9029960632324
Distill25_0.5,2,392,15.0589942932129
CE_control_0.25,2,392,15.2919292449951
CE_control_0.5,2,392,15.0492191314697
Current,2,392,0.756978988647461
Distill50_0.1,2,392,15.1519775390625
Distill25_0.1,2,392,27.4460315704346
Distill50_0.5,2,392,15.7320499420166
CE_control_1.0,2,392,9.63997840881348
Distill25_0.25,2,392,14.1811370849609
Distill50_1.0,2,392,8.13412666320801
CE_control_1.0,1,183,10.4990005493164
CE_control_0.1,1,183,17.7280902862549
Distill25_0.5,1,183,17.2789096832275
Distill25_1.0,1,183,16.7109966278076
Current,1,183,1.31106376647949
Distill50_0.5,1,183,19.9692249298096
CE_control_0.5,1,183,18.4879302978516
Distill50_0.25,1,183,17.7409648895264
Distill25_0.25,1,183,18.7530517578125
CE_control_0.25,1,183,17.7919864654541
Distill25_0.1,1,183,17.5619125366211
Distill50_0.1,1,183,18.1729793548584
Distill50_1.0,1,183,11.4519596099854
CE_control_0.5,2,353,16.502857208252
Distill25_0.5,2,353,17.0369148254395
Distill50_0.1,2,353,16.7040824890137
Distill25_0.25,2,353,16.5140628814697
CE_control_0.1,2,353,17.0419216156006
Distill25_1.0,2,353,7.92813301086426
Distill50_0.5,2,353,18.0580615997314
Distill50_1.0,2,353,8.87203216552734
Distill25_0.1,2,353,17.0280933380127
CE_control_0.25,2,353,17.3771381378174
CE_control_1.0,2,353,8.05377960205078
Distill50_0.25,2,353,17.3008441925049
Current,2,353,1.0068416595459
Distill50_0.1,3,525,18.2762145996094
Distill50_0.5,3,525,17.2660350799561
Distill50_1.0,3,525,8.67605209350586
Distill25_0.25,3,525,17.6529884338379
CE_control_0.25,3,525,19.6821689605713
Distill25_1.0,3,525,10.1490020751953
Current,3,525,0.919103622436523
CE_control_0.5,3,525,17.1802043914795
Distill25_0.1,3,525,17.8549289703369
Distill25_0.5,3,525,18.9361572265625
CE_control_0.1,3,525,19.1609859466553
CE_control_1.0,3,525,9.49692726135254
Distill50_0.25,3,525,18.6300277709961
Distill50_0.25,3,171,20.0951099395752
CE_control_1.0,3,171,9.53102111816406
Current,3,171,0.838041305541992
CE_control_0.25,3,171,15.90895652771
Distill50_0.1,3,171,17.6830291748047
Distill25_0.25,3,171,17.1399116516113
Distill25_0.1,3,171,18.0208683013916
CE_control_0.5,3,171,17.4880027770996
CE_control_0.1,3,171,17.6570415496826
Distill25_0.5,3,171,17.531156539917
Distill25_1.0,3,171,9.04202461242676
Distill50_1.0,3,171,9.81307029724121
Distill50_0.5,3,171,17.3392295837402
Distill25_0.5,2,547,16.261100769043
Distill25_0.1,2,547,16.8089866638184
Distill50_1.0,2,547,8.15010070800781
CE_control_1.0,2,547,9.51313972473145
Current,2,547,0.816106796264648
CE_control_0.1,2,547,16.4549350738525
Distill50_0.1,2,547,17.0118808746338
Distill25_1.0,2,547,9.70697402954102
CE_control_0.25,2,547,18.671989440918
Distill50_0.5,2,547,18.0301666259766
Distill25_0.25,2,547,17.3361301422119
Distill50_0.25,2,547,18.7389850616455
CE_control_0.5,2,547,32.8879356384277
Distill25_0.5,3,119,22.8149890899658
Distill25_0.25,3,119,19.385814666748
Current,3,119,1.00111961364746
Distill25_0.1,3,119,17.5120830535889
CE_control_0.1,3,119,17.4601078033447
CE_control_1.0,3,119,10.1628303527832
Distill50_0.1,3,119,17.3799991607666
Distill50_1.0,3,119,9.2768669128418
Distill50_0.25,3,119,19.1190242767334
Distill50_0.5,3,119,20.7839012145996
CE_control_0.25,3,119,17.6289081573486
Distill25_1.0,3,119,10.8568668365479
CE_control_0.5,3,119,19.1099643707275
CE_control_0.5,3,511,15.8720016479492
Distill50_0.25,3,511,16.0138607025146
Distill25_1.0,3,511,9.39607620239258
CE_control_0.1,3,511,14.6808624267578
Distill25_0.1,3,511,15.2828693389893
Distill50_1.0,3,511,7.80797004699707
Distill25_0.25,3,511,16.6928768157959
Distill25_0.5,3,511,17.4038410186768
CE_control_1.0,3,511,9.67216491699219
Distill50_0.1,3,511,17.3459053039551
CE_control_0.25,3,511,16.4270401000977
Distill50_0.5,3,511,16.5398120880127
Current,3,511,0.688076019287109
Distill50_0.5,3,36,19.1900730133057
CE_control_1.0,3,36,9.72795486450195
Distill50_0.25,3,36,20.5209255218506
Distill50_0.1,3,36,19.6998119354248
CE_control_0.1,3,36,18.8732147216797
Distill25_0.25,3,36,18.5480117797852
Distill25_1.0,3,36,8.35609436035156
Distill25_0.5,3,36,17.2898769378662
Distill50_1.0,3,36,19.0341472625732
Distill25_0.1,3,36,19.7601318359375
CE_control_0.25,3,36,17.941951751709
CE_control_0.5,3,36,17.8549289703369
Current,3,36,0.81181526184082
Distill25_0.25,2,340,16.9150829315186
Distill50_0.5,2,340,16.5932178497314
Distill50_1.0,2,340,9.40299034118652
CE_control_1.0,2,340,9.12308692932129
Distill50_0.25,2,340,17.5440311431885
Distill25_0.1,2,340,18.3901786804199
Distill25_1.0,2,340,11.3289356231689
CE_control_0.25,2,340,17.0350074768066
Distill25_0.5,2,340,15.8929824829102
CE_control_0.1,2,340,15.388011932373
Current,2,340,0.753164291381836
CE_control_0.5,2,340,15.2230262756348
Distill50_0.1,2,340,15.3179168701172
Distill50_0.1,3,580,15.455961227417
Current,3,580,0.822067260742188
CE_control_0.25,3,580,15.8829689025879
Distill25_1.0,3,580,7.8740119934082
Distill50_0.5,3,580,17.8589820861816
Distill25_0.1,3,580,18.0938243865967
CE_control_0.1,3,580,17.535924911499
CE_control_1.0,3,580,8.39519500732422
Distill50_1.0,3,580,8.73613357543945
CE_control_0.5,3,580,17.1229839324951
Distill50_0.25,3,580,17.8890228271484
Distill25_0.5,3,580,17.6370143890381
Distill25_0.25,3,580,16.6459083557129
Distill50_1.0,2,390,8.30698013305664
CE_control_0.25,2,390,16.5219306945801
Distill25_0.5,2,390,15.9280300140381
Distill50_0.25,2,390,16.7319774627686
Distill25_1.0,2,390,9.34886932373047
CE_control_1.0,2,390,8.40187072753906
Current,2,390,0.853061676025391
Distill25_0.25,2,390,27.6889801025391
CE_control_0.5,2,390,15.5420303344727
Distill50_0.5,2,390,14.1499042510986
Distill50_0.1,2,390,14.448881149292
Distill25_0.1,2,390,15.0580406188965
CE_control_0.1,2,390,14.1520500183105
CE_control_0.5,3,43,16.1268711090088
CE_control_0.25,3,43,16.4949893951416
Distill25_0.1,3,43,17.5859928131104
Distill50_0.5,3,43,16.9529914855957
Distill50_0.25,3,43,17.9178714752197
Distill50_0.1,3,43,16.4120197296143
Distill25_0.5,3,43,17.2841548919678
CE_control_0.1,3,43,16.5550708770752
Distill25_1.0,3,43,7.98106193542481
Current,3,43,0.916957855224609
CE_control_1.0,3,43,8.55517387390137
Distill50_1.0,3,43,8.22901725769043
Distill25_0.25,3,43,18.0561542510986
Distill50_1.0,1,457,8.64291191101074
Distill25_0.5,1,457,17.3869132995605
CE_control_0.1,1,457,19.3250179290771
CE_control_0.25,1,457,18.6030864715576
CE_control_1.0,1,457,8.04209709167481
CE_control_0.5,1,457,16.8139934539795
Distill25_0.1,1,457,17.6200866699219
Distill50_0.1,1,457,17.4441337585449
Current,1,457,1.04498863220215
Distill50_0.5,1,457,18.7270641326904
Distill25_1.0,1,457,9.65189933776855
Distill50_0.25,1,457,18.0470943450928
Distill25_0.25,1,457,18.345832824707
Distill25_0.1,1,29,22.0530033111572
Distill50_0.25,1,29,20.7829475402832
CE_control_0.5,1,29,18.3351039886475
Distill25_0.25,1,29,18.7828540802002
CE_control_0.1,1,29,18.7280178070068
CE_control_1.0,1,29,10.8218193054199
Distill50_0.1,1,29,18.265962600708
Distill25_0.5,1,29,18.2437896728516
Distill25_1.0,1,29,8.10313224792481
Distill50_1.0,1,29,8.91590118408203
CE_control_0.25,1,29,16.8280601501465
Current,1,29,0.856876373291016
Distill50_0.5,1,29,16.848087310791
Distill50_0.5,2,358,15.0249004364014
Distill25_0.25,2,358,15.7032012939453
Distill25_0.1,2,358,16.5510177612305
CE_control_0.25,2,358,16.3772106170654
CE_control_1.0,2,358,7.21406936645508
Distill25_1.0,2,358,8.80503654479981
Current,2,358,0.912904739379883
Distill50_0.25,2,358,15.110969543457
CE_control_0.5,2,358,16.1869525909424
Distill25_0.5,2,358,15.3160095214844
Distill50_1.0,2,358,7.64799118041992
Distill50_0.1,2,358,16.2498950958252
CE_control_0.1,2,358,17.5180435180664
Distill50_0.25,3,172,17.1658992767334
Current,3,172,0.904083251953125
CE_control_0.1,3,172,16.0610675811768
Distill50_0.5,3,172,16.7090892791748
Distill25_0.25,3,172,16.6389942169189
Distill50_1.0,3,172,9.85097885131836
Distill25_0.1,3,172,18.0799961090088
CE_control_1.0,3,172,10.6132030487061
Distill25_1.0,3,172,10.3411674499512
Distill25_0.5,3,172,16.6630744934082
Distill50_0.1,3,172,17.5609588623047
CE_control_0.5,3,172,16.1561965942383
CE_control_0.25,3,172,16.5159702301025
CE_control_0.25,2,438,13.394832611084
Distill25_0.25,2,438,23.1218338012695
Distill50_0.5,2,438,15.1028633117676
Current,2,438,0.864028930664063
Distill50_0.25,2,438,13.6778354644775
CE_control_0.5,2,438,14.3699645996094
Distill50_1.0,2,438,8.98504257202148
Distill25_0.5,2,438,14.7230625152588
Distill50_0.1,2,438,13.9079093933105
CE_control_1.0,2,438,8.87608528137207
Distill25_0.1,2,438,14.6620273590088
Distill25_1.0,2,438,10.0951194763184
CE_control_0.1,2,438,15.4750347137451
CE_control_0.5,1,509,14.4319534301758
Distill25_0.1,1,509,14.6839618682861
CE_control_0.25,1,509,14.3320560455322
Current,1,509,0.777959823608398
CE_control_0.1,1,509,13.8530731201172
Distill50_0.5,1,509,14.1201019287109
Distill25_1.0,1,509,9.47308540344238
Distill25_0.5,1,509,14.2478942871094
Distill25_0.25,1,509,14.4739151000977
Distill50_0.25,1,509,13.653039932251
Distill50_0.1,1,509,14.7929191589355
Distill50_1.0,1,509,9.04607772827148
CE_control_1.0,1,509,9.37104225158691
Distill50_0.1,3,519,20.4348564147949
Distill50_1.0,3,519,9.67717170715332
CE_control_1.0,3,519,9.79900360107422
CE_control_0.1,3,519,19.1850662231445
CE_control_0.5,3,519,20.9560394287109
CE_control_0.25,3,519,20.7920074462891
Distill50_0.25,3,519,19.9739933013916
Current,3,519,0.777006149291992
Distill25_0.5,3,519,20.4470157623291
Distill50_0.5,3,519,21.0721492767334
Distill25_0.25,3,519,19.9530124664307
Distill25_1.0,3,519,9.93800163269043
Distill25_0.1,3,519,20.1408863067627
CE_control_1.0,1,458,9.02009010314941
Distill50_0.5,1,458,28.6340713500977
Distill50_0.25,1,458,15.7771110534668
Distill50_1.0,1,458,7.74097442626953
CE_control_0.25,1,458,15.9809589385986
Distill50_0.1,1,458,16.8440341949463
Distill25_0.25,1,458,15.855073928833
Distill25_1.0,1,458,8.47291946411133
Distill25_0.5,1,458,15.3820514678955
CE_control_0.5,1,458,16.2930488586426
Current,1,458,0.738143920898438
CE_control_0.1,1,458,16.0729885101318
Distill25_0.1,1,458,16.2458419799805
CE_control_0.5,2,363,14.4660472869873
Current,2,363,0.669002532958984
CE_control_1.0,2,363,8.54611396789551
Distill25_0.25,2,363,15.6769752502441
CE_control_0.25,2,363,15.8779621124268
Distill25_1.0,2,363,9.50789451599121
Distill25_0.5,2,363,15.5489444732666
CE_control_0.1,2,363,14.8570537567139
Distill25_0.1,2,363,15.5668258666992
Distill50_1.0,2,363,8.66603851318359
Distill50_0.25,2,363,16.0348415374756
Distill50_0.1,2,363,15.9220695495605
Distill50_0.5,2,363,15.8300399780273
CE_control_1.0,1,425,9.01699066162109
Distill50_0.5,1,425,18.8579559326172
CE_control_0.25,1,425,17.8492069244385
Distill50_0.1,1,425,18.3098316192627
CE_control_0.1,1,425,19.9000835418701
Distill25_0.25,1,425,20.3568935394287
Distill50_1.0,1,425,9.37008857727051
Distill25_1.0,1,425,10.2059841156006
Distill50_0.25,1,425,18.3200836181641
CE_control_0.5,1,425,18.1820392608643
Current,1,425,1.23286247253418
Distill25_0.1,1,425,30.7750701904297
Distill25_0.5,1,425,19.0219879150391
CE_control_0.1,2,161,18.7528133392334
Distill25_0.1,2,161,17.3380374908447
Distill25_1.0,2,161,11.7251873016357
Distill50_1.0,2,161,13.0150318145752
CE_control_0.5,2,161,17.0660018920898
Distill25_0.25,2,161,17.9879665374756
Distill50_0.25,2,161,17.5139904022217
Distill50_0.1,2,161,17.4190998077393
CE_control_0.25,2,161,17.5158977508545
Distill25_0.5,2,161,18.3620452880859
Distill50_0.5,2,161,17.6370143890381
Current,2,161,0.725984573364258
CE_control_1.0,2,161,11.0738277435303
Distill50_1.0,1,201,11.9009017944336
CE_control_0.1,1,201,18.9850330352783
Distill50_0.25,1,201,18.8019275665283
Current,1,201,0.774860382080078
Distill25_0.5,1,201,19.1562175750732
CE_control_0.5,1,201,19.3800926208496
CE_control_0.25,1,201,18.1198120117188
Distill50_0.1,1,201,19.644021987915
Distill25_0.1,1,201,19.4590091705322
Distill50_0.5,1,201,20.327091217041
Distill25_0.25,1,201,20.9851264953613
CE_control_1.0,1,201,10.7998847961426
Distill25_1.0,1,201,12.537956237793
Distill50_0.1,2,423,19.8040008544922
Distill50_0.25,2,423,28.9590358734131
CE_control_1.0,2,423,8.28909873962402
CE_control_0.1,2,423,17.6529884338379
Distill25_0.5,2,423,17.05002784729
CE_control_0.5,2,423,17.0109272003174
Current,2,423,0.869989395141602
Distill25_1.0,2,423,7.64298439025879
Distill50_0.5,2,423,17.3029899597168
CE_control_0.25,2,423,18.0749893188477
Distill25_0.1,2,423,17.9710388183594
Distill50_1.0,2,423,8.33797454833984
Distill25_0.25,2,423,18.2521343231201
Current,1,469,0.738859176635742
Distill25_0.25,1,469,16.4740085601807
Distill50_0.1,1,469,16.1221027374268
Distill50_0.25,1,469,16.826868057251
Distill25_1.0,1,469,9.09805297851562
Distill25_0.1,1,469,15.5379772186279
CE_control_1.0,1,469,7.98296928405762
Distill50_1.0,1,469,8.53705406188965
CE_control_0.25,1,469,15.8429145812988
Distill50_0.5,1,469,16.1600112915039
Distill25_0.5,1,469,16.5870189666748
CE_control_0.5,1,469,18.0678367614746
CE_control_0.1,1,469,18.0089473724365
Current,2,371,0.784158706665039
Distill25_0.25,2,371,18.8360214233398
Distill25_0.5,2,371,19.2070007324219
Distill25_0.1,2,371,20.5681324005127
CE_control_0.1,2,371,19.2749500274658
Distill50_0.25,2,371,19.0548896789551
Distill50_0.5,2,371,19.0260410308838
CE_control_0.25,2,371,19.2940235137939
CE_control_0.5,2,371,20.3769207000732
Distill50_0.1,2,371,19.9489593505859
Distill50_1.0,2,371,8.67605209350586
CE_control_1.0,2,371,9.58800315856934
Distill25_1.0,2,371,8.65507125854492
CE_control_0.5,3,62,31.7580699920654
Distill25_0.25,3,62,20.3690528869629
CE_control_0.25,3,62,18.9571380615234
Distill25_0.5,3,62,18.3620452880859
Distill50_0.25,3,62,20.0309753417969
Distill25_0.1,3,62,20.9879875183105
CE_control_0.1,3,62,20.3311443328857
Current,3,62,1.07192993164063
Distill50_0.1,3,62,19.5679664611816
Distill25_1.0,3,62,11.8858814239502
Distill50_0.5,3,62,19.8688507080078
CE_control_1.0,3,62,11.2299919128418
Distill50_1.0,3,62,10.7638835906982
CE_control_0.25,2,174,16.2589550018311
Current,2,174,0.824928283691406
CE_control_0.5,2,174,17.6730155944824
Distill50_0.5,2,174,17.0190334320068
Distill25_1.0,2,174,10.2980136871338
Distill25_0.25,2,174,16.1199569702148
Distill25_0.1,2,174,15.7361030578613
Distill50_1.0,2,174,8.23211669921875
CE_control_0.1,2,174,16.2770748138428
Distill50_0.25,2,174,16.1581039428711
Distill50_0.1,2,174,15.955924987793
CE_control_1.0,2,174,9.06705856323242
Distill25_0.5,2,174,15.8329010009766
Distill25_0.5,1,574,18.3801651000977
Distill25_0.1,1,574,19.0749168395996
CE_control_0.25,1,574,20.0109481811523
CE_control_0.1,1,574,19.4709300994873
Distill25_0.25,1,574,20.380973815918
CE_control_1.0,1,574,8.85295867919922
CE_control_0.5,1,574,18.3870792388916
Distill50_1.0,1,574,9.97090339660645
Distill50_0.25,1,574,18.341064453125
Distill25_1.0,1,574,11.0430717468262
Distill50_0.5,1,574,16.3979530334473
Distill50_0.1,1,574,16.8437957763672
Current,1,574,0.825881958007813
Distill25_0.25,1,550,14.7240161895752
Distill25_0.5,1,550,14.1651630401611
CE_control_0.5,1,550,14.030933380127
Distill50_0.1,1,550,14.9450302124023
Current,1,550,0.802040100097656
CE_control_0.1,1,550,14.8079395294189
CE_control_1.0,1,550,8.66198539733887
CE_control_0.25,1,550,15.6478881835938
Distill25_1.0,1,550,8.4071159362793
Distill25_0.1,1,550,14.9509906768799
Distill50_0.25,1,550,16.1302089691162
Distill50_1.0,1,550,13.7901306152344
Distill50_0.5,1,550,15.1550769805908
CE_control_0.1,1,389,16.4439678192139
Distill50_0.5,1,389,16.4368152618408
CE_control_0.5,1,389,15.9010887145996
Distill25_0.25,1,389,16.0009860992432
Distill50_0.1,1,389,15.5439376831055
Current,1,389,0.792026519775391
CE_control_1.0,1,389,9.35196876525879
Distill50_0.25,1,389,15.1259899139404
CE_control_0.25,1,389,16.1309242248535
Distill50_1.0,1,389,8.1169605255127
Distill25_0.1,1,389,16.4659023284912
Distill25_0.5,1,389,16.9429779052734
Distill25_1.0,1,389,9.86504554748535
CE_control_1.0,1,494,8.88991355895996
Distill50_1.0,1,494,10.1699829101563
Distill50_0.25,1,494,17.2760486602783
Current,1,494,0.818014144897461
Distill50_0.1,1,494,17.3850059509277
Distill50_0.5,1,494,17.6651477813721
Distill25_1.0,1,494,9.36317443847656
CE_control_0.5,1,494,17.7631378173828
Distill25_0.25,1,494,17.9188251495361
CE_control_0.25,1,494,16.2179470062256
Distill25_0.1,1,494,16.9780254364014
Distill25_0.5,1,494,15.9709453582764
CE_control_0.1,1,494,16.139030456543
Distill25_0.1,2,551,17.8258419036865
CE_control_0.5,2,551,17.9200172424316
Current,2,551,0.80108642578125
Distill25_1.0,2,551,8.53800773620606
Distill50_0.5,2,551,20.3418731689453
CE_control_0.1,2,551,19.5028781890869
Distill50_0.25,2,551,19.0310478210449
Distill50_0.1,2,551,18.2890892028809
Distill25_0.25,2,551,21.4359760284424
Distill50_1.0,2,551,10.0281238555908
CE_control_1.0,2,551,10.3921890258789
Distill25_0.5,2,551,19.4480419158936
CE_control_0.25,2,551,18.2578563690186
CE_control_0.5,2,555,13.7100219726563
CE_control_1.0,2,555,8.2089900970459
Distill25_0.25,2,555,15.178918838501
Distill50_0.1,2,555,15.4521465301514
CE_control_0.25,2,555,14.6257877349854
Distill50_0.5,2,555,14.5649909973145
Distill25_0.1,2,555,13.8452053070068
Distill50_0.25,2,555,14.0559673309326
Distill25_1.0,2,555,8.20708274841309
Distill50_1.0,2,555,9.0179443359375
CE_control_0.1,2,555,13.261079788208
Current,2,555,0.867843627929688
Distill25_0.5,2,555,12.8040313720703
CE_control_0.5,2,119,17.9939270019531
Distill50_0.1,2,119,19.5391178131104
Distill25_0.1,2,119,20.0281143188477
CE_control_1.0,2,119,11.0230445861816
CE_control_0.25,2,119,19.6230411529541
Current,2,119,0.809192657470703
Distill25_0.25,2,119,30.1721096038818
Distill50_0.25,2,119,18.0890560150146
Distill50_1.0,2,119,9.60898399353027
CE_control_0.1,2,119,18.8379287719727
Distill25_0.5,2,119,18.4869766235352
Distill50_0.5,2,119,17.5838470458984
Distill25_1.0,2,119,9.6290111541748
Distill50_0.25,1,549,17.8730487823486
Distill50_0.1,1,549,19.3469524383545
CE_control_0.5,1,549,18.3899402618408
CE_control_0.25,1,549,18.1369781494141
Distill25_1.0,1,549,8.60905647277832
CE_control_0.1,1,549,18.0141925811768
Distill50_1.0,1,549,8.32796096801758
Current,1,549,0.831127166748047
Distill25_0.5,1,549,16.5660381317139
Distill50_0.5,1,549,17.0891284942627
Distill25_0.25,1,549,18.9700126647949
CE_control_1.0,1,549,10.1752281188965
Distill25_0.1,1,549,18.5530185699463
Distill25_0.5,3,314,16.6490077972412
Distill25_0.25,3,314,16.6029930114746
CE_control_0.1,3,314,16.3800716400146
Distill25_0.1,3,314,16.4761543273926
CE_control_0.25,3,314,16.6740417480469
Distill50_0.25,3,314,17.3211097717285
Distill25_1.0,3,314,10.159969329834
Current,3,314,0.857114791870117
CE_control_1.0,3,314,8.53490829467773
Distill50_0.1,3,314,19.3932056427002
CE_control_0.5,3,314,16.373872756958
Distill50_0.5,3,314,16.5779590606689
Distill50_1.0,3,314,8.80503654479981
CE_control_0.1,3,122,18.3420181274414
CE_control_0.5,3,122,19.169807434082
Distill25_1.0,3,122,9.77396965026855
CE_control_1.0,3,122,9.81903076171875
Distill50_0.25,3,122,18.9039707183838
Distill50_0.5,3,122,31.7821502685547
CE_control_0.25,3,122,18.4710025787354
Distill25_0.1,3,122,18.7580585479736
Distill25_0.5,3,122,17.9710388183594
Current,3,122,0.806093215942383
Distill50_0.1,3,122,18.8210010528564
Distill25_0.25,3,122,20.5810070037842
Distill50_1.0,3,122,9.58895683288574
Distill25_0.25,2,254,18.4359550476074
Distill25_0.5,2,254,19.1688537597656
Distill50_0.1,2,254,16.8659687042236
Current,2,254,0.810146331787109
Distill25_0.1,2,254,16.563892364502
CE_control_0.25,2,254,17.3239707946777
CE_control_0.1,2,254,16.4749622344971
Distill50_1.0,2,254,10.4742050170898
Distill50_0.25,2,254,18.502950668335
CE_control_0.5,2,254,17.4031257629395
Distill50_0.5,2,254,16.603946685791
CE_control_1.0,2,254,9.57894325256348
Distill25_1.0,2,254,9.16886329650879
Current,2,479,1.07693672180176
Distill25_1.0,2,479,7.54094123840332
CE_control_0.5,2,479,18.0020332336426
CE_control_0.25,2,479,19.3028450012207
CE_control_1.0,2,479,8.94308090209961
CE_control_0.1,2,479,17.9510116577148
Distill25_0.5,2,479,18.1679725646973
Distill25_0.1,2,479,18.5840129852295
Distill50_0.5,2,479,20.0400352478027
Distill50_1.0,2,479,9.19198989868164
Distill50_0.25,2,479,18.5511112213135
Distill25_0.25,2,479,19.6239948272705
Distill50_0.1,2,479,20.3959941864014
Distill25_1.0,1,6,8.86297225952148
CE_control_0.1,1,6,17.2970294952393
CE_control_0.5,1,6,16.5510177612305
Distill25_0.25,1,6,33.0631732940674
Distill50_1.0,1,6,10.2479457855225
Distill25_0.5,1,6,14.7080421447754
Distill50_0.1,1,6,14.5890712738037
CE_control_0.25,1,6,14.7819519042969
Distill50_0.25,1,6,14.9798393249512
Distill25_0.1,1,6,14.8720741271973
Distill50_0.5,1,6,15.2177810668945
CE_control_1.0,1,6,9.21201705932617
Current,1,6,0.831127166748047
Distill50_0.1,3,458,15.4061317443848
Distill25_1.0,3,458,8.29505920410156
CE_control_0.25,3,458,18.2020664215088
Distill50_0.5,3,458,16.2160396575928
Distill25_0.1,3,458,15.8488750457764
Current,3,458,0.773906707763672
CE_control_0.5,3,458,16.0849094390869
Distill50_1.0,3,458,8.16202163696289
Distill25_0.5,3,458,15.6121253967285
Distill25_0.25,3,458,16.4909362792969
CE_control_0.1,3,458,17.39501953125
CE_control_1.0,3,458,9.48786735534668
Distill50_0.25,3,458,18.2280540466309
Distill50_0.1,2,397,15.9618854522705
Distill50_0.25,2,397,14.998197555542
CE_control_0.1,2,397,15.592098236084
Distill25_0.25,2,397,14.995813369751
Current,2,397,0.917196273803711
Distill25_1.0,2,397,7.98797607421875
Distill25_0.5,2,397,15.6691074371338
Distill50_1.0,2,397,9.58490371704102
CE_control_0.5,2,397,14.8260593414307
CE_control_1.0,2,397,8.47101211547852
Distill25_0.1,2,397,15.7759189605713
CE_control_0.25,2,397,15.7260894775391
Distill50_0.5,2,397,15.949010848999
Distill50_1.0,1,97,10.6320381164551
Distill50_0.1,1,97,22.3958492279053
Distill25_1.0,1,97,20.6818580627441
Distill25_0.1,1,97,23.8239765167236
Current,1,97,0.936985015869141
CE_control_0.1,1,97,20.6010341644287
Distill25_0.25,1,97,23.5779285430908
Distill25_0.5,1,97,22.0301151275635
CE_control_1.0,1,97,10.0059509277344
Distill50_0.5,1,97,21.5439796447754
CE_control_0.25,1,97,21.2290287017822
Distill50_0.25,1,97,24.06907081604
CE_control_0.5,1,97,21.7800140380859
Distill25_0.1,3,20,12.2001171112061
CE_control_0.5,3,20,11.7599964141846
Distill25_0.5,3,20,14.3818855285645
Distill50_0.25,3,20,14.840841293335
CE_control_1.0,3,20,8.64100456237793
Distill50_0.1,3,20,13.2899284362793
Distill25_1.0,3,20,8.80789756774902
CE_control_0.25,3,20,13.7269496917725
Distill25_0.25,3,20,13.5910511016846
Current,3,20,0.652074813842773
Distill50_0.5,3,20,13.6730670928955
Distill50_1.0,3,20,7.67779350280762
CE_control_0.1,3,20,13.7019157409668
Distill50_1.0,2,580,8.66508483886719
Distill25_1.0,2,580,8.89801979064941
Distill25_0.1,2,580,16.495943069458
CE_control_0.5,2,580,17.3680782318115
Distill50_0.25,2,580,18.5818672180176
CE_control_1.0,2,580,10.2779865264893
CE_control_0.1,2,580,16.3450241088867
Distill25_0.25,2,580,17.5540447235107
Current,2,580,0.690937042236328
Distill25_0.5,2,580,16.4451599121094
CE_control_0.25,2,580,17.0550346374512
Distill50_0.1,2,580,16.5131092071533
Distill50_0.5,2,580,27.3408889770508
CE_control_0.5,1,92,16.4599418640137
Current,1,92,0.837087631225586
Distill25_0.5,1,92,16.1230564117432
Distill25_0.1,1,92,16.2129402160645
Distill50_0.5,1,92,16.4039134979248
Distill50_0.1,1,92,16.3178443908691
CE_control_1.0,1,92,8.94904136657715
Distill50_0.25,1,92,19.7551250457764
Distill50_1.0,1,92,10.4548931121826
Distill25_1.0,1,92,10.5478763580322
CE_control_0.25,1,92,17.0459747314453
CE_control_0.1,1,92,16.5820121765137
Distill25_0.25,1,92,17.7550315856934
Distill50_0.25,3,209,20.2579498291016
CE_control_1.0,3,209,11.0099315643311
CE_control_0.25,3,209,19.4098949432373
Distill25_0.1,3,209,21.1901664733887
CE_control_0.1,3,209,21.5311050415039
Distill50_0.1,3,209,21.0728645324707
Distill50_1.0,3,209,11.0650062561035
Current,3,209,0.970125198364258
Distill50_0.5,3,209,21.0120677947998
Distill25_0.25,3,209,22.6938724517822
Distill25_1.0,3,209,11.732816696167
CE_control_0.5,3,209,23.4420299530029
Distill25_0.5,3,209,22.1688747406006
Distill50_0.1,1,170,17.7228450775146
Distill50_0.25,1,170,18.8741683959961
CE_control_0.25,1,170,19.8769569396973
Distill25_0.25,1,170,30.3859710693359
Distill25_0.5,1,170,18.7900066375732
CE_control_0.5,1,170,20.4451084136963
Current,1,170,1.00183486938477
Distill25_0.1,1,170,16.9417858123779
Distill50_1.0,1,170,8.77690315246582
Distill25_1.0,1,170,10.6000900268555
CE_control_1.0,1,170,8.80193710327148
CE_control_0.1,1,170,17.0619487762451
Distill50_0.5,1,170,17.0960426330566
Distill50_0.25,1,592,17.3430442810059
Distill25_0.1,1,592,16.4420604705811
Distill25_0.25,1,592,17.0228481292725
CE_control_1.0,1,592,8.25095176696777
Distill50_0.5,1,592,17.4839496612549
Distill25_1.0,1,592,10.261058807373
Distill25_0.5,1,592,16.6289806365967
CE_control_0.5,1,592,16.0818099975586
Current,1,592,0.710964202880859
CE_control_0.25,1,592,16.8678760528564
Distill50_0.1,1,592,17.8899765014648
Distill50_1.0,1,592,9.13381576538086
CE_control_0.1,1,592,18.1519985198975
Distill25_1.0,1,483,7.82299041748047
Distill25_0.1,1,483,18.6758041381836
Distill50_0.25,1,483,19.2289352416992
Distill50_0.5,1,483,18.733024597168
CE_control_0.25,1,483,20.4050540924072
Distill25_0.25,1,483,17.7650451660156
Distill50_1.0,1,483,8.06307792663574
CE_control_1.0,1,483,10.2901458740234
Distill25_0.5,1,483,18.4850692749023
Current,1,483,0.932931900024414
CE_control_0.5,1,483,20.5748081207275
CE_control_0.1,1,483,18.8138484954834
Distill50_0.1,1,483,17.8458690643311
CE_control_0.25,3,373,19.9010372161865
CE_control_0.1,3,373,19.6330547332764
Distill25_0.1,3,373,19.0341472625732
Distill25_1.0,3,373,8.37397575378418
Distill25_0.5,3,373,17.8091526031494
CE_control_0.5,3,373,16.9928073883057
Distill50_0.5,3,373,18.3689594268799
Current,3,373,0.803947448730469
Distill50_0.25,3,373,18.2878971099854
Distill50_1.0,3,373,8.19993019104004
CE_control_1.0,3,373,8.51082801818848
Distill25_0.25,3,373,17.7700519561768
Distill50_0.1,3,373,18.9781188964844
CE_control_0.25,2,595,21.2562084197998
Current,2,595,0.959873199462891
Distill25_1.0,2,595,7.61699676513672
Distill25_0.25,2,595,18.1560516357422
Distill50_0.1,2,595,20.0319290161133
Distill50_0.25,2,595,19.2790031433105
Distill25_0.1,2,595,18.8560485839844
Distill25_0.5,2,595,20.1339721679688
CE_control_1.0,2,595,8.23211669921875
Distill50_1.0,2,595,9.20891761779785
CE_control_0.5,2,595,21.8191146850586
Distill50_0.5,2,595,22.6240158081055
CE_control_0.1,2,595,21.2769508361816
Distill50_0.1,1,505,18.6429023742676
Distill50_0.25,1,505,20.2460289001465
CE_control_0.5,1,505,18.7029838562012
CE_control_1.0,1,505,9.17792320251465
CE_control_0.1,1,505,18.6069011688232
Distill50_1.0,1,505,10.0390911102295
CE_control_0.25,1,505,17.8170204162598
Distill25_1.0,1,505,8.52704048156738
Current,1,505,0.878095626831055
Distill25_0.25,1,505,18.4290409088135
Distill25_0.5,1,505,17.5559520721436
Distill50_0.5,1,505,17.9979801177979
Distill25_0.1,1,505,16.4759159088135
CE_control_0.1,2,463,21.8360424041748
Distill25_1.0,2,463,10.6279850006104
Distill25_0.5,2,463,22.7260589599609
CE_control_0.5,2,463,24.5230197906494
CE_control_1.0,2,463,8.62717628479004
Distill25_0.25,2,463,20.8690166473389
Distill25_0.1,2,463,20.3189849853516
Distill50_0.5,2,463,19.7501182556152
Distill50_0.1,2,463,21.7740535736084
Distill50_0.25,2,463,24.4560241699219
CE_control_0.25,2,463,20.5490589141846
Current,2,463,0.833988189697266
Distill50_1.0,2,463,8.9268684387207
Distill50_0.1,2,560,15.1040554046631
CE_control_1.0,2,560,9.6900463104248
Distill25_0.1,2,560,17.3959732055664
Distill50_1.0,2,560,8.93402099609375
CE_control_0.5,2,560,19.2291736602783
Distill25_0.25,2,560,25.7670879364014
Distill25_1.0,2,560,13.2951736450195
CE_control_0.1,2,560,22.7961540222168
Current,2,560,0.816106796264648
CE_control_0.25,2,560,17.0180797576904
Distill50_0.25,2,560,15.9039497375488
Distill50_0.5,2,560,15.2871608734131
Distill25_0.5,2,560,15.6080722808838
CE_control_0.1,2,156,19.5419788360596
CE_control_1.0,2,156,10.051965713501
Distill25_1.0,2,156,10.2019309997559
Distill50_0.25,2,156,22.1371650695801
Distill25_0.1,2,156,20.0130939483643
CE_control_0.25,2,156,20.1790332794189
Distill25_0.25,2,156,19.773006439209
Current,2,156,0.761032104492188
Distill25_0.5,2,156,20.6341743469238
Distill50_0.1,2,156,21.0380554199219
CE_control_0.5,2,156,32.0789813995361
Distill50_1.0,2,156,11.6050243377686
Distill50_0.5,2,156,18.6982154846191
Distill25_0.25,3,234,18.9030170440674
CE_control_0.1,3,234,19.1140174865723
Distill25_0.1,3,234,18.4969902038574
CE_control_1.0,3,234,8.69202613830566
Distill50_0.5,3,234,19.5701122283936
CE_control_0.5,3,234,18.3219909667969
Distill50_1.0,3,234,9.28497314453125
Current,3,234,0.831842422485352
Distill25_1.0,3,234,10.5381011962891
Distill50_0.1,3,234,21.6438770294189
Distill50_0.25,3,234,20.4880237579346
CE_control_0.25,3,234,19.2041397094727
Distill25_0.5,3,234,19.6437835693359
CE_control_0.1,3,582,16.1960124969482
Distill50_1.0,3,582,9.43803787231445
Distill50_0.1,3,582,16.3109302520752
Distill25_0.5,3,582,15.9969329833984
Distill50_0.25,3,582,15.1889324188232
Distill25_0.1,3,582,16.4351463317871
Current,3,582,0.930070877075195
CE_control_0.25,3,582,15.0399208068848
Distill50_0.5,3,582,15.6619548797607
Distill25_0.25,3,582,16.1349773406982
CE_control_0.5,3,582,15.7420635223389
Distill25_1.0,3,582,10.2038383483887
CE_control_1.0,3,582,8.1479549407959
Distill25_0.25,2,64,16.0670280456543
Current,2,64,1.07407569885254
CE_control_0.1,2,64,15.761137008667
Distill50_1.0,2,64,9.34004783630371
Distill50_0.25,2,64,15.8660411834717
CE_control_0.25,2,64,16.2439346313477
Distill25_0.5,2,64,16.3168907165527
CE_control_1.0,2,64,9.26303863525391
Distill25_1.0,2,64,9.13286209106445
Distill25_0.1,2,64,16.8778896331787
Distill50_0.1,2,64,27.4801254272461
CE_control_0.5,2,64,15.6960487365723
Distill50_0.5,2,64,15.143871307373
Distill50_1.0,2,570,9.03797149658203
Distill25_0.1,2,570,16.8981552124023
Current,2,570,0.948190689086914
Distill25_0.25,2,570,16.7961120605469
Distill50_0.5,2,570,16.5309906005859
CE_control_1.0,2,570,8.64005088806152
Distill25_1.0,2,570,8.76998901367188
CE_control_0.1,2,570,16.6199207305908
CE_control_0.25,2,570,17.2998905181885
Distill50_0.25,2,570,16.0789489746094
Distill25_0.5,2,570,16.6327953338623
CE_control_0.5,2,570,16.5951251983643
Distill50_0.1,2,570,15.8071517944336
Distill25_0.25,2,585,16.0770416259766
CE_control_0.5,2,585,16.726016998291
Distill50_1.0,2,585,7.81893730163574
CE_control_0.25,2,585,20.3680992126465
Distill50_0.25,2,585,25.1059532165527
Distill50_0.5,2,585,18.3420181274414
Distill25_0.1,2,585,17.1189308166504
Distill25_0.5,2,585,17.3168182373047
CE_control_1.0,2,585,8.72993469238281
Distill50_0.1,2,585,16.9739723205566
Distill25_1.0,2,585,7.78913497924805
Current,2,585,1.24001502990723
CE_control_0.1,2,585,18.8579559326172
Current,3,149,0.800132751464844
Distill50_0.1,3,149,20.8151340484619
CE_control_0.25,3,149,17.5478458404541
Distill25_0.25,3,149,16.6139602661133
Distill50_0.25,3,149,16.4730548858643
Distill50_0.5,3,149,17.6010131835938
Distill25_1.0,3,149,8.16011428833008
Distill25_0.1,3,149,17.117977142334
CE_control_1.0,3,149,8.62503051757813
Distill25_0.5,3,149,16.3679122924805
CE_control_0.1,3,149,29.6108722686768
CE_control_0.5,3,149,17.0841217041016
Distill50_1.0,3,149,9.43994522094727
Distill25_0.25,2,430,19.5410251617432
Distill25_1.0,2,430,9.26017761230469
CE_control_1.0,2,430,10.7841491699219
Distill50_0.1,2,430,17.4810886383057
Current,2,430,0.833034515380859
Distill25_0.1,2,430,18.0039405822754
CE_control_0.25,2,430,18.7339782714844
CE_control_0.1,2,430,20.1070308685303
Distill50_0.5,2,430,18.7270641326904
Distill25_0.5,2,430,18.1400775909424
Distill50_1.0,2,430,8.58902931213379
CE_control_0.5,2,430,18.5840129852295
Distill50_0.25,2,430,18.8288688659668
Distill50_0.5,3,322,15.822172164917
CE_control_1.0,3,322,9.01317596435547
Distill25_0.5,3,322,16.3860321044922
Distill25_0.25,3,322,16.4790153503418
CE_control_0.25,3,322,16.5150165557861
Distill25_0.1,3,322,16.4251327514648
Current,3,322,0.709056854248047
CE_control_0.1,3,322,16.4680480957031
Distill50_1.0,3,322,9.80901718139648
Distill50_0.1,3,322,17.7199840545654
Distill50_0.25,3,322,16.7720317840576
Distill25_1.0,3,322,10.8909606933594
CE_control_0.5,3,322,16.4480209350586
Distill25_0.25,1,273,15.4101848602295
Distill50_1.0,1,273,8.92400741577148
CE_control_1.0,1,273,8.83913040161133
CE_control_0.5,1,273,13.6148929595947
Distill50_0.25,1,273,14.9011611938477
Distill50_0.1,1,273,14.9989128112793
Distill25_0.1,1,273,15.3379440307617
Distill25_1.0,1,273,10.6470584869385
Current,1,273,0.914096832275391
CE_control_0.25,1,273,15.6631469726563
CE_control_0.1,1,273,25.8510112762451
Distill50_0.5,1,273,13.718843460083
Distill25_0.5,1,273,14.1570568084717
Current,3,561,0.813007354736328
CE_control_0.5,3,561,17.1058177947998
Distill25_0.25,3,561,17.0571804046631
Distill50_0.1,3,561,17.3201560974121
Distill50_1.0,3,561,8.68511199951172
Distill25_1.0,3,561,7.74884223937988
Distill50_0.25,3,561,17.1470642089844
Distill25_0.1,3,561,17.4300670623779
CE_control_0.25,3,561,17.2679424285889
Distill50_0.5,3,561,17.4298286437988
CE_control_1.0,3,561,7.20691680908203
Distill25_0.5,3,561,15.5270099639893
CE_control_0.1,3,561,15.221118927002
CE_control_0.1,2,587,14.7550106048584
Distill25_1.0,2,587,7.2929859161377
Distill50_0.1,2,587,17.0660018920898
Distill50_1.0,2,587,8.73398780822754
Distill50_0.25,2,587,16.2599086761475
Distill25_0.5,2,587,16.409158706665
Distill25_0.1,2,587,16.1550045013428
CE_control_0.25,2,587,17.686128616333
CE_control_1.0,2,587,10.9519958496094
CE_control_0.5,2,587,30.6169986724854
Current,2,587,1.1439323425293
Distill25_0.25,2,587,17.0490741729736
Distill50_0.5,2,587,17.009973526001
Distill50_0.25,2,256,22.4030017852783
Distill25_0.25,2,256,25.2139568328857
Distill25_0.1,2,256,24.7578620910645
Distill25_1.0,2,256,12.8271579742432
Distill25_0.5,2,256,22.9048728942871
Distill50_0.5,2,256,24.9710083007813
Current,2,256,0.862836837768555
CE_control_0.1,2,256,34.2569351196289
Distill50_0.1,2,256,24.0409374237061
Distill50_1.0,2,256,9.89890098571777
CE_control_0.25,2,256,20.7300186157227
CE_control_1.0,2,256,10.8439922332764
CE_control_0.5,2,256,20.9569931030273
CE_control_0.1,2,127,16.4461135864258
CE_control_1.0,2,127,9.87792015075684
CE_control_0.5,2,127,14.7998332977295
Distill50_0.5,2,127,15.40207862854
Distill25_0.1,2,127,15.0837898254395
Distill25_0.25,2,127,14.5549774169922
Distill50_0.1,2,127,15.1340961456299
Distill25_1.0,2,127,8.85891914367676
Distill50_1.0,2,127,8.3460807800293
Distill50_0.25,2,127,14.9469375610352
CE_control_0.25,2,127,15.4919624328613
Current,2,127,0.754117965698242
Distill25_0.5,2,127,15.6369209289551
Distill25_0.5,2,170,18.6560153961182
CE_control_0.5,2,170,19.4370746612549
Distill25_0.25,2,170,18.8920497894287
CE_control_0.25,2,170,17.9870128631592
Distill25_1.0,2,170,9.67597961425781
Distill50_0.5,2,170,18.455982208252
Distill50_1.0,2,170,9.55700874328613
Distill50_0.1,2,170,19.3688869476318
Distill25_0.1,2,170,18.8889503479004
CE_control_1.0,2,170,9.72199440002441
CE_control_0.1,2,170,18.5811519622803
Distill50_0.25,2,170,19.6700096130371
Current,2,170,1.00111961364746
CE_control_0.1,2,569,14.3189430236816
Distill25_0.5,2,569,14.8029327392578
CE_control_1.0,2,569,9.93204116821289
Distill50_0.25,2,569,26.2081623077393
Current,2,569,1.10602378845215
Distill25_0.25,2,569,13.8039588928223
Distill50_0.1,2,569,14.3051147460938
Distill50_1.0,2,569,9.62400436401367
Distill50_0.5,2,569,13.9269828796387
Distill25_0.1,2,569,13.7598514556885
CE_control_0.5,2,569,14.4660472869873
CE_control_0.25,2,569,13.840913772583
Distill25_1.0,2,569,10.1461410522461
Distill25_0.1,2,377,16.3381099700928
CE_control_0.25,2,377,17.6830291748047
CE_control_0.5,2,377,16.901969909668
Distill50_0.5,2,377,16.7691707611084
CE_control_0.1,2,377,17.3530578613281
Distill50_1.0,2,377,9.72485542297363
CE_control_1.0,2,377,7.98392295837402
Distill50_0.1,2,377,17.876148223877
Distill25_0.5,2,377,17.8580284118652
Current,2,377,1.11103057861328
Distill25_1.0,2,377,7.75814056396484
Distill50_0.25,2,377,16.448974609375
Distill25_0.25,2,377,16.9179439544678
CE_control_0.5,1,193,13.7150287628174
CE_control_1.0,1,193,7.59100914001465
Distill25_0.1,1,193,14.2128467559814
Distill50_0.1,1,193,16.8039798736572
Distill25_0.5,1,193,15.6660079956055
CE_control_0.25,1,193,16.6289806365967
Current,1,193,0.833034515380859
CE_control_0.1,1,193,15.5010223388672
Distill50_0.5,1,193,15.5460834503174
Distill25_1.0,1,193,9.54508781433105
Distill50_1.0,1,193,9.63282585144043
Distill50_0.25,1,193,15.7890319824219
Distill25_0.25,1,193,15.0620937347412
Distill25_0.25,2,36,21.2759971618652
Distill25_0.1,2,36,18.5470581054688
Distill25_1.0,2,36,7.71188735961914
CE_control_0.5,2,36,28.6571979522705
Distill50_0.5,2,36,17.9309844970703
Distill50_0.1,2,36,17.3900127410889
CE_control_0.1,2,36,17.5700187683105
CE_control_1.0,2,36,11.3658905029297
Distill25_0.5,2,36,16.6261196136475
Distill50_1.0,2,36,7.36188888549805
CE_control_0.25,2,36,17.9347991943359
Current,2,36,0.880002975463867
Distill50_0.25,2,36,17.4758434295654
Distill50_0.5,2,524,17.23313331604
Distill25_0.1,2,524,16.2708759307861
CE_control_1.0,2,524,7.22813606262207
Distill25_1.0,2,524,7.78508186340332
CE_control_0.5,2,524,16.4492130279541
Distill25_0.5,2,524,17.2038078308105
Current,2,524,0.800132751464844
Distill25_0.25,2,524,16.8359279632568
CE_control_0.1,2,524,17.6661014556885
Distill50_0.25,2,524,18.449068069458
Distill50_1.0,2,524,7.89189338684082
Distill50_0.1,2,524,18.5739994049072
CE_control_0.25,2,524,17.5130367279053
Distill50_0.5,3,53,19.2670822143555
Distill25_1.0,3,53,9.68122482299805
CE_control_0.5,3,53,19.5109844207764
Current,3,53,0.869035720825195
CE_control_0.1,3,53,19.0799236297607
CE_control_1.0,3,53,9.87720489501953
Distill25_0.25,3,53,19.5248126983643
Distill25_0.1,3,53,19.4370746612549
Distill25_0.5,3,53,19.2530155181885
Distill50_0.25,3,53,19.5269584655762
Distill50_1.0,3,53,11.3520622253418
Distill50_0.1,3,53,19.3769931793213
CE_control_0.25,3,53,31.5661430358887
Distill50_0.25,3,364,16.5219306945801
Distill25_0.25,3,364,16.4401531219482
Distill25_0.5,3,364,16.3919925689697
Current,3,364,0.812053680419922
CE_control_0.1,3,364,16.0839557647705
Distill25_0.1,3,364,16.5479183197021
Distill50_1.0,3,364,7.84015655517578
Distill50_0.5,3,364,17.5940990447998
CE_control_1.0,3,364,7.83109664916992
CE_control_0.5,3,364,17.0400142669678
Distill25_1.0,3,364,8.07094573974609
CE_control_0.25,3,364,16.4799690246582
Distill50_0.1,3,364,16.3428783416748
Distill25_1.0,2,522,7.56001472473145
Distill25_0.5,2,522,17.0731544494629
CE_control_0.25,2,522,17.1740055084229
Current,2,522,0.770092010498047
Distill50_0.25,2,522,18.6028480529785
Distill50_1.0,2,522,9.04178619384766
Distill50_0.1,2,522,18.0680751800537
Distill50_0.5,2,522,17.9750919342041
CE_control_0.1,2,522,18.8300609588623
CE_control_0.5,2,522,19.4888114929199
CE_control_1.0,2,522,8.63504409790039
Distill25_0.1,2,522,18.671989440918
Distill25_0.25,2,522,19.2310810089111
CE_control_0.1,1,377,18.1889533996582
Distill50_0.1,1,377,18.7079906463623
Distill25_0.25,1,377,19.0749168395996
CE_control_0.25,1,377,16.7641639709473
Distill50_1.0,1,377,8.10599327087402
CE_control_1.0,1,377,9.77921485900879
Distill50_0.25,1,377,16.92795753479
Distill25_0.5,1,377,16.6149139404297
Current,1,377,0.935077667236328
Distill25_1.0,1,377,8.0418586730957
CE_control_0.5,1,377,17.4491405487061
Distill25_0.1,1,377,30.3819179534912
Distill50_0.5,1,377,17.7371501922607
Distill50_0.25,3,141,20.9379196166992
CE_control_0.1,3,141,19.2701816558838
CE_control_0.25,3,141,19.6719169616699
CE_control_1.0,3,141,10.5640888214111
Distill50_1.0,3,141,11.5509033203125
CE_control_0.5,3,141,19.0329551696777
Distill25_0.1,3,141,19.3648338317871
Distill25_0.25,3,141,28.0499458312988
Distill50_0.1,3,141,21.1858749389648
Distill50_0.5,3,141,18.7721252441406
Distill25_0.5,3,141,18.6378955841064
Current,3,141,0.799894332885742
Distill25_1.0,3,141,10.3969573974609
Distill50_1.0,2,236,11.7428302764893
CE_control_0.1,2,236,18.2979106903076
Distill50_0.1,2,236,18.0439949035645
Distill25_0.5,2,236,17.5421237945557
Distill25_0.25,2,236,19.4070339202881
CE_control_0.5,2,236,19.6728706359863
Distill50_0.25,2,236,19.6490287780762
Distill50_0.5,2,236,19.0680027008057
Distill25_1.0,2,236,10.5240345001221
Current,2,236,0.967979431152344
Distill25_0.1,2,236,19.3970203399658
CE_control_1.0,2,236,10.3499889373779
CE_control_0.25,2,236,19.9079513549805
Distill50_0.1,1,145,16.8039798736572
Distill25_1.0,1,145,8.68010520935059
Distill25_0.5,1,145,25.9659290313721
CE_control_1.0,1,145,9.5059871673584
Distill25_0.1,1,145,17.2429084777832
Distill50_0.5,1,145,16.9191360473633
Current,1,145,0.818014144897461
CE_control_0.1,1,145,16.2160396575928
CE_control_0.25,1,145,16.0958766937256
Distill25_0.25,1,145,16.2570476531982
Distill50_1.0,1,145,9.02199745178223
Distill50_0.25,1,145,15.9311294555664
CE_control_0.5,1,145,16.3190364837646
Distill50_0.5,3,127,14.3787860870361
CE_control_0.1,3,127,13.9520168304443
Distill25_0.1,3,127,13.4520530700684
CE_control_0.25,3,127,14.1351222991943
Distill50_0.1,3,127,15.1238441467285
Distill50_0.25,3,127,16.6921615600586
CE_control_0.5,3,127,16.4420604705811
Distill50_1.0,3,127,10.5390548706055
CE_control_1.0,3,127,9.73105430603027
Distill25_1.0,3,127,10.0831985473633
Distill25_0.25,3,127,17.5402164459229
Distill25_0.5,3,127,17.5981521606445
Current,3,127,0.842809677124023
Distill50_0.1,3,197,18.0268287658691
Distill25_0.25,3,197,18.4848308563232
Distill50_1.0,3,197,9.86409187316895
Distill50_0.25,3,197,18.5189247131348
CE_control_1.0,3,197,9.44185256958008
Distill25_0.5,3,197,17.3280239105225
Distill25_1.0,3,197,8.25214385986328
Distill50_0.5,3,197,17.2679424285889
CE_control_0.1,3,197,18.5389518737793
Current,3,197,0.798940658569336
CE_control_0.25,3,197,16.1750316619873
CE_control_0.5,3,197,16.2179470062256
Distill25_0.1,3,197,16.5591239929199
Distill25_0.25,2,227,18.0740356445313
Distill50_0.1,2,227,28.8081169128418
Current,2,227,1.07598304748535
CE_control_1.0,2,227,8.00800323486328
CE_control_0.5,2,227,16.1008834838867
Distill50_1.0,2,227,8.96692276000977
Distill50_0.5,2,227,15.5539512634277
Distill25_0.1,2,227,15.8150196075439
CE_control_0.25,2,227,15.7179832458496
CE_control_0.1,2,227,15.6731605529785
Distill25_0.5,2,227,16.6621208190918
Distill25_1.0,2,227,9.46688652038574
Distill50_0.25,2,227,18.9709663391113
Distill25_0.5,2,316,16.7429447174072
CE_control_0.1,2,316,16.6091918945313
CE_control_0.25,2,316,16.3159370422363
Distill50_0.25,2,316,16.5538787841797
Distill25_1.0,2,316,8.90612602233887
Distill25_0.25,2,316,15.6319141387939
CE_control_0.5,2,316,16.2069797515869
Current,2,316,0.753879547119141
Distill50_1.0,2,316,8.19301605224609
Distill25_0.1,2,316,17.5511837005615
CE_control_1.0,2,316,8.67319107055664
Distill50_0.5,2,316,16.4320468902588
Distill50_0.1,2,316,16.4220333099365
Distill50_0.25,2,86,17.366886138916
Distill25_0.5,2,86,17.5309181213379
CE_control_0.5,2,86,17.5130367279053
Distill50_0.5,2,86,18.8078880310059
Current,2,86,0.879049301147461
CE_control_0.1,2,86,17.3830986022949
Distill25_0.25,2,86,17.2650814056396
CE_control_0.25,2,86,17.1060562133789
CE_control_1.0,2,86,8.83388519287109
Distill50_0.1,2,86,31.2280654907227
Distill25_1.0,2,86,10.2269649505615
Distill25_0.1,2,86,16.4520740509033
Distill50_1.0,2,86,8.46982002258301
Distill25_0.5,2,417,17.5111293792725
Distill25_0.1,2,417,18.0370807647705
Distill50_0.1,2,417,17.301082611084
Distill50_1.0,2,417,8.16106796264648
Current,2,417,0.841140747070313
Distill50_0.25,2,417,15.8998966217041
CE_control_0.1,2,417,17.1408653259277
CE_control_0.25,2,417,17.3039436340332
CE_control_0.5,2,417,18.1479454040527
Distill50_0.5,2,417,21.2399959564209
Distill25_1.0,2,417,9.13381576538086
CE_control_1.0,2,417,11.5571022033691
Distill25_0.25,2,417,19.0689563751221
CE_control_1.0,2,3,9.38796997070312
Current,2,3,1.14607810974121
Distill50_1.0,2,3,9.35697555541992
Distill25_0.1,2,3,19.0911293029785
Distill50_0.1,2,3,17.6751613616943
Distill25_0.5,2,3,16.5338516235352
Distill50_0.25,2,3,17.9619789123535
Distill50_0.5,2,3,15.6199932098389
Distill25_0.25,2,3,22.3591327667236
Distill25_1.0,2,3,9.48190689086914
CE_control_0.1,2,3,16.6549682617188
CE_control_0.5,2,3,16.5078639984131
CE_control_0.25,2,3,17.3828601837158
Distill50_0.5,3,427,16.2971019744873
Distill25_1.0,3,427,9.13619995117188
CE_control_1.0,3,427,13.592004776001
Distill50_0.25,3,427,16.6411399841309
CE_control_0.1,3,427,20.0328826904297
Current,3,427,0.859975814819336
Distill50_0.1,3,427,18.5530185699463
CE_control_0.25,3,427,18.0261135101318
Distill25_0.25,3,427,18.0010795593262
Distill25_0.1,3,427,16.7689323425293
Distill25_0.5,3,427,28.5298824310303
Distill50_1.0,3,427,10.1990699768066
CE_control_0.5,3,427,16.2792205810547
Distill25_0.1,3,408,17.096996307373
Distill50_0.25,3,408,17.8458690643311
CE_control_0.1,3,408,21.4500427246094
Distill25_0.5,3,408,16.0760879516602
Distill25_0.25,3,408,16.7670249938965
CE_control_0.5,3,408,17.2698497772217
CE_control_0.25,3,408,16.7629718780518
Distill25_1.0,3,408,8.11100006103516
Distill50_1.0,3,408,7.95602798461914
Distill50_0.1,3,408,15.6040191650391
CE_control_1.0,3,408,8.06093215942383
Current,3,408,1.00803375244141
Distill50_0.5,3,408,15.9578323364258
CE_control_0.5,3,579,16.3459777832031
Distill50_0.1,3,579,17.8449153900146
Distill25_0.1,3,579,18.6500549316406
Distill25_0.5,3,579,18.9790725708008
CE_control_1.0,3,579,10.0300312042236
Distill50_0.25,3,579,17.4000263214111
CE_control_0.1,3,579,17.9479122161865
Distill25_0.25,3,579,19.0069675445557
CE_control_0.25,3,579,24.0728855133057
Distill50_0.5,3,579,17.1480178833008
Distill25_1.0,3,579,8.9259147644043
Distill50_1.0,3,579,9.91392135620117
Current,3,579,0.802040100097656
CE_control_1.0,1,289,12.0959281921387
CE_control_0.25,1,289,18.7270641326904
Distill25_0.1,1,289,20.0459957122803
Distill50_0.25,1,289,20.4341411590576
CE_control_0.1,1,289,18.9981460571289
Distill25_1.0,1,289,10.3721618652344
Current,1,289,0.868797302246094
Distill25_0.25,1,289,19.3848609924316
Distill50_0.5,1,289,20.3418731689453
Distill25_0.5,1,289,31.3870906829834
Distill50_1.0,1,289,10.8480453491211
Distill50_0.1,1,289,18.2831287384033
CE_control_0.5,1,289,17.6329612731934
Current,1,158,1.08003616333008
Distill25_0.25,1,158,14.7750377655029
Distill25_1.0,1,158,8.27789306640625
CE_control_1.0,1,158,8.14294815063477
Distill50_0.1,1,158,15.9728527069092
Distill50_0.5,1,158,18.8109874725342
Distill50_0.25,1,158,17.1451568603516
CE_control_0.1,1,158,15.4058933258057
Distill50_1.0,1,158,8.75997543334961
CE_control_0.25,1,158,17.0700550079346
CE_control_0.5,1,158,18.1329250335693
Distill25_0.5,1,158,18.0060863494873
Distill25_0.1,1,158,16.9918537139893
CE_control_0.25,3,543,19.1340446472168
Distill50_0.1,3,543,19.5579528808594
Distill50_0.25,3,543,19.4001197814941
Distill50_0.5,3,543,32.9680442810059
Distill50_1.0,3,543,20.1427936553955
Distill25_0.1,3,543,32.4900150299072
CE_control_0.5,3,543,21.420955657959
CE_control_1.0,3,543,9.69982147216797
Distill25_1.0,3,543,11.6620063781738
CE_control_0.1,3,543,18.2139873504639
Distill25_0.5,3,543,18.5329914093018
Current,3,543,1.03497505187988
Distill25_0.25,3,543,20.5261707305908
Current,2,112,0.887870788574219
CE_control_0.5,2,112,21.3689804077148
Distill50_0.1,2,112,18.4900760650635
CE_control_0.25,2,112,18.2859897613525
Distill50_0.25,2,112,18.2018280029297
Distill25_1.0,2,112,10.0588798522949
Distill25_0.25,2,112,19.0401077270508
Distill50_1.0,2,112,20.190954208374
CE_control_0.1,2,112,20.1661586761475
Distill25_0.1,2,112,19.4070339202881
CE_control_1.0,2,112,8.1179141998291
Distill25_0.5,2,112,17.6210403442383
Distill50_0.5,2,112,18.0799961090088
CE_control_0.1,2,501,17.5511837005615
CE_control_0.5,2,501,17.902135848999
Distill25_0.5,2,501,18.2650089263916
Distill50_0.25,2,501,19.2179679870605
CE_control_0.25,2,501,17.8840160369873
Distill25_1.0,2,501,7.41696357727051
Distill50_1.0,2,501,9.28783416748047
Distill25_0.25,2,501,16.6339874267578
Current,2,501,0.777959823608398
Distill25_0.1,2,501,16.549825668335
Distill50_0.5,2,501,17.348051071167
Distill50_0.1,2,501,18.7389850616455
CE_control_1.0,2,501,8.65507125854492
Distill50_0.1,3,19,16.5359973907471
Distill50_1.0,3,19,9.19604301452637
CE_control_0.1,3,19,17.1990394592285
Distill50_0.25,3,19,16.4618492126465
Current,3,19,0.792980194091797
Distill50_0.5,3,19,16.2820816040039
CE_control_0.25,3,19,17.7409648895264
Distill25_0.1,3,19,17.5549983978271
Distill25_0.5,3,19,17.5268650054932
Distill25_1.0,3,19,10.2448463439941
CE_control_1.0,3,19,11.3790035247803
Distill25_0.25,3,19,18.5060501098633
CE_control_0.5,3,19,17.8980827331543
Distill25_1.0,3,35,11.1758708953857
CE_control_0.1,3,35,18.5391902923584
Distill25_0.5,3,35,20.3838348388672
Distill25_0.1,3,35,18.6431407928467
Distill25_0.25,3,35,32.4549674987793
CE_control_1.0,3,35,15.3419971466064
Current,3,35,1.3117790222168
CE_control_0.5,3,35,17.4031257629395
Distill50_0.25,3,35,17.5018310546875
Distill50_0.5,3,35,17.3811912536621
Distill50_0.1,3,35,18.2309150695801
Distill50_1.0,3,35,8.52108001708984
CE_control_0.25,3,35,17.6630020141602
Distill50_0.5,2,529,18.1941986083984
Distill25_0.1,2,529,18.5208320617676
Distill50_0.25,2,529,17.0819759368896
CE_control_0.5,2,529,14.9788856506348
Current,2,529,1.11293792724609
Distill50_1.0,2,529,7.66301155090332
Distill50_0.1,2,529,16.1151885986328
Distill25_0.5,2,529,15.9740447998047
Distill25_0.25,2,529,16.7021751403809
CE_control_0.25,2,529,18.0401802062988
CE_control_1.0,2,529,8.97789001464844
Distill25_1.0,2,529,8.68511199951172
CE_control_0.1,2,529,19.1571712493896
Distill50_0.5,2,229,26.1728763580322
Distill25_0.1,2,229,20.6351280212402
Distill25_1.0,2,229,10.6871128082275
CE_control_1.0,2,229,10.8799934387207
Distill25_0.25,2,229,18.7458992004395
Distill25_0.5,2,229,18.9929008483887
Current,2,229,0.799894332885742
Distill50_0.1,2,229,19.5348262786865
Distill50_0.25,2,229,21.9659805297852
CE_control_0.25,2,229,20.2710628509521
Distill50_1.0,2,229,9.63902473449707
CE_control_0.5,2,229,19.6149349212646
CE_control_0.1,2,229,19.1431045532227
CE_control_0.25,2,8,26.4389514923096
Distill25_1.0,2,8,9.77206230163574
CE_control_0.1,2,8,15.58518409729
Distill50_0.1,2,8,14.9199962615967
Distill50_1.0,2,8,8.11409950256348
Distill25_0.25,2,8,15.8109664916992
Distill25_0.1,2,8,15.5098438262939
Distill50_0.25,2,8,15.300989151001
Distill50_0.5,2,8,15.7680511474609
CE_control_0.5,2,8,16.4229869842529
CE_control_1.0,2,8,9.91916656494141
Current,2,8,0.860929489135742
Distill25_0.5,2,8,16.1809921264648
Distill50_0.25,2,90,18.94211769104
Distill25_0.25,2,90,19.2801952362061
CE_control_0.25,2,90,21.172046661377
Distill50_0.1,2,90,27.7500152587891
Distill50_1.0,2,90,11.4190578460693
Current,2,90,0.858068466186523
CE_control_0.1,2,90,18.9568996429443
Distill25_0.1,2,90,20.0150012969971
CE_control_1.0,2,90,11.8949413299561
CE_control_0.5,2,90,19.5419788360596
Distill50_0.5,2,90,21.4920043945313
Distill25_0.5,2,90,20.8871364593506
Distill25_1.0,2,90,11.3110542297363
Distill50_0.1,1,221,18.258810043335
Current,1,221,0.962972640991211
Distill25_1.0,1,221,9.92298126220703
Distill25_0.25,1,221,17.3740386962891
CE_control_0.1,1,221,17.3418521881104
Distill50_0.25,1,221,17.6868438720703
Distill50_0.5,1,221,27.7090072631836
Distill25_0.5,1,221,19.2348957061768
CE_control_1.0,1,221,10.2701187133789
Distill25_0.1,1,221,16.4790153503418
CE_control_0.5,1,221,16.8209075927734
Distill50_1.0,1,221,10.3938579559326
CE_control_0.25,1,221,16.8709754943848
Distill25_1.0,3,559,8.3770751953125
CE_control_0.5,3,559,17.1098709106445
CE_control_0.1,3,559,18.0449485778809
CE_control_1.0,3,559,9.92918014526367
Distill25_0.5,3,559,17.4160003662109
Distill50_0.25,3,559,17.6570415496826
Distill50_0.5,3,559,17.0679092407227
CE_control_0.25,3,559,17.0388221740723
Distill50_1.0,3,559,12.1068954467773
Distill25_0.25,3,559,17.0218944549561
Distill50_0.1,3,559,17.2970294952393
Current,3,559,0.759124755859375
Distill25_0.1,3,559,17.8079605102539
Current,3,490,0.75984001159668
Distill50_1.0,3,490,11.3048553466797
Distill25_0.1,3,490,21.7440128326416
CE_control_0.25,3,490,22.9160785675049
Distill50_0.25,3,490,22.028923034668
CE_control_0.1,3,490,22.2170352935791
Distill50_0.1,3,490,22.7720737457275
Distill25_1.0,3,490,9.42015647888184
Distill25_0.5,3,490,27.1480083465576
CE_control_0.5,3,490,23.7209796905518
Distill25_0.25,3,490,22.2539901733398
CE_control_1.0,3,490,9.29999351501465
Distill50_0.5,3,490,22.8731632232666
Distill50_0.5,3,224,19.4520950317383
Distill50_1.0,3,224,9.47785377502441
Distill50_0.1,3,224,20.3111171722412
Distill25_0.5,3,224,31.4710140228272
Distill25_0.1,3,224,19.0777778625488
CE_control_0.5,3,224,18.6810493469238
Distill50_0.25,3,224,18.3541774749756
CE_control_1.0,3,224,9.41896438598633
Distill25_0.25,3,224,18.9220905303955
Distill25_1.0,3,224,8.81695747375488
Current,3,224,0.88810920715332
CE_control_0.25,3,224,19.0150737762451
CE_control_0.1,3,224,20.2698707580566
Distill50_1.0,3,289,10.5810165405273
Distill25_0.1,3,289,20.272970199585
Distill50_0.1,3,289,19.6840763092041
Distill25_0.5,3,289,17.5330638885498
CE_control_0.5,3,289,18.4488296508789
Distill50_0.25,3,289,20.3609466552734
Distill25_1.0,3,289,10.7250213623047
CE_control_1.0,3,289,10.7519626617432
Distill50_0.5,3,289,18.4979438781738
Distill25_0.25,3,289,20.4331874847412
Current,3,289,1.20091438293457
CE_control_0.25,3,289,21.2721824645996
CE_control_0.1,3,289,19.9081897735596
Distill50_1.0,3,294,8.68797302246094
Current,3,294,0.780820846557617
CE_control_0.5,3,294,18.0618762969971
Distill25_0.5,3,294,21.2829113006592
Distill25_0.25,3,294,18.3060169219971
Distill25_1.0,3,294,10.2598667144775
Distill50_0.5,3,294,21.1551189422607
CE_control_0.1,3,294,18.8751220703125
Distill50_0.25,3,294,18.8899040222168
Distill50_0.1,3,294,21.6789245605469
CE_control_1.0,3,294,10.7600688934326
Distill25_0.1,3,294,30.6260585784912
CE_control_0.25,3,294,19.6211338043213
Distill50_1.0,2,46,10.7669830322266
Current,2,46,0.927925109863281
Distill50_0.5,2,46,19.7968482971191
CE_control_0.5,2,46,19.1650390625
Distill50_0.25,2,46,21.6109752655029
Distill25_0.5,2,46,20.4880237579346
Distill25_0.25,2,46,26.3900756835938
Distill25_0.1,2,46,25.8369445800781
CE_control_1.0,2,46,17.2419548034668
CE_control_0.25,2,46,20.7490921020508
Distill50_0.1,2,46,21.7339992523193
Distill25_1.0,2,46,10.4207992553711
CE_control_0.1,2,46,21.3980674743652
Distill50_0.5,2,409,20.8380222320557
Distill50_1.0,2,409,8.1939697265625
Current,2,409,1.14107131958008
Distill50_0.1,2,409,21.6670036315918
Distill50_0.25,2,409,20.2112197875977
CE_control_0.1,2,409,20.1179981231689
Distill25_0.25,2,409,21.2030410766602
Distill25_1.0,2,409,9.05919075012207
Distill25_0.5,2,409,19.179105758667
CE_control_0.5,2,409,20.8971500396729
CE_control_0.25,2,409,20.2651023864746
Distill25_0.1,2,409,19.5159912109375
CE_control_1.0,2,409,8.23402404785156
Distill50_0.25,1,278,18.1541442871094
CE_control_0.5,1,278,16.8659687042236
Current,1,278,0.897884368896484
Distill25_1.0,1,278,9.40680503845215
Distill50_0.1,1,278,16.8149471282959
CE_control_1.0,1,278,9.7191333770752
CE_control_0.1,1,278,15.7139301300049
Distill25_0.5,1,278,30.4031372070313
Distill50_0.5,1,278,17.2121524810791
CE_control_0.25,1,278,15.9640312194824
Distill25_0.25,1,278,16.4411067962646
Distill25_0.1,1,278,15.40207862854
Distill50_1.0,1,278,9.23705101013184
Distill50_0.25,1,431,15.5618190765381
Distill25_0.25,1,431,16.6780948638916
Distill25_1.0,1,431,9.36698913574219
Current,1,431,0.979900360107422
Distill50_0.1,1,431,15.7239437103271
Distill25_0.5,1,431,16.6540145874023
CE_control_0.25,1,431,15.4099464416504
CE_control_0.5,1,431,15.3207778930664
CE_control_1.0,1,431,8.35704803466797
Distill25_0.1,1,431,15.9721374511719
Distill50_0.5,1,431,15.7699584960938
CE_control_0.1,1,431,16.4370536804199
Distill50_1.0,1,431,8.8200569152832
CE_control_0.1,1,25,17.7271366119385
Distill25_1.0,1,25,10.7860565185547
Distill50_0.5,1,25,18.3830261230469
Distill25_0.25,1,25,18.1090831756592
CE_control_1.0,1,25,11.6109848022461
CE_control_0.5,1,25,18.8629627227783
Distill50_0.1,1,25,17.2910690307617
CE_control_0.25,1,25,17.0838832855225
Distill50_0.25,1,25,17.5681114196777
Distill25_0.5,1,25,17.2388553619385
Distill25_0.1,1,25,17.8241729736328
Current,1,25,0.748872756958008
Distill50_1.0,1,25,9.92918014526367
Distill25_0.5,2,298,30.2741527557373
Distill50_0.25,2,298,20.1599597930908
CE_control_0.5,2,298,18.5458660125732
Distill50_0.5,2,298,18.2058811187744
CE_control_0.1,2,298,18.4080600738525
Current,2,298,0.795841217041016
Distill25_1.0,2,298,9.22918319702148
Distill50_0.1,2,298,19.3359851837158
Distill50_1.0,2,298,10.0200176239014
Distill25_0.25,2,298,19.7460651397705
CE_control_1.0,2,298,8.84103775024414
Distill25_0.1,2,298,20.4370021820068
CE_control_0.25,2,298,20.2479362487793
Distill25_0.5,2,492,15.6760215759277
CE_control_0.5,2,492,17.7628993988037
Distill50_0.1,2,492,17.3609256744385
CE_control_0.25,2,492,18.2099342346191
CE_control_1.0,2,492,8.50605964660645
Current,2,492,1.05977058410645
CE_control_0.1,2,492,18.5799598693848
Distill25_0.1,2,492,19.5131301879883
Distill50_1.0,2,492,8.57210159301758
Distill25_0.25,2,492,18.4929370880127
Distill50_0.25,2,492,19.4070339202881
Distill50_0.5,2,492,18.1930065155029
Distill25_1.0,2,492,8.50820541381836
Current,3,348,1.4190673828125
CE_control_0.1,3,348,21.6379165649414
CE_control_1.0,3,348,10.1299285888672
Distill50_0.1,3,348,24.0998268127441
CE_control_0.5,3,348,21.4700698852539
Distill50_0.5,3,348,20.5190181732178
Distill50_1.0,3,348,11.7008686065674
CE_control_0.25,3,348,20.6639766693115
Distill25_0.1,3,348,21.7809677124023
Distill25_1.0,3,348,10.2760791778564
Distill50_0.25,3,348,32.9141616821289
Distill25_0.25,3,348,21.9490528106689
Distill25_0.5,3,348,19.1500186920166
CE_control_0.1,3,572,16.1731243133545
CE_control_0.25,3,572,16.6370868682861
Distill50_0.1,3,572,15.9618854522705
Current,3,572,0.97203254699707
Distill25_1.0,3,572,7.40408897399902
Distill50_1.0,3,572,8.24999809265137
Distill50_0.25,3,572,16.9241428375244
Distill25_0.1,3,572,16.3760185241699
Distill25_0.5,3,572,16.2968635559082
Distill25_0.25,3,572,16.5090560913086
Distill50_0.5,3,572,17.2719955444336
CE_control_1.0,3,572,7.60197639465332
CE_control_0.5,3,572,18.373966217041
CE_control_0.1,1,508,20.8837985992432
Current,1,508,0.83613395690918
Distill25_1.0,1,508,8.45479965209961
CE_control_0.5,1,508,19.7620391845703
Distill25_0.1,1,508,20.0519561767578
Distill25_0.25,1,508,19.8729038238525
CE_control_0.25,1,508,18.9180374145508
CE_control_1.0,1,508,9.18078422546387
Distill50_1.0,1,508,8.91804695129395
Distill25_0.5,1,508,21.1889743804932
Distill50_0.1,1,508,19.8440551757813
Distill50_0.25,1,508,19.193172454834
Distill50_0.5,1,508,18.6009407043457
Distill25_0.5,2,533,18.6970233917236
Distill25_1.0,2,533,9.48095321655273
Distill50_0.5,2,533,17.7829265594482
CE_control_0.25,2,533,17.970085144043
CE_control_1.0,2,533,10.3418827056885
Distill50_0.25,2,533,18.5501575469971
Distill25_0.1,2,533,18.3479785919189
Current,2,533,1.08098983764648
CE_control_0.5,2,533,17.4350738525391
Distill50_1.0,2,533,9.26899909973145
CE_control_0.1,2,533,30.771017074585
Distill50_0.1,2,533,18.7239646911621
Distill25_0.25,2,533,18.4898376464844
CE_control_0.5,2,284,17.056941986084
Distill25_1.0,2,284,9.72223281860352
CE_control_1.0,2,284,10.5330944061279
Distill25_0.5,2,284,16.0219669342041
Current,2,284,0.808954238891602
Distill25_0.1,2,284,15.7349109649658
Distill50_0.1,2,284,16.6559219360352
Distill50_0.25,2,284,16.5011882781982
Distill50_1.0,2,284,10.2159976959229
Distill50_0.5,2,284,15.9599781036377
Distill25_0.25,2,284,16.1340236663818
CE_control_0.1,2,284,15.3398513793945
CE_control_0.25,2,284,15.6888961791992
CE_control_0.5,1,557,18.1260108947754
Distill25_0.25,1,557,19.1121101379395
Distill50_0.1,1,557,18.805980682373
CE_control_0.25,1,557,18.4011459350586
Distill25_0.1,1,557,19.028902053833
Distill50_1.0,1,557,10.5030536651611
Distill50_0.5,1,557,20.1339721679688
Current,1,557,0.765085220336914
CE_control_1.0,1,557,9.75394248962402
CE_control_0.1,1,557,19.7038650512695
Distill25_0.5,1,557,18.8281536102295
Distill25_1.0,1,557,9.64713096618652
Distill50_0.25,1,557,20.2670097351074
Distill25_0.5,2,426,19.6001529693604
CE_control_1.0,2,426,10.1358890533447
Distill25_1.0,2,426,9.09090042114258
CE_control_0.5,2,426,19.1109180450439
CE_control_0.1,2,426,18.2580947875977
Distill50_0.25,2,426,17.5931453704834
Distill50_0.5,2,426,17.8489685058594
Distill50_1.0,2,426,21.1019515991211
Distill25_0.25,2,426,17.7159309387207
CE_control_0.25,2,426,17.5399780273438
Current,2,426,0.761985778808594
Distill50_0.1,2,426,17.0040130615234
Distill25_0.1,2,426,17.9169178009033
CE_control_0.1,3,472,18.6100006103516
Distill25_0.1,3,472,18.0511474609375
Distill50_0.1,3,472,18.3799266815186
Current,3,472,0.748157501220703
Distill50_1.0,3,472,8.30292701721191
Distill25_0.5,3,472,19.3729400634766
Distill25_1.0,3,472,8.35394859313965
Distill50_0.25,3,472,19.2899703979492
CE_control_0.25,3,472,19.3691253662109
Distill25_0.25,3,472,19.4659233093262
Distill50_0.5,3,472,17.4009799957275
CE_control_0.5,3,472,17.2660350799561
CE_control_1.0,3,472,9.09805297851562
Distill25_0.5,2,319,18.5589790344238
Distill25_1.0,2,319,10.8931064605713
CE_control_1.0,2,319,9.9339485168457
Distill25_0.25,2,319,17.333984375
Distill50_0.1,2,319,15.6700611114502
Distill50_0.25,2,319,15.8998966217041
Current,2,319,0.893831253051758
Distill50_1.0,2,319,8.56494903564453
CE_control_0.25,2,319,18.7370777130127
Distill25_0.1,2,319,17.9069042205811
CE_control_0.1,2,319,18.4929370880127
Distill50_0.5,2,319,16.6769027709961
CE_control_0.5,2,319,16.4229869842529
Distill50_1.0,2,219,8.33797454833984
Distill25_1.0,2,219,10.6170177459717
Distill50_0.1,2,219,18.9540386199951
CE_control_0.25,2,219,28.3629894256592
Distill25_0.1,2,219,17.6441669464111
Distill25_0.5,2,219,17.8511142730713
Distill25_0.25,2,219,17.6520347595215
Distill50_0.25,2,219,18.2929039001465
CE_control_0.1,2,219,18.4071063995361
CE_control_0.5,2,219,20.348072052002
Current,2,219,1.07884407043457
CE_control_1.0,2,219,8.28194618225098
Distill50_0.5,2,219,18.6080932617188
Distill50_0.5,3,282,20.0049877166748
Distill50_0.25,3,282,16.7620182037354
CE_control_0.5,3,282,17.2369480133057
CE_control_1.0,3,282,8.7740421295166
Distill25_0.5,3,282,17.1451568603516
CE_control_0.25,3,282,17.3819065093994
CE_control_0.1,3,282,17.7979469299316
Distill25_1.0,3,282,10.9431743621826
Distill25_0.25,3,282,18.0909633636475
Distill50_1.0,3,282,9.04583930969238
Distill25_0.1,3,282,18.2600021362305
Distill50_0.1,3,282,17.4591541290283
Current,3,282,0.777006149291992
Distill50_0.5,2,461,17.0981884002686
CE_control_0.1,2,461,16.8521404266357
Current,2,461,0.900030136108398
Distill25_1.0,2,461,9.02509689331055
Distill50_1.0,2,461,9.38296318054199
Distill25_0.5,2,461,18.4440612792969
Distill25_0.25,2,461,18.8682079315186
Distill25_0.1,2,461,18.2669162750244
CE_control_1.0,2,461,8.72707366943359
Distill50_0.25,2,461,16.8671607971191
CE_control_0.5,2,461,16.3331031799316
Distill50_0.1,2,461,16.4709091186523
CE_control_0.25,2,461,17.4188613891602
Distill50_1.0,2,597,9.46307182312012
CE_control_1.0,2,597,8.74900817871094
Distill50_0.1,2,597,31.6841602325439
Distill25_0.5,2,597,17.8179740905762
Current,2,597,1.45101547241211
Distill25_1.0,2,597,9.63306427001953
CE_control_0.5,2,597,16.6659355163574
CE_control_0.1,2,597,16.8139934539795
Distill25_0.25,2,597,16.4799690246582
Distill50_0.25,2,597,18.1279182434082
Distill50_0.5,2,597,17.1840190887451
CE_control_0.25,2,597,18.3298587799072
Distill25_0.1,2,597,18.7640190124512
CE_control_0.1,3,503,15.9590244293213
Distill50_1.0,3,503,9.35506820678711
Distill25_1.0,3,503,8.42881202697754
Current,3,503,0.894069671630859
Distill50_0.1,3,503,16.1080360412598
CE_control_1.0,3,503,9.69600677490234
Distill50_0.5,3,503,16.383171081543
Distill50_0.25,3,503,15.9759521484375
CE_control_0.5,3,503,16.0889625549316
Distill25_0.1,3,503,16.3979530334473
Distill25_0.25,3,503,16.6728496551514
Distill25_0.5,3,503,16.9508457183838
CE_control_0.25,3,503,17.1980857849121
Distill50_0.5,2,330,22.1660137176514
Distill50_0.25,2,330,20.3590393066406
Distill25_1.0,2,330,10.1921558380127
Distill25_0.5,2,330,21.0402011871338
CE_control_0.5,2,330,20.6949710845947
CE_control_0.1,2,330,20.7698345184326
CE_control_0.25,2,330,21.8281745910645
CE_control_1.0,2,330,9.94181632995605
Distill25_0.25,2,330,24.0631103515625
Current,2,330,0.94294548034668
Distill50_0.1,2,330,20.0409889221191
Distill50_1.0,2,330,10.2691650390625
Distill25_0.1,2,330,33.7228775024414
CE_control_0.1,2,323,14.8148536682129
CE_control_1.0,2,323,8.59308242797852
Distill25_0.25,2,323,14.4569873809814
Distill25_0.1,2,323,14.380931854248
Distill50_0.5,2,323,14.0409469604492
Distill25_1.0,2,323,8.37397575378418
Current,2,323,0.779867172241211
Distill50_1.0,2,323,10.2078914642334
Distill50_0.1,2,323,14.4469738006592
Distill25_0.5,2,323,15.0220394134521
CE_control_0.25,2,323,13.5939121246338
Distill50_0.25,2,323,14.7569179534912
CE_control_0.5,2,323,16.6270732879639
Distill25_0.5,3,97,20.7359790802002
CE_control_0.5,3,97,20.9910869598389
Distill25_0.25,3,97,20.5841064453125
Distill25_0.1,3,97,22.8710174560547
CE_control_1.0,3,97,10.3640556335449
Distill50_0.5,3,97,22.108793258667
CE_control_0.25,3,97,21.5840339660645
Distill25_1.0,3,97,11.052131652832
Current,3,97,0.990867614746094
Distill50_0.25,3,97,21.03590965271
CE_control_0.1,3,97,21.4409828186035
Distill50_1.0,3,97,11.6569995880127
Distill50_0.1,3,97,21.8379497528076
Distill25_0.1,3,530,19.5250511169434
CE_control_0.1,3,530,18.7010765075684
Distill50_0.1,3,530,19.3130970001221
CE_control_0.5,3,530,19.1600322723389
Distill25_0.25,3,530,18.6660289764404
Distill50_0.25,3,530,19.956111907959
CE_control_0.25,3,530,31.4381122589111
Distill50_1.0,3,530,10.7109546661377
Distill25_1.0,3,530,9.41801071166992
CE_control_1.0,3,530,9.13906097412109
Distill25_0.5,3,530,17.9460048675537
Distill50_0.5,3,530,20.5669403076172
Current,3,530,0.911951065063477
Distill50_1.0,3,461,9.55486297607422
Distill25_1.0,3,461,10.1690292358398
Distill25_0.25,3,461,16.1359310150146
Distill25_0.1,3,461,16.2930488586426
Distill50_0.5,3,461,15.7971382141113
Distill50_0.25,3,461,15.2649879455566
Distill25_0.5,3,461,15.0868892669678
Distill50_0.1,3,461,15.906810760498
CE_control_0.1,3,461,16.2301063537598
CE_control_0.25,3,461,17.1740055084229
Current,3,461,1.12605094909668
CE_control_1.0,3,461,7.3089599609375
CE_control_0.5,3,461,15.4428482055664
Distill50_1.0,3,487,8.40187072753906
Current,3,487,1.27196311950684
CE_control_1.0,3,487,8.96787643432617
Distill50_0.1,3,487,17.704963684082
Distill50_0.5,3,487,19.6750164031982
Distill25_0.5,3,487,18.4121131896973
Distill25_0.1,3,487,16.7059898376465
CE_control_0.5,3,487,16.8578624725342
Distill25_1.0,3,487,7.66205787658691
Distill50_0.25,3,487,16.8988704681396
Distill25_0.25,3,487,17.4851417541504
CE_control_0.1,3,487,19.3979740142822
CE_control_0.25,3,487,17.6689624786377
Distill25_0.5,2,71,19.0439224243164
Distill50_0.25,2,71,18.4478759765625
Current,2,71,0.869035720825195
Distill50_1.0,2,71,9.16099548339844
Distill25_1.0,2,71,9.88197326660156
Distill50_0.1,2,71,19.5059776306152
Distill25_0.1,2,71,21.5530395507813
Distill25_0.25,2,71,33.2639217376709
Distill50_0.5,2,71,19.5739269256592
CE_control_0.5,2,71,18.8980102539063
CE_control_1.0,2,71,9.43207740783691
CE_control_0.25,2,71,19.4320678710938
CE_control_0.1,2,71,18.2960033416748
Distill50_0.25,3,288,17.3649787902832
Current,3,288,0.790119171142578
Distill25_1.0,3,288,8.84294509887695
CE_control_1.0,3,288,10.4598999023438
CE_control_0.1,3,288,18.4619426727295
Distill50_0.1,3,288,16.7131423950195
Distill25_0.5,3,288,15.7978534698486
Distill50_0.5,3,288,15.474796295166
CE_control_0.25,3,288,15.9740447998047
Distill50_1.0,3,288,8.56590270996094
Distill25_0.25,3,288,16.5519714355469
Distill25_0.1,3,288,17.6670551300049
CE_control_0.5,3,288,17.7030563354492
CE_control_0.25,1,82,16.6530609130859
Distill25_0.5,1,82,18.1961059570313
Distill50_0.1,1,82,18.2678699493408
CE_control_1.0,1,82,9.54103469848633
Distill25_1.0,1,82,8.82291793823242
Distill50_0.25,1,82,19.895076751709
Distill25_0.1,1,82,18.8491344451904
Distill25_0.25,1,82,18.5120105743408
Distill50_0.5,1,82,17.2569751739502
CE_control_0.1,1,82,17.3189640045166
CE_control_0.5,1,82,17.2410011291504
Distill50_1.0,1,82,8.01396369934082
Current,1,82,1.00588798522949
Current,1,341,0.738859176635742
Distill25_0.25,1,341,19.3009376525879
CE_control_0.1,1,341,18.7640190124512
CE_control_0.25,1,341,18.9199447631836
CE_control_0.5,1,341,17.5120830535889
CE_control_1.0,1,341,19.3791389465332
Distill25_0.1,1,341,19.4268226623535
Distill50_0.5,1,341,17.6951885223389
Distill50_1.0,1,341,8.05497169494629
Distill25_1.0,1,341,8.34202766418457
Distill50_0.25,1,341,17.4641609191895
Distill25_0.5,1,341,17.693042755127
Distill50_0.1,1,341,17.3449516296387
Distill50_0.1,1,111,16.6499614715576
CE_control_0.1,1,111,18.9831256866455
CE_control_1.0,1,111,9.10305976867676
Distill25_0.25,1,111,18.4810161590576
CE_control_0.5,1,111,18.9812183380127
Distill50_0.25,1,111,17.39501953125
Distill50_0.5,1,111,16.650915145874
Distill25_0.1,1,111,16.5848731994629
Distill25_0.5,1,111,16.9320106506348
Distill50_1.0,1,111,9.74297523498535
CE_control_0.25,1,111,18.0389881134033
Distill25_1.0,1,111,9.25397872924805
Current,1,111,1.62410736083984
Distill25_1.0,3,247,10.5419158935547
Distill25_0.5,3,247,15.9728527069092
Distill50_0.25,3,247,16.3519382476807
Distill25_0.25,3,247,15.920877456665
Current,3,247,0.848054885864258
CE_control_0.5,3,247,16.1268711090088
Distill50_0.5,3,247,16.8728828430176
Distill50_1.0,3,247,9.34600830078125
CE_control_0.1,3,247,16.869068145752
Distill25_0.1,3,247,16.0140991210938
CE_control_0.25,3,247,16.0789489746094
Distill50_0.1,3,247,15.2699947357178
CE_control_1.0,3,247,9.35697555541992
Distill50_0.25,1,257,18.5310840606689
Distill50_1.0,1,257,10.5071067810059
Distill25_0.25,1,257,18.0268287658691
CE_control_0.25,1,257,18.0010795593262
Distill50_0.1,1,257,29.2870998382568
Distill25_0.1,1,257,18.5458660125732
CE_control_0.5,1,257,15.4240131378174
Distill25_1.0,1,257,8.7120532989502
Distill25_0.5,1,257,15.812873840332
Distill50_0.5,1,257,17.1761512756348
CE_control_0.1,1,257,17.8098678588867
CE_control_1.0,1,257,8.76188278198242
Current,1,257,0.868082046508789
CE_control_0.5,3,79,20.0209617614746
Distill25_0.1,3,79,20.1089382171631
CE_control_0.25,3,79,17.1430110931396
Current,3,79,0.754117965698242
Distill25_0.25,3,79,17.0469284057617
Distill50_0.1,3,79,17.8248882293701
CE_control_0.1,3,79,17.3618793487549
CE_control_1.0,3,79,9.77015495300293
Distill50_1.0,3,79,9.1559886932373
Distill50_0.25,3,79,19.014835357666
Distill25_0.5,3,79,20.5078125
Distill50_0.5,3,79,19.2019939422607
Distill25_1.0,3,79,10.4329586029053
Distill50_0.5,3,492,18.6991691589355
CE_control_0.1,3,492,18.4471607208252
Current,3,492,1.16109848022461
Distill25_1.0,3,492,8.39996337890625
CE_control_0.5,3,492,19.0949440002441
Distill25_0.1,3,492,18.6359882354736
CE_control_1.0,3,492,8.99410247802734
Distill50_0.1,3,492,18.2139873504639
Distill25_0.5,3,492,19.8380947113037
CE_control_0.25,3,492,18.5301303863525
Distill50_0.25,3,492,19.8318958282471
Distill50_1.0,3,492,8.69512557983398
Distill25_0.25,3,492,21.500825881958
Distill25_0.5,1,245,19.8838710784912
CE_control_0.5,1,245,54.8539161682129
CE_control_0.25,1,245,18.8281536102295
Distill25_1.0,1,245,10.2670192718506
Distill50_0.5,1,245,18.2559490203857
CE_control_0.1,1,245,17.5430774688721
Distill50_0.1,1,245,18.6340808868408
CE_control_1.0,1,245,9.71698760986328
Current,1,245,0.79798698425293
Distill25_0.25,1,245,18.2929039001465
Distill25_0.1,1,245,18.6619758605957
Distill50_1.0,1,245,8.88395309448242
Distill50_0.25,1,245,18.9859867095947
Distill50_0.5,2,351,16.942024230957
Distill25_1.0,2,351,9.18292999267578
CE_control_0.25,2,351,17.2741413116455
Distill50_1.0,2,351,8.9418888092041
Distill25_0.25,2,351,16.6640281677246
CE_control_0.1,2,351,17.341136932373
Distill50_0.25,2,351,18.6820030212402
Distill25_0.5,2,351,20.7841396331787
CE_control_1.0,2,351,9.54413414001465
CE_control_0.5,2,351,17.6999568939209
Distill25_0.1,2,351,18.2600021362305
Current,2,351,0.847101211547852
Distill50_0.1,2,351,18.9619064331055
CE_control_0.25,2,267,17.2140598297119
Current,2,267,1.04403495788574
CE_control_0.5,2,267,16.9529914855957
Distill25_0.5,2,267,17.4119472503662
Distill50_1.0,2,267,8.00895690917969
Distill25_0.25,2,267,18.5849666595459
Distill25_0.1,2,267,17.3330307006836
Distill50_0.5,2,267,17.0059204101563
Distill50_0.1,2,267,16.9320106506348
CE_control_0.1,2,267,16.9079303741455
Distill25_1.0,2,267,8.66293907165527
CE_control_1.0,2,267,8.14080238342285
Distill50_0.25,2,267,17.0149803161621
Distill50_0.5,3,423,30.9062004089355
Distill25_0.25,3,423,17.4849033355713
CE_control_0.25,3,423,16.7639255523682
CE_control_1.0,3,423,7.38406181335449
Distill25_1.0,3,423,8.47601890563965
CE_control_0.1,3,423,17.7440643310547
Distill50_1.0,3,423,7.48586654663086
CE_control_0.5,3,423,17.6370143890381
Distill25_0.1,3,423,19.8090076446533
Distill25_0.5,3,423,17.8098678588867
Current,3,423,0.921964645385742
Distill50_0.25,3,423,18.0168151855469
Distill50_0.1,3,423,19.1318988800049
Distill50_0.25,2,89,14.6729946136475
CE_control_0.1,2,89,14.1539573669434
CE_control_0.5,2,89,13.6210918426514
Distill25_0.1,2,89,14.5227909088135
Distill50_1.0,2,89,9.14788246154785
Distill25_0.25,2,89,15.1188373565674
Distill25_0.5,2,89,15.3090953826904
Distill50_0.5,2,89,15.2101516723633
CE_control_0.25,2,89,16.9339179992676
Current,2,89,0.782966613769531
CE_control_1.0,2,89,7.61818885803223
Distill25_1.0,2,89,10.5819702148438
Distill50_0.1,2,89,15.3439044952393
Distill25_0.1,3,63,17.7450180053711
Distill25_0.25,3,63,17.7178382873535
Distill50_1.0,3,63,8.4230899810791
CE_control_0.25,3,63,19.3519592285156
Distill50_0.25,3,63,18.9039707183838
CE_control_1.0,3,63,8.56304168701172
Distill50_0.1,3,63,19.3779468536377
CE_control_0.5,3,63,18.4969902038574
Distill50_0.5,3,63,17.8570747375488
Distill25_1.0,3,63,7.67779350280762
Distill25_0.5,3,63,19.4950103759766
Current,3,63,0.838994979858398
CE_control_0.1,3,63,18.9418792724609
CE_control_0.5,1,367,16.2279605865479
CE_control_0.25,1,367,28.4981727600098
Distill50_1.0,1,367,8.50296020507813
Distill50_0.5,1,367,15.7179832458496
Distill25_1.0,1,367,7.98296928405762
Distill25_0.1,1,367,15.4590606689453
Distill50_0.25,1,367,15.8469676971436
Distill25_0.5,1,367,15.7721042633057
Current,1,367,0.938177108764648
Distill50_0.1,1,367,15.610933303833
Distill25_0.25,1,367,16.6389942169189
CE_control_1.0,1,367,8.81600379943848
CE_control_0.1,1,367,14.97483253479
CE_control_0.25,1,192,21.4090347290039
Distill25_0.1,1,192,23.7410068511963
Distill25_0.25,1,192,21.9390392303467
Distill50_1.0,1,192,10.59889793396
Distill50_0.25,1,192,21.7981338500977
Distill25_1.0,1,192,10.7800960540771
CE_control_0.1,1,192,20.7610130310059
CE_control_1.0,1,192,9.90486145019531
Distill50_0.5,1,192,22.2461223602295
Distill25_0.5,1,192,22.0661163330078
Distill50_0.1,1,192,24.3141651153564
Current,1,192,0.840902328491211
CE_control_0.5,1,192,22.881031036377
Distill25_0.25,1,446,17.7459716796875
Distill25_1.0,1,446,9.67001914978027
Distill50_0.25,1,446,16.4101123809814
Distill25_0.1,1,446,16.5688991546631
CE_control_0.5,1,446,16.9498920440674
Distill50_0.1,1,446,16.5390968322754
Distill25_0.5,1,446,17.2300338745117
CE_control_0.1,1,446,17.3819065093994
Distill50_0.5,1,446,16.456127166748
Distill50_1.0,1,446,8.95094871520996
CE_control_1.0,1,446,8.46695899963379
Current,1,446,14.0650272369385
CE_control_0.25,1,446,15.5990123748779
Current,2,495,0.815868377685547
Distill50_1.0,2,495,8.44097137451172
Distill25_0.5,2,495,16.4401531219482
CE_control_0.25,2,495,15.9950256347656
Distill25_0.25,2,495,17.2350406646729
Distill50_0.25,2,495,15.7670974731445
Distill25_1.0,2,495,9.34696197509766
Distill25_0.1,2,495,16.1218643188477
Distill50_0.1,2,495,16.0799026489258
Distill50_0.5,2,495,16.1659717559814
CE_control_0.5,2,495,16.3059234619141
CE_control_0.1,2,495,22.5751399993897
CE_control_1.0,2,495,9.35888290405273
Distill25_0.5,1,7,22.6991176605225
Distill50_0.1,1,7,21.428108215332
Distill50_0.25,1,7,20.0262069702148
CE_control_1.0,1,7,9.76300239562988
Distill25_1.0,1,7,9.83881950378418
Distill50_0.5,1,7,22.1319198608398
CE_control_0.25,1,7,22.6161479949951
CE_control_0.1,1,7,21.7070579528809
Current,1,7,0.734090805053711
Distill25_0.1,1,7,23.1161117553711
Distill25_0.25,1,7,21.0340023040771
Distill50_1.0,1,7,9.80997085571289
CE_control_0.5,1,7,21.5959548950195
Distill50_0.25,2,579,16.8430805206299
CE_control_0.25,2,579,16.5729522705078
CE_control_0.1,2,579,16.6771411895752
Distill25_0.5,2,579,16.9379711151123
CE_control_1.0,2,579,8.59904289245606
Current,2,579,0.887870788574219
Distill25_0.25,2,579,17.7421569824219
Distill50_0.5,2,579,17.8918838500977
Distill50_1.0,2,579,22.6931571960449
Distill25_1.0,2,579,8.47101211547852
CE_control_0.5,2,579,16.6060924530029
Distill25_0.1,2,579,17.3830986022949
Distill50_0.1,2,579,17.3280239105225
Current,1,155,0.870943069458008
CE_control_1.0,1,155,10.6291770935059
Distill50_0.1,1,155,19.3190574645996
Distill25_1.0,1,155,10.6930732727051
Distill25_0.25,1,155,18.9099311828613
Distill25_0.1,1,155,19.2551612854004
Distill50_0.5,1,155,18.0318355560303
Distill25_0.5,1,155,18.6691284179688
CE_control_0.25,1,155,18.4669494628906
Distill50_1.0,1,155,10.5838775634766
Distill50_0.25,1,155,18.6409950256348
CE_control_0.5,1,155,17.8580284118652
CE_control_0.1,1,155,18.2709693908691
Distill25_0.1,1,10,19.0689563751221
Distill50_0.1,1,10,19.2470550537109
Distill25_0.5,1,10,21.6679573059082
Distill25_0.25,1,10,20.8890438079834
Distill50_1.0,1,10,10.8458995819092
Current,1,10,0.871181488037109
Distill50_0.25,1,10,19.5939540863037
CE_control_0.1,1,10,18.5878276824951
Distill25_1.0,1,10,9.44995880126953
CE_control_1.0,1,10,9.69505310058594
CE_control_0.25,1,10,18.6319351196289
Distill50_0.5,1,10,21.2039947509766
CE_control_0.5,1,10,20.3750133514404
CE_control_0.5,3,248,18.2819366455078
CE_control_1.0,3,248,12.1078491210938
Distill50_0.1,3,248,19.1919803619385
Distill50_0.5,3,248,17.7099704742432
Distill50_0.25,3,248,17.39501953125
Distill25_0.5,3,248,18.0268287658691
Distill50_1.0,3,248,9.2158317565918
CE_control_0.1,3,248,18.9239978790283
Distill25_1.0,3,248,10.5400085449219
CE_control_0.25,3,248,16.9219970703125
Distill25_0.25,3,248,16.9899463653564
Distill25_0.1,3,248,17.1310901641846
Current,3,248,0.685930252075195
Distill50_0.25,3,474,17.0748233795166
CE_control_0.1,3,474,19.1149711608887
CE_control_1.0,3,474,9.28187370300293
Distill50_0.5,3,474,16.98899269104
Distill25_1.0,3,474,8.70585441589356
Distill50_0.1,3,474,16.6268348693848
CE_control_0.25,3,474,19.3970203399658
Current,3,474,0.886917114257813
CE_control_0.5,3,474,17.2069072723389
Distill50_1.0,3,474,9.13500785827637
Distill25_0.25,3,474,17.9591178894043
Distill25_0.5,3,474,17.5580978393555
Distill25_0.1,3,474,18.1350708007813
CE_control_0.1,1,276,16.211986541748
Distill50_0.5,1,276,16.5970325469971
Distill25_0.1,1,276,16.8380737304688
CE_control_0.5,1,276,15.4819488525391
Distill25_0.25,1,276,16.4899826049805
Distill25_1.0,1,276,9.65094566345215
CE_control_0.25,1,276,18.779993057251
Distill25_0.5,1,276,17.7299976348877
Distill50_0.25,1,276,16.9939994812012
CE_control_1.0,1,276,11.354923248291
Current,1,276,0.864982604980469
Distill50_0.1,1,276,15.7871246337891
Distill50_1.0,1,276,10.0851058959961
Current,2,429,0.877141952514648
CE_control_0.25,2,429,16.6051387786865
Distill50_0.5,2,429,15.8510208129883
CE_control_1.0,2,429,8.16607475280762
Distill25_0.5,2,429,15.1770114898682
Distill25_0.25,2,429,15.7949924468994
Distill50_0.1,2,429,15.0799751281738
CE_control_0.5,2,429,15.2740478515625
Distill50_1.0,2,429,8.3470344543457
Distill50_0.25,2,429,15.3450965881348
CE_control_0.1,2,429,15.7289505004883
Distill25_1.0,2,429,10.3931427001953
Distill25_0.1,2,429,14.2049789428711
Distill50_1.0,3,64,7.72190093994141
CE_control_0.5,3,64,16.7839527130127
Distill25_0.25,3,64,17.1589851379395
Distill25_1.0,3,64,10.1540088653564
Current,3,64,0.838994979858398
Distill50_0.1,3,64,16.4752006530762
CE_control_0.1,3,64,15.3191089630127
CE_control_1.0,3,64,9.07301902770996
CE_control_0.25,3,64,15.2699947357178
Distill25_0.1,3,64,15.8920288085938
Distill50_0.25,3,64,16.2830352783203
Distill25_0.5,3,64,17.2970294952393
Distill50_0.5,3,64,15.7289505004883
Distill25_0.25,1,212,18.0139541625977
Distill25_1.0,1,212,8.51082801818848
Distill25_0.1,1,212,17.6310539245605
Distill50_1.0,1,212,10.922908782959
Distill50_0.5,1,212,18.0580615997314
Current,1,212,0.890970230102539
Distill50_0.1,1,212,17.8179740905762
CE_control_0.1,1,212,27.6978015899658
CE_control_0.25,1,212,15.8498287200928
Distill25_0.5,1,212,16.0529613494873
CE_control_0.5,1,212,16.1559581756592
CE_control_1.0,1,212,9.06109809875488
Distill50_0.25,1,212,18.7060832977295
Distill50_0.5,2,160,17.7121162414551
Distill25_0.5,2,160,17.9328918457031
CE_control_1.0,2,160,8.38708877563477
Distill50_0.1,2,160,17.8070068359375
Distill25_0.25,2,160,18.1410312652588
CE_control_0.5,2,160,16.6530609130859
Distill50_1.0,2,160,8.7740421295166
Distill50_0.25,2,160,14.8739814758301
Distill25_0.1,2,160,15.9158706665039
Current,2,160,0.943183898925781
CE_control_0.1,2,160,15.8588886260986
CE_control_0.25,2,160,17.038106918335
Distill25_1.0,2,160,8.18300247192383
Distill50_0.5,1,455,18.5599327087402
Distill50_0.1,1,455,17.5390243530273
CE_control_0.5,1,455,17.3811912536621
Distill25_0.5,1,455,16.3390636444092
Current,1,455,0.910043716430664
Distill25_0.25,1,455,17.2748565673828
CE_control_0.25,1,455,18.1300640106201
Distill25_1.0,1,455,9.80210304260254
CE_control_0.1,1,455,17.5859928131104
Distill50_1.0,1,455,8.62002372741699
Distill50_0.25,1,455,15.4030323028564
Distill25_0.1,1,455,15.5761241912842
CE_control_1.0,1,455,8.41212272644043
Distill25_0.25,3,107,17.3859596252441
Current,3,107,0.912904739379883
Distill50_0.25,3,107,17.0807838439941
CE_control_1.0,3,107,9.97686386108398
CE_control_0.25,3,107,16.9341564178467
CE_control_0.1,3,107,16.6230201721191
CE_control_0.5,3,107,27.9850959777832
Distill50_0.1,3,107,17.2109603881836
Distill25_0.1,3,107,15.6049728393555
Distill25_1.0,3,107,9.66906547546387
Distill25_0.5,3,107,16.6130065917969
Distill50_0.5,3,107,15.3679847717285
Distill50_1.0,3,107,9.16004180908203
CE_control_0.25,3,291,17.6420211791992
Distill50_1.0,3,291,10.8368396759033
Distill25_0.25,3,291,16.4341926574707
Distill50_0.25,3,291,15.9249305725098
Distill25_0.5,3,291,16.7791843414307
Distill25_0.1,3,291,17.3730850219727
Distill50_0.1,3,291,17.1909332275391
Distill25_1.0,3,291,11.5649700164795
CE_control_0.5,3,291,17.6959037780762
Distill50_0.5,3,291,17.7850723266602
CE_control_0.1,3,291,16.840934753418
Current,3,291,0.850915908813477
CE_control_1.0,3,291,10.6041431427002
Distill25_0.1,1,148,16.9548988342285
Distill25_0.25,1,148,16.2448883056641
CE_control_0.25,1,148,15.2289867401123
Distill50_0.25,1,148,14.6141052246094
CE_control_0.5,1,148,14.7600173950195
Distill50_0.5,1,148,16.0770416259766
Current,1,148,0.875949859619141
CE_control_1.0,1,148,8.37898254394531
Distill50_0.1,1,148,15.15793800354
CE_control_0.1,1,148,14.6961212158203
Distill25_0.5,1,148,15.4049396514893
Distill50_1.0,1,148,7.65299797058106
Distill25_1.0,1,148,9.97805595397949
CE_control_1.0,2,407,8.18800926208496
Distill50_0.25,2,407,18.1739330291748
Distill50_1.0,2,407,8.69393348693848
Distill25_1.0,2,407,8.63003730773926
Distill25_0.1,2,407,26.5140533447266
CE_control_0.5,2,407,17.2688961029053
Distill50_0.1,2,407,17.1029567718506
CE_control_0.1,2,407,17.4949169158936
CE_control_0.25,2,407,16.956090927124
Current,2,407,0.905990600585938
Distill25_0.5,2,407,16.5681838989258
Distill50_0.5,2,407,20.0369358062744
Distill25_0.25,2,407,16.765832901001
Distill25_1.0,1,108,9.73200798034668
CE_control_0.5,1,108,22.3309993743896
Distill50_0.1,1,108,21.2559700012207
CE_control_0.1,1,108,22.7060317993164
Distill50_0.25,1,108,22.5789546966553
Current,1,108,0.858068466186523
CE_control_1.0,1,108,10.3759765625
Distill50_1.0,1,108,11.6798877716064
Distill25_0.5,1,108,23.7839221954346
CE_control_0.25,1,108,23.1471061706543
Distill50_0.5,1,108,24.7938632965088
Distill25_0.1,1,108,23.6430168151855
Distill25_0.25,1,108,24.5249271392822
Distill50_1.0,2,53,11.4829540252686
CE_control_0.1,2,53,22.7251052856445
Current,2,53,0.805854797363281
Distill50_0.1,2,53,21.6450691223145
Distill25_0.1,2,53,21.6438770294189
Distill50_0.5,2,53,22.3579406738281
CE_control_1.0,2,53,11.1830234527588
Distill25_0.25,2,53,22.9918956756592
Distill25_0.5,2,53,31.0039520263672
Distill50_0.25,2,53,19.7370052337646
CE_control_0.25,2,53,17.8790092468262
Distill25_1.0,2,53,9.41896438598633
CE_control_0.5,2,53,20.0009346008301
Distill25_1.0,3,564,7.75814056396484
Distill50_0.25,3,564,15.3849124908447
Distill50_0.5,3,564,15.272855758667
CE_control_1.0,3,564,7.87806510925293
Distill50_1.0,3,564,8.92186164855957
Distill25_0.1,3,564,16.8530941009521
CE_control_0.25,3,564,16.6399478912354
CE_control_0.1,3,564,16.3187980651855
CE_control_0.5,3,564,16.9739723205566
Distill25_0.25,3,564,17.5790786743164
Distill25_0.5,3,564,17.2219276428223
Current,3,564,0.685930252075195
Distill50_0.1,3,564,19.7160243988037
Distill50_0.5,2,561,17.1470642089844
CE_control_0.1,2,561,17.5340175628662
CE_control_1.0,2,561,8.29601287841797
Distill50_0.25,2,561,16.8399810791016
Distill25_0.5,2,561,16.6680812835693
Distill50_0.1,2,561,17.1339511871338
Distill25_0.25,2,561,16.4330005645752
Current,2,561,0.6561279296875
Distill50_1.0,2,561,9.92894172668457
CE_control_0.25,2,561,16.8509483337402
CE_control_0.5,2,561,16.5300369262695
Distill25_1.0,2,561,8.06379318237305
Distill25_0.1,2,561,17.4791812896729
CE_control_0.5,3,223,17.1780586242676
Current,3,223,0.912904739379883
Distill25_1.0,3,223,8.52203369140625
CE_control_1.0,3,223,9.21487808227539
Distill50_0.25,3,223,17.1458721160889
Distill50_0.5,3,223,17.1070098876953
Distill50_0.1,3,223,28.8050174713135
Distill25_0.25,3,223,16.456127166748
Distill25_0.5,3,223,16.6449546813965
Distill25_0.1,3,223,18.6789035797119
CE_control_0.25,3,223,18.7499523162842
CE_control_0.1,3,223,16.0579681396484
Distill50_1.0,3,223,7.74312019348145
Distill25_1.0,3,512,9.32097434997559
Distill50_0.1,3,512,14.6000385284424
CE_control_0.25,3,512,14.998197555542
Distill50_0.25,3,512,16.6811943054199
Distill50_0.5,3,512,15.3999328613281
CE_control_1.0,3,512,8.75020027160645
Current,3,512,0.803947448730469
CE_control_0.1,3,512,14.401912689209
Distill25_0.5,3,512,14.5580768585205
Distill25_0.25,3,512,14.085054397583
Distill25_0.1,3,512,14.3039226531982
Distill50_1.0,3,512,7.69114494323731
CE_control_0.5,3,512,16.5810585021973
Distill25_1.0,3,390,10.530948638916
CE_control_1.0,3,390,8.39805603027344
CE_control_0.1,3,390,15.9099102020264
CE_control_0.25,3,390,16.4000988006592
Distill50_1.0,3,390,10.1368427276611
Distill25_0.1,3,390,16.6881084442139
Distill25_0.5,3,390,15.8541202545166
Current,3,390,0.704765319824219
Distill50_0.25,3,390,16.1991119384766
Distill25_0.25,3,390,16.2298679351807
CE_control_0.5,3,390,16.1499977111816
Distill50_0.5,3,390,16.9868469238281
Distill50_0.1,3,390,15.5651569366455
Distill50_0.5,3,132,18.8689231872559
Distill50_1.0,3,132,12.0761394500732
CE_control_0.25,3,132,19.0250873565674
Distill50_0.25,3,132,20.1048851013184
CE_control_0.1,3,132,29.7789573669434
Distill25_0.25,3,132,19.2780494689941
CE_control_1.0,3,132,10.901927947998
Distill25_0.1,3,132,17.0209407806396
Distill25_0.5,3,132,17.3530578613281
Distill50_0.1,3,132,18.4609889984131
Distill25_1.0,3,132,11.6939544677734
Current,3,132,0.825881958007813
CE_control_0.5,3,132,18.0010795593262
Distill50_0.1,3,161,16.1819458007813
CE_control_0.25,3,161,16.3030624389648
CE_control_0.1,3,161,16.3328647613525
Distill25_0.5,3,161,17.2629356384277
Distill50_1.0,3,161,11.2359523773193
Distill50_0.5,3,161,15.2280330657959
Current,3,161,0.911951065063477
Distill50_0.25,3,161,15.3660774230957
Distill25_0.1,3,161,15.861988067627
Distill25_0.25,3,161,15.4519081115723
Distill25_1.0,3,161,10.1039409637451
CE_control_0.5,3,161,16.9320106506348
CE_control_1.0,3,161,11.6751194000244
Current,2,212,0.902175903320312
Distill50_1.0,2,212,9.29808616638184
CE_control_0.5,2,212,17.4629688262939
CE_control_0.1,2,212,17.1160697937012
Distill25_0.25,2,212,16.8831348419189
Distill50_0.1,2,212,16.9000625610352
Distill50_0.5,2,212,16.7629718780518
Distill25_0.5,2,212,17.2789096832275
Distill25_1.0,2,212,18.3749198913574
CE_control_0.25,2,212,17.7278518676758
Distill50_0.25,2,212,16.3180828094482
CE_control_1.0,2,212,9.25517082214355
Distill25_0.1,2,212,16.4170265197754
Distill50_1.0,1,48,9.63306427001953
Distill50_0.1,1,48,19.2830562591553
Distill50_0.5,1,48,18.2781219482422
Current,1,48,1.03902816772461
Distill25_0.1,1,48,18.5811519622803
CE_control_0.25,1,48,19.1428661346436
Distill25_0.25,1,48,18.5189247131348
CE_control_0.1,1,48,18.4271335601807
CE_control_0.5,1,48,19.3428993225098
Distill25_0.5,1,48,19.4671154022217
CE_control_1.0,1,48,9.61709022521973
Distill50_0.25,1,48,19.7238922119141
Distill25_1.0,1,48,11.591911315918
CE_control_0.5,1,486,17.4551010131836
Distill25_0.5,1,486,17.2128677368164
Distill25_1.0,1,486,8.76021385192871
Distill50_0.25,1,486,17.9100036621094
CE_control_1.0,1,486,8.42690467834473
Distill25_0.25,1,486,19.4752216339111
Distill25_0.1,1,486,18.6657905578613
CE_control_0.1,1,486,18.280029296875
Current,1,486,0.802993774414063
Distill50_1.0,1,486,8.76903533935547
CE_control_0.25,1,486,18.8510417938232
Distill50_0.5,1,486,18.1729793548584
Distill50_0.1,1,486,18.5389518737793
Distill25_0.25,1,291,16.5479183197021
Current,1,291,0.796794891357422
CE_control_0.5,1,291,27.3561477661133
CE_control_0.1,1,291,17.51708984375
Distill50_0.25,1,291,16.5469646453857
CE_control_0.25,1,291,16.5679454803467
Distill50_0.5,1,291,17.413854598999
Distill25_1.0,1,291,9.61804389953613
Distill25_0.1,1,291,16.226053237915
Distill50_1.0,1,291,11.2679004669189
Distill25_0.5,1,291,17.4269676208496
CE_control_1.0,1,291,10.0908279418945
Distill50_0.1,1,291,16.9708728790283
Distill25_1.0,1,249,9.15694236755371
CE_control_1.0,1,249,10.5991363525391
Distill25_0.25,1,249,18.1419849395752
CE_control_0.5,1,249,17.4510478973389
Distill50_0.25,1,249,17.9879665374756
CE_control_0.1,1,249,17.488956451416
Distill50_0.5,1,249,20.1311111450195
Current,1,249,0.879049301147461
CE_control_0.25,1,249,18.6190605163574
Distill50_0.1,1,249,18.1510448455811
Distill25_0.1,1,249,17.5919532775879
Distill50_1.0,1,249,9.18388366699219
Distill25_0.5,1,249,19.521951675415
CE_control_1.0,2,140,9.92298126220703
Distill50_0.1,2,140,17.3149108886719
Distill50_1.0,2,140,9.24301147460938
CE_control_0.25,2,140,16.4520740509033
Distill25_0.25,2,140,17.4009799957275
Distill25_0.1,2,140,16.5119171142578
Distill50_0.5,2,140,16.2570476531982
CE_control_0.1,2,140,16.157865524292
Distill25_0.5,2,140,16.6058540344238
Current,2,140,0.890016555786133
Distill25_1.0,2,140,7.87806510925293
Distill50_0.25,2,140,17.6761150360107
CE_control_0.5,2,140,17.4679756164551
Distill50_0.25,1,447,26.8199443817139
Current,1,447,0.771999359130859
Distill25_0.1,1,447,15.3200626373291
Distill50_0.1,1,447,14.8417949676514
CE_control_1.0,1,447,7.8279972076416
Distill25_1.0,1,447,10.5009078979492
Distill50_0.5,1,447,15.2020454406738
Distill50_1.0,1,447,8.23712348937988
Distill25_0.25,1,447,14.4879817962646
CE_control_0.1,1,447,15.1059627532959
CE_control_0.25,1,447,14.8179531097412
CE_control_0.5,1,447,16.049861907959
Distill25_0.5,1,447,16.3638591766357
Distill50_0.25,2,231,16.4008140563965
CE_control_0.5,2,231,14.693021774292
Current,2,231,0.731945037841797
Distill50_0.1,2,231,14.6420001983643
Distill25_0.25,2,231,14.8730278015137
Distill25_1.0,2,231,8.43095779418945
Distill25_0.5,2,231,14.2829418182373
Distill25_0.1,2,231,16.2160396575928
Distill50_0.5,2,231,16.4029598236084
Distill50_1.0,2,231,9.17387008666992
CE_control_0.25,2,231,15.4290199279785
CE_control_1.0,2,231,8.63885879516602
CE_control_0.1,2,231,15.5320167541504
Distill25_0.25,1,112,20.2088356018066
CE_control_1.0,1,112,8.80193710327148
Distill50_0.5,1,112,20.7898616790771
Distill25_1.0,1,112,8.69202613830566
CE_control_0.1,1,112,18.0370807647705
Distill50_0.1,1,112,18.4569358825684
CE_control_0.5,1,112,19.3960666656494
CE_control_0.25,1,112,18.4180736541748
Distill25_0.1,1,112,18.6161994934082
Distill25_0.5,1,112,17.8928375244141
Current,1,112,1.06191635131836
Distill50_0.25,1,112,18.4211730957031
Distill50_1.0,1,112,18.8250541687012
Distill25_0.25,1,42,17.341136932373
CE_control_0.5,1,42,16.5510177612305
Distill50_1.0,1,42,8.70800018310547
Distill50_0.5,1,42,15.1779651641846
Distill25_0.1,1,42,15.4662132263184
Distill50_0.1,1,42,15.388011932373
CE_control_1.0,1,42,7.40599632263184
CE_control_0.1,1,42,16.7989730834961
CE_control_0.25,1,42,17.6539421081543
Distill25_0.5,1,42,19.8140144348145
Distill25_1.0,1,42,8.19492340087891
Distill50_0.25,1,42,16.3319110870361
Current,1,42,0.961780548095703
CE_control_0.5,1,444,18.7118053436279
CE_control_0.25,1,444,20.0388431549072
Distill50_0.5,1,444,20.5919742584229
Distill50_0.25,1,444,19.3729400634766
CE_control_0.1,1,444,19.0360546112061
Distill25_1.0,1,444,8.47601890563965
Distill50_1.0,1,444,9.11188125610352
Distill25_0.1,1,444,20.5731391906738
CE_control_1.0,1,444,9.04679298400879
Distill50_0.1,1,444,18.1500911712646
Distill25_0.25,1,444,18.7661647796631
Distill25_0.5,1,444,19.456148147583
Current,1,444,0.735044479370117
Distill50_1.0,2,315,8.79979133605957
CE_control_0.1,2,315,15.8119201660156
Distill25_1.0,2,315,8.43691825866699
Distill50_0.5,2,315,15.8510208129883
CE_control_0.25,2,315,15.8250331878662
Distill50_0.25,2,315,16.0551071166992
CE_control_0.5,2,315,16.3629055023193
Distill25_0.1,2,315,16.0789489746094
Distill50_0.1,2,315,16.5431499481201
Current,2,315,0.843048095703125
Distill25_0.5,2,315,15.7320499420166
Distill25_0.25,2,315,15.6991481781006
CE_control_1.0,2,315,18.6100006103516
Distill50_0.5,1,174,14.0628814697266
Distill25_1.0,1,174,8.45408439636231
Current,1,174,0.874996185302734
CE_control_0.1,1,174,14.1129493713379
Distill25_0.5,1,174,14.2719745635986
CE_control_0.25,1,174,13.6649608612061
Distill25_0.1,1,174,14.2011642456055
Distill50_0.1,1,174,14.2240524291992
CE_control_1.0,1,174,9.0022087097168
CE_control_0.5,1,174,13.5891437530518
Distill50_1.0,1,174,7.92479515075684
Distill25_0.25,1,174,17.5671577453613
Distill50_0.25,1,174,16.3900852203369
Distill25_0.25,1,528,19.1388130187988
CE_control_1.0,1,528,8.06522369384766
Distill50_0.5,1,528,18.1288719177246
Distill50_0.1,1,528,17.6551342010498
Distill25_0.1,1,528,17.8680419921875
Current,1,528,0.864028930664063
Distill50_0.25,1,528,19.7060108184814
Distill25_1.0,1,528,8.82697105407715
Distill25_0.5,1,528,18.4869766235352
CE_control_0.25,1,528,19.7889804840088
Distill50_1.0,1,528,9.24110412597656
CE_control_0.5,1,528,17.4369812011719
CE_control_0.1,1,528,18.455982208252
CE_control_0.25,3,67,21.5761661529541
Distill25_1.0,3,67,9.857177734375
CE_control_0.5,3,67,21.8329429626465
Distill50_0.5,3,67,21.2440490722656
Distill25_0.5,3,67,20.8511352539063
CE_control_0.1,3,67,21.2638378143311
Current,3,67,0.892877578735352
Distill50_0.1,3,67,21.7609405517578
Distill25_0.1,3,67,31.5690040588379
Distill50_0.25,3,67,20.1499462127686
Distill50_1.0,3,67,11.146068572998
CE_control_1.0,3,67,9.3231201171875
Distill25_0.25,3,67,21.435022354126
Distill25_0.5,2,374,15.8390998840332
Distill25_1.0,2,374,9.50789451599121
Distill50_0.1,2,374,15.4831409454346
CE_control_0.5,2,374,16.6740417480469
Distill50_0.5,2,374,18.043041229248
Distill50_1.0,2,374,10.4482173919678
CE_control_0.25,2,374,17.39501953125
CE_control_0.1,2,374,16.5948867797852
Distill25_0.25,2,374,17.146110534668
CE_control_1.0,2,374,9.85813140869141
Distill50_0.25,2,374,17.7850723266602
Distill25_0.1,2,374,17.5058841705322
Current,2,374,0.966072082519531
Distill50_1.0,1,269,9.84406471252441
CE_control_0.1,1,269,23.8289833068848
Distill50_0.25,1,269,22.1700668334961
Current,1,269,0.795125961303711
Distill25_1.0,1,269,10.9269618988037
Distill25_0.1,1,269,21.4900970458984
Distill25_0.5,1,269,22.381067276001
Distill50_0.5,1,269,22.9570865631104
CE_control_0.25,1,269,21.6140747070313
CE_control_1.0,1,269,11.3661289215088
Distill25_0.25,1,269,23.0138301849365
Distill50_0.1,1,269,23.6048698425293
CE_control_0.5,1,269,20.226001739502
Distill25_0.1,3,105,19.8080539703369
Distill25_0.5,3,105,20.596981048584
Distill50_0.1,3,105,31.7208766937256
Current,3,105,1.27315521240234
Distill25_0.25,3,105,19.5770263671875
Distill25_1.0,3,105,7.68399238586426
CE_control_1.0,3,105,8.05902481079102
CE_control_0.5,3,105,19.47021484375
Distill50_0.25,3,105,19.8290348052979
CE_control_0.25,3,105,20.4541683197021
Distill50_1.0,3,105,9.59205627441406
Distill50_0.5,3,105,18.8648700714111
CE_control_0.1,3,105,19.2561149597168
Distill50_0.25,1,429,16.3280963897705
Distill25_0.1,1,429,16.0009860992432
Distill50_1.0,1,429,9.04107093811035
Current,1,429,0.912904739379883
Distill25_1.0,1,429,7.93194770812988
CE_control_1.0,1,429,8.75496864318848
CE_control_0.1,1,429,14.0230655670166
Distill25_0.5,1,429,14.0669345855713
CE_control_0.25,1,429,14.4941806793213
Distill50_0.5,1,429,16.1678791046143
Distill50_0.1,1,429,17.5540447235107
CE_control_0.5,1,429,18.3711051940918
Distill25_0.25,1,429,17.8899765014648
CE_control_0.25,1,348,21.4691162109375
Distill25_0.5,1,348,20.453929901123
Distill25_0.1,1,348,21.414041519165
Distill50_0.25,1,348,20.582914352417
Distill25_1.0,1,348,9.09113883972168
CE_control_1.0,1,348,10.3878974914551
Distill50_0.5,1,348,19.2809104919434
CE_control_0.1,1,348,20.2460289001465
CE_control_0.5,1,348,19.5550918579102
Distill50_0.1,1,348,19.8140144348145
Distill50_1.0,1,348,10.7600688934326
Distill25_0.25,1,348,22.1109390258789
Current,1,348,13.2889747619629
Distill50_0.25,1,113,16.7639255523682
CE_control_1.0,1,113,8.50296020507813
Distill50_1.0,1,113,10.2519989013672
Distill25_0.25,1,113,20.1230049133301
Distill50_0.5,1,113,17.8818702697754
CE_control_0.5,1,113,18.0690288543701
Distill50_0.1,1,113,18.0490016937256
CE_control_0.1,1,113,18.9158916473389
Distill25_0.5,1,113,18.6240673065186
Distill25_1.0,1,113,9.5670223236084
CE_control_0.25,1,113,19.5310115814209
Current,1,113,0.790834426879883
Distill25_0.1,1,113,19.7298526763916
Distill25_0.25,1,363,17.6699161529541
Distill25_1.0,1,363,9.82403755187988
Distill50_0.25,1,363,18.3448791503906
Distill25_0.1,1,363,17.4460411071777
CE_control_0.1,1,363,17.8248882293701
Distill50_0.5,1,363,17.4851417541504
CE_control_1.0,1,363,9.28997993469238
CE_control_0.25,1,363,17.7628993988037
Current,1,363,0.70500373840332
CE_control_0.5,1,363,17.7350044250488
Distill50_0.1,1,363,18.1319713592529
Distill25_0.5,1,363,17.0140266418457
Distill50_1.0,1,363,9.59515571594238
CE_control_0.1,2,493,19.1349983215332
Distill25_0.1,2,493,18.8159942626953
CE_control_0.25,2,493,16.8881416320801
Distill25_0.25,2,493,19.2070007324219
Current,2,493,0.885963439941406
Distill50_0.1,2,493,16.8898105621338
Distill50_0.25,2,493,17.4949169158936
CE_control_0.5,2,493,15.5379772186279
CE_control_1.0,2,493,9.13882255554199
Distill50_1.0,2,493,23.5850811004639
Distill25_1.0,2,493,8.61191749572754
Distill25_0.5,2,493,16.3581371307373
Distill50_0.5,2,493,15.6331062316895
CE_control_0.5,2,11,18.5201168060303
CE_control_0.1,2,11,16.9990062713623
CE_control_1.0,2,11,9.32979583740234
Distill25_1.0,2,11,8.47792625427246
Distill25_0.1,2,11,15.4781341552734
Distill50_0.5,2,11,16.4198875427246
Distill50_0.1,2,11,15.841007232666
CE_control_0.25,2,11,16.4470672607422
Distill25_0.5,2,11,17.7500247955322
Distill50_0.25,2,11,16.4811611175537
Distill50_1.0,2,11,8.5289478302002
Current,2,11,1.36780738830566
Distill25_0.25,2,11,17.1639919281006
Distill25_0.1,1,209,22.4831104278564
Distill50_0.5,1,209,21.690845489502
Current,1,209,0.752925872802734
Distill25_0.5,1,209,22.1109390258789
CE_control_0.25,1,209,22.6449966430664
CE_control_0.1,1,209,20.9479331970215
Distill50_1.0,1,209,12.3789310455322
CE_control_1.0,1,209,11.3849639892578
Distill50_0.1,1,209,22.0589637756348
Distill50_0.25,1,209,21.7390060424805
Distill25_0.25,1,209,24.9519348144531
CE_control_0.5,1,209,22.0561027526855
Distill25_1.0,1,209,12.1228694915771
Distill25_0.25,1,560,16.0129070281982
Current,1,560,0.779867172241211
CE_control_0.1,1,560,16.2851810455322
CE_control_0.25,1,560,30.4479598999023
Distill25_0.1,1,560,17.6448822021484
Distill50_0.1,1,560,17.9059505462646
Distill50_0.25,1,560,16.340970993042
CE_control_1.0,1,560,9.06491279602051
Distill50_1.0,1,560,10.3049278259277
Distill25_1.0,1,560,9.58681106567383
Distill25_0.5,1,560,16.4539813995361
CE_control_0.5,1,560,16.3800716400146
Distill50_0.5,1,560,17.1041488647461
Distill50_0.5,2,401,18.7921524047852
Distill50_1.0,2,401,9.09209251403809
Distill50_0.1,2,401,19.3769931793213
Current,2,401,1.10101699829102
Distill25_0.25,2,401,18.4710025787354
CE_control_0.5,2,401,18.455982208252
Distill25_1.0,2,401,9.57012176513672
CE_control_0.1,2,401,20.4579830169678
Distill50_0.25,2,401,18.0909633636475
Distill25_0.1,2,401,18.0227756500244
Distill25_0.5,2,401,18.5708999633789
CE_control_1.0,2,401,8.30411911010742
CE_control_0.25,2,401,16.7911052703857
Distill50_0.1,1,485,18.2011127471924
Distill50_0.5,1,485,18.1448459625244
CE_control_0.25,1,485,17.7750587463379
CE_control_0.1,1,485,18.8090801239014
CE_control_0.5,1,485,19.183874130249
Current,1,485,1.06501579284668
Distill25_1.0,1,485,10.6229782104492
CE_control_1.0,1,485,8.52298736572266
Distill50_1.0,1,485,9.05895233154297
Distill25_0.25,1,485,19.1919803619385
Distill50_0.25,1,485,21.4121341705322
Distill25_0.5,1,485,19.4268226623535
Distill25_0.1,1,485,19.1941261291504
Distill25_1.0,1,551,9.37604904174805
Distill25_0.5,1,551,20.3549861907959
Distill50_0.1,1,551,19.665002822876
Current,1,551,0.900030136108398
Distill50_0.5,1,551,20.2679634094238
Distill50_1.0,1,551,21.3499069213867
CE_control_0.1,1,551,17.8549289703369
CE_control_1.0,1,551,7.90309906005859
CE_control_0.25,1,551,17.1749591827393
Distill25_0.25,1,551,19.2010402679443
Distill50_0.25,1,551,18.9502239227295
CE_control_0.5,1,551,19.8380947113037
Distill25_0.1,1,551,19.5322036743164
Current,2,106,0.799894332885742
Distill50_0.5,2,106,16.2768363952637
CE_control_0.5,2,106,16.4670944213867
Distill25_1.0,2,106,9.89103317260742
Distill50_0.1,2,106,19.6869373321533
CE_control_1.0,2,106,9.33098793029785
Distill25_0.25,2,106,17.9288387298584
CE_control_0.1,2,106,18.1801319122314
Distill50_1.0,2,106,9.38010215759277
Distill25_0.1,2,106,18.4421539306641
Distill50_0.25,2,106,18.0399417877197
CE_control_0.25,2,106,18.2280540466309
Distill25_0.5,2,106,17.0590877532959
Current,2,42,1.10888481140137
Distill50_0.25,2,42,16.7388916015625
Distill50_0.1,2,42,19.1130638122559
CE_control_1.0,2,42,8.31222534179688
CE_control_0.1,2,42,19.1497802734375
Distill25_1.0,2,42,10.1568698883057
Distill25_0.25,2,42,17.085075378418
Distill50_0.5,2,42,17.9679393768311
CE_control_0.5,2,42,19.1679000854492
CE_control_0.25,2,42,19.0680027008057
Distill25_0.5,2,42,18.2781219482422
Distill50_1.0,2,42,8.18610191345215
Distill25_0.1,2,42,18.0468559265137
Distill50_0.25,1,189,20.2600955963135
Distill25_0.5,1,189,19.5248126983643
Distill25_1.0,1,189,8.06689262390137
Distill50_0.1,1,189,20.7250118255615
CE_control_0.25,1,189,31.3241481781006
CE_control_0.5,1,189,17.3580646514893
Distill50_0.5,1,189,18.1269645690918
Distill25_0.25,1,189,17.2629356384277
Distill25_0.1,1,189,18.5351371765137
CE_control_0.1,1,189,17.8310871124268
CE_control_1.0,1,189,9.04297828674316
Distill50_1.0,1,189,9.54580307006836
Current,1,189,0.818014144897461
Distill50_1.0,2,40,8.36896896362305
Distill50_0.1,2,40,17.8978443145752
Distill25_0.25,2,40,17.6339149475098
Distill25_0.5,2,40,17.8148746490479
CE_control_0.5,2,40,16.0040855407715
CE_control_0.1,2,40,15.7439708709717
Distill50_0.25,2,40,15.7959461212158
Distill25_1.0,2,40,7.5068473815918
CE_control_0.25,2,40,17.0261859893799
Current,2,40,1.28388404846191
CE_control_1.0,2,40,9.82403755187988
Distill50_0.5,2,40,17.4009799957275
Distill25_0.1,2,40,18.0389881134033
Distill25_1.0,1,267,9.28688049316406
CE_control_0.5,1,267,17.1151161193848
CE_control_0.1,1,267,16.2999629974365
CE_control_1.0,1,267,7.5831413269043
Distill25_0.5,1,267,16.697883605957
Current,1,267,0.922918319702148
Distill50_1.0,1,267,8.7578296661377
CE_control_0.25,1,267,16.5479183197021
Distill50_0.5,1,267,16.3350105285645
Distill25_0.1,1,267,16.4921283721924
Distill50_0.1,1,267,16.6959762573242
Distill25_0.25,1,267,16.7310237884521
Distill50_0.25,1,267,18.4400081634521
Distill50_0.5,3,359,17.5240039825439
Distill50_0.25,3,359,19.0479755401611
CE_control_0.1,3,359,19.4509029388428
Distill50_0.1,3,359,18.9070701599121
Distill25_0.1,3,359,32.2141647338867
Distill25_0.5,3,359,18.1851387023926
Distill25_1.0,3,359,9.58108901977539
Distill25_0.25,3,359,20.211935043335
CE_control_0.5,3,359,18.4969902038574
Current,3,359,0.985145568847656
Distill50_1.0,3,359,9.30309295654297
CE_control_0.25,3,359,18.5451507568359
CE_control_1.0,3,359,9.91511344909668
CE_control_0.5,1,107,15.498161315918
Distill50_0.1,1,107,16.8728828430176
Current,1,107,0.669956207275391
Distill50_0.25,1,107,16.2479877471924
Distill25_0.25,1,107,16.4999961853027
Distill25_1.0,1,107,10.3640556335449
CE_control_0.1,1,107,17.0130729675293
Distill50_0.5,1,107,17.4379348754883
CE_control_0.25,1,107,16.8972015380859
Distill50_1.0,1,107,9.74011421203613
CE_control_1.0,1,107,10.606050491333
Distill25_0.1,1,107,17.549991607666
Distill25_0.5,1,107,17.568826675415
Distill50_0.1,1,233,24.5039463043213
Distill50_0.5,1,233,22.6280689239502
CE_control_0.5,1,233,23.0908393859863
CE_control_0.1,1,233,22.2511291503906
Distill25_0.5,1,233,21.6751098632813
Distill50_0.25,1,233,26.9320011138916
Distill50_1.0,1,233,10.2560520172119
Current,1,233,1.00493431091309
CE_control_1.0,1,233,10.9610557556152
CE_control_0.25,1,233,22.874116897583
Distill25_0.1,1,233,22.8559970855713
Distill25_1.0,1,233,10.7560157775879
Distill25_0.25,1,233,33.1690311431885
Distill50_0.25,1,538,18.0609226226807
CE_control_0.25,1,538,18.7640190124512
Current,1,538,0.831127166748047
Distill25_0.1,1,538,17.1301364898682
Distill50_0.1,1,538,17.5271034240723
CE_control_1.0,1,538,9.46497917175293
CE_control_0.5,1,538,16.7868137359619
Distill25_0.5,1,538,17.2970294952393
Distill25_1.0,1,538,9.02295112609863
Distill50_1.0,1,538,10.7910633087158
CE_control_0.1,1,538,17.6389217376709
Distill25_0.25,1,538,18.1910991668701
Distill50_0.5,1,538,17.8399085998535
Current,1,442,0.686168670654297
Distill25_0.1,1,442,15.7999992370605
CE_control_1.0,1,442,8.98003578186035
Distill25_1.0,1,442,7.42816925048828
CE_control_0.5,1,442,16.4878368377686
Distill50_0.5,1,442,16.9250965118408
Distill50_1.0,1,442,10.1370811462402
Distill50_0.1,1,442,16.6521072387695
CE_control_0.1,1,442,17.4949169158936
Distill25_0.5,1,442,16.9229507446289
Distill50_0.25,1,442,16.8302059173584
CE_control_0.25,1,442,16.4220333099365
Distill25_0.25,1,442,16.5839195251465
CE_control_0.5,1,535,16.1828994750977
Distill25_0.1,1,535,18.1560516357422
CE_control_1.0,1,535,11.0580921173096
Distill25_1.0,1,535,9.41109657287598
Distill50_0.5,1,535,17.3349380493164
Distill50_0.1,1,535,16.3130760192871
Distill25_0.5,1,535,16.4611339569092
CE_control_0.25,1,535,16.2169933319092
Distill50_1.0,1,535,9.95898246765137
Distill25_0.25,1,535,26.7939567565918
Distill50_0.25,1,535,15.8729553222656
Current,1,535,0.869035720825195
CE_control_0.1,1,535,16.6168212890625
CE_control_1.0,2,459,8.67509841918945
CE_control_0.1,2,459,14.8169994354248
CE_control_0.25,2,459,16.3969993591309
Distill50_0.25,2,459,16.9081687927246
CE_control_0.5,2,459,16.3750648498535
Distill50_0.5,2,459,18.2979106903076
Distill50_1.0,2,459,10.066032409668
Current,2,459,0.79798698425293
Distill25_1.0,2,459,9.44185256958008
Distill25_0.25,2,459,16.373872756958
Distill25_0.1,2,459,16.2839889526367
Distill25_0.5,2,459,16.1209106445313
Distill50_0.1,2,459,16.726016998291
CE_control_0.25,3,593,18.3091163635254
Distill25_0.5,3,593,18.0799961090088
Distill50_1.0,3,593,9.01007652282715
Distill25_0.25,3,593,18.686056137085
Distill50_0.5,3,593,18.3730125427246
Distill25_1.0,3,593,8.7740421295166
Distill50_0.1,3,593,19.6380615234375
CE_control_0.5,3,593,18.6610221862793
Current,3,593,0.99492073059082
Distill50_0.25,3,593,17.7929401397705
CE_control_1.0,3,593,8.66007804870606
CE_control_0.1,3,593,18.8040733337402
Distill25_0.1,3,593,18.5239315032959
Current,3,95,0.817060470581055
CE_control_0.25,3,95,17.2598361968994
Distill50_0.5,3,95,16.1118507385254
Distill25_1.0,3,95,7.965087890625
Distill25_0.25,3,95,17.2598361968994
Distill50_0.25,3,95,17.3919200897217
CE_control_1.0,3,95,10.0259780883789
CE_control_0.1,3,95,17.1182155609131
Distill25_0.5,3,95,17.6970958709717
Distill25_0.1,3,95,29.5479297637939
CE_control_0.5,3,95,16.5719985961914
Distill50_0.1,3,95,16.5169239044189
Distill50_1.0,3,95,7.94100761413574
Distill50_1.0,1,2,9.63497161865234
CE_control_0.1,1,2,18.3119773864746
Distill25_1.0,1,2,8.7890625
CE_control_0.5,1,2,17.3759460449219
Distill25_0.1,1,2,16.016960144043
Distill25_0.25,1,2,17.2250270843506
CE_control_0.25,1,2,17.3490047454834
Distill50_0.5,1,2,17.7531242370605
Distill25_0.5,1,2,16.8170928955078
Current,1,2,0.74005126953125
CE_control_1.0,1,2,7.72404670715332
Distill50_0.25,1,2,17.9929733276367
Distill50_0.1,1,2,17.8158283233643
Distill50_0.1,3,222,15.2270793914795
Distill50_0.5,3,222,15.3050422668457
Current,3,222,0.777006149291992
Distill50_0.25,3,222,15.6810283660889
Distill25_1.0,3,222,8.70513916015625
Distill25_0.5,3,222,15.3429508209229
CE_control_0.1,3,222,15.408992767334
Distill25_0.25,3,222,16.2038803100586
CE_control_0.25,3,222,17.1089172363281
Distill50_1.0,3,222,8.4068775177002
CE_control_0.5,3,222,15.9912109375
Distill25_0.1,3,222,16.787052154541
CE_control_1.0,3,222,8.84294509887695
Distill25_1.0,3,517,7.95483589172363
Current,3,517,0.903129577636719
Distill50_0.5,3,517,15.6309604644775
CE_control_1.0,3,517,8.35299491882324
CE_control_0.25,3,517,15.3040885925293
Distill50_0.1,3,517,15.610933303833
Distill50_0.25,3,517,16.3400173187256
Distill25_0.25,3,517,16.2739753723145
CE_control_0.1,3,517,17.2970294952393
Distill50_1.0,3,517,8.77499580383301
CE_control_0.5,3,517,27.7080535888672
Distill25_0.5,3,517,17.6980495452881
Distill25_0.1,3,517,17.164945602417
Distill50_0.5,1,281,18.1920528411865
CE_control_0.1,1,281,16.9730186462402
Distill50_0.25,1,281,17.2538757324219
Distill50_0.1,1,281,16.7629718780518
Current,1,281,0.911951065063477
CE_control_0.5,1,281,16.0939693450928
Distill50_1.0,1,281,8.46195220947266
Distill25_0.5,1,281,17.1518325805664
Distill25_1.0,1,281,9.35196876525879
CE_control_1.0,1,281,8.49604606628418
Distill25_0.25,1,281,17.6858901977539
CE_control_0.25,1,281,20.0819969177246
Distill25_0.1,1,281,17.27294921875
Distill50_0.1,3,109,19.8869705200195
Distill25_0.5,3,109,19.2749500274658
CE_control_0.5,3,109,20.0109481811523
Distill25_0.25,3,109,21.198034286499
CE_control_0.25,3,109,20.1981067657471
Distill50_0.25,3,109,19.9282169342041
Distill50_1.0,3,109,11.0700130462646
Current,3,109,0.948905944824219
CE_control_1.0,3,109,10.3070735931396
Distill50_0.5,3,109,21.0950374603271
Distill25_0.1,3,109,20.6549167633057
Distill25_1.0,3,109,10.6649398803711
CE_control_0.1,3,109,21.669864654541
Distill25_0.5,2,425,19.2661285400391
Distill50_1.0,2,425,9.78708267211914
Distill50_0.5,2,425,19.2348957061768
Current,2,425,0.777006149291992
CE_control_0.1,2,425,18.6879634857178
CE_control_1.0,2,425,9.70196723937988
CE_control_0.5,2,425,29.7389030456543
Distill25_1.0,2,425,8.83603096008301
CE_control_0.25,2,425,17.0278549194336
Distill25_0.25,2,425,18.4600353240967
Distill50_0.25,2,425,19.3688869476318
Distill50_0.1,2,425,18.3498859405518
Distill25_0.1,2,425,17.8661346435547
CE_control_1.0,2,567,7.23385810852051
Distill25_0.1,2,567,14.2490863800049
CE_control_0.5,2,567,14.5339965820313
Distill25_1.0,2,567,7.54284858703613
Distill50_0.5,2,567,15.7701969146729
Distill50_0.25,2,567,16.1979198455811
Current,2,567,0.697135925292969
Distill25_0.25,2,567,15.3779983520508
Distill25_0.5,2,567,14.8940086364746
Distill50_1.0,2,567,8.55493545532227
CE_control_0.1,2,567,15.7241821289063
Distill50_0.1,2,567,15.3141021728516
CE_control_0.25,2,567,15.704870223999
CE_control_1.0,1,489,8.23712348937988
Distill25_0.25,1,489,16.477108001709
Distill25_0.5,1,489,16.1869525909424
CE_control_0.25,1,489,16.1468982696533
Distill50_1.0,1,489,8.38398933410645
Distill50_0.25,1,489,16.6530609130859
Distill50_0.1,1,489,17.2278881072998
CE_control_0.1,1,489,16.7820453643799
Distill50_0.5,1,489,16.2358283996582
Distill25_0.1,1,489,16.3981914520264
Current,1,489,0.78892707824707
CE_control_0.5,1,489,17.0938968658447
Distill25_1.0,1,489,8.00108909606934
Current,3,592,1.35707855224609
CE_control_0.25,3,592,18.7389850616455
CE_control_1.0,3,592,9.05013084411621
Distill50_0.5,3,592,17.7428722381592
CE_control_0.5,3,592,18.0439949035645
Distill50_1.0,3,592,10.3600025177002
Distill50_0.1,3,592,29.7110080718994
Distill50_0.25,3,592,16.2491798400879
Distill25_0.25,3,592,16.9730186462402
CE_control_0.1,3,592,15.96999168396
Distill25_0.1,3,592,16.7040824890137
Distill25_0.5,3,592,16.2720680236816
Distill25_1.0,3,592,10.5280876159668
Distill50_1.0,2,224,9.70911979675293
CE_control_1.0,2,224,8.11290740966797
Distill25_0.5,2,224,18.2409286499023
Distill25_0.1,2,224,18.4700489044189
CE_control_0.1,2,224,17.6160335540771
Current,2,224,0.758886337280273
CE_control_0.25,2,224,16.6771411895752
Distill50_0.5,2,224,17.6119804382324
Distill25_0.25,2,224,18.2039737701416
Distill50_0.1,2,224,18.683910369873
Distill25_1.0,2,224,10.47682762146
Distill50_0.25,2,224,19.1688537597656
CE_control_0.5,2,224,19.2749500274658
Distill25_0.1,3,175,20.9569931030273
Distill50_0.25,3,175,22.244930267334
Distill50_0.5,3,175,20.4660892486572
Distill25_0.25,3,175,20.7271575927734
CE_control_0.1,3,175,22.4840641021729
CE_control_0.5,3,175,21.6159820556641
Distill50_1.0,3,175,9.06491279602051
CE_control_1.0,3,175,9.73701477050781
CE_control_0.25,3,175,19.3631649017334
Distill25_0.5,3,175,20.0967788696289
Distill25_1.0,3,175,8.64505767822266
Current,3,175,0.821828842163086
Distill50_0.1,3,175,19.8879241943359
Distill50_1.0,3,41,9.30905342102051
CE_control_1.0,3,41,8.33296775817871
Distill25_0.1,3,41,19.3300247192383
Distill50_0.25,3,41,18.6660289764404
CE_control_0.25,3,41,30.0631523132324
Distill25_0.25,3,41,17.3690319061279
Current,3,41,0.956058502197266
CE_control_0.1,3,41,16.8671607971191
Distill25_1.0,3,41,7.81488418579102
CE_control_0.5,3,41,20.3070640563965
Distill50_0.1,3,41,18.88108253479
Distill25_0.5,3,41,16.9618129730225
Distill50_0.5,3,41,16.7629718780518
CE_control_0.5,2,216,18.5821056365967
Current,2,216,0.792980194091797
Distill25_0.5,2,216,17.9169178009033
Distill50_0.1,2,216,18.3548927307129
CE_control_0.25,2,216,18.7649726867676
Distill25_0.1,2,216,20.2760696411133
Distill25_1.0,2,216,8.75592231750488
Distill50_1.0,2,216,9.31906700134277
CE_control_1.0,2,216,8.45003128051758
Distill25_0.25,2,216,19.7069644927979
Distill50_0.5,2,216,19.8688507080078
Distill50_0.25,2,216,20.1361179351807
CE_control_0.1,2,216,19.7820663452148
CE_control_0.5,3,157,17.0009136199951
Distill50_1.0,3,157,10.066032409668
Distill25_0.1,3,157,17.02880859375
CE_control_1.0,3,157,9.52911376953125
Distill25_1.0,3,157,10.8358860015869
Current,3,157,0.838994979858398
Distill50_0.1,3,157,16.9320106506348
Distill25_0.25,3,157,16.8628692626953
CE_control_0.25,3,157,17.2009468078613
Distill50_0.25,3,157,17.7910327911377
Distill25_0.5,3,157,18.1419849395752
Distill50_0.5,3,157,18.7788009643555
CE_control_0.1,3,157,17.4980163574219
Distill50_0.5,2,332,15.6819820404053
Distill25_0.25,2,332,17.819881439209
CE_control_0.1,2,332,15.6090259552002
CE_control_0.25,2,332,14.4710540771484
Current,2,332,0.735998153686523
CE_control_1.0,2,332,8.45599174499512
Distill50_1.0,2,332,8.43906402587891
Distill50_0.1,2,332,14.646053314209
Distill25_1.0,2,332,8.95380973815918
Distill25_0.5,2,332,13.2730007171631
CE_control_0.5,2,332,13.5071277618408
Distill25_0.1,2,332,15.8960819244385
Distill50_0.25,2,332,15.9649848937988
Distill25_0.5,2,540,20.0798511505127
Distill50_0.1,2,540,20.0479030609131
Distill25_0.1,2,540,17.8661346435547
Current,2,540,0.797033309936523
Distill50_1.0,2,540,8.34298133850098
CE_control_0.25,2,540,18.8641548156738
Distill50_0.25,2,540,19.0160274505615
CE_control_1.0,2,540,8.51678848266602
Distill25_1.0,2,540,9.07707214355469
CE_control_0.5,2,540,18.6798572540283
Distill50_0.5,2,540,18.481969833374
Distill25_0.25,2,540,17.9212093353271
CE_control_0.1,2,540,18.7640190124512
Distill25_0.5,1,57,19.7501182556152
Current,1,57,0.790119171142578
Distill50_0.1,1,57,19.6390151977539
CE_control_1.0,1,57,8.22186470031738
Distill25_0.1,1,57,22.5019454956055
Distill25_1.0,1,57,9.2780590057373
CE_control_0.1,1,57,20.3630924224854
Distill25_0.25,1,57,20.5440521240234
Distill50_0.5,1,57,20.643949508667
CE_control_0.25,1,57,19.7770595550537
CE_control_0.5,1,57,20.1730728149414
Distill50_0.25,1,57,31.0311317443848
Distill50_1.0,1,57,9.56416130065918
Distill50_1.0,2,59,7.7669620513916
Distill50_0.5,2,59,18.3439254760742
Current,2,59,0.777959823608398
CE_control_1.0,2,59,8.73303413391113
CE_control_0.5,2,59,16.5328979492188
Distill50_0.1,2,59,16.4141654968262
Distill25_0.5,2,59,17.4670219421387
Distill50_0.25,2,59,17.1830654144287
Distill25_0.1,2,59,17.258882522583
CE_control_0.25,2,59,17.8649425506592
Distill25_1.0,2,59,9.57703590393066
Distill25_0.25,2,59,16.6809558868408
CE_control_0.1,2,59,16.0770416259766
CE_control_0.5,1,368,14.2309665679932
Distill50_0.25,1,368,14.4109725952148
Distill50_0.1,1,368,14.1048431396484
Distill25_0.1,1,368,16.4499282836914
Distill50_0.5,1,368,17.5638198852539
Current,1,368,0.986099243164062
Distill25_0.25,1,368,16.2060260772705
CE_control_0.25,1,368,16.6299343109131
Distill25_0.5,1,368,16.1259174346924
CE_control_0.1,1,368,18.3031558990479
Distill50_1.0,1,368,8.85796546936035
CE_control_1.0,1,368,10.7400417327881
Distill25_1.0,1,368,10.1869106292725
Distill25_0.1,1,372,18.9940929412842
CE_control_0.5,1,372,18.0249214172363
Distill50_0.25,1,372,18.1441307067871
Distill25_0.5,1,372,17.6150798797607
Current,1,372,0.747919082641602
CE_control_0.1,1,372,17.6239013671875
Distill25_1.0,1,372,10.1368427276611
Distill50_1.0,1,372,8.29482078552246
Distill25_0.25,1,372,19.5531845092773
Distill50_0.1,1,372,19.136905670166
Distill50_0.5,1,372,30.6720733642578
CE_control_1.0,1,372,9.42683219909668
CE_control_0.25,1,372,17.4028873443604
Distill25_0.1,1,312,18.2769298553467
CE_control_0.25,1,312,18.3248519897461
Distill25_1.0,1,312,9.29403305053711
CE_control_0.1,1,312,16.5920257568359
Current,1,312,0.912904739379883
Distill25_0.5,1,312,16.9429779052734
Distill25_0.25,1,312,17.5001621246338
Distill50_0.1,1,312,18.8319683074951
Distill50_1.0,1,312,9.57083702087402
CE_control_1.0,1,312,7.60197639465332
Distill50_0.5,1,312,18.3188915252686
Distill50_0.25,1,312,17.5039768218994
CE_control_0.5,1,312,16.9820785522461
Distill50_0.1,2,182,16.3469314575195
CE_control_0.1,2,182,19.0200805664063
Current,2,182,1.15108489990234
Distill25_0.1,2,182,18.0380344390869
Distill50_0.25,2,182,17.6401138305664
Distill50_1.0,2,182,9.02581214904785
CE_control_1.0,2,182,9.14788246154785
Distill25_0.5,2,182,17.6000595092773
CE_control_0.5,2,182,17.7440643310547
Distill25_1.0,2,182,10.3521347045898
Distill25_0.25,2,182,17.5960063934326
CE_control_0.25,2,182,17.3549652099609
Distill50_0.5,2,182,18.7849998474121
Current,1,50,0.850200653076172
Distill50_0.1,1,50,19.5040702819824
Distill50_0.5,1,50,18.6998844146729
Distill50_1.0,1,50,9.44113731384277
CE_control_1.0,1,50,11.1360549926758
Distill25_0.1,1,50,19.1049575805664
CE_control_0.1,1,50,17.880916595459
CE_control_0.25,1,50,18.3048248291016
CE_control_0.5,1,50,19.6919441223145
Distill50_0.25,1,50,32.8679084777832
Distill25_0.5,1,50,20.3299522399902
Distill25_0.25,1,50,17.5261497497559
Distill25_1.0,1,50,8.27908515930176
CE_control_0.25,2,576,15.1629447937012
Distill25_0.1,2,576,14.1630172729492
Distill50_0.5,2,576,14.2099857330322
Current,2,576,0.697851181030273
Distill50_0.1,2,576,14.8148536682129
CE_control_0.5,2,576,15.4209136962891
Distill25_0.5,2,576,17.3931121826172
Distill25_0.25,2,576,18.6679363250732
CE_control_0.1,2,576,17.2860622406006
Distill25_1.0,2,576,9.70196723937988
Distill50_0.25,2,576,17.5769329071045
Distill50_1.0,2,576,9.55700874328613
CE_control_1.0,2,576,10.7219219207764
CE_control_1.0,2,272,8.68606567382813
Distill25_0.25,2,272,19.4380283355713
Distill50_0.25,2,272,17.1999931335449
Distill50_0.1,2,272,16.6430473327637
Distill25_0.5,2,272,18.1608200073242
Distill25_0.1,2,272,18.4950828552246
Distill50_1.0,2,272,8.96096229553223
CE_control_0.5,2,272,18.75901222229
Distill50_0.5,2,272,18.8651084899902
Distill25_1.0,2,272,10.2560520172119
CE_control_0.1,2,272,19.4330215454102
Current,2,272,0.844001770019531
CE_control_0.25,2,272,18.5110569000244
Distill25_1.0,2,344,9.05704498291016
Distill50_0.25,2,344,19.6490287780762
Current,2,344,0.900030136108398
Distill50_0.5,2,344,18.7880992889404
Distill50_0.1,2,344,19.8819637298584
CE_control_0.1,2,344,19.4761753082275
CE_control_1.0,2,344,10.1368427276611
CE_control_0.5,2,344,18.989086151123
Distill50_1.0,2,344,10.1339817047119
Distill25_0.1,2,344,19.5369720458984
CE_control_0.25,2,344,18.5971260070801
Distill25_0.5,2,344,17.4071788787842
Distill25_0.25,2,344,17.7371501922607
Distill25_0.1,1,270,18.4600353240967
Current,1,270,0.964879989624023
Distill50_0.1,1,270,18.0590152740479
Distill25_0.25,1,270,18.6769962310791
CE_control_0.1,1,270,19.9668407440186
Distill50_0.5,1,270,19.6681022644043
Distill25_1.0,1,270,9.83190536499023
CE_control_1.0,1,270,11.6860866546631
CE_control_0.25,1,270,17.833948135376
CE_control_0.5,1,270,18.0370807647705
Distill50_1.0,1,270,12.1581554412842
Distill50_0.25,1,270,17.7497863769531
Distill25_0.5,1,270,18.683910369873
CE_control_1.0,2,460,10.3580951690674
Distill50_0.5,2,460,19.9999809265137
Distill25_1.0,2,460,9.89603996276855
Distill50_0.1,2,460,18.517017364502
Distill25_0.5,2,460,17.5831317901611
CE_control_0.1,2,460,17.0118808746338
Distill50_1.0,2,460,8.46600532531738
Distill25_0.1,2,460,19.7358131408691
Distill25_0.25,2,460,18.2690620422363
CE_control_0.25,2,460,18.2678699493408
CE_control_0.5,2,460,17.193078994751
Current,2,460,0.693798065185547
Distill50_0.25,2,460,17.8291797637939
CE_control_0.25,3,259,25.7899761199951
Distill25_0.1,3,259,15.15793800354
CE_control_0.5,3,259,15.1839256286621
Distill25_0.25,3,259,15.9239768981934
CE_control_1.0,3,259,9.02509689331055
Distill25_0.5,3,259,14.7941112518311
Distill25_1.0,3,259,8.99791717529297
Distill50_1.0,3,259,10.68115234375
Distill50_0.5,3,259,17.096996307373
Current,3,259,0.807046890258789
CE_control_0.1,3,259,16.0272121429443
Distill50_0.1,3,259,15.8059597015381
Distill50_0.25,3,259,15.9330368041992
Distill25_0.5,1,589,19.4461345672607
CE_control_1.0,1,589,9.96184349060059
Distill50_0.5,1,589,18.3827877044678
CE_control_0.25,1,589,18.7709331512451
Distill25_1.0,1,589,9.0022087097168
Current,1,589,1.11103057861328
CE_control_0.1,1,589,18.6140537261963
Distill50_1.0,1,589,8.51297378540039
Distill25_0.25,1,589,20.3571319580078
Distill50_0.25,1,589,18.0819034576416
Distill50_0.1,1,589,19.0539360046387
Distill25_0.1,1,589,19.1679000854492
CE_control_0.5,1,589,19.4201469421387
Distill25_0.1,2,481,22.9439735412598
CE_control_1.0,2,481,8.82601737976074
Distill50_0.25,2,481,20.9641456604004
Distill50_0.5,2,481,20.3330516815186
Distill50_0.1,2,481,19.9210643768311
Distill50_1.0,2,481,9.06515121459961
Distill25_1.0,2,481,9.9949836730957
CE_control_0.25,2,481,19.4449424743652
Current,2,481,1.16395950317383
Distill25_0.25,2,481,20.7259654998779
Distill25_0.5,2,481,19.456148147583
CE_control_0.5,2,481,19.9599266052246
CE_control_0.1,2,481,32.9339504241943
Distill50_1.0,3,28,9.15098190307617
Distill50_0.1,3,28,18.5279846191406
Distill25_0.25,3,28,17.8351402282715
Distill50_0.25,3,28,18.6309814453125
Distill25_1.0,3,28,8.21709632873535
Distill25_0.5,3,28,18.3980464935303
Distill50_0.5,3,28,19.1769599914551
CE_control_0.1,3,28,18.5589790344238
Current,3,28,0.782012939453125
Distill25_0.1,3,28,18.8698768615723
CE_control_0.5,3,28,19.254207611084
CE_control_0.25,3,28,19.5720195770264
CE_control_1.0,3,28,9.2921257019043
Distill50_1.0,2,279,8.69917869567871
CE_control_0.25,2,279,17.3358917236328
Distill25_0.5,2,279,17.3358917236328
Distill25_0.25,2,279,16.8898105621338
CE_control_0.1,2,279,16.7999267578125
Current,2,279,1.06191635131836
Distill50_0.25,2,279,17.5769329071045
CE_control_1.0,2,279,8.42404365539551
Distill25_1.0,2,279,9.21201705932617
Distill25_0.1,2,279,17.80104637146
Distill50_0.1,2,279,17.909049987793
CE_control_0.5,2,279,18.7838077545166
Distill50_0.5,2,279,19.4220542907715
CE_control_0.1,3,371,20.270824432373
Distill50_0.5,3,371,19.6940898895264
Distill50_0.25,3,371,18.6338424682617
Distill50_0.1,3,371,20.3108787536621
CE_control_0.5,3,371,20.0858116149902
Current,3,371,0.956058502197266
Distill25_1.0,3,371,8.74400138854981
Distill25_0.5,3,371,19.8729038238525
Distill25_0.1,3,371,20.3039646148682
Distill25_0.25,3,371,18.8260078430176
Distill50_1.0,3,371,8.09192657470703
CE_control_1.0,3,371,21.9311714172363
CE_control_0.25,3,371,17.1408653259277
Distill25_0.5,2,527,16.7520046234131
Distill25_0.25,2,527,16.4170265197754
CE_control_1.0,2,527,7.57789611816406
Distill25_1.0,2,527,9.26995277404785
Distill50_0.25,2,527,16.7078971862793
Current,2,527,0.783920288085938
Distill50_1.0,2,527,8.46314430236816
Distill50_0.1,2,527,16.4749622344971
CE_control_0.1,2,527,17.7299976348877
CE_control_0.5,2,527,19.1600322723389
Distill50_0.5,2,527,17.841100692749
Distill25_0.1,2,527,16.2868499755859
CE_control_0.25,2,527,17.0519351959229
Distill25_1.0,3,38,8.44001770019531
Current,3,38,1.02686882019043
Distill50_0.25,3,38,17.7948474884033
Distill25_0.5,3,38,16.7789459228516
CE_control_1.0,3,38,10.1950168609619
Distill25_0.25,3,38,17.8759098052979
CE_control_0.1,3,38,18.2380676269531
CE_control_0.5,3,38,18.4848308563232
Distill50_0.5,3,38,17.3661708831787
Distill50_1.0,3,38,9.00387763977051
Distill25_0.1,3,38,16.8991088867188
CE_control_0.25,3,38,17.4040794372559
Distill50_0.1,3,38,17.8699493408203
Distill50_0.25,3,262,15.8660411834717
Distill50_0.5,3,262,16.1349773406982
Current,3,262,0.699043273925781
Distill25_1.0,3,262,9.61709022521973
CE_control_1.0,3,262,8.72492790222168
CE_control_0.25,3,262,15.8350467681885
Distill25_0.1,3,262,17.2569751739502
Distill50_0.1,3,262,16.8709754943848
Distill25_0.25,3,262,26.4761447906494
CE_control_0.1,3,262,16.3419246673584
CE_control_0.5,3,262,15.2261257171631
Distill25_0.5,3,262,15.5580043792725
Distill50_1.0,3,262,9.20295715332031
Distill25_0.1,3,482,18.8729763031006
Current,3,482,0.841856002807617
CE_control_1.0,3,482,8.04996490478516
Distill25_0.5,3,482,18.39280128479
CE_control_0.25,3,482,18.6820030212402
Distill50_0.5,3,482,19.26589012146
Distill50_0.1,3,482,19.1371440887451
CE_control_0.5,3,482,18.6679363250732
CE_control_0.1,3,482,17.6000595092773
Distill25_0.25,3,482,17.8890228271484
Distill25_1.0,3,482,9.08899307250977
Distill50_0.25,3,482,17.9200172424316
Distill50_1.0,3,482,8.57615470886231
CE_control_0.5,3,2,19.5779800415039
CE_control_0.25,3,2,19.5190906524658
Distill25_0.25,3,2,19.258975982666
Distill25_0.1,3,2,18.9318656921387
Current,3,2,0.763893127441406
Distill50_0.5,3,2,19.1469192504883
Distill50_0.1,3,2,19.7210311889648
CE_control_0.1,3,2,19.8609828948975
CE_control_1.0,3,2,8.86392593383789
Distill25_0.5,3,2,19.9868679046631
Distill25_1.0,3,2,9.6280574798584
Distill50_0.25,3,2,19.1559791564941
Distill50_1.0,3,2,9.27591323852539
Distill25_1.0,3,571,9.48500633239746
CE_control_1.0,3,571,10.2980136871338
CE_control_0.1,3,571,15.8288478851318
Current,3,571,0.789880752563477
Distill50_0.5,3,571,16.4918899536133
Distill50_1.0,3,571,9.13596153259277
CE_control_0.25,3,571,16.6399478912354
Distill50_0.25,3,571,32.3941707611084
CE_control_0.5,3,571,15.6400203704834
Distill25_0.25,3,571,16.103982925415
Distill25_0.5,3,571,16.9801712036133
Distill50_0.1,3,571,15.2559280395508
Distill25_0.1,3,571,16.038179397583
CE_control_0.1,3,114,18.0590152740479
Current,3,114,0.927925109863281
Distill50_0.5,3,114,18.4769630432129
Distill25_0.1,3,114,19.3111896514893
Distill25_1.0,3,114,10.2939605712891
Distill25_0.25,3,114,20.2820301055908
CE_control_0.25,3,114,18.5811519622803
CE_control_1.0,3,114,9.7348690032959
Distill25_0.5,3,114,18.1691646575928
Distill50_0.25,3,114,17.7788734436035
Distill50_0.1,3,114,17.8849697113037
CE_control_0.5,3,114,18.5279846191406
Distill50_1.0,3,114,9.31906700134277
Distill25_0.5,2,594,19.4048881530762
Distill25_0.1,2,594,19.4058418273926
Distill50_0.1,2,594,19.2668437957764
Distill25_1.0,2,594,8.36086273193359
Distill50_1.0,2,594,7.95388221740723
CE_control_0.25,2,594,19.8459625244141
CE_control_1.0,2,594,9.42206382751465
CE_control_0.1,2,594,21.0139751434326
Distill50_0.5,2,594,24.2600440979004
Distill25_0.25,2,594,19.9229717254639
Distill50_0.25,2,594,20.6758975982666
CE_control_0.5,2,594,20.9550857543945
Current,2,594,0.855922698974609
Distill25_1.0,2,120,8.98098945617676
Distill50_1.0,2,120,8.92186164855957
CE_control_0.25,2,120,15.7341957092285
CE_control_1.0,2,120,8.95285606384277
Current,2,120,0.851154327392578
Distill50_0.1,2,120,16.3509845733643
CE_control_0.1,2,120,15.362024307251
CE_control_0.5,2,120,14.6300792694092
Distill25_0.25,2,120,14.2300128936768
Distill25_0.5,2,120,14.7440433502197
Distill50_0.5,2,120,14.8279666900635
Distill25_0.1,2,120,14.8921012878418
Distill50_0.25,2,120,15.3050422668457
CE_control_1.0,3,418,9.51600074768066
CE_control_0.1,3,418,15.5820846557617
Distill25_1.0,3,418,7.69400596618652
Distill25_0.25,3,418,16.8111324310303
Distill50_0.25,3,418,17.2009468078613
CE_control_0.5,3,418,16.9930458068848
Distill50_0.5,3,418,16.0529613494873
Distill25_0.5,3,418,16.1120891571045
Distill50_1.0,3,418,8.47601890563965
Current,3,418,0.812053680419922
Distill50_0.1,3,418,15.6488418579102
Distill25_0.1,3,418,17.1759128570557
CE_control_0.25,3,418,17.772912979126
Distill50_0.25,2,546,20.0200080871582
Distill25_0.1,2,546,19.4361209869385
CE_control_0.5,2,546,18.1210041046143
CE_control_0.25,2,546,17.7321434020996
Distill50_0.5,2,546,17.1511173248291
Distill50_1.0,2,546,7.54404067993164
Distill50_0.1,2,546,17.8201198577881
Distill25_0.25,2,546,19.2041397094727
Distill25_0.5,2,546,18.5129642486572
Distill25_1.0,2,546,7.95102119445801
CE_control_1.0,2,546,10.991096496582
Current,2,546,0.813961029052734
CE_control_0.1,2,546,19.0420150756836
Distill25_0.25,2,482,19.0119743347168
Distill25_1.0,2,482,9.69886779785156
Distill50_0.25,2,482,19.9110507965088
Distill25_0.5,2,482,18.543004989624
CE_control_1.0,2,482,9.35697555541992
Distill50_0.5,2,482,31.2340259552002
CE_control_0.5,2,482,18.6729431152344
CE_control_0.1,2,482,16.8540477752686
Current,2,482,0.840902328491211
Distill50_0.1,2,482,16.8831348419189
CE_control_0.25,2,482,16.6518688201904
Distill50_1.0,2,482,7.83801078796387
Distill25_0.1,2,482,18.5658931732178
CE_control_0.25,3,378,18.8908576965332
CE_control_1.0,3,378,8.90994071960449
CE_control_0.1,3,378,19.3958282470703
Distill25_0.1,3,378,19.7510719299316
CE_control_0.5,3,378,18.9900398254395
Current,3,378,0.7171630859375
Distill25_0.5,3,378,18.8958644866943
Distill50_1.0,3,378,9.89580154418945
Distill50_0.5,3,378,18.8500881195068
Distill50_0.25,3,378,18.7890529632568
Distill25_0.25,3,378,19.1078186035156
Distill50_0.1,3,378,20.7388401031494
Distill25_1.0,3,378,11.6610527038574
CE_control_1.0,1,76,9.4449520111084
Distill25_1.0,1,76,9.36508178710938
Current,1,76,0.898838043212891
Distill50_0.1,1,76,18.6951160430908
CE_control_0.25,1,76,18.1829929351807
Distill25_0.5,1,76,17.5518989562988
Distill25_0.25,1,76,17.6150798797607
Distill50_1.0,1,76,9.16790962219238
CE_control_0.1,1,76,17.8148746490479
Distill50_0.25,1,76,18.3110237121582
Distill50_0.5,1,76,19.5119380950928
Distill25_0.1,1,76,17.8370475769043
CE_control_0.5,1,76,17.4109935760498
Distill50_1.0,2,389,8.86201858520508
Distill25_0.1,2,389,16.4790153503418
CE_control_0.1,2,389,28.5840034484863
CE_control_0.25,2,389,15.2359008789063
Current,2,389,0.853061676025391
CE_control_1.0,2,389,8.1639289855957
Distill50_0.1,2,389,15.671968460083
Distill50_0.25,2,389,15.7508850097656
Distill25_0.25,2,389,16.6242122650146
CE_control_0.5,2,389,15.4528617858887
Distill25_1.0,2,389,10.0288391113281
Distill50_0.5,2,389,15.5830383300781
Distill25_0.5,2,389,15.4268741607666
Distill25_0.5,3,115,19.6290016174316
Distill25_0.25,3,115,20.8661556243896
CE_control_1.0,3,115,11.3928318023682
Current,3,115,0.843048095703125
Distill25_1.0,3,115,12.7120018005371
CE_control_0.1,3,115,20.266056060791
Distill25_0.1,3,115,20.9078788757324
Distill50_1.0,3,115,11.4750862121582
CE_control_0.25,3,115,22.2480297088623
CE_control_0.5,3,115,20.0481414794922
Distill50_0.1,3,115,20.3349590301514
Distill50_0.5,3,115,20.5039978027344
Distill50_0.25,3,115,22.068977355957
CE_control_0.25,1,160,17.9340839385986
Distill25_0.5,1,160,17.7919864654541
Distill25_0.1,1,160,16.7310237884521
Distill50_0.5,1,160,17.0040130615234
CE_control_0.5,1,160,16.9920921325684
Distill25_1.0,1,160,9.10305976867676
Current,1,160,1.44100189208984
CE_control_0.1,1,160,18.3038711547852
Distill50_0.25,1,160,16.1709785461426
Distill50_0.1,1,160,16.6361331939697
CE_control_1.0,1,160,8.00013542175293
Distill50_1.0,1,160,19.1600322723389
Distill25_0.25,1,160,17.0419216156006
Distill50_0.5,3,205,17.1020030975342
Distill50_0.25,3,205,17.3270702362061
Distill25_1.0,3,205,9.08493995666504
CE_control_0.25,3,205,15.0318145751953
CE_control_0.5,3,205,14.4600868225098
CE_control_1.0,3,205,7.65895843505859
CE_control_0.1,3,205,17.0018672943115
Distill25_0.25,3,205,16.218900680542
Distill50_1.0,3,205,10.1511478424072
Distill25_0.5,3,205,16.2210464477539
Distill25_0.1,3,205,17.8160667419434
Distill50_0.1,3,205,16.340970993042
Current,3,205,0.733852386474609
CE_control_0.5,3,269,21.1820602416992
CE_control_0.1,3,269,21.7721462249756
Distill50_0.5,3,269,21.0039615631104
Current,3,269,0.824928283691406
Distill50_0.1,3,269,22.1889019012451
CE_control_1.0,3,269,10.3080272674561
Distill25_0.25,3,269,22.1819877624512
Distill50_0.25,3,269,22.54319190979
Distill25_0.1,3,269,21.1930274963379
Distill50_1.0,3,269,10.6260776519775
Distill25_1.0,3,269,9.65309143066406
Distill25_0.5,3,269,25.2270698547363
CE_control_0.25,3,269,21.7838287353516
Distill50_0.25,1,433,18.2681083679199
CE_control_0.1,1,433,19.7851657867432
Distill50_0.1,1,433,17.8689956665039
Distill25_0.25,1,433,17.9450511932373
CE_control_0.25,1,433,17.1909332275391
Distill50_1.0,1,433,8.99887084960938
Current,1,433,1.14989280700684
Distill25_1.0,1,433,10.03098487854
Distill25_0.1,1,433,27.925968170166
Distill50_0.5,1,433,17.39501953125
Distill25_0.5,1,433,16.5278911590576
CE_control_1.0,1,433,9.01293754577637
CE_control_0.5,1,433,18.2149410247803
Distill25_1.0,1,114,10.0429058074951
CE_control_0.1,1,114,20.5750465393066
CE_control_0.25,1,114,20.6401348114014
Distill50_0.1,1,114,20.3838348388672
Distill50_0.25,1,114,20.3580856323242
Distill50_0.5,1,114,22.2470760345459
Distill50_1.0,1,114,10.591983795166
Distill25_0.1,1,114,21.9931602478027
CE_control_0.5,1,114,21.0628509521484
CE_control_1.0,1,114,9.63807106018066
Current,1,114,0.826835632324219
Distill25_0.5,1,114,21.1589336395264
Distill25_0.25,1,114,20.6220149993896
CE_control_1.0,2,313,9.59396362304688
CE_control_0.25,2,313,16.5610313415527
CE_control_0.1,2,313,16.5071487426758
Distill50_0.5,2,313,16.740083694458
Distill25_0.1,2,313,16.8139934539795
Current,2,313,0.945091247558594
Distill25_0.5,2,313,14.9960517883301
Distill25_0.25,2,313,15.2461528778076
Distill25_1.0,2,313,8.89492034912109
CE_control_0.5,2,313,16.0109996795654
Distill50_0.25,2,313,15.8770084381104
Distill50_0.1,2,313,15.995979309082
Distill50_1.0,2,313,8.5599422454834
Distill50_1.0,2,543,9.2930793762207
Distill50_0.1,2,543,18.2259082794189
Distill25_1.0,2,543,11.0061168670654
CE_control_0.1,2,543,18.2960033416748
Distill50_0.25,2,543,17.7671909332275
CE_control_1.0,2,543,20.9460258483887
CE_control_0.5,2,543,26.3741016387939
Distill25_0.5,2,543,17.2140598297119
Distill50_0.5,2,543,17.4479484558105
Distill25_0.25,2,543,17.7578926086426
CE_control_0.25,2,543,18.0139541625977
Current,2,543,1.1289119720459
Distill25_0.1,2,543,17.6608562469482
Distill50_1.0,3,457,8.75020027160645
CE_control_1.0,3,457,7.85112380981445
Distill25_0.25,3,457,18.5501575469971
Distill25_0.5,3,457,16.1731243133545
Distill25_0.1,3,457,17.1241760253906
CE_control_0.5,3,457,17.8360939025879
CE_control_0.25,3,457,16.226053237915
Distill50_0.5,3,457,15.8779621124268
Current,3,457,0.854969024658203
Distill50_0.1,3,457,16.3009166717529
Distill25_1.0,3,457,7.99298286437988
CE_control_0.1,3,457,19.3030834197998
Distill50_0.25,3,457,19.0448760986328
Distill50_0.1,3,168,16.1030292510986
Distill25_0.25,3,168,16.8859958648682
Distill25_0.5,3,168,15.7630443572998
Distill25_1.0,3,168,9.31406021118164
Current,3,168,0.828981399536133
Distill50_0.25,3,168,17.0679092407227
CE_control_0.25,3,168,17.9359912872314
Distill25_0.1,3,168,16.8790817260742
CE_control_1.0,3,168,10.2260112762451
Distill50_1.0,3,168,9.50312614440918
CE_control_0.1,3,168,16.0160064697266
CE_control_0.5,3,168,16.6821479797363
Distill50_0.5,3,168,17.1749591827393
Distill50_0.5,2,54,21.7540264129639
CE_control_1.0,2,54,11.5001201629639
CE_control_0.5,2,54,33.0281257629395
Distill50_1.0,2,54,10.6899738311768
Distill25_1.0,2,54,11.4939212799072
Distill25_0.1,2,54,20.7619667053223
Distill25_0.5,2,54,21.5530395507813
Distill50_0.25,2,54,20.4379558563232
Distill50_0.1,2,54,19.3490982055664
Distill25_0.25,2,54,21.1868286132813
Current,2,54,0.966072082519531
CE_control_0.25,2,54,21.0330486297607
CE_control_0.1,2,54,19.7579860687256
Distill25_0.25,2,197,16.9250965118408
CE_control_1.0,2,197,8.26621055603027
Distill50_0.25,2,197,17.5051689147949
Distill50_1.0,2,197,8.57210159301758
CE_control_0.5,2,197,16.3018703460693
Distill25_0.1,2,197,16.9320106506348
Current,2,197,0.754117965698242
CE_control_0.1,2,197,18.2061195373535
Distill25_1.0,2,197,9.34100151062012
Distill50_0.1,2,197,16.4930820465088
Distill25_0.5,2,197,16.5088176727295
CE_control_0.25,2,197,16.8468952178955
Distill50_0.5,2,197,16.3009166717529
Distill50_0.1,2,118,17.9080963134766
CE_control_0.5,2,118,18.3990001678467
Distill25_0.25,2,118,21.9881534576416
Distill50_0.5,2,118,20.050048828125
CE_control_1.0,2,118,8.74090194702148
Distill25_0.1,2,118,20.0350284576416
CE_control_0.1,2,118,20.3800201416016
Distill50_0.25,2,118,19.2790031433105
Current,2,118,0.78892707824707
Distill25_1.0,2,118,8.82506370544434
Distill50_1.0,2,118,10.2319717407227
CE_control_0.25,2,118,20.1549530029297
Distill25_0.5,2,118,18.5668468475342
Distill50_1.0,3,347,10.0748538970947
CE_control_0.5,3,347,17.3730850219727
Distill25_0.1,3,347,17.6341533660889
CE_control_0.1,3,347,17.2669887542725
Distill25_1.0,3,347,9.15384292602539
Distill25_0.5,3,347,17.3289775848389
Distill50_0.1,3,347,17.7068710327148
Current,3,347,0.799894332885742
Distill50_0.25,3,347,17.3389911651611
Distill50_0.5,3,347,17.6541805267334
Distill25_0.25,3,347,17.4190998077393
CE_control_0.25,3,347,17.9009437561035
CE_control_1.0,3,347,9.3390941619873
CE_control_0.5,3,160,16.0942077636719
Distill50_0.5,3,160,16.9260501861572
Distill50_0.25,3,160,16.6969299316406
Distill50_1.0,3,160,8.35108757019043
Distill25_1.0,3,160,9.48596000671387
Distill25_0.5,3,160,17.4219608306885
Current,3,160,0.941038131713867
CE_control_1.0,3,160,9.21797752380371
Distill25_0.25,3,160,18.6190605163574
CE_control_0.25,3,160,17.8391933441162
CE_control_0.1,3,160,17.5769329071045
Distill25_0.1,3,160,18.0220603942871
Distill50_0.1,3,160,18.1782245635986
CE_control_0.1,1,35,19.0961360931396
Distill25_1.0,1,35,11.559009552002
Distill50_0.1,1,35,18.9330577850342
CE_control_0.25,1,35,19.942045211792
Current,1,35,0.812053680419922
Distill50_0.25,1,35,19.895076751709
Distill50_1.0,1,35,10.3051662445068
Distill25_0.1,1,35,21.172046661377
Distill50_0.5,1,35,19.7799205780029
Distill25_0.25,1,35,31.5258502960205
CE_control_1.0,1,35,9.96303558349609
CE_control_0.5,1,35,17.6517963409424
Distill25_0.5,1,35,19.5910930633545
Distill25_0.1,1,578,15.5689716339111
Distill50_0.1,1,578,15.7830715179443
CE_control_0.5,1,578,16.8581008911133
Distill50_0.5,1,578,16.8659687042236
Distill25_0.25,1,578,15.9289836883545
CE_control_1.0,1,578,9.67907905578613
Distill50_0.25,1,578,16.3280963897705
Distill25_1.0,1,578,9.72509384155273
Distill50_1.0,1,578,9.43088531494141
CE_control_0.25,1,578,16.7961120605469
Distill25_0.5,1,578,16.585111618042
CE_control_0.1,1,578,16.726016998291
Current,1,578,0.720977783203125
CE_control_1.0,2,347,9.9031925201416
Distill50_1.0,2,347,9.46187973022461
CE_control_0.5,2,347,18.1670188903809
Distill50_0.25,2,347,18.1670188903809
Distill50_0.1,2,347,18.1369781494141
CE_control_0.25,2,347,18.4700489044189
Distill25_0.5,2,347,18.0480480194092
Distill25_0.25,2,347,17.8060531616211
Distill25_0.1,2,347,18.3908939361572
Distill25_1.0,2,347,11.030912399292
Distill50_0.5,2,347,19.0608501434326
Current,2,347,0.768899917602539
CE_control_0.1,2,347,18.0630683898926
Distill50_0.1,3,73,20.0369358062744
Distill25_0.5,3,73,17.86208152771
CE_control_0.1,3,73,18.0480480194092
Distill50_1.0,3,73,10.3931427001953
Distill25_1.0,3,73,21.1050510406494
CE_control_0.5,3,73,18.5978412628174
Distill25_0.1,3,73,16.8979167938232
Distill50_0.5,3,73,17.7440643310547
CE_control_0.25,3,73,16.3891315460205
Distill25_0.25,3,73,16.6678428649902
CE_control_1.0,3,73,9.68503952026367
Distill50_0.25,3,73,16.3199901580811
Current,3,73,1.08599662780762
Distill50_0.5,3,398,17.4450874328613
Distill25_1.0,3,398,7.8580379486084
CE_control_0.5,3,398,20.3700065612793
Distill50_1.0,3,398,9.62209701538086
Distill25_0.1,3,398,18.9728736877441
CE_control_1.0,3,398,9.40513610839844
Distill25_0.5,3,398,18.5320377349854
CE_control_0.25,3,398,17.9920196533203
Distill50_0.1,3,398,18.718957901001
Current,3,398,0.744819641113281
Distill25_0.25,3,398,20.435094833374
CE_control_0.1,3,398,20.1659202575684
Distill50_0.25,3,398,22.0448970794678
Distill50_0.5,1,31,19.0420150756836
Current,1,31,0.75984001159668
Distill50_1.0,1,31,12.7308368682861
CE_control_1.0,1,31,11.4970207214355
CE_control_0.25,1,31,17.9619789123535
Distill25_0.25,1,31,18.0618762969971
Distill50_0.1,1,31,18.7919139862061
Distill25_1.0,1,31,12.5191211700439
CE_control_0.1,1,31,18.7990665435791
Distill25_0.5,1,31,18.7029838562012
Distill50_0.25,1,31,19.0019607543945
CE_control_0.5,1,31,19.7179317474365
Distill25_0.1,1,31,17.6570415496826
CE_control_0.5,3,48,20.359992980957
CE_control_0.25,3,48,20.2398300170898
Distill50_0.5,3,48,19.834041595459
Current,3,48,0.864982604980469
Distill25_1.0,3,48,10.8129978179932
Distill25_0.5,3,48,22.9439735412598
CE_control_1.0,3,48,11.0177993774414
Distill50_1.0,3,48,11.0599994659424
Distill50_0.25,3,48,19.0160274505615
CE_control_0.1,3,48,18.5360908508301
Distill50_0.1,3,48,20.1880931854248
Distill25_0.25,3,48,19.7429656982422
Distill25_0.1,3,48,19.7501182556152
CE_control_0.5,3,51,17.3330307006836
Distill25_0.1,3,51,18.7020301818848
Distill50_0.1,3,51,18.5599327087402
Distill25_0.25,3,51,18.2030200958252
CE_control_0.1,3,51,17.3799991607666
Distill50_1.0,3,51,8.61501693725586
CE_control_0.25,3,51,19.1361904144287
Distill50_0.5,3,51,18.6171531677246
CE_control_1.0,3,51,9.10806655883789
Distill25_1.0,3,51,9.03987884521484
Distill50_0.25,3,51,17.9269313812256
Current,3,51,0.884771347045898
Distill25_0.5,3,51,17.5890922546387
Distill50_0.5,1,293,20.1539993286133
Distill25_1.0,1,293,10.685920715332
Distill50_1.0,1,293,9.72199440002441
CE_control_0.25,1,293,20.8568572998047
CE_control_1.0,1,293,20.1630592346191
Distill50_0.1,1,293,20.1361179351807
Distill25_0.25,1,293,20.6151008605957
Distill25_0.1,1,293,19.6020603179932
Distill25_0.5,1,293,21.1200714111328
Distill50_0.25,1,293,19.0370082855225
CE_control_0.5,1,293,19.8228359222412
Current,1,293,0.814199447631836
CE_control_0.1,1,293,20.6029415130615
Distill25_0.25,3,173,20.5569267272949
CE_control_0.25,3,173,20.4651355743408
Distill50_1.0,3,173,9.76681709289551
Distill50_0.1,3,173,20.0109481811523
Distill25_0.1,3,173,19.7739601135254
Distill25_1.0,3,173,9.54103469848633
CE_control_0.5,3,173,20.596981048584
CE_control_1.0,3,173,9.13286209106445
Current,3,173,1.08981132507324
Distill50_0.25,3,173,22.2530364990234
CE_control_0.1,3,173,21.5110778808594
Distill25_0.5,3,173,22.7501392364502
Distill50_0.5,3,173,21.4860439300537
CE_control_0.1,1,410,17.5821781158447
Distill50_0.5,1,410,17.9791450500488
CE_control_0.25,1,410,18.0120468139648
Distill25_1.0,1,410,10.9579563140869
Distill25_0.5,1,410,17.333984375
CE_control_1.0,1,410,9.11593437194824
Distill50_0.25,1,410,18.0189609527588
CE_control_0.5,1,410,17.9190635681152
Distill25_0.25,1,410,18.0728435516357
Distill50_0.1,1,410,18.186092376709
Distill50_1.0,1,410,8.97598266601563
Distill25_0.1,1,410,19.1249847412109
Current,1,410,0.869989395141602
CE_control_0.5,2,360,18.3150768280029
Distill25_0.1,2,360,30.2269458770752
Distill25_1.0,2,360,9.77110862731934
CE_control_1.0,2,360,10.8380317687988
Distill50_0.1,2,360,18.0518627166748
Distill25_0.25,2,360,18.3651447296143
Current,2,360,0.761032104492188
CE_control_0.1,2,360,19.1891193389893
Distill50_1.0,2,360,10.3690624237061
CE_control_0.25,2,360,17.5459384918213
Distill50_0.5,2,360,18.2139873504639
Distill25_0.5,2,360,23.2529640197754
Distill50_0.25,2,360,17.1208381652832
Distill25_1.0,3,369,8.85987281799316
Distill25_0.5,3,369,16.3030624389648
Distill50_0.1,3,369,15.9890651702881
Distill25_0.1,3,369,15.7690048217773
CE_control_1.0,3,369,9.89985466003418
Distill50_0.25,3,369,15.1150226593018
Distill25_0.25,3,369,15.3200626373291
Distill50_0.5,3,369,16.7629718780518
CE_control_0.1,3,369,17.2841548919678
Current,3,369,0.763893127441406
CE_control_0.25,3,369,16.8251991271973
Distill50_1.0,3,369,10.1919174194336
CE_control_0.5,3,369,18.2600021362305
Distill25_0.25,1,541,19.4389820098877
Current,1,541,0.782012939453125
Distill25_1.0,1,541,8.53109359741211
Distill50_1.0,1,541,10.0598335266113
Distill50_0.1,1,541,18.4690952301025
Distill25_0.1,1,541,18.8889503479004
Distill50_0.25,1,541,20.0040340423584
CE_control_1.0,1,541,9.69600677490234
CE_control_0.5,1,541,18.6831951141357
CE_control_0.25,1,541,19.6561813354492
Distill25_0.5,1,541,30.7369232177734
CE_control_0.1,1,541,19.5810794830322
Distill50_0.5,1,541,18.9001560211182
Distill25_0.5,1,58,16.1590576171875
Distill50_0.5,1,58,15.15793800354
Distill50_0.25,1,58,15.794038772583
CE_control_0.25,1,58,15.887975692749
Distill50_1.0,1,58,9.5829963684082
Distill25_0.25,1,58,15.2509212493896
Distill25_1.0,1,58,8.96215438842773
CE_control_0.1,1,58,15.6569480895996
CE_control_0.5,1,58,17.024040222168
Current,1,58,0.79798698425293
Distill50_0.1,1,58,16.909122467041
Distill25_0.1,1,58,16.4940357208252
CE_control_1.0,1,58,8.92114639282227
Current,2,263,0.832796096801758
CE_control_0.25,2,263,21.1751461029053
Distill50_0.25,2,263,20.8480358123779
CE_control_0.1,2,263,21.9109058380127
CE_control_1.0,2,263,12.3498439788818
Distill50_1.0,2,263,10.6351375579834
Distill25_0.1,2,263,21.0518836975098
Distill25_0.5,2,263,19.9379920959473
Distill50_0.1,2,263,21.1701393127441
CE_control_0.5,2,263,21.3718414306641
Distill25_0.25,2,263,20.4579830169678
Distill25_1.0,2,263,9.96303558349609
Distill50_0.5,2,263,20.3361511230469
CE_control_0.1,2,295,18.6581611633301
Current,2,295,0.756025314331055
Distill25_0.25,2,295,18.3300971984863
Distill50_0.25,2,295,17.7760124206543
Distill50_0.1,2,295,18.9661979675293
CE_control_0.5,2,295,30.7149887084961
Distill25_0.5,2,295,18.0091857910156
Distill25_0.1,2,295,19.1810131072998
Distill25_1.0,2,295,9.97519493103027
Distill50_0.5,2,295,17.6229476928711
Distill50_1.0,2,295,9.94610786437988
CE_control_1.0,2,295,9.19103622436523
CE_control_0.25,2,295,18.3959007263184
Distill25_0.1,2,300,18.064022064209
Distill25_0.25,2,300,17.6260471343994
Distill25_1.0,2,300,8.95309448242188
Distill50_0.5,2,300,17.9998874664307
Distill50_0.1,2,300,17.7440643310547
CE_control_0.25,2,300,18.3629989624023
Distill50_0.25,2,300,17.6539421081543
CE_control_0.5,2,300,17.4500942230225
Distill25_0.5,2,300,16.9310569763184
Distill50_1.0,2,300,9.06181335449219
CE_control_0.1,2,300,18.5518264770508
CE_control_1.0,2,300,10.7629299163818
Current,2,300,0.810861587524414
Distill25_0.1,1,8,16.5939331054688
CE_control_1.0,1,8,9.51290130615234
Distill50_0.5,1,8,16.4840221405029
Distill50_1.0,1,8,9.28688049316406
Distill50_0.25,1,8,16.8030261993408
CE_control_0.5,1,8,18.3870792388916
Distill50_0.1,1,8,17.5371170043945
Distill25_1.0,1,8,10.2510452270508
Current,1,8,0.80108642578125
CE_control_0.25,1,8,17.5950527191162
Distill25_0.25,1,8,17.4019336700439
CE_control_0.1,1,8,17.4858570098877
Distill25_0.5,1,8,18.0070400238037
Distill25_0.5,2,467,16.9780254364014
Distill25_0.1,2,467,16.524076461792
Distill50_0.25,2,467,16.8368816375732
Distill25_1.0,2,467,9.77396965026855
CE_control_1.0,2,467,8.92090797424316
Distill25_0.25,2,467,16.6120529174805
Distill50_0.5,2,467,15.7771110534668
Distill50_0.1,2,467,16.3331031799316
Current,2,467,0.805854797363281
Distill50_1.0,2,467,10.1799964904785
CE_control_0.25,2,467,17.9941654205322
CE_control_0.1,2,467,17.0650482177734
CE_control_0.5,2,467,17.3969268798828
Distill50_1.0,3,308,11.0139846801758
Distill25_0.5,3,308,17.7388191223145
Distill50_0.25,3,308,18.5489654541016
CE_control_0.25,3,308,19.7758674621582
Distill50_0.5,3,308,20.4930305480957
Current,3,308,0.928163528442383
Distill25_0.25,3,308,18.9478397369385
Distill25_1.0,3,308,9.45782661437988
Distill50_0.1,3,308,19.9770927429199
CE_control_1.0,3,308,9.72795486450195
Distill25_0.1,3,308,19.5291042327881
CE_control_0.5,3,308,18.8322067260742
CE_control_0.1,3,308,19.1459655761719
Distill25_0.5,3,61,16.0760879516602
Distill50_0.1,3,61,16.5700912475586
Current,3,61,0.771045684814453
Distill50_0.25,3,61,15.5370235443115
Distill50_0.5,3,61,15.7439708709717
Distill50_1.0,3,61,9.02509689331055
CE_control_1.0,3,61,11.5251541137695
CE_control_0.25,3,61,17.2100067138672
Distill25_0.1,3,61,18.5389518737793
CE_control_0.5,3,61,17.1120166778564
Distill25_1.0,3,61,10.3409290313721
Distill25_0.25,3,61,27.3678302764893
CE_control_0.1,3,61,17.0459747314453
Current,2,70,1.28483772277832
Distill50_1.0,2,70,9.94586944580078
CE_control_1.0,2,70,11.9822025299072
Distill25_0.5,2,70,19.3061828613281
Distill50_0.1,2,70,21.9500064849854
Distill25_0.1,2,70,19.4928646087646
Distill25_0.25,2,70,19.838809967041
CE_control_0.5,2,70,20.906925201416
Distill25_1.0,2,70,11.5668773651123
Distill50_0.5,2,70,20.0619697570801
CE_control_0.1,2,70,21.2211608886719
CE_control_0.25,2,70,20.4341411590576
Distill50_0.25,2,70,20.6129550933838
Distill25_0.5,3,396,19.2139148712158
CE_control_0.25,3,396,20.1499462127686
CE_control_1.0,3,396,11.1198425292969
Distill50_0.5,3,396,18.8400745391846
Distill50_1.0,3,396,9.47785377502441
Distill25_0.25,3,396,20.3878879547119
CE_control_0.1,3,396,18.7609195709229
CE_control_0.5,3,396,18.9411640167236
Distill50_0.1,3,396,21.9860076904297
Current,3,396,0.876188278198242
Distill50_0.25,3,396,19.7620391845703
Distill25_1.0,3,396,9.24801826477051
Distill25_0.1,3,396,21.0311412811279
Distill50_1.0,3,258,10.1480484008789
CE_control_0.1,3,258,21.111011505127
Distill25_0.1,3,258,32.9289436340332
Distill50_0.25,3,258,18.4011459350586
Distill25_0.25,3,258,17.4491405487061
Distill50_0.1,3,258,18.4659957885742
Current,3,258,0.767946243286133
CE_control_0.25,3,258,19.4690227508545
Distill25_1.0,3,258,11.6150379180908
Distill25_0.5,3,258,18.9599990844727
CE_control_0.5,3,258,19.0439224243164
Distill50_0.5,3,258,22.0668315887451
CE_control_1.0,3,258,11.3110542297363
CE_control_0.5,1,308,19.9098587036133
Distill50_0.5,1,308,18.9261436462402
Distill25_0.5,1,308,17.8301334381104
Distill25_0.25,1,308,17.5468921661377
Distill25_1.0,1,308,8.45503807067871
CE_control_0.1,1,308,19.629955291748
Distill50_0.1,1,308,19.6940898895264
CE_control_1.0,1,308,9.75704193115234
CE_control_0.25,1,308,18.4440612792969
Distill50_0.25,1,308,19.2408561706543
Current,1,308,0.897884368896484
Distill50_1.0,1,308,8.5909366607666
Distill25_0.1,1,308,18.2561874389648
CE_control_0.1,2,474,18.4369087219238
Distill25_0.25,2,474,19.1109180450439
Current,2,474,0.843048095703125
Distill25_0.5,2,474,19.3850994110107
CE_control_0.5,2,474,18.4299945831299
CE_control_1.0,2,474,8.81814956665039
Distill25_1.0,2,474,9.61995124816895
Distill50_0.5,2,474,17.6770687103271
Distill50_0.1,2,474,27.6408195495605
CE_control_0.25,2,474,17.5080299377441
Distill50_1.0,2,474,8.52513313293457
Distill25_0.1,2,474,18.1839466094971
Distill50_0.25,2,474,16.8509483337402
CE_control_0.5,2,368,14.9068832397461
Distill25_1.0,2,368,8.66103172302246
Current,2,368,0.842094421386719
Distill50_0.25,2,368,14.6420001983643
Distill25_0.1,2,368,15.1569843292236
CE_control_0.25,2,368,15.4249668121338
Distill50_0.1,2,368,15.5260562896729
CE_control_0.1,2,368,15.2480602264404
Distill25_0.5,2,368,15.1801109313965
Distill50_0.5,2,368,14.2290592193604
CE_control_1.0,2,368,8.51202011108398
Distill25_0.25,2,368,14.7018432617188
Distill50_1.0,2,368,8.16702842712402
Distill50_0.25,2,206,18.4729099273682
Distill50_0.1,2,206,20.0710296630859
CE_control_0.5,2,206,17.9398059844971
Distill25_0.25,2,206,17.6658630371094
CE_control_1.0,2,206,8.82315635681152
Distill50_0.5,2,206,18.0649757385254
Current,2,206,0.993967056274414
CE_control_0.25,2,206,17.1058177947998
Distill25_0.5,2,206,17.3299312591553
CE_control_0.1,2,206,17.6570415496826
Distill25_1.0,2,206,8.78596305847168
Distill50_1.0,2,206,10.0691318511963
Distill25_0.1,2,206,17.9688930511475
Distill50_1.0,2,473,9.58395004272461
Current,2,473,0.849008560180664
Distill50_0.5,2,473,15.5091285705566
Distill25_0.1,2,473,16.2878036499023
Distill50_0.1,2,473,15.4941082000732
Distill25_0.5,2,473,16.1089897155762
CE_control_0.25,2,473,16.8910026550293
Distill25_1.0,2,473,9.54103469848633
Distill25_0.25,2,473,14.801025390625
Distill50_0.25,2,473,15.1331424713135
CE_control_1.0,2,473,7.85708427429199
CE_control_0.1,2,473,16.1728858947754
CE_control_0.5,2,473,16.0038471221924
Distill25_0.5,3,22,14.2829418182373
Distill50_0.5,3,22,17.1079635620117
Distill50_0.25,3,22,15.5060291290283
Current,3,22,0.715970993041992
Distill25_1.0,3,22,9.36412811279297
CE_control_1.0,3,22,8.5599422454834
Distill25_0.1,3,22,15.5448913574219
CE_control_0.5,3,22,14.9781703948975
CE_control_0.25,3,22,14.2049789428711
Distill25_0.25,3,22,14.6570205688477
CE_control_0.1,3,22,14.7190093994141
Distill50_1.0,3,22,8.77094268798828
Distill50_0.1,3,22,15.8028602600098
Distill50_0.5,1,495,18.9499855041504
Distill50_0.25,1,495,18.2719230651855
Distill50_0.1,1,495,18.3851718902588
CE_control_1.0,1,495,8.82387161254883
CE_control_0.5,1,495,17.2669887542725
Distill25_0.5,1,495,17.9429054260254
Distill25_0.1,1,495,20.3220844268799
Current,1,495,0.964879989624023
Distill50_1.0,1,495,8.76212120056152
CE_control_0.25,1,495,18.5790061950684
Distill25_1.0,1,495,9.90509986877441
Distill25_0.25,1,495,17.0011520385742
CE_control_0.1,1,495,17.5271034240723
Distill50_0.25,3,180,16.8900489807129
CE_control_0.5,3,180,18.0561542510986
Current,3,180,0.730037689208984
CE_control_1.0,3,180,9.42397117614746
Distill50_0.5,3,180,30.4710865020752
Distill25_0.5,3,180,17.2660350799561
Distill50_0.1,3,180,16.0460472106934
Distill50_1.0,3,180,7.79795646667481
Distill25_0.25,3,180,16.2708759307861
Distill25_0.1,3,180,17.1201229095459
Distill25_1.0,3,180,9.20701026916504
CE_control_0.25,3,180,17.0490741729736
CE_control_0.1,3,180,16.6869163513184
Distill25_0.25,2,487,15.625
Distill25_0.1,2,487,17.5080299377441
Distill25_0.5,2,487,16.3798332214355
Distill50_0.25,2,487,16.6220664978027
Current,2,487,0.844955444335938
CE_control_0.5,2,487,16.3540840148926
Distill50_1.0,2,487,8.92806053161621
Distill50_0.5,2,487,18.9721584320068
Distill25_1.0,2,487,8.148193359375
CE_control_0.1,2,487,18.0380344390869
Distill50_0.1,2,487,19.1149711608887
CE_control_1.0,2,487,9.33599472045898
CE_control_0.25,2,487,16.9792175292969
Distill50_0.1,1,547,18.1641578674316
Distill25_0.25,1,547,18.8848972320557
Distill25_0.1,1,547,18.928050994873
Distill50_1.0,1,547,9.68003273010254
CE_control_1.0,1,547,10.0879669189453
Distill25_1.0,1,547,8.64315032958984
Distill25_0.5,1,547,17.2200202941895
CE_control_0.5,1,547,18.510103225708
Distill50_0.25,1,547,18.3038711547852
CE_control_0.1,1,547,17.6229476928711
Distill50_0.5,1,547,18.8789367675781
CE_control_0.25,1,547,17.5731182098389
Current,1,547,0.822067260742188
Distill25_0.5,2,472,19.7470188140869
Current,2,472,0.81181526184082
CE_control_0.1,2,472,24.7180461883545
CE_control_1.0,2,472,9.66715812683105
Distill50_0.1,2,472,22.6361751556397
CE_control_0.25,2,472,21.0940837860107
Distill25_0.1,2,472,18.8930034637451
Distill50_0.25,2,472,19.2000865936279
Distill25_1.0,2,472,9.64498519897461
CE_control_0.5,2,472,19.1769599914551
Distill25_0.25,2,472,19.2379951477051
Distill50_0.5,2,472,19.6850299835205
Distill50_1.0,2,472,10.3371143341064
CE_control_0.25,1,175,19.1290378570557
Current,1,175,0.819921493530273
Distill25_0.1,1,175,19.7181701660156
Distill25_0.5,1,175,21.4710235595703
Distill25_1.0,1,175,8.17108154296875
CE_control_1.0,1,175,8.24403762817383
Distill50_1.0,1,175,7.90286064147949
Distill50_0.1,1,175,18.5730457305908
Distill50_0.25,1,175,20.4241275787354
Distill25_0.25,1,175,21.0049152374268
Distill50_0.5,1,175,20.510196685791
CE_control_0.5,1,175,20.3421115875244
CE_control_0.1,1,175,22.0580101013184
Distill25_0.1,1,451,21.4579105377197
CE_control_0.1,1,451,23.0538845062256
Distill25_0.5,1,451,23.622989654541
Distill50_1.0,1,451,8.6820125579834
Current,1,451,1.53899192810059
CE_control_1.0,1,451,10.6110572814941
Distill25_1.0,1,451,10.1869106292725
CE_control_0.5,1,451,21.3000774383545
CE_control_0.25,1,451,20.7269191741943
Distill50_0.1,1,451,22.4571228027344
Distill25_0.25,1,451,20.6050872802734
Distill50_0.25,1,451,20.5428600311279
Distill50_0.5,1,451,21.3918685913086
Current,3,326,0.749826431274414
Distill25_0.1,3,326,17.9297924041748
Distill50_0.5,3,326,16.7891979217529
CE_control_0.1,3,326,32.0777893066406
CE_control_0.25,3,326,16.9930458068848
Distill25_0.5,3,326,16.0889625549316
Distill50_0.1,3,326,17.6289081573486
CE_control_1.0,3,326,9.03105735778809
Distill25_0.25,3,326,16.7489051818848
Distill25_1.0,3,326,10.9519958496094
Distill50_1.0,3,326,10.0290775299072
Distill50_0.25,3,326,15.5470371246338
CE_control_0.5,3,326,16.6521072387695
Distill25_0.5,1,370,14.1489505767822
Distill50_0.1,1,370,16.0770416259766
Distill50_0.25,1,370,14.9910449981689
Distill25_0.1,1,370,14.4410133361816
Current,1,370,0.685930252075195
Distill25_1.0,1,370,9.97304916381836
Distill50_0.5,1,370,13.2720470428467
CE_control_1.0,1,370,8.13984870910645
CE_control_0.25,1,370,13.7882232666016
CE_control_0.5,1,370,13.5531425476074
Distill25_0.25,1,370,14.1189098358154
Distill50_1.0,1,370,9.33313369750977
CE_control_0.1,1,370,16.9689655303955
Distill50_0.1,1,439,17.956018447876
Distill50_0.25,1,439,16.7558193206787
CE_control_1.0,1,439,10.502815246582
CE_control_0.1,1,439,15.84792137146
Distill25_0.25,1,439,16.4871215820313
Distill50_1.0,1,439,9.45496559143066
Distill50_0.5,1,439,16.2220001220703
Distill25_0.1,1,439,16.746997833252
Distill25_1.0,1,439,8.97908210754395
Current,1,439,0.796794891357422
CE_control_0.5,1,439,17.5881385803223
Distill25_0.5,1,439,17.4288749694824
CE_control_0.25,1,439,17.4160003662109
Distill25_0.1,2,44,20.7481384277344
CE_control_1.0,2,44,8.48793983459473
CE_control_0.25,2,44,16.8859958648682
Distill25_1.0,2,44,8.37802886962891
Distill50_1.0,2,44,8.44192504882813
Current,2,44,0.892877578735352
Distill25_0.25,2,44,16.758918762207
Distill50_0.1,2,44,19.2928314208984
Distill50_0.5,2,44,19.0210342407227
CE_control_0.5,2,44,18.0621147155762
Distill50_0.25,2,44,18.5408592224121
CE_control_0.1,2,44,17.2040462493896
Distill25_0.5,2,44,17.132043838501
CE_control_1.0,2,369,10.3309154510498
CE_control_0.5,2,369,16.3631439208984
CE_control_0.25,2,369,16.6330337524414
Distill50_0.5,2,369,17.0450210571289
Distill50_0.1,2,369,16.045093536377
Distill25_0.5,2,369,16.4580345153809
CE_control_0.1,2,369,16.2899494171143
Distill25_1.0,2,369,10.8101367950439
Current,2,369,0.864982604980469
Distill50_1.0,2,369,10.5111598968506
Distill50_0.25,2,369,17.2410011291504
Distill25_0.1,2,369,19.3469524383545
Distill25_0.25,2,369,21.1391448974609
Distill50_0.25,3,573,21.8009948730469
Distill25_1.0,3,573,9.39702987670898
CE_control_0.25,3,573,22.2718715667725
CE_control_1.0,3,573,9.40394401550293
Distill50_1.0,3,573,10.983943939209
CE_control_0.1,3,573,20.2510356903076
Distill50_0.1,3,573,21.1889743804932
CE_control_0.5,3,573,21.3911533355713
Distill50_0.5,3,573,20.9200382232666
Distill25_0.5,3,573,20.2748775482178
Distill25_0.25,3,573,20.8868980407715
Distill25_0.1,3,573,21.1241245269775
Current,3,573,0.874042510986328
CE_control_1.0,1,456,10.5049610137939
Distill25_0.25,1,456,18.5530185699463
Distill50_0.1,1,456,19.071102142334
Distill25_1.0,1,456,9.32216644287109
Current,1,456,0.977993011474609
Distill50_0.25,1,456,16.9851779937744
CE_control_0.5,1,456,18.7718868255615
CE_control_0.25,1,456,18.5580253601074
Distill50_1.0,1,456,9.18197631835938
Distill25_0.5,1,456,17.4129009246826
CE_control_0.1,1,456,16.4051055908203
Distill50_0.5,1,456,17.5518989562988
Distill25_0.1,1,456,20.7889080047607
Current,3,151,0.905036926269531
Distill50_0.5,3,151,18.8219547271729
Distill50_0.1,3,151,18.0070400238037
CE_control_0.25,3,151,17.6501274108887
Distill25_0.1,3,151,18.9790725708008
CE_control_0.5,3,151,18.1851387023926
Distill25_0.5,3,151,18.826961517334
Distill25_1.0,3,151,11.3589763641357
Distill50_0.25,3,151,17.1017646789551
CE_control_1.0,3,151,10.0150108337402
CE_control_0.1,3,151,16.7758464813232
Distill50_1.0,3,151,10.0741386413574
Distill25_0.25,3,151,18.9428329467773
Distill25_0.25,2,336,21.6469764709473
Distill50_0.1,2,336,18.172025680542
Distill50_0.5,2,336,18.9759731292725
Distill25_1.0,2,336,9.18889045715332
CE_control_1.0,2,336,9.31787490844727
Distill25_0.1,2,336,18.6522006988525
Distill50_1.0,2,336,9.81783866882324
CE_control_0.5,2,336,16.9968605041504
Distill50_0.25,2,336,17.4360275268555
Distill25_0.5,2,336,17.3449516296387
CE_control_0.1,2,336,17.3799991607666
Current,2,336,0.832080841064453
CE_control_0.25,2,336,16.9439315795898
CE_control_0.5,2,483,18.2070732116699
Distill25_1.0,2,483,10.3230476379395
Distill50_0.1,2,483,17.5349712371826
CE_control_1.0,2,483,10.7250213623047
Current,2,483,0.971078872680664
Distill50_1.0,2,483,10.5760097503662
Distill25_0.1,2,483,24.6670246124268
CE_control_0.25,2,483,19.7310447692871
Distill50_0.5,2,483,32.0529937744141
Distill50_0.25,2,483,29.2699337005615
CE_control_0.1,2,483,21.5060710906982
Distill25_0.25,2,483,19.2520618438721
Distill25_0.5,2,483,19.460916519165
Distill25_0.25,2,424,19.9370384216309
Current,2,424,1.00302696228027
Distill50_0.25,2,424,18.0041790008545
Distill50_1.0,2,424,8.04305076599121
CE_control_1.0,2,424,10.5938911437988
Distill50_0.1,2,424,19.1621780395508
Distill25_1.0,2,424,9.10687446594238
CE_control_0.25,2,424,18.8300609588623
Distill25_0.1,2,424,18.9628601074219
CE_control_0.5,2,424,19.6020603179932
CE_control_0.1,2,424,19.4211006164551
Distill50_0.5,2,424,20.7340717315674
Distill25_0.5,2,424,19.5748805999756
Distill25_0.25,3,206,19.5679664611816
Distill50_0.1,3,206,17.362117767334
CE_control_0.1,3,206,17.0409679412842
CE_control_0.5,3,206,17.8229808807373
Distill50_0.5,3,206,17.6849365234375
CE_control_0.25,3,206,18.4431076049805
Distill25_1.0,3,206,10.202169418335
Distill50_0.25,3,206,17.812967300415
Current,3,206,0.788211822509766
Distill25_0.1,3,206,18.7029838562012
Distill50_1.0,3,206,21.1269855499268
CE_control_1.0,3,206,9.58991050720215
Distill25_0.5,3,206,19.6399688720703
Distill50_0.1,2,187,20.272970199585
CE_control_1.0,2,187,8.64386558532715
Distill50_1.0,2,187,8.93497467041016
Distill25_0.5,2,187,18.7230110168457
CE_control_0.25,2,187,18.6340808868408
Current,2,187,0.837087631225586
Distill25_1.0,2,187,8.14580917358398
Distill50_0.5,2,187,21.2299823760986
CE_control_0.1,2,187,19.1898345947266
Distill50_0.25,2,187,18.3761119842529
CE_control_0.5,2,187,18.8999176025391
Distill25_0.1,2,187,20.6890106201172
Distill25_0.25,2,187,19.6249485015869
Distill25_1.0,2,7,10.282039642334
CE_control_0.1,2,7,22.5479602813721
Current,2,7,0.817060470581055
Distill50_0.5,2,7,21.730899810791
Distill50_0.25,2,7,22.9480266571045
Distill25_0.5,2,7,22.0010280609131
Distill25_0.25,2,7,24.5611667633057
CE_control_1.0,2,7,11.2481117248535
Distill50_1.0,2,7,10.5409622192383
Distill50_0.1,2,7,21.1100578308105
CE_control_0.25,2,7,21.3680267333984
Distill25_0.1,2,7,24.2249965667725
CE_control_0.5,2,7,21.15797996521
Distill25_1.0,3,23,10.2760791778564
CE_control_0.25,3,23,21.0080146789551
CE_control_0.5,3,23,17.7760124206543
Distill25_0.25,3,23,18.7509059906006
Distill50_0.25,3,23,19.3941593170166
CE_control_1.0,3,23,10.2529525756836
Current,3,23,14.1229629516602
Distill25_0.1,3,23,17.8489685058594
Distill50_0.5,3,23,18.0850028991699
Distill50_1.0,3,23,9.66191291809082
Distill25_0.5,3,23,17.6761150360107
Distill50_0.1,3,23,18.2468891143799
CE_control_0.1,3,23,18.0890560150146
CE_control_0.1,3,37,17.6279544830322
Distill25_1.0,3,37,10.7789039611816
Current,3,37,0.833988189697266
Distill25_0.25,3,37,17.7199840545654
CE_control_0.25,3,37,17.6351070404053
Distill50_1.0,3,37,9.95111465454102
Distill50_0.1,3,37,19.7980403900146
CE_control_1.0,3,37,10.0460052490234
Distill50_0.5,3,37,19.6161270141602
CE_control_0.5,3,37,18.3379650115967
Distill25_0.5,3,37,18.8901424407959
Distill25_0.1,3,37,19.1671848297119
Distill50_0.25,3,37,20.272970199585
Distill25_0.25,1,365,16.7789459228516
Distill25_0.5,1,365,15.6769752502441
Distill50_1.0,1,365,8.74805450439453
CE_control_1.0,1,365,7.7211856842041
CE_control_0.1,1,365,15.8228874206543
Distill50_0.25,1,365,15.8200263977051
Distill50_0.5,1,365,18.6519622802734
Current,1,365,0.998973846435547
Distill25_0.1,1,365,18.0189609527588
Distill25_1.0,1,365,9.17911529541016
Distill50_0.1,1,365,18.4857845306396
CE_control_0.25,1,365,17.3099040985107
CE_control_0.5,1,365,17.5449848175049
Distill50_0.1,1,21,28.468132019043
Distill50_0.5,1,21,17.7109241485596
CE_control_1.0,1,21,8.44502449035645
CE_control_0.1,1,21,16.3900852203369
Distill50_1.0,1,21,7.95412063598633
CE_control_0.25,1,21,16.8919563293457
Distill25_0.5,1,21,16.4470672607422
Current,1,21,0.813961029052734
Distill25_1.0,1,21,8.21614265441895
Distill50_0.25,1,21,15.0759220123291
Distill25_0.1,1,21,14.9369239807129
Distill25_0.25,1,21,15.2280330657959
CE_control_0.5,1,21,16.3450241088867
Current,3,346,0.867128372192383
Distill50_0.25,3,346,15.3028964996338
Distill25_0.5,3,346,16.0341262817383
CE_control_0.1,3,346,15.9380435943604
CE_control_0.5,3,346,15.8162117004395
Distill50_1.0,3,346,8.60500335693359
Distill25_1.0,3,346,8.23378562927246
Distill50_0.1,3,346,16.956090927124
Distill25_0.1,3,346,17.0981884002686
CE_control_1.0,3,346,8.42499732971191
Distill25_0.25,3,346,16.7231559753418
Distill50_0.5,3,346,17.4598693847656
CE_control_0.25,3,346,17.6289081573486
CE_control_0.5,3,541,20.2329158782959
Distill50_1.0,3,541,8.50200653076172
Distill25_0.25,3,541,17.4338817596436
CE_control_1.0,3,541,8.00704956054688
Distill25_0.1,3,541,18.3429718017578
CE_control_0.1,3,541,17.2719955444336
CE_control_0.25,3,541,17.9450511932373
Distill25_1.0,3,541,9.16695594787598
Distill50_0.5,3,541,19.3538665771484
Distill50_0.25,3,541,17.9660320281982
Distill50_0.1,3,541,17.8070068359375
Current,3,541,0.749111175537109
Distill25_0.5,3,541,18.5439586639404
CE_control_1.0,1,332,8.64696502685547
CE_control_0.5,1,332,16.6149139404297
CE_control_0.25,1,332,14.2080783843994
Distill50_0.5,1,332,14.4350528717041
Current,1,332,0.803947448730469
Distill50_0.25,1,332,13.7310028076172
Distill50_1.0,1,332,8.36396217346191
CE_control_0.1,1,332,13.9279365539551
Distill25_0.5,1,332,14.8839950561523
Distill25_1.0,1,332,9.42397117614746
Distill25_0.1,1,332,12.523889541626
Distill25_0.25,1,332,12.9709243774414
Distill50_0.1,1,332,14.3589973449707
Distill25_1.0,2,253,11.7361545562744
Distill50_0.5,2,253,19.0050601959229
Current,2,253,0.802993774414063
CE_control_0.1,2,253,18.4431076049805
Distill50_1.0,2,253,11.2349987030029
Distill25_0.1,2,253,17.1160697937012
Distill25_0.5,2,253,16.1170959472656
CE_control_0.25,2,253,16.3519382476807
CE_control_1.0,2,253,10.0998878479004
CE_control_0.5,2,253,16.7539119720459
Distill50_0.25,2,253,18.1291103363037
Distill25_0.25,2,253,18.6200141906738
Distill50_0.1,2,253,21.0521221160889
Distill50_1.0,3,417,9.40799713134766
Distill50_0.5,3,417,19.4709300994873
Distill25_0.25,3,417,20.0250148773193
CE_control_1.0,3,417,9.89317893981934
Distill25_0.5,3,417,19.7348594665527
CE_control_0.5,3,417,19.2821025848389
Distill50_0.1,3,417,20.3878879547119
CE_control_0.1,3,417,28.7199020385742
Current,3,417,1.10197067260742
Distill50_0.25,3,417,19.5012092590332
CE_control_0.25,3,417,18.1951522827148
Distill25_1.0,3,417,8.76116752624512
Distill25_0.1,3,417,17.2829627990723
CE_control_0.5,2,539,17.4570083618164
CE_control_1.0,2,539,8.85987281799316
Current,2,539,0.861883163452148
CE_control_0.25,2,539,16.6749954223633
Distill50_0.1,2,539,17.2271728515625
Distill25_0.1,2,539,16.9830322265625
Distill25_1.0,2,539,8.01587104797363
Distill25_0.25,2,539,18.6128616333008
Distill50_1.0,2,539,8.80599021911621
Distill50_0.5,2,539,17.0919895172119
CE_control_0.1,2,539,16.6280269622803
Distill25_0.5,2,539,16.6380405426025
Distill50_0.25,2,539,17.855167388916
Distill50_0.1,2,507,16.8938636779785
Distill50_0.25,2,507,18.0900096893311
Distill50_0.5,2,507,20.4899311065674
CE_control_1.0,2,507,8.50105285644531
CE_control_0.5,2,507,19.0141201019287
CE_control_0.25,2,507,17.5409317016602
Current,2,507,0.754833221435547
Distill25_0.1,2,507,19.3641185760498
Distill25_1.0,2,507,8.61811637878418
Distill50_1.0,2,507,8.97407531738281
Distill25_0.5,2,507,17.4961090087891
CE_control_0.1,2,507,16.4928436279297
Distill25_0.25,2,507,16.2179470062256
Distill25_1.0,3,539,8.12101364135742
CE_control_0.1,3,539,21.3010311126709
Distill25_0.5,3,539,19.5279121398926
CE_control_0.5,3,539,18.7218189239502
Distill50_0.25,3,539,18.9509391784668
CE_control_0.25,3,539,20.0860500335693
Current,3,539,12.5670433044434
CE_control_1.0,3,539,9.69886779785156
Distill50_1.0,3,539,7.92288780212402
Distill25_0.25,3,539,18.6278820037842
Distill50_0.5,3,539,19.7029113769531
Distill50_0.1,3,539,18.5451507568359
Distill25_0.1,3,539,17.488956451416
Distill25_0.1,1,529,16.826868057251
CE_control_1.0,1,529,7.09795951843262
CE_control_0.5,1,529,17.8368091583252
CE_control_0.1,1,529,17.8751945495605
Distill50_0.25,1,529,18.031120300293
Distill25_0.25,1,529,17.5220966339111
Distill50_0.1,1,529,17.7071094512939
Distill50_0.5,1,529,16.4530277252197
CE_control_0.25,1,529,16.5410041809082
Distill25_0.5,1,529,17.9340839385986
Distill25_1.0,1,529,11.2910270690918
Current,1,529,1.47604942321777
Distill50_1.0,1,529,9.52792167663574
Distill50_0.1,1,63,20.0989246368408
Distill50_0.25,1,63,20.9407806396484
Distill25_1.0,1,63,8.8961124420166
Distill50_0.5,1,63,21.5389728546143
CE_control_1.0,1,63,9.55796241760254
Distill25_0.25,1,63,19.5581912994385
Current,1,63,1.05094909667969
Distill25_0.5,1,63,20.6108093261719
CE_control_0.1,1,63,18.9700126647949
Distill25_0.1,1,63,19.7341442108154
CE_control_0.25,1,63,18.9580917358398
CE_control_0.5,1,63,18.6100006103516
Distill50_1.0,1,63,9.24396514892578
Distill50_1.0,1,134,9.20510292053223
Distill25_0.5,1,134,18.0470943450928
Distill25_0.25,1,134,17.8558826446533
Current,1,134,0.863075256347656
CE_control_0.1,1,134,17.2419548034668
CE_control_1.0,1,134,8.62598419189453
Distill50_0.5,1,134,30.3778648376465
Distill25_1.0,1,134,10.2388858795166
CE_control_0.25,1,134,17.6410675048828
CE_control_0.5,1,134,17.874002456665
Distill25_0.1,1,134,16.7441368103027
Distill50_0.1,1,134,16.8459415435791
Distill50_0.25,1,134,16.1809921264648
Distill25_1.0,2,593,7.85684585571289
Distill50_0.5,2,593,17.5619125366211
CE_control_0.1,2,593,17.693042755127
CE_control_0.25,2,593,16.8361663818359
Current,2,593,0.874996185302734
Distill25_0.25,2,593,16.6990756988525
Distill50_0.25,2,593,16.2861347198486
Distill50_0.1,2,593,15.5258178710938
Distill25_0.5,2,593,15.2819156646729
CE_control_1.0,2,593,8.70013236999512
CE_control_0.5,2,593,16.3660049438477
Distill25_0.1,2,593,17.3900127410889
Distill50_1.0,2,593,8.55398178100586
Distill50_0.5,3,144,18.2960033416748
Distill50_1.0,3,144,9.87601280212402
Distill25_0.1,3,144,19.3078517913818
CE_control_0.1,3,144,18.8460350036621
Distill25_1.0,3,144,10.1449489593506
CE_control_0.5,3,144,19.0029144287109
Distill50_0.25,3,144,19.6781158447266
CE_control_0.25,3,144,19.4909572601318
Distill25_0.5,3,144,19.2949771881104
CE_control_1.0,3,144,11.5468502044678
Current,3,144,0.869035720825195
Distill50_0.1,3,144,18.625020980835
Distill25_0.25,3,144,19.6471214294434
Distill50_1.0,1,261,9.16099548339844
Distill25_0.25,1,261,19.6371078491211
CE_control_0.1,1,261,16.4780616760254
Current,1,261,1.20115280151367
CE_control_0.5,1,261,16.1788463592529
Distill25_1.0,1,261,7.89904594421387
Distill50_0.1,1,261,16.7748928070068
Distill50_0.5,1,261,15.84792137146
Distill50_0.25,1,261,15.8500671386719
Distill25_0.1,1,261,15.718936920166
Distill25_0.5,1,261,15.4709815979004
CE_control_1.0,1,261,7.70688056945801
CE_control_0.25,1,261,20.3678607940674
Distill50_0.5,1,285,16.7200565338135
CE_control_1.0,1,285,8.41689109802246
Distill25_0.25,1,285,19.4070339202881
Distill25_0.1,1,285,18.9120769500732
CE_control_0.25,1,285,18.0590152740479
Distill50_1.0,1,285,7.84587860107422
CE_control_0.5,1,285,18.5239315032959
Distill50_0.25,1,285,18.5461044311523
Distill25_1.0,1,285,9.07397270202637
Distill25_0.5,1,285,17.0218944549561
Distill50_0.1,1,285,19.2148685455322
Current,1,285,1.36709213256836
CE_control_0.1,1,285,18.2411670684814
Distill25_0.25,2,165,15.8100128173828
Distill25_0.1,2,165,16.5231227874756
CE_control_1.0,2,165,9.10186767578125
Distill50_0.1,2,165,16.4968967437744
Distill50_0.25,2,165,16.1731243133545
CE_control_0.25,2,165,16.7219638824463
Distill50_0.5,2,165,15.9940719604492
Distill25_1.0,2,165,9.37414169311523
Current,2,165,1.00803375244141
Distill50_1.0,2,165,8.85701179504395
CE_control_0.5,2,165,16.7629718780518
CE_control_0.1,2,165,16.5190696716309
Distill25_0.5,2,165,17.5101757049561
CE_control_0.5,3,84,28.89084815979
CE_control_0.1,3,84,16.920804977417
CE_control_0.25,3,84,16.2100791931152
Distill25_0.1,3,84,16.0589218139648
CE_control_1.0,3,84,9.70602035522461
Distill50_0.25,3,84,16.6020393371582
Distill25_0.25,3,84,17.2829627990723
Current,3,84,0.848054885864258
Distill50_0.1,3,84,15.3977870941162
Distill25_0.5,3,84,15.9649848937988
Distill25_1.0,3,84,9.05609130859375
Distill50_1.0,3,84,10.5998516082764
Distill50_0.5,3,84,15.9850120544434
CE_control_0.5,1,30,16.4000988006592
Current,1,30,0.821828842163086
Distill50_0.25,1,30,16.787052154541
Distill25_0.1,1,30,16.7570114135742
Distill25_1.0,1,30,10.4761123657227
Distill50_0.1,1,30,16.0019397735596
Distill25_0.5,1,30,16.6771411895752
CE_control_0.25,1,30,15.355110168457
Distill50_1.0,1,30,9.14406776428223
Distill50_0.5,1,30,15.9721374511719
Distill25_0.25,1,30,15.9378051757813
CE_control_1.0,1,30,9.74583625793457
CE_control_0.1,1,30,15.3648853302002
Distill25_1.0,1,169,7.54714012145996
Distill50_0.1,1,169,16.4229869842529
CE_control_1.0,1,169,8.94808769226074
CE_control_0.5,1,169,16.4151191711426
Distill25_0.5,1,169,16.5669918060303
CE_control_0.1,1,169,17.179012298584
Distill50_0.5,1,169,17.7309513092041
Distill25_0.1,1,169,16.9219970703125
Current,1,169,0.908136367797852
CE_control_0.25,1,169,16.9379711151123
Distill25_0.25,1,169,19.2058086395264
Distill50_1.0,1,169,9.6430778503418
Distill50_0.25,1,169,19.3970203399658
Distill50_0.1,2,427,15.3651237487793
Distill25_0.1,2,427,18.0459022521973
Distill25_1.0,2,427,9.34100151062012
CE_control_0.1,2,427,15.8810615539551
Current,2,427,0.792980194091797
CE_control_1.0,2,427,9.25803184509277
Distill25_0.25,2,427,16.0439014434814
Distill50_0.5,2,427,15.2709484100342
Distill50_1.0,2,427,8.6820125579834
Distill50_0.25,2,427,17.132043838501
CE_control_0.5,2,427,15.8889293670654
Distill25_0.5,2,427,16.9761180877686
CE_control_0.25,2,427,16.9620513916016
CE_control_0.5,1,470,19.6268558502197
CE_control_0.25,1,470,19.1700458526611
Distill50_0.1,1,470,18.4869766235352
Distill50_0.25,1,470,18.1300640106201
Distill25_1.0,1,470,9.77492332458496
CE_control_1.0,1,470,9.4749927520752
CE_control_0.1,1,470,18.1550979614258
Distill50_0.5,1,470,19.2859172821045
Distill25_0.1,1,470,19.2720890045166
Distill25_0.5,1,470,18.4378623962402
Distill50_1.0,1,470,10.3309154510498
Distill25_0.25,1,470,19.1268920898438
Current,1,470,0.946998596191406
Distill25_0.5,3,391,13.6561393737793
CE_control_1.0,3,391,9.29689407348633
Distill25_0.25,3,391,13.7050151824951
CE_control_0.5,3,391,12.9210948944092
Distill50_1.0,3,391,8.06498527526856
CE_control_0.25,3,391,14.3489837646484
Distill50_0.5,3,391,15.3939723968506
Distill25_1.0,3,391,8.98098945617676
Distill25_0.1,3,391,25.6121158599854
Distill50_0.1,3,391,14.3768787384033
Distill50_0.25,3,391,13.5419368743896
CE_control_0.1,3,391,12.3100280761719
Current,3,391,0.787019729614258
Distill50_0.5,2,571,14.7609710693359
Distill50_1.0,2,571,8.77189636230469
Distill50_0.1,2,571,13.8628482818604
CE_control_1.0,2,571,7.98106193542481
Distill25_0.25,2,571,15.0139331817627
CE_control_0.25,2,571,15.9029960632324
Distill25_1.0,2,571,10.7011795043945
Distill25_0.1,2,571,16.0660743713379
Distill25_0.5,2,571,15.9368515014648
Distill50_0.25,2,571,14.8811340332031
CE_control_0.1,2,571,14.739990234375
Current,2,571,0.998973846435547
CE_control_0.5,2,571,15.1638984680176
CE_control_1.0,3,449,7.80391693115234
CE_control_0.1,3,449,17.2882080078125
Distill50_0.1,3,449,19.0801620483398
Distill25_0.1,3,449,18.8870429992676
Current,3,449,0.870943069458008
Distill50_0.5,3,449,16.6690349578857
Distill25_0.25,3,449,16.2560939788818
Distill25_0.5,3,449,16.8030261993408
CE_control_0.25,3,449,17.5209045410156
Distill25_1.0,3,449,8.13794136047363
CE_control_0.5,3,449,18.8808441162109
Distill50_0.25,3,449,18.1548595428467
Distill50_1.0,3,449,9.2320442199707
Distill50_0.1,3,497,17.2150135040283
Distill50_1.0,3,497,9.16814804077148
Distill50_0.5,3,497,16.7989730834961
CE_control_0.5,3,497,17.0249938964844
Distill25_0.5,3,497,17.9450511932373
Distill25_0.25,3,497,19.3400382995605
CE_control_0.1,3,497,29.7300815582275
CE_control_1.0,3,497,9.32502746582031
Distill25_1.0,3,497,11.8119716644287
Current,3,497,1.01304054260254
Distill50_0.25,3,497,20.1048851013184
CE_control_0.25,3,497,19.1569328308105
Distill25_0.1,3,497,19.3469524383545
Distill25_1.0,1,415,9.31310653686523
CE_control_0.25,1,415,18.9259052276611
Distill25_0.25,1,415,18.7358856201172
Distill50_1.0,1,415,9.14907455444336
Distill25_0.5,1,415,19.4180011749268
Distill50_0.25,1,415,19.2749500274658
CE_control_1.0,1,415,8.46695899963379
CE_control_0.1,1,415,18.1679725646973
Distill50_0.5,1,415,18.7849998474121
Distill50_0.1,1,415,18.5060501098633
Current,1,415,1.00898742675781
Distill25_0.1,1,415,16.707181930542
CE_control_0.5,1,415,16.8919563293457
Distill25_1.0,2,528,8.02993774414063
Distill50_1.0,2,528,9.53912734985352
Distill25_0.25,2,528,18.1980133056641
Distill50_0.5,2,528,18.5310840606689
Distill25_0.5,2,528,18.3548927307129
CE_control_0.5,2,528,19.1390514373779
CE_control_1.0,2,528,10.977029800415
Current,2,528,0.88191032409668
Distill25_0.1,2,528,19.7041034698486
CE_control_0.1,2,528,19.7341442108154
CE_control_0.25,2,528,19.8438167572021
Distill50_0.1,2,528,19.5040702819824
Distill50_0.25,2,528,19.1600322723389
Distill25_0.5,2,506,18.0299282073975
Distill50_0.1,2,506,18.3010101318359
CE_control_0.5,2,506,18.2809829711914
Distill50_1.0,2,506,10.0288391113281
Distill50_0.5,2,506,17.2529220581055
CE_control_0.25,2,506,16.5870189666748
Distill50_0.25,2,506,28.5100936889648
Distill25_0.1,2,506,16.9250965118408
Distill25_0.25,2,506,16.3779258728027
Distill25_1.0,2,506,7.48896598815918
CE_control_0.1,2,506,18.165111541748
Current,2,506,1.07192993164063
CE_control_1.0,2,506,8.55493545532227
CE_control_0.1,3,445,15.963077545166
Current,3,445,0.921010971069336
Distill50_0.1,3,445,16.2999629974365
CE_control_0.25,3,445,16.2739753723145
CE_control_1.0,3,445,9.3989372253418
Distill25_0.1,3,445,16.4330005645752
Distill25_1.0,3,445,7.94696807861328
Distill50_0.5,3,445,16.5350437164307
Distill50_1.0,3,445,7.94482231140137
Distill25_0.5,3,445,16.1850452423096
Distill50_0.25,3,445,16.2711143493652
Distill25_0.25,3,445,17.1399116516113
CE_control_0.5,3,445,17.6901817321777
CE_control_0.1,1,428,20.9670066833496
Distill25_1.0,1,428,8.42714309692383
Distill25_0.5,1,428,22.2909450531006
CE_control_1.0,1,428,9.06920433044434
Current,1,428,0.870943069458008
Distill25_0.25,1,428,22.0229625701904
CE_control_0.5,1,428,20.7228660583496
Distill50_0.5,1,428,22.0727920532227
Distill50_0.25,1,428,29.433012008667
Distill25_0.1,1,428,23.4761238098145
Distill50_1.0,1,428,9.69910621643066
CE_control_0.25,1,428,24.4290828704834
Distill50_0.1,1,428,21.9430923461914
Distill50_0.1,2,297,18.2368755340576
CE_control_0.25,2,297,18.7962055206299
Current,2,297,0.772953033447266
Distill50_0.5,2,297,17.7528858184814
Distill50_1.0,2,297,10.1690292358398
CE_control_1.0,2,297,10.1699829101563
CE_control_0.5,2,297,30.5800437927246
Distill25_0.1,2,297,16.2241458892822
Distill25_1.0,2,297,8.70108604431152
Distill50_0.25,2,297,17.5352096557617
Distill25_0.5,2,297,18.348217010498
CE_control_0.1,2,297,17.5089836120605
Distill25_0.25,2,297,17.1759128570557
Distill50_1.0,3,309,8.86702537536621
Distill25_0.5,3,309,16.6149139404297
CE_control_0.5,3,309,18.0051326751709
Distill25_0.25,3,309,17.8790092468262
Distill50_0.5,3,309,19.9739933013916
CE_control_1.0,3,309,9.04202461242676
Distill25_1.0,3,309,8.51702690124512
Distill50_0.25,3,309,17.1840190887451
Current,3,309,0.849008560180664
CE_control_0.1,3,309,16.4170265197754
Distill25_0.1,3,309,16.3640975952148
Distill50_0.1,3,309,16.6881084442139
CE_control_0.25,3,309,17.2510147094727
CE_control_0.5,1,282,16.9258117675781
Distill50_0.5,1,282,17.6041126251221
Distill25_0.5,1,282,17.1577930450439
Distill25_0.1,1,282,17.280101776123
CE_control_1.0,1,282,9.00506973266602
CE_control_0.1,1,282,18.1930065155029
Distill50_1.0,1,282,8.42595100402832
Distill25_0.25,1,282,17.9159641265869
Distill25_1.0,1,282,10.8010768890381
CE_control_0.25,1,282,17.7488327026367
Current,1,282,0.704050064086914
Distill50_0.25,1,282,22.5939750671387
Distill50_0.1,1,282,21.3391780853271
Distill50_0.25,2,209,32.3429107666016
Distill50_0.1,2,209,20.535945892334
Current,2,209,12.5789642333984
Distill25_1.0,2,209,10.6179714202881
Distill25_0.5,2,209,22.9411125183105
CE_control_0.25,2,209,20.5028057098389
CE_control_1.0,2,209,9.66000556945801
Distill25_0.1,2,209,20.0800895690918
Distill50_0.5,2,209,20.6460952758789
CE_control_0.5,2,209,20.7810401916504
Distill50_1.0,2,209,11.1861228942871
Distill25_0.25,2,209,21.4059352874756
CE_control_0.1,2,209,22.3510265350342
Distill25_0.5,2,268,17.0540809631348
CE_control_0.25,2,268,17.9698467254639
Distill25_1.0,2,268,9.80591773986816
Current,2,268,1.00517272949219
Distill50_0.1,2,268,23.2329368591309
Distill25_0.25,2,268,16.995906829834
Distill50_0.25,2,268,17.6160335540771
Distill50_1.0,2,268,10.0739002227783
Distill50_0.5,2,268,18.5999870300293
CE_control_1.0,2,268,9.40799713134766
Distill25_0.1,2,268,19.1149711608887
CE_control_0.5,2,268,18.4159278869629
CE_control_0.1,2,268,17.0550346374512
Current,1,251,0.895023345947266
Distill50_0.5,1,251,15.6910419464111
Distill50_0.1,1,251,17.3308849334717
Distill50_0.25,1,251,16.1979198455811
Distill25_1.0,1,251,8.04305076599121
CE_control_1.0,1,251,9.97614860534668
Distill50_1.0,1,251,8.46290588378906
Distill25_0.1,1,251,16.5960788726807
Distill25_0.25,1,251,15.5458450317383
CE_control_0.25,1,251,29.8061370849609
Distill25_0.5,1,251,17.6141262054443
CE_control_0.1,1,251,15.7768726348877
CE_control_0.5,1,251,16.1499977111816
CE_control_0.5,1,558,25.7210731506348
Current,1,558,1.35397911071777
CE_control_0.1,1,558,19.2420482635498
Distill25_0.25,1,558,16.7667865753174
Distill50_0.1,1,558,16.0908699035645
Distill50_1.0,1,558,7.57884979248047
Distill25_0.5,1,558,14.6999359130859
CE_control_0.25,1,558,15.9199237823486
Distill25_0.1,1,558,16.1499977111816
Distill50_0.5,1,558,17.103910446167
Distill25_1.0,1,558,8.34107398986816
Distill50_0.25,1,558,15.5620574951172
CE_control_1.0,1,558,13.4248733520508
Distill25_0.1,3,337,18.1980133056641
Distill25_0.5,3,337,16.1421298980713
Distill50_0.1,3,337,17.0438289642334
Distill50_0.5,3,337,17.0810222625732
Distill25_0.25,3,337,16.9661045074463
Distill25_1.0,3,337,8.64315032958984
Distill50_1.0,3,337,8.78190994262695
CE_control_0.1,3,337,17.6081657409668
CE_control_0.25,3,337,17.6331996917725
CE_control_1.0,3,337,10.0479125976563
Distill50_0.25,3,337,17.6680088043213
Current,3,337,0.759124755859375
CE_control_0.5,3,337,17.8780555725098
Distill50_0.25,1,437,17.064094543457
Distill25_1.0,1,437,9.04512405395508
Distill25_0.25,1,437,14.786958694458
Distill25_0.1,1,437,15.1629447937012
CE_control_0.5,1,437,14.9250030517578
Distill25_0.5,1,437,15.5940055847168
CE_control_0.25,1,437,15.6409740447998
Distill50_0.5,1,437,27.0729064941406
Distill50_0.1,1,437,15.0609016418457
Current,1,437,0.838994979858398
CE_control_0.1,1,437,14.0249729156494
CE_control_1.0,1,437,7.86280632019043
Distill50_1.0,1,437,9.64999198913574
Distill25_0.25,3,594,18.4798240661621
Distill50_1.0,3,594,7.68589973449707
Distill25_0.5,3,594,18.578052520752
CE_control_0.25,3,594,20.4389095306396
Distill25_1.0,3,594,8.15105438232422
Current,3,594,0.98419189453125
Distill50_0.25,3,594,19.8948383331299
Distill25_0.1,3,594,20.5068588256836
Distill50_0.5,3,594,20.6828117370605
CE_control_0.1,3,594,22.4239826202393
CE_control_0.5,3,594,20.0169086456299
CE_control_1.0,3,594,8.50915908813477
Distill50_0.1,3,594,22.6049423217773
Distill50_1.0,2,439,8.14390182495117
CE_control_0.1,2,439,16.840934753418
CE_control_0.5,2,439,17.9958343505859
Distill50_0.25,2,439,17.1680450439453
Distill50_0.1,2,439,16.9570446014404
Distill25_0.25,2,439,17.6839828491211
Distill25_0.1,2,439,16.9010162353516
Distill50_0.5,2,439,15.6970024108887
CE_control_1.0,2,439,9.49382781982422
Distill25_1.0,2,439,10.4038715362549
Current,2,439,0.863075256347656
Distill25_0.5,2,439,16.2630081176758
CE_control_0.25,2,439,16.732931137085
CE_control_0.25,2,25,18.7160968780518
CE_control_0.5,2,25,19.1190242767334
Distill50_0.5,2,25,19.9987888336182
CE_control_1.0,2,25,11.5871429443359
Distill25_1.0,2,25,11.6391181945801
Current,2,25,0.916957855224609
Distill25_0.5,2,25,30.9300422668457
Distill25_0.1,2,25,17.3690319061279
Distill25_0.25,2,25,16.1099433898926
Distill50_0.1,2,25,16.6430473327637
Distill50_1.0,2,25,10.0581645965576
CE_control_0.1,2,25,18.2039737701416
Distill50_0.25,2,25,17.949104309082
Distill25_1.0,1,320,9.21797752380371
Distill50_1.0,1,320,11.2810134887695
CE_control_1.0,1,320,9.25993919372559
Current,1,320,1.00398063659668
Distill50_0.25,1,320,20.0290679931641
Distill25_0.5,1,320,18.1670188903809
Distill25_0.25,1,320,18.6531543731689
CE_control_0.25,1,320,20.1699733734131
Distill25_0.1,1,320,21.6600894927979
CE_control_0.5,1,320,18.7060832977295
Distill50_0.5,1,320,19.3078517913818
Distill50_0.1,1,320,20.1320648193359
CE_control_0.1,1,320,20.698070526123
Distill50_0.25,1,196,18.5360908508301
Distill50_1.0,1,196,10.4031562805176
Distill50_0.5,1,196,17.3499584197998
Distill25_0.1,1,196,18.7718868255615
Distill25_0.5,1,196,18.9828872680664
Current,1,196,0.807046890258789
CE_control_0.25,1,196,17.0450210571289
CE_control_0.5,1,196,16.9768333435059
CE_control_1.0,1,196,10.3089809417725
Distill50_0.1,1,196,18.3789730072021
Distill25_1.0,1,196,11.3379955291748
Distill25_0.25,1,196,17.8749561309814
CE_control_0.1,1,196,20.3821659088135
Distill25_0.5,3,567,16.1659717559814
CE_control_0.25,3,567,14.268159866333
CE_control_1.0,3,567,9.38296318054199
Distill50_0.25,3,567,16.1550045013428
Current,3,567,0.999927520751953
Distill25_0.25,3,567,16.5748596191406
CE_control_0.1,3,567,15.927791595459
Distill50_0.5,3,567,15.5849456787109
Distill50_1.0,3,567,9.50479507446289
Distill25_0.1,3,567,17.158031463623
Distill50_0.1,3,567,16.3471698760986
CE_control_0.5,3,567,15.6500339508057
Distill25_1.0,3,567,8.76092910766602
CE_control_0.5,1,294,18.2650089263916
Distill25_0.25,1,294,19.4120407104492
CE_control_0.25,1,294,18.4500217437744
Distill25_0.5,1,294,18.3780193328857
CE_control_1.0,1,294,9.89890098571777
Distill25_0.1,1,294,17.2779560089111
Distill50_1.0,1,294,8.97288322448731
Distill50_0.5,1,294,18.1319713592529
CE_control_0.1,1,294,19.118070602417
Current,1,294,0.893115997314453
Distill50_0.1,1,294,16.8569087982178
Distill50_0.25,1,294,16.6809558868408
Distill25_1.0,1,294,9.2921257019043
Distill25_0.5,3,201,20.453929901123
Distill25_0.25,3,201,18.7530517578125
CE_control_0.1,3,201,18.1839466094971
Distill50_0.5,3,201,19.5131301879883
Distill50_1.0,3,201,12.0508670806885
Distill50_0.1,3,201,19.629955291748
Distill50_0.25,3,201,20.2579498291016
CE_control_0.25,3,201,29.4389724731445
Current,3,201,1.06692314147949
Distill25_0.1,3,201,19.9949741363525
CE_control_0.5,3,201,20.5109119415283
CE_control_1.0,3,201,11.5630626678467
Distill25_1.0,3,201,11.9760036468506
Distill50_0.5,1,392,17.3938274383545
Distill50_1.0,1,392,10.206937789917
Distill25_0.5,1,392,16.7560577392578
Distill50_0.1,1,392,16.3860321044922
Current,1,392,0.792026519775391
CE_control_0.5,1,392,16.211986541748
Distill50_0.25,1,392,16.6637897491455
CE_control_0.1,1,392,16.887903213501
Distill25_0.25,1,392,16.6618824005127
CE_control_0.25,1,392,15.7439708709717
Distill25_1.0,1,392,8.58402252197266
Distill25_0.1,1,392,17.5411701202393
CE_control_1.0,1,392,9.07516479492188
CE_control_0.5,2,443,17.725944519043
Distill25_1.0,2,443,8.4221363067627
CE_control_0.1,2,443,18.4099674224854
CE_control_0.25,2,443,17.6358222961426
CE_control_1.0,2,443,7.9960823059082
Current,2,443,0.833034515380859
Distill25_0.25,2,443,19.0920829772949
Distill50_1.0,2,443,8.91399383544922
Distill25_0.1,2,443,18.9790725708008
Distill25_0.5,2,443,18.6078548431396
Distill50_0.25,2,443,19.4840431213379
Distill50_0.1,2,443,19.7179317474365
Distill50_0.5,2,443,18.1338787078857
Distill25_1.0,3,159,8.70013236999512
CE_control_0.5,3,159,20.0049877166748
Current,3,159,0.838041305541992
Distill25_0.1,3,159,18.9528465270996
Distill50_1.0,3,159,8.93902778625488
CE_control_0.1,3,159,33.8039398193359
Distill50_0.1,3,159,20.427942276001
Distill50_0.25,3,159,19.8919773101807
Distill25_0.25,3,159,20.3609466552734
CE_control_1.0,3,159,10.8699798583984
Distill50_0.5,3,159,18.8939571380615
CE_control_0.25,3,159,18.657922744751
Distill25_0.5,3,159,19.6108818054199
Distill50_0.25,3,576,16.8910026550293
CE_control_0.1,3,576,16.4439678192139
Distill25_0.5,3,576,18.5270309448242
Distill25_1.0,3,576,8.94498825073242
Distill50_0.1,3,576,15.6750679016113
CE_control_1.0,3,576,8.18300247192383
CE_control_0.5,3,576,15.4972076416016
Distill25_0.1,3,576,15.7260894775391
Distill25_0.25,3,576,16.2370204925537
CE_control_0.25,3,576,16.7930126190186
Distill50_1.0,3,576,9.32812690734863
Current,3,576,0.79798698425293
Distill50_0.5,3,576,15.1691436767578
CE_control_0.5,2,223,17.1289443969727
Distill50_1.0,2,223,8.41403007507324
Distill50_0.25,2,223,18.3470249176025
Current,2,223,0.844955444335938
Distill50_0.5,2,223,17.6060199737549
Distill50_0.1,2,223,17.7409648895264
Distill25_0.1,2,223,16.340970993042
Distill25_1.0,2,223,7.96198844909668
CE_control_1.0,2,223,9.57798957824707
Distill25_0.25,2,223,16.3328647613525
CE_control_0.1,2,223,16.0539150238037
CE_control_0.25,2,223,16.4299011230469
Distill25_0.5,2,223,17.0681476593018
Distill50_0.5,3,101,24.2249965667725
Distill25_0.1,3,101,22.8040218353272
CE_control_0.1,3,101,20.7428932189941
Distill50_0.25,3,101,22.6387977600098
Distill50_1.0,3,101,11.4688873291016
CE_control_0.25,3,101,17.9219245910645
Distill50_0.1,3,101,18.5730457305908
CE_control_1.0,3,101,10.96510887146
Current,3,101,1.01494789123535
Distill25_1.0,3,101,10.9641551971436
CE_control_0.5,3,101,19.2439556121826
Distill25_0.5,3,101,18.7828540802002
Distill25_0.25,3,101,18.6121463775635
Distill50_0.25,2,191,18.0850028991699
CE_control_0.25,2,191,19.8068618774414
Distill50_1.0,2,191,11.7778778076172
Distill25_0.1,2,191,20.6499099731445
Distill25_1.0,2,191,11.9380950927734
Distill25_0.5,2,191,16.3869857788086
CE_control_1.0,2,191,11.7638111114502
Distill25_0.25,2,191,18.3231830596924
CE_control_0.5,2,191,18.6259746551514
Distill50_0.1,2,191,18.9628601074219
CE_control_0.1,2,191,19.0091133117676
Distill50_0.5,2,191,17.8439617156982
Current,2,191,0.847101211547852
Current,1,199,0.767946243286133
CE_control_1.0,1,199,8.84294509887695
CE_control_0.5,1,199,23.4458446502686
Distill25_1.0,1,199,9.83095169067383
Distill50_0.1,1,199,22.6249694824219
Distill25_0.1,1,199,22.4640369415283
Distill25_0.25,1,199,20.3590393066406
CE_control_0.25,1,199,25.6221294403076
Distill50_1.0,1,199,19.3929672241211
CE_control_0.1,1,199,20.4019546508789
Distill25_0.5,1,199,23.2729911804199
Distill50_0.5,1,199,22.4828720092773
Distill50_0.25,1,199,21.0299491882324
Distill50_0.5,2,276,16.8318748474121
Distill25_0.1,2,276,17.9541110992432
CE_control_0.1,2,276,16.9038772583008
CE_control_0.5,2,276,17.3659324645996
Distill25_0.5,2,276,17.4689292907715
CE_control_1.0,2,276,9.75608825683594
Current,2,276,0.824213027954102
Distill25_0.25,2,276,16.2818431854248
CE_control_0.25,2,276,16.4229869842529
Distill25_1.0,2,276,9.0939998626709
Distill50_0.25,2,276,16.0670280456543
Distill50_0.1,2,276,16.1149501800537
Distill50_1.0,2,276,9.1240406036377
Distill25_1.0,1,266,9.75704193115234
Distill50_0.25,1,266,16.0720348358154
Distill50_0.5,1,266,16.0069465637207
Current,1,266,0.734090805053711
Distill25_0.5,1,266,17.3079967498779
CE_control_0.25,1,266,16.5760517120361
Distill25_0.1,1,266,15.2552127838135
Distill50_0.1,1,266,15.3341293334961
CE_control_0.5,1,266,15.0909423828125
CE_control_0.1,1,266,15.8779621124268
Distill25_0.25,1,266,14.8792266845703
Distill50_1.0,1,266,8.81195068359375
CE_control_1.0,1,266,8.55588912963867
CE_control_1.0,1,71,8.17489624023438
CE_control_0.1,1,71,17.8978443145752
Current,1,71,0.674962997436523
CE_control_0.5,1,71,27.1790027618408
Distill25_1.0,1,71,9.85980033874512
CE_control_0.25,1,71,16.657829284668
Distill25_0.25,1,71,17.2879695892334
Distill50_1.0,1,71,8.08501243591309
Distill25_0.5,1,71,16.7877674102783
Distill50_0.1,1,71,17.0869827270508
Distill50_0.5,1,71,17.1730518341064
Distill25_0.1,1,71,18.3620452880859
Distill50_0.25,1,71,17.6460742950439
Current,1,66,0.700950622558594
Distill50_0.25,1,66,18.9521312713623
Distill25_0.5,1,66,18.4671878814697
Distill50_0.5,1,66,18.5048580169678
CE_control_0.1,1,66,19.9799537658691
Distill50_1.0,1,66,9.98616218566895
Distill50_0.1,1,66,20.5240249633789
Distill25_0.25,1,66,19.8280811309814
Distill25_1.0,1,66,9.552001953125
CE_control_0.5,1,66,20.7059383392334
CE_control_0.25,1,66,19.5491313934326
CE_control_1.0,1,66,10.5681419372559
Distill25_0.1,1,66,19.8729038238525
Distill25_0.5,3,432,16.495943069458
Distill50_0.1,3,432,16.9758796691895
CE_control_0.25,3,432,23.3759880065918
CE_control_0.5,3,432,17.2641277313232
Distill25_1.0,3,432,7.93004035949707
CE_control_0.1,3,432,17.5879001617432
Distill50_0.5,3,432,17.6448822021484
Distill50_0.25,3,432,18.2960033416748
CE_control_1.0,3,432,17.632007598877
Current,3,432,1.23286247253418
Distill25_0.25,3,432,15.5808925628662
Distill25_0.1,3,432,15.8171653747559
Distill50_1.0,3,432,7.70306587219238
Distill25_0.25,1,231,15.5210494995117
Distill50_0.25,1,231,15.7649517059326
CE_control_0.25,1,231,13.8630867004395
Distill50_1.0,1,231,7.65204429626465
Distill25_1.0,1,231,7.53092765808106
CE_control_1.0,1,231,7.36689567565918
Distill25_0.1,1,231,15.4979228973389
Current,1,231,0.645875930786133
Distill50_0.1,1,231,14.5680904388428
Distill25_0.5,1,231,14.4450664520264
CE_control_0.5,1,231,14.5139694213867
CE_control_0.1,1,231,15.4139995574951
Distill50_0.5,1,231,14.7340297698975
Distill50_0.1,2,204,19.1709995269775
CE_control_0.25,2,204,20.158052444458
Distill50_0.5,2,204,19.3288326263428
Distill50_1.0,2,204,8.70394706726074
Distill25_0.25,2,204,20.4911231994629
Current,2,204,0.792980194091797
Distill25_1.0,2,204,8.49294662475586
CE_control_0.1,2,204,19.4160938262939
CE_control_1.0,2,204,7.81393051147461
Distill50_0.25,2,204,20.4269886016846
Distill25_0.5,2,204,19.6118354797363
Distill25_0.1,2,204,19.197940826416
CE_control_0.5,2,204,19.2220211029053
Distill50_0.1,3,94,21.5208530426025
CE_control_1.0,3,94,9.79399681091309
Distill25_1.0,3,94,11.699914932251
CE_control_0.25,3,94,21.0959911346436
CE_control_0.1,3,94,22.1819877624512
Distill50_1.0,3,94,21.0950374603271
Distill25_0.1,3,94,20.906925201416
Distill25_0.5,3,94,19.8569297790527
Current,3,94,0.876903533935547
CE_control_0.5,3,94,19.7041034698486
Distill50_0.5,3,94,21.0940837860107
Distill25_0.25,3,94,19.6189880371094
Distill50_0.25,3,94,19.874095916748
Distill50_0.5,3,8,13.8101577758789
CE_control_0.25,3,8,14.6629810333252
Distill50_1.0,3,8,8.27097892761231
CE_control_1.0,3,8,8.66198539733887
Distill25_0.1,3,8,15.0151252746582
Distill50_0.1,3,8,14.0948295593262
Distill25_0.5,3,8,13.653039932251
CE_control_0.1,3,8,13.5290622711182
Distill25_0.25,3,8,14.6918296813965
Distill25_1.0,3,8,8.57710838317871
CE_control_0.5,3,8,14.8370265960693
Current,3,8,0.695943832397461
Distill50_0.25,3,8,20.550012588501
Current,2,549,0.67901611328125
Distill50_0.1,2,549,17.1990394592285
CE_control_0.5,2,549,17.4429416656494
CE_control_0.25,2,549,18.043041229248
Distill25_0.25,2,549,18.2151794433594
Distill25_0.1,2,549,20.9698677062988
Distill50_1.0,2,549,9.14907455444336
Distill50_0.5,2,549,18.5799598693848
CE_control_1.0,2,549,9.32621955871582
Distill25_0.5,2,549,19.5188522338867
CE_control_0.1,2,549,18.2039737701416
Distill50_0.25,2,549,18.7489986419678
Distill25_1.0,2,549,7.93218612670898
Distill25_0.5,3,414,16.441822052002
Distill50_0.25,3,414,28.4688472747803
Distill50_1.0,3,414,8.51607322692871
Distill25_0.1,3,414,16.8378353118896
Distill25_1.0,3,414,7.59387016296387
CE_control_0.1,3,414,15.9010887145996
CE_control_0.25,3,414,14.362096786499
Distill25_0.25,3,414,14.9440765380859
Distill50_0.1,3,414,15.4309272766113
Current,3,414,0.853061676025391
Distill50_0.5,3,414,15.3481960296631
CE_control_1.0,3,414,7.56716728210449
CE_control_0.5,3,414,15.0220394134521
CE_control_0.1,3,243,16.7591571807861
Distill50_0.1,3,243,17.6389217376709
CE_control_0.5,3,243,18.0151462554932
Distill25_1.0,3,243,8.27288627624512
Current,3,243,0.912904739379883
CE_control_0.25,3,243,16.9718265533447
CE_control_1.0,3,243,7.57598876953125
Distill25_0.1,3,243,18.679141998291
Distill50_0.5,3,243,17.1859264373779
Distill25_0.25,3,243,17.0879364013672
Distill25_0.5,3,243,17.7149772644043
Distill50_1.0,3,243,8.79621505737305
Distill50_0.25,3,243,17.6711082458496
Distill50_0.1,1,18,18.2039737701416
Distill25_1.0,1,18,9.07993316650391
CE_control_0.25,1,18,18.0959701538086
CE_control_1.0,1,18,8.42785835266113
Current,1,18,0.732183456420898
Distill50_1.0,1,18,9.76395606994629
Distill25_0.1,1,18,18.8789367675781
Distill25_0.25,1,18,19.9239253997803
Distill50_0.25,1,18,18.7599658966064
CE_control_0.5,1,18,18.1751251220703
CE_control_0.1,1,18,18.4440612792969
Distill50_0.5,1,18,18.5449123382568
Distill25_0.5,1,18,30.128002166748
CE_control_0.5,1,240,17.6541805267334
Distill50_0.25,1,240,17.0371532440186
CE_control_0.25,1,240,16.6611671447754
Distill50_0.1,1,240,16.9219970703125
Distill25_0.25,1,240,17.0741081237793
Current,1,240,0.739812850952148
CE_control_0.1,1,240,17.1999931335449
Distill25_0.5,1,240,17.4458026885986
Distill50_1.0,1,240,8.1169605255127
Distill25_1.0,1,240,9.16099548339844
CE_control_1.0,1,240,8.34298133850098
Distill25_0.1,1,240,18.604040145874
Distill50_0.5,1,240,16.6761875152588
Current,1,163,0.754117965698242
Distill50_1.0,1,163,18.2919502258301
Distill50_0.1,1,163,17.1451568603516
CE_control_0.5,1,163,17.6708698272705
Distill25_0.25,1,163,17.798900604248
CE_control_1.0,1,163,9.95016098022461
Distill25_0.5,1,163,18.3310508728027
Distill50_0.25,1,163,19.5040702819824
CE_control_0.25,1,163,19.6220874786377
CE_control_0.1,1,163,18.3839797973633
Distill25_1.0,1,163,11.1250877380371
Distill50_0.5,1,163,20.5931663513184
Distill25_0.1,1,163,19.2630290985107
CE_control_0.5,3,367,16.5300369262695
Distill50_0.25,3,367,16.0300731658936
Distill50_0.1,3,367,16.1490440368652
Distill25_0.25,3,367,16.4029598236084
Distill50_0.5,3,367,17.725944519043
Distill25_0.1,3,367,26.5340805053711
Current,3,367,1.05094909667969
CE_control_0.1,3,367,15.4209136962891
CE_control_0.25,3,367,14.0829086303711
Distill50_1.0,3,367,7.19094276428223
CE_control_1.0,3,367,7.44199752807617
Distill25_0.5,3,367,14.348030090332
Distill25_1.0,3,367,7.05695152282715
Distill25_0.1,1,559,14.4219398498535
CE_control_0.1,1,559,14.8420333862305
Distill50_0.5,1,559,15.1059627532959
Distill25_0.25,1,559,15.1779651641846
Distill50_0.1,1,559,15.5019760131836
Distill25_0.5,1,559,16.103982925415
CE_control_1.0,1,559,8.58688354492188
Current,1,559,0.79798698425293
Distill25_1.0,1,559,8.11100006103516
Distill50_1.0,1,559,7.85684585571289
CE_control_0.25,1,559,16.8981552124023
CE_control_0.5,1,559,16.3719654083252
Distill50_0.25,1,559,16.0222053527832
CE_control_0.25,1,61,15.9571170806885
CE_control_1.0,1,61,9.0479850769043
Distill25_0.5,1,61,15.7968997955322
Distill50_1.0,1,61,8.90088081359863
CE_control_0.5,1,61,16.5681838989258
Distill50_0.1,1,61,15.5007839202881
Distill25_0.1,1,61,15.6588554382324
Distill50_0.25,1,61,15.7051086425781
CE_control_0.1,1,61,15.5651569366455
Distill25_1.0,1,61,10.113000869751
Distill50_0.5,1,61,15.2139663696289
Current,1,61,0.683069229125977
Distill25_0.25,1,61,15.1798725128174
Current,2,308,0.653982162475586
Distill25_0.25,2,308,16.3969993591309
Distill25_0.1,2,308,16.057014465332
Distill50_0.25,2,308,26.594877243042
CE_control_0.25,2,308,16.5948867797852
CE_control_1.0,2,308,8.66007804870606
Distill50_0.5,2,308,15.8679485321045
Distill50_0.1,2,308,15.8858299255371
CE_control_0.5,2,308,18.7931060791016
Distill50_1.0,2,308,8.08501243591309
CE_control_0.1,2,308,18.8629627227783
Distill25_0.5,2,308,17.6019668579102
Distill25_1.0,2,308,8.27693939208984
Current,3,328,0.794172286987305
Distill50_1.0,3,328,7.7362060546875
CE_control_0.5,3,328,18.5098648071289
Distill50_0.25,3,328,18.3119773864746
Distill25_0.25,3,328,18.0299282073975
Distill25_1.0,3,328,8.13007354736328
CE_control_1.0,3,328,8.0721378326416
Distill50_0.1,3,328,18.2290077209473
Distill25_0.5,3,328,19.0510749816895
Distill25_0.1,3,328,18.4469223022461
CE_control_0.1,3,328,19.9508666992188
Distill50_0.5,3,328,19.1729068756104
CE_control_0.25,3,328,18.1248188018799
Distill25_0.5,3,330,19.1690921783447
Distill50_0.1,3,330,20.0400352478027
CE_control_0.25,3,330,20.5581188201904
Distill50_1.0,3,330,9.86289978027344
Distill25_0.1,3,330,20.0200080871582
CE_control_0.5,3,330,19.9649333953857
Distill25_0.25,3,330,19.9079513549805
Distill25_1.0,3,330,10.15305519104
CE_control_1.0,3,330,12.3348236083984
Distill50_0.25,3,330,21.6438770294189
Distill50_0.5,3,330,19.6080207824707
CE_control_0.1,3,330,18.63694190979
Current,3,330,13.4921073913574
Distill50_0.5,2,304,18.190860748291
CE_control_0.25,2,304,17.3070430755615
Current,2,304,0.854015350341797
Distill50_0.1,2,304,17.1701908111572
CE_control_1.0,2,304,8.56995582580566
CE_control_0.5,2,304,18.2130336761475
Distill25_1.0,2,304,8.61001014709473
Distill25_0.25,2,304,18.4910297393799
CE_control_0.1,2,304,21.4920043945313
Distill25_0.5,2,304,17.7209377288818
Distill50_1.0,2,304,8.23307037353516
Distill25_0.1,2,304,18.0270671844482
Distill50_0.25,2,304,17.3928737640381
Current,1,153,0.638008117675781
Distill25_1.0,1,153,8.3620548248291
Distill25_0.1,1,153,16.6690349578857
Distill50_0.25,1,153,16.8640613555908
CE_control_0.1,1,153,16.0698890686035
CE_control_1.0,1,153,8.0721378326416
Distill50_0.5,1,153,16.1819458007813
Distill25_0.5,1,153,16.5960788726807
CE_control_0.25,1,153,16.4861679077148
Distill25_0.25,1,153,16.2642002105713
CE_control_0.5,1,153,16.8969631195068
Distill50_1.0,1,153,8.60595703125
Distill50_0.1,1,153,16.7829990386963
Distill50_0.1,1,36,17.4980163574219
Distill50_0.5,1,36,17.3301696777344
CE_control_1.0,1,36,7.82203674316406
Current,1,36,0.811100006103516
Distill25_0.5,1,36,17.2369480133057
CE_control_0.5,1,36,17.812967300415
CE_control_0.1,1,36,17.2860622406006
Distill25_0.1,1,36,17.974853515625
CE_control_0.25,1,36,17.0309543609619
Distill25_1.0,1,36,7.51614570617676
Distill25_0.25,1,36,18.3329582214355
Distill50_0.25,1,36,17.0731544494629
Distill50_1.0,1,36,8.18490982055664
Distill25_0.25,2,45,12.0780467987061
CE_control_0.5,2,45,11.7838382720947
CE_control_1.0,2,45,7.30609893798828
Distill25_0.5,2,45,11.6281509399414
Current,2,45,0.658988952636719
Distill25_1.0,2,45,7.49301910400391
CE_control_0.1,2,45,12.2849941253662
Distill50_0.1,2,45,11.9469165802002
CE_control_0.25,2,45,14.8007869720459
Distill50_1.0,2,45,8.82315635681152
Distill50_0.5,2,45,12.5479698181152
Distill50_0.25,2,45,12.5460624694824
Distill25_0.1,2,45,12.4750137329102
Distill50_0.1,3,365,13.340950012207
Distill50_0.5,3,365,12.9909515380859
Distill25_0.25,3,365,15.0630474090576
CE_control_1.0,3,365,7.12203979492188
Distill50_0.25,3,365,15.3369903564453
Distill25_1.0,3,365,9.09590721130371
Distill50_1.0,3,365,8.93306732177734
CE_control_0.1,3,365,15.995979309082
CE_control_0.5,3,365,16.0799026489258
Distill25_0.5,3,365,16.1662101745605
CE_control_0.25,3,365,15.0179862976074
Current,3,365,0.693082809448242
Distill25_0.1,3,365,14.854907989502
Distill25_0.5,2,465,14.7519111633301
Distill25_0.1,2,465,16.0489082336426
Distill50_1.0,2,465,8.7890625
CE_control_0.1,2,465,16.0648822784424
CE_control_0.5,2,465,16.4859294891357
Distill50_0.1,2,465,16.4890289306641
Distill25_0.25,2,465,14.3940448760986
Distill50_0.5,2,465,14.4309997558594
Current,2,465,0.626087188720703
Distill50_0.25,2,465,25.3329277038574
CE_control_1.0,2,465,7.71689414978027
CE_control_0.25,2,465,13.7310028076172
Distill25_1.0,2,465,8.0111026763916
CE_control_0.25,2,455,13.3020877838135
Distill25_0.25,2,455,14.7788524627686
Distill50_1.0,2,455,7.88617134094238
Distill50_0.1,2,455,13.5319232940674
CE_control_0.1,2,455,12.9899978637695
Distill25_0.5,2,455,13.9980316162109
CE_control_0.5,2,455,14.0509605407715
Distill50_0.5,2,455,14.1181945800781
CE_control_1.0,2,455,8.05497169494629
Current,2,455,0.932931900024414
Distill50_0.25,2,455,14.7149562835693
Distill25_0.1,2,455,14.7440433502197
Distill25_1.0,2,455,8.30602645874023
Distill50_1.0,3,549,7.62701034545898
Distill50_0.1,3,549,17.7550315856934
Current,3,549,1.04212760925293
Distill25_1.0,3,549,8.23807716369629
Distill50_0.25,3,549,17.3530578613281
Distill25_0.5,3,549,17.2920227050781
CE_control_0.1,3,549,17.8511142730713
CE_control_0.25,3,549,17.3530578613281
CE_control_0.5,3,549,18.1241035461426
CE_control_1.0,3,549,7.99894332885742
Distill50_0.5,3,549,17.7829265594482
Distill25_0.25,3,549,17.6198482513428
Distill25_0.1,3,549,17.0209407806396
Distill50_0.5,2,214,15.125036239624
Distill50_1.0,2,214,8.06689262390137
Distill25_1.0,2,214,8.51106643676758
CE_control_1.0,2,214,8.26478004455566
Distill25_0.5,2,214,14.434814453125
Current,2,214,0.669002532958984
CE_control_0.5,2,214,14.5149230957031
Distill25_0.1,2,214,14.7881507873535
CE_control_0.1,2,214,14.8749351501465
Distill50_0.25,2,214,16.0238742828369
CE_control_0.25,2,214,14.988899230957
Distill50_0.1,2,214,14.3160820007324
Distill25_0.25,2,214,13.5118961334229
Distill25_1.0,2,138,7.22694396972656
Distill25_0.5,2,138,14.5919322967529
CE_control_0.25,2,138,15.2709484100342
Distill50_0.1,2,138,14.8758888244629
Distill50_1.0,2,138,6.84905052185059
Distill25_0.1,2,138,15.0959491729736
Distill50_0.5,2,138,15.4309272766113
CE_control_1.0,2,138,7.41314888000488
CE_control_0.5,2,138,16.028881072998
CE_control_0.1,2,138,15.4149532318115
Distill25_0.25,2,138,15.0959491729736
Distill50_0.25,2,138,15.3191089630127
Current,2,138,0.729084014892578
Distill25_0.25,3,26,16.0880088806152
Distill50_1.0,3,26,9.71102714538574
Current,3,26,0.932931900024414
Distill50_0.5,3,26,16.812801361084
Distill50_0.1,3,26,18.5880661010742
Distill25_0.1,3,26,17.117977142334
CE_control_0.25,3,26,18.2099342346191
Distill25_1.0,3,26,9.28401947021484
CE_control_0.1,3,26,17.6401138305664
Distill25_0.5,3,26,17.5230503082275
Distill50_0.25,3,26,17.9579257965088
CE_control_0.5,3,26,18.5191631317139
CE_control_1.0,3,26,8.51297378540039
Distill25_1.0,1,123,10.8630657196045
Distill50_0.1,1,123,20.97487449646
Distill50_0.5,1,123,20.7939147949219
CE_control_0.5,1,123,19.4978713989258
Distill50_1.0,1,123,9.94992256164551
Distill25_0.1,1,123,19.8321342468262
Distill25_0.5,1,123,29.9677848815918
CE_control_0.25,1,123,19.5188522338867
Distill50_0.25,1,123,19.5050239562988
CE_control_0.1,1,123,18.5179710388184
Distill25_0.25,1,123,18.3990001678467
Current,1,123,0.797033309936523
CE_control_1.0,1,123,9.7801685333252
CE_control_1.0,1,563,7.40408897399902
Distill50_0.25,1,563,17.6458358764648
Distill50_1.0,1,563,8.97407531738281
Distill25_0.5,1,563,16.2320137023926
Distill25_1.0,1,563,8.24594497680664
CE_control_0.1,1,563,16.9339179992676
Distill50_0.1,1,563,16.9930458068848
Current,1,563,0.844955444335938
Distill25_0.25,1,563,17.0919895172119
CE_control_0.5,1,563,16.2351131439209
Distill25_0.1,1,563,16.8709754943848
CE_control_0.25,1,563,16.1139965057373
Distill50_0.5,1,563,16.4668560028076
CE_control_0.25,2,283,17.0090198516846
Distill25_1.0,2,283,8.55898857116699
CE_control_0.1,2,283,18.0718898773193
CE_control_0.5,2,283,16.8139934539795
Distill50_0.1,2,283,17.5838470458984
Distill50_0.25,2,283,18.3959007263184
CE_control_1.0,2,283,8.85677337646484
Current,2,283,0.965118408203125
Distill25_0.5,2,283,16.463041305542
Distill25_0.1,2,283,16.5350437164307
Distill50_1.0,2,283,8.50105285644531
Distill25_0.25,2,283,17.5681114196777
Distill50_0.5,2,283,20.4060077667236
CE_control_0.5,2,155,32.1941375732422
Distill25_0.1,2,155,18.9950466156006
CE_control_1.0,2,155,13.8199329376221
Distill25_0.5,2,155,28.7721157073975
Distill25_0.25,2,155,22.0489501953125
Current,2,155,0.952005386352539
CE_control_0.1,2,155,18.3730125427246
Distill50_0.1,2,155,19.9720859527588
Distill25_1.0,2,155,11.4080905914307
Distill50_1.0,2,155,11.9118690490723
CE_control_0.25,2,155,18.8038349151611
Distill50_0.25,2,155,18.6989307403564
Distill50_0.5,2,155,18.671989440918
Distill50_0.5,1,64,15.9070491790771
Distill50_0.25,1,64,14.880895614624
Distill25_0.5,1,64,14.8110389709473
CE_control_0.5,1,64,14.2638683319092
Distill25_0.25,1,64,14.8470401763916
CE_control_1.0,1,64,7.95483589172363
Distill50_1.0,1,64,8.16202163696289
CE_control_0.25,1,64,15.3608322143555
CE_control_0.1,1,64,14.9931907653809
Current,1,64,0.756978988647461
Distill25_1.0,1,64,8.3010196685791
Distill25_0.1,1,64,15.4199600219727
Distill50_0.1,1,64,16.4051055908203
Distill50_0.5,2,47,19.4370746612549
Distill50_0.1,2,47,20.2500820159912
CE_control_0.1,2,47,19.0179347991943
CE_control_1.0,2,47,10.0719928741455
Distill25_0.1,2,47,20.4229354858398
Distill50_0.25,2,47,29.2930603027344
CE_control_0.5,2,47,19.8001861572266
Distill25_0.25,2,47,17.6970958709717
Distill50_1.0,2,47,9.66286659240723
Current,2,47,0.858068466186523
Distill25_1.0,2,47,8.71920585632324
CE_control_0.25,2,47,17.4980163574219
Distill25_0.5,2,47,17.751932144165
Distill25_0.25,1,124,16.4220333099365
CE_control_0.25,1,124,18.1539058685303
Current,1,124,0.710964202880859
Distill25_0.5,1,124,17.9438591003418
Distill50_0.5,1,124,17.7979469299316
CE_control_1.0,1,124,10.6229782104492
Distill50_1.0,1,124,10.4300975799561
CE_control_0.1,1,124,19.6890830993652
Distill50_0.1,1,124,18.0661678314209
Distill25_1.0,1,124,9.94086265563965
Distill50_0.25,1,124,18.4371471405029
CE_control_0.5,1,124,18.0010795593262
Distill25_0.1,1,124,19.279956817627
Current,3,470,0.65302848815918
Distill25_0.25,3,470,16.9551372528076
CE_control_0.5,3,470,18.2499885559082
Distill25_0.1,3,470,17.5089836120605
Distill50_0.5,3,470,17.1589851379395
Distill50_1.0,3,470,8.36586952209473
Distill25_0.5,3,470,16.3629055023193
Distill50_0.1,3,470,17.4698829650879
Distill25_1.0,3,470,8.50892066955566
Distill50_0.25,3,470,16.8731212615967
CE_control_1.0,3,470,8.45003128051758
CE_control_0.1,3,470,26.8290042877197
CE_control_0.25,3,470,18.0070400238037
Distill50_0.25,1,476,14.3930912017822
Distill25_0.5,1,476,14.4429206848145
Distill50_0.1,1,476,14.5590305328369
Distill25_0.1,1,476,14.5180225372314
CE_control_0.5,1,476,15.099048614502
Distill25_1.0,1,476,7.781982421875
Current,1,476,0.966072082519531
CE_control_1.0,1,476,7.52902030944824
CE_control_0.25,1,476,14.4519805908203
CE_control_0.1,1,476,15.1188373565674
Distill50_0.5,1,476,15.4712200164795
Distill50_1.0,1,476,6.95300102233887
Distill25_0.25,1,476,15.4709815979004
Distill25_0.5,1,275,14.401912689209
Distill25_1.0,1,275,7.9798698425293
Distill25_0.1,1,275,14.9838924407959
CE_control_0.1,1,275,14.880895614624
Distill50_1.0,1,275,8.70203971862793
Distill50_0.25,1,275,14.9450302124023
CE_control_0.5,1,275,14.4481658935547
CE_control_0.25,1,275,14.44411277771
CE_control_1.0,1,275,12.4979019165039
Distill50_0.1,1,275,17.8110599517822
Distill25_0.25,1,275,14.8990154266357
Distill50_0.5,1,275,17.7221298217773
Current,1,275,0.898122787475586
CE_control_0.5,2,259,17.1689987182617
Distill50_0.25,2,259,14.9490833282471
Distill25_1.0,2,259,8.10384750366211
Distill50_0.5,2,259,14.793872833252
Distill25_0.5,2,259,16.6490077972412
Distill25_0.1,2,259,15.8820152282715
Current,2,259,0.749826431274414
Distill50_0.1,2,259,15.5630111694336
CE_control_0.1,2,259,15.5870914459229
CE_control_1.0,2,259,8.03208351135254
Distill25_0.25,2,259,14.7519111633301
Distill50_1.0,2,259,19.3920135498047
CE_control_0.25,2,259,14.4140720367432
CE_control_0.25,3,304,16.2019729614258
Current,3,304,0.813961029052734
Distill50_0.5,3,304,15.9010887145996
Distill50_0.25,3,304,16.0720348358154
CE_control_0.1,3,304,16.0391330718994
Distill25_0.1,3,304,16.3857936859131
Distill50_1.0,3,304,8.21900367736816
CE_control_0.5,3,304,17.009973526001
Distill25_0.5,3,304,17.6310539245605
Distill50_0.1,3,304,17.5089836120605
CE_control_1.0,3,304,8.23402404785156
Distill25_0.25,3,304,17.3320770263672
Distill25_1.0,3,304,8.34417343139648
CE_control_0.5,3,277,15.449047088623
CE_control_0.25,3,277,15.4960155487061
Distill25_0.1,3,277,17.2491073608398
CE_control_1.0,3,277,8.92400741577148
Current,3,277,1.02400779724121
CE_control_0.1,3,277,16.8869495391846
Distill25_0.5,3,277,17.1129703521729
Distill50_0.25,3,277,17.8020000457764
Distill25_0.25,3,277,17.1949863433838
Distill50_1.0,3,277,8.66198539733887
Distill25_1.0,3,277,8.48984718322754
Distill50_0.1,3,277,16.4330005645752
Distill50_0.5,3,277,17.1868801116943
CE_control_1.0,2,186,8.77904891967773
Distill25_1.0,2,186,8.5599422454834
Distill25_0.5,2,186,14.6670341491699
CE_control_0.25,2,186,16.3161754608154
CE_control_0.1,2,186,15.6118869781494
Distill50_0.25,2,186,15.4399871826172
Current,2,186,0.818967819213867
Distill25_0.1,2,186,13.9570236206055
CE_control_0.5,2,186,13.9429569244385
Distill50_1.0,2,186,7.60698318481445
Distill50_0.1,2,186,13.8781070709229
Distill50_0.5,2,186,25.2780914306641
Distill25_0.25,2,186,13.7250423431396
Distill25_0.5,2,164,15.268087387085
CE_control_0.25,2,164,16.1161422729492
Distill25_0.25,2,164,15.0649547576904
CE_control_0.1,2,164,15.038013458252
CE_control_0.5,2,164,14.7159099578857
CE_control_1.0,2,164,8.13603401184082
Distill50_0.5,2,164,14.8661136627197
Distill50_1.0,2,164,8.10885429382324
Distill50_0.1,2,164,15.0618553161621
Current,2,164,0.686883926391602
Distill50_0.25,2,164,17.1270370483398
Distill25_0.1,2,164,15.9969329833984
Distill25_1.0,2,164,8.83102416992188
Distill50_0.1,2,599,16.6029930114746
Distill25_0.25,2,599,16.4628028869629
Distill25_0.5,2,599,17.08984375
CE_control_1.0,2,599,11.0328197479248
Current,2,599,1.60408020019531
Distill25_1.0,2,599,9.27305221557617
Distill50_0.25,2,599,17.8670883178711
Distill50_0.5,2,599,18.6939239501953
CE_control_0.25,2,599,19.4740295410156
CE_control_0.1,2,599,19.4170475006104
Distill50_1.0,2,599,8.07499885559082
Distill25_0.1,2,599,18.6598300933838
CE_control_0.5,2,599,18.2180404663086
Distill25_0.25,1,164,16.8619155883789
Distill50_0.5,1,164,17.6539421081543
Distill50_0.25,1,164,18.5921192169189
Distill25_1.0,1,164,8.78310203552246
Current,1,164,0.76603889465332
Distill25_0.5,1,164,16.0298347473145
Distill25_0.1,1,164,16.7579650878906
CE_control_0.5,1,164,28.0330181121826
Distill50_0.1,1,164,17.3280239105225
Distill50_1.0,1,164,9.32002067565918
CE_control_0.1,1,164,16.7808532714844
CE_control_1.0,1,164,8.79693031311035
CE_control_0.25,1,164,15.8541202545166
Distill50_0.25,1,472,17.704963684082
CE_control_0.5,1,472,17.3389911651611
CE_control_0.25,1,472,16.3500308990479
Current,1,472,0.764846801757813
Distill50_0.5,1,472,18.0900096893311
Distill25_0.25,1,472,17.7180767059326
Distill50_1.0,1,472,8.82220268249512
Distill25_0.5,1,472,20.3201770782471
CE_control_0.1,1,472,18.8038349151611
Distill50_0.1,1,472,18.3939933776855
Distill25_0.1,1,472,20.3981399536133
CE_control_1.0,1,472,8.82506370544434
Distill25_1.0,1,472,8.85796546936035
Distill50_0.25,2,116,14.8160457611084
CE_control_0.1,2,116,14.9528980255127
Distill25_0.25,2,116,14.9829387664795
Distill25_0.1,2,116,14.6770477294922
Current,2,116,1.13320350646973
Distill50_1.0,2,116,8.33201408386231
CE_control_1.0,2,116,8.07905197143555
Distill25_1.0,2,116,8.71610641479492
Distill25_0.5,2,116,17.219066619873
CE_control_0.25,2,116,17.2560214996338
CE_control_0.5,2,116,13.9281749725342
Distill50_0.1,2,116,14.5080089569092
Distill50_0.5,2,116,13.6649608612061
Distill50_0.5,3,187,16.4430141448975
Distill25_0.5,3,187,16.7529582977295
CE_control_1.0,3,187,7.35092163085938
CE_control_0.1,3,187,16.9718265533447
Distill50_1.0,3,187,8.30817222595215
Distill50_0.1,3,187,17.3740386962891
CE_control_0.5,3,187,28.7630558013916
Current,3,187,1.15799903869629
Distill25_0.25,3,187,16.711950302124
Distill25_0.1,3,187,15.7101154327393
Distill25_1.0,3,187,7.34615325927734
CE_control_0.25,3,187,16.2770748138428
Distill50_0.25,3,187,16.2861347198486
CE_control_0.25,3,440,13.7629508972168
Distill50_0.25,3,440,13.4551525115967
CE_control_0.5,3,440,13.0109786987305
Distill25_1.0,3,440,7.904052734375
Distill50_0.5,3,440,13.8208866119385
Distill25_0.1,3,440,14.240026473999
Distill25_0.25,3,440,14.1041278839111
CE_control_1.0,3,440,11.4150047302246
Distill50_0.1,3,440,17.4641609191895
CE_control_0.1,3,440,14.6992206573486
Current,3,440,0.746011734008789
Distill25_0.5,3,440,15.2688026428223
Distill50_1.0,3,440,8.58616828918457
Distill25_1.0,3,451,9.36293601989746
Distill25_0.5,3,451,20.5221176147461
Distill50_0.1,3,451,20.7321643829346
Distill50_0.25,3,451,21.0449695587158
CE_control_0.25,3,451,21.1820602416992
CE_control_0.1,3,451,22.5179195404053
CE_control_1.0,3,451,9.03105735778809
CE_control_0.5,3,451,20.1361179351807
Distill50_0.5,3,451,19.1581249237061
Distill25_0.1,3,451,19.8369026184082
Current,3,451,0.715017318725586
Distill25_0.25,3,451,18.6870098114014
Distill50_1.0,3,451,8.01587104797363
CE_control_0.5,1,305,15.6509876251221
CE_control_0.25,1,305,15.2859687805176
Distill25_0.25,1,305,15.5050754547119
Distill50_0.1,1,305,15.8140659332275
Distill50_0.25,1,305,16.8650150299072
CE_control_0.1,1,305,28.6099910736084
Distill25_0.5,1,305,16.5982246398926
CE_control_1.0,1,305,7.86304473876953
Current,1,305,0.977039337158203
Distill50_1.0,1,305,7.17401504516602
Distill50_0.5,1,305,14.9130821228027
Distill25_1.0,1,305,7.37810134887695
Distill25_0.1,1,305,14.8160457611084
Distill50_0.25,1,75,16.5359973907471
Distill50_0.1,1,75,20.2898979187012
CE_control_0.5,1,75,17.5039768218994
CE_control_1.0,1,75,9.05513763427734
Distill50_0.5,1,75,18.2869434356689
Current,1,75,0.711917877197266
Distill50_1.0,1,75,9.33289527893066
Distill25_0.25,1,75,18.6529159545898
CE_control_0.1,1,75,18.4710025787354
CE_control_0.25,1,75,17.7860260009766
Distill25_0.1,1,75,17.9188251495361
Distill25_1.0,1,75,9.04107093811035
Distill25_0.5,1,75,17.6310539245605
Current,3,526,0.751972198486328
Distill25_1.0,3,526,8.26191902160645
CE_control_0.5,3,526,14.8980617523193
CE_control_0.1,3,526,14.4410133361816
Distill50_0.25,3,526,14.6491527557373
Distill25_0.5,3,526,14.9960517883301
CE_control_0.25,3,526,14.9681568145752
Distill25_0.1,3,526,14.9149894714355
Distill25_0.25,3,526,15.9361362457275
Distill50_0.5,3,526,14.6119594573975
CE_control_1.0,3,526,8.16583633422852
Distill50_1.0,3,526,8.05497169494629
Distill50_0.1,3,526,14.9781703948975
Distill25_1.0,3,256,10.5581283569336
Distill50_0.5,3,256,30.5938720703125
Distill25_0.1,3,256,21.543025970459
CE_control_0.25,3,256,20.3869342803955
Distill50_0.1,3,256,19.8729038238525
CE_control_1.0,3,256,9.95802879333496
Distill50_1.0,3,256,9.88388061523438
Distill25_0.25,3,256,20.3521251678467
Distill25_0.5,3,256,21.0459232330322
Distill50_0.25,3,256,22.5260257720947
CE_control_0.1,3,256,23.0779647827148
CE_control_0.5,3,256,23.8709449768066
Current,3,256,0.946044921875
Distill50_0.1,3,77,19.7231769561768
Distill50_0.25,3,77,20.766019821167
Distill25_1.0,3,77,8.98504257202148
CE_control_0.5,3,77,17.4539089202881
CE_control_1.0,3,77,9.50908660888672
CE_control_0.25,3,77,18.2461738586426
Current,3,77,0.770092010498047
CE_control_0.1,3,77,17.2080993652344
Distill25_0.1,3,77,21.1749076843262
Distill25_0.25,3,77,17.5161361694336
Distill25_0.5,3,77,17.2460079193115
Distill50_0.5,3,77,16.7760848999023
Distill50_1.0,3,77,9.0479850769043
CE_control_0.5,1,366,14.5130157470703
Distill25_1.0,1,366,7.81893730163574
CE_control_0.1,1,366,13.6830806732178
Distill50_1.0,1,366,7.74502754211426
Distill50_0.25,1,366,14.2300128936768
CE_control_1.0,1,366,9.20295715332031
Distill25_0.25,1,366,14.5399570465088
Distill50_0.1,1,366,23.9229202270508
Distill50_0.5,1,366,13.4921073913574
Distill25_0.1,1,366,13.0457878112793
Current,1,366,0.694990158081055
Distill25_0.5,1,366,13.3321285247803
CE_control_0.25,1,366,13.4420394897461
CE_control_0.5,3,251,13.3509635925293
Distill25_0.25,3,251,13.5178565979004
Distill50_0.25,3,251,13.5219097137451
Distill25_0.1,3,251,13.4871006011963
CE_control_1.0,3,251,7.63297080993652
Distill50_1.0,3,251,7.77792930603027
Current,3,251,0.794172286987305
CE_control_0.25,3,251,16.6490077972412
Distill50_0.1,3,251,15.0530338287354
Distill50_0.5,3,251,14.286994934082
CE_control_0.1,3,251,14.3439769744873
Distill25_0.5,3,251,14.3249034881592
Distill25_1.0,3,251,7.96389579772949
Distill25_0.25,2,596,16.085147857666
Distill25_0.1,2,596,15.9249305725098
Distill25_0.5,2,596,15.9461498260498
CE_control_0.5,2,596,16.3359642028809
Distill50_0.1,2,596,16.887903213501
Distill25_1.0,2,596,8.62288475036621
Distill50_0.5,2,596,16.5741443634033
Distill50_0.25,2,596,17.4551010131836
Current,2,596,0.905990600585938
Distill50_1.0,2,596,7.78698921203613
CE_control_1.0,2,596,8.41999053955078
CE_control_0.25,2,596,16.1290168762207
CE_control_0.1,2,596,16.165018081665
CE_control_0.5,1,110,19.4649696350098
Distill50_0.5,1,110,19.9809074401855
Distill25_0.25,1,110,19.0780162811279
CE_control_1.0,1,110,9.1559886932373
Current,1,110,0.794172286987305
Distill50_0.1,1,110,27.6989936828613
CE_control_0.1,1,110,18.4628963470459
Distill50_0.25,1,110,17.4539089202881
CE_control_0.25,1,110,17.0941352844238
Distill50_1.0,1,110,9.10592079162598
Distill25_0.1,1,110,18.7010765075684
Distill25_0.5,1,110,18.5401439666748
Distill25_1.0,1,110,7.99083709716797
Distill25_1.0,1,453,8.21185111999512
CE_control_0.25,1,453,17.4460411071777
Current,1,453,0.829935073852539
CE_control_0.1,1,453,18.2240009307861
Distill50_0.5,1,453,19.3660259246826
CE_control_0.5,1,453,16.9849395751953
Distill25_0.5,1,453,20.0099945068359
Distill50_1.0,1,453,9.20605659484863
Distill50_0.1,1,453,19.0269947052002
Distill50_0.25,1,453,18.8548564910889
Distill25_0.25,1,453,18.7702178955078
CE_control_1.0,1,453,7.81106948852539
Distill25_0.1,1,453,18.7900066375732
Distill50_0.5,3,569,14.2390727996826
CE_control_0.25,3,569,14.5130157470703
Distill25_1.0,3,569,9.25016403198242
Distill25_0.5,3,569,13.0879878997803
CE_control_0.5,3,569,13.1461620330811
Distill25_0.25,3,569,13.4210586547852
Distill25_0.1,3,569,13.8771533966064
Distill50_0.1,3,569,14.5299434661865
CE_control_0.1,3,569,13.0250453948975
Current,3,569,0.700950622558594
Distill50_0.25,3,569,13.5350227355957
Distill50_1.0,3,569,7.92002677917481
CE_control_1.0,3,569,8.43095779418945
Distill25_0.1,1,441,18.6300277709961
CE_control_0.25,1,441,17.2209739685059
Distill50_0.1,1,441,27.7609825134277
Distill25_0.25,1,441,17.3299312591553
Distill50_1.0,1,441,8.33988189697266
Distill50_0.5,1,441,16.1440372467041
CE_control_0.5,1,441,16.5770053863525
Current,1,441,0.739097595214844
Distill50_0.25,1,441,16.3040161132813
Distill25_1.0,1,441,7.19499588012695
Distill25_0.5,1,441,16.5379047393799
CE_control_1.0,1,441,7.61008262634277
CE_control_0.1,1,441,17.4481868743896
CE_control_0.5,2,85,16.4358615875244
Current,2,85,0.769853591918945
Distill50_0.25,2,85,16.232967376709
Distill25_1.0,2,85,8.75306129455566
Distill25_0.5,2,85,15.8979892730713
Distill50_1.0,2,85,9.02605056762695
Distill50_0.5,2,85,16.4151191711426
Distill25_0.25,2,85,16.4289474487305
CE_control_0.25,2,85,17.1561241149902
Distill25_0.1,2,85,16.8850421905518
CE_control_1.0,2,85,8.50796699523926
CE_control_0.1,2,85,16.2460803985596
Distill50_0.1,2,85,16.8881416320801
Current,2,61,1.05190277099609
Distill25_0.1,2,61,15.300989151001
CE_control_0.1,2,61,15.1090621948242
Distill50_0.25,2,61,15.3720378875732
Distill50_0.5,2,61,15.2978897094727
Distill25_0.25,2,61,16.901969909668
CE_control_0.5,2,61,15.9358978271484
Distill50_1.0,2,61,9.09113883972168
Distill25_1.0,2,61,8.92996788024902
CE_control_0.25,2,61,15.2380466461182
CE_control_1.0,2,61,8.62622261047363
Distill25_0.5,2,61,15.3739452362061
Distill50_0.1,2,61,26.0958671569824
CE_control_0.1,2,296,15.6340599060059
Distill25_0.1,2,296,14.9722099304199
Current,2,296,1.40213966369629
Distill25_0.25,2,296,14.3389701843262
CE_control_0.5,2,296,15.1882171630859
CE_control_1.0,2,296,7.5831413269043
Distill50_0.5,2,296,15.3260231018066
Distill25_1.0,2,296,7.25102424621582
Distill50_1.0,2,296,7.65895843505859
Distill50_0.25,2,296,15.2099132537842
Distill50_0.1,2,296,15.8169269561768
CE_control_0.25,2,296,22.8729248046875
Distill25_0.5,2,296,20.150899887085
Distill50_1.0,3,278,9.3071460723877
CE_control_0.25,3,278,16.4179801940918
CE_control_0.5,3,278,15.5279636383057
Distill50_0.5,3,278,17.2708034515381
Distill25_1.0,3,278,8.85486602783203
CE_control_1.0,3,278,10.610818862915
Distill25_0.5,3,278,17.2019004821777
Distill50_0.25,3,278,16.9501304626465
CE_control_0.1,3,278,16.5328979492188
Distill25_0.1,3,278,17.3017978668213
Distill25_0.25,3,278,17.1668529510498
Distill50_0.1,3,278,18.1930065155029
Current,3,278,0.955820083618164
Distill50_0.1,1,24,17.6331996917725
Distill50_0.25,1,24,17.5528526306152
Distill25_1.0,1,24,9.6738338470459
Distill25_0.5,1,24,15.7980918884277
CE_control_0.25,1,24,16.2830352783203
CE_control_1.0,1,24,8.49008560180664
Current,1,24,0.890970230102539
Distill50_0.5,1,24,17.1451568603516
CE_control_0.1,1,24,16.6440010070801
CE_control_0.5,1,24,17.9738998413086
Distill25_0.1,1,24,18.3329582214355
Distill50_1.0,1,24,9.01198387145996
Distill25_0.25,1,24,16.3528919219971
Distill50_0.5,3,406,16.8662071228027
Current,3,406,0.931024551391602
CE_control_0.5,3,406,18.0900096893311
CE_control_0.25,3,406,17.254114151001
Distill50_1.0,3,406,10.8780860900879
Distill25_0.1,3,406,18.6660289764404
Distill50_0.25,3,406,19.1280841827393
Distill50_0.1,3,406,19.0300941467285
Distill25_0.25,3,406,18.2638168334961
Distill25_1.0,3,406,8.6369514465332
CE_control_0.1,3,406,20.0660228729248
Distill25_0.5,3,406,18.8419818878174
CE_control_1.0,3,406,9.63211059570312
Distill50_0.25,2,305,17.9181098937988
CE_control_0.25,2,305,18.0408954620361
Current,2,305,0.907182693481445
Distill25_0.25,2,305,18.218994140625
CE_control_1.0,2,305,8.93211364746094
Distill25_1.0,2,305,9.29689407348633
Distill50_0.1,2,305,17.2519683837891
Distill50_0.5,2,305,19.2320346832275
CE_control_0.5,2,305,16.7479515075684
Distill50_1.0,2,305,7.87997245788574
CE_control_0.1,2,305,18.3508396148682
Distill25_0.1,2,305,17.1551704406738
Distill25_0.5,2,305,16.4310932159424
Distill50_0.25,3,540,19.1659927368164
CE_control_0.25,3,540,19.8259353637695
Distill50_0.1,3,540,23.5881805419922
CE_control_0.5,3,540,19.9010372161865
Distill50_0.5,3,540,20.3859806060791
CE_control_1.0,3,540,8.93902778625488
Distill25_0.25,3,540,20.5650329589844
Distill25_0.1,3,540,18.7959671020508
Distill25_0.5,3,540,19.711971282959
CE_control_0.1,3,540,20.8940505981445
Current,3,540,16.1259174346924
Distill50_1.0,3,540,11.0390186309814
Distill25_1.0,3,540,11.6329193115234
CE_control_1.0,1,448,10.6649398803711
CE_control_0.1,1,448,18.9440250396729
Distill25_0.25,1,448,16.273021697998
Distill25_1.0,1,448,8.29601287841797
Current,1,448,0.912904739379883
Distill25_0.1,1,448,17.5571441650391
CE_control_0.25,1,448,16.9508457183838
Distill50_1.0,1,448,9.61899757385254
Distill25_0.5,1,448,16.6549682617188
Distill50_0.5,1,448,16.1311626434326
Distill50_0.1,1,448,16.4461135864258
CE_control_0.5,1,448,16.5069103240967
Distill50_0.25,1,448,17.3780918121338
CE_control_1.0,2,26,10.7390880584717
Distill50_1.0,2,26,8.88586044311523
CE_control_0.5,2,26,17.1229839324951
CE_control_0.25,2,26,16.9229507446289
Distill50_0.5,2,26,17.2929763793945
Distill50_0.1,2,26,19.2649364471436
Distill25_0.25,2,26,21.1889743804932
CE_control_0.1,2,26,21.6190814971924
Distill25_1.0,2,26,10.0588798522949
Distill50_0.25,2,26,18.4769630432129
Distill25_0.5,2,26,18.4009075164795
Distill25_0.1,2,26,18.5549259185791
Current,2,26,0.814199447631836
Current,2,404,0.850915908813477
Distill25_1.0,2,404,9.70697402954102
Distill25_0.5,2,404,17.0791149139404
Distill50_1.0,2,404,8.44001770019531
Distill50_0.25,2,404,17.9708003997803
Distill50_0.1,2,404,17.4210071563721
Distill25_0.25,2,404,17.0149803161621
CE_control_0.1,2,404,18.6178684234619
Distill25_0.1,2,404,18.1560516357422
Distill50_0.5,2,404,18.3379650115967
CE_control_1.0,2,404,8.12602043151856
CE_control_0.5,2,404,28.7210941314697
CE_control_0.25,2,404,19.5150375366211
Distill25_0.5,2,309,20.3211307525635
Distill50_0.25,2,309,19.3159580230713
CE_control_1.0,2,309,9.11688804626465
Distill25_1.0,2,309,9.10520553588867
Distill50_1.0,2,309,8.93783569335938
Distill50_0.1,2,309,18.5987949371338
CE_control_0.5,2,309,24.7159004211426
Distill25_0.25,2,309,19.8721885681152
Distill50_0.5,2,309,17.9288387298584
CE_control_0.25,2,309,17.7209377288818
CE_control_0.1,2,309,17.3919200897217
Current,2,309,0.759124755859375
Distill25_0.1,2,309,19.2511081695557
CE_control_0.5,3,400,15.8100128173828
CE_control_0.1,3,400,15.5730247497559
Distill50_0.5,3,400,16.0470008850098
Distill25_0.1,3,400,15.6688690185547
Current,3,400,0.699043273925781
Distill25_0.25,3,400,14.8320198059082
Distill50_0.25,3,400,15.5198574066162
Distill25_0.5,3,400,15.578031539917
CE_control_1.0,3,400,8.3620548248291
Distill50_1.0,3,400,11.3320350646973
CE_control_0.25,3,400,17.1279907226563
Distill25_1.0,3,400,11.1801624298096
Distill50_0.1,3,400,17.0021057128906
CE_control_0.5,1,473,16.5529251098633
CE_control_1.0,1,473,9.06705856323242
CE_control_0.1,1,473,17.754077911377
Distill25_0.1,1,473,17.1880722045898
CE_control_0.25,1,473,17.3718929290771
Distill50_0.1,1,473,17.1389579772949
Distill50_0.5,1,473,17.509937286377
Distill25_0.25,1,473,16.5841579437256
Current,1,473,0.925064086914062
Distill50_0.25,1,473,27.9581546783447
Distill25_1.0,1,473,9.44709777832031
Distill25_0.5,1,473,14.275074005127
Distill50_1.0,1,473,7.90691375732422
Distill50_1.0,1,343,9.01508331298828
Distill25_1.0,1,343,8.01181793212891
CE_control_0.1,1,343,17.657995223999
Distill50_0.1,1,343,17.5290107727051
Distill50_0.25,1,343,17.5161361694336
Current,1,343,0.92315673828125
CE_control_0.25,1,343,17.0888900756836
Distill25_0.1,1,343,18.4359550476074
CE_control_1.0,1,343,8.59880447387695
Distill25_0.25,1,343,18.7439918518066
Distill50_0.5,1,343,19.3748474121094
CE_control_0.5,1,343,18.1591510772705
Distill25_0.5,1,343,18.7280178070068
CE_control_0.1,1,319,15.9330368041992
Distill25_0.25,1,319,17.2049999237061
Current,1,319,0.705957412719727
Distill50_0.25,1,319,17.2829627990723
Distill50_0.1,1,319,17.4911022186279
Distill25_0.5,1,319,17.1389579772949
Distill50_0.5,1,319,18.8999176025391
CE_control_1.0,1,319,10.7581615447998
CE_control_0.5,1,319,16.8261528015137
CE_control_0.25,1,319,16.9868469238281
Distill50_1.0,1,319,10.3359222412109
Distill25_1.0,1,319,10.1110935211182
Distill25_0.1,1,319,18.1519985198975
CE_control_0.1,1,133,21.9621658325195
Current,1,133,0.853061676025391
Distill25_0.25,1,133,21.1808681488037
Distill50_0.1,1,133,21.5590000152588
Distill50_1.0,1,133,11.6839408874512
Distill50_0.5,1,133,31.486988067627
CE_control_1.0,1,133,11.1598968505859
CE_control_0.5,1,133,19.2830562591553
CE_control_0.25,1,133,18.8131332397461
Distill25_0.5,1,133,20.9529399871826
Distill50_0.25,1,133,20.723819732666
Distill25_1.0,1,133,9.48405265808105
Distill25_0.1,1,133,19.8941230773926
Distill50_0.1,2,301,18.4831619262695
CE_control_0.1,2,301,18.0759429931641
Distill50_0.25,2,301,18.0649757385254
CE_control_0.25,2,301,19.3970203399658
CE_control_0.5,2,301,16.8728828430176
Distill50_0.5,2,301,17.5089836120605
Distill25_0.5,2,301,17.2629356384277
CE_control_1.0,2,301,10.239839553833
Distill25_1.0,2,301,9.15193557739258
Distill25_0.1,2,301,22.5918292999268
Distill50_1.0,2,301,10.4660987854004
Current,2,301,0.926017761230469
Distill25_0.25,2,301,18.8150405883789
Distill50_0.25,2,98,22.5820541381836
Distill25_1.0,2,98,10.2560520172119
Distill50_0.1,2,98,21.5139389038086
CE_control_0.5,2,98,21.6081142425537
Current,2,98,0.779151916503906
Distill50_1.0,2,98,10.8981132507324
CE_control_0.1,2,98,23.2219696044922
Distill25_0.5,2,98,23.2870578765869
Distill25_0.25,2,98,22.5830078125
Distill25_0.1,2,98,21.0540294647217
Distill50_0.5,2,98,21.233081817627
CE_control_1.0,2,98,8.82196426391602
CE_control_0.25,2,98,31.1660766601563
Distill50_0.1,2,290,18.5539722442627
CE_control_1.0,2,290,10.5609893798828
CE_control_0.25,2,290,15.9339904785156
Distill25_0.5,2,290,16.2520408630371
Current,2,290,0.798940658569336
CE_control_0.5,2,290,15.3930187225342
CE_control_0.1,2,290,16.6759490966797
Distill50_1.0,2,290,9.28711891174316
Distill25_1.0,2,290,9.37604904174805
Distill50_0.5,2,290,17.7900791168213
Distill25_0.25,2,290,18.9208984375
Distill50_0.25,2,290,20.2560424804688
Distill25_0.1,2,290,17.7860260009766
Distill25_0.1,3,343,17.4529552459717
Distill25_0.25,3,343,17.5759792327881
CE_control_0.25,3,343,18.1920528411865
Distill50_1.0,3,343,8.52108001708984
CE_control_0.5,3,343,19.0539360046387
Current,3,343,0.935077667236328
CE_control_1.0,3,343,8.76283645629883
Distill25_0.5,3,343,18.7618732452393
CE_control_0.1,3,343,19.0858840942383
Distill50_0.1,3,343,19.2558765411377
Distill25_1.0,3,343,8.5749626159668
Distill50_0.5,3,343,18.7890529632568
Distill50_0.25,3,343,19.4540023803711
Distill50_0.5,2,349,19.4628238677979
CE_control_0.5,2,349,17.98415184021
CE_control_0.1,2,349,17.9529190063477
Distill25_0.5,2,349,18.1338787078857
Distill25_1.0,2,349,8.65888595581055
CE_control_0.25,2,349,19.0930366516113
CE_control_1.0,2,349,8.05497169494629
Distill25_0.1,2,349,29.3018817901611
Distill25_0.25,2,349,17.7419185638428
Distill50_1.0,2,349,9.31596755981445
Distill50_0.1,2,349,18.934965133667
Current,2,349,0.80418586730957
Distill50_0.25,2,349,17.8079605102539
CE_control_1.0,1,206,8.32200050354004
Distill50_0.1,1,206,18.3858871459961
Distill25_0.1,1,206,16.8359279632568
Distill25_1.0,1,206,9.22799110412598
Distill50_0.25,1,206,18.0981159210205
Distill50_0.5,1,206,18.8369750976563
Current,1,206,0.805854797363281
CE_control_0.1,1,206,17.0910358428955
CE_control_0.5,1,206,20.2059745788574
CE_control_0.25,1,206,22.1378803253174
Distill50_1.0,1,206,9.20510292053223
Distill25_0.25,1,206,16.5691375732422
Distill25_0.5,1,206,18.6488628387451
Distill50_0.25,2,399,20.5628871917725
Current,2,399,0.843048095703125
CE_control_0.25,2,399,21.7599868774414
Distill25_0.25,2,399,22.6261615753174
CE_control_0.1,2,399,20.1370716094971
Distill25_1.0,2,399,11.1849308013916
Distill50_0.1,2,399,21.6350555419922
CE_control_0.5,2,399,29.5510292053223
Distill25_0.1,2,399,19.2849636077881
CE_control_1.0,2,399,10.4620456695557
Distill50_0.5,2,399,19.8359489440918
Distill50_1.0,2,399,11.0249519348145
Distill25_0.5,2,399,29.2680263519287
CE_control_1.0,3,302,9.04107093811035
Distill50_0.5,3,302,19.1481113433838
Current,3,302,0.80108642578125
CE_control_0.1,3,302,19.0420150756836
Distill25_0.25,3,302,18.2240009307861
CE_control_0.25,3,302,18.2089805603027
Distill25_0.5,3,302,19.028902053833
Distill50_1.0,3,302,11.3089084625244
Distill25_1.0,3,302,8.89301300048828
Distill50_0.1,3,302,18.6259746551514
Distill25_0.1,3,302,20.1270580291748
Distill50_0.25,3,302,19.974946975708
CE_control_0.5,3,302,18.2349681854248
CE_control_0.25,2,16,16.3900852203369
CE_control_0.5,2,16,15.7670974731445
Distill50_0.5,2,16,17.2550678253174
Distill25_0.1,2,16,18.1820392608643
Distill50_0.1,2,16,17.874002456665
Distill50_0.25,2,16,18.1159973144531
Distill50_1.0,2,16,11.6720199584961
CE_control_1.0,2,16,10.3402137756348
CE_control_0.1,2,16,17.4410343170166
Current,2,16,0.890016555786133
Distill25_0.5,2,16,18.1608200073242
Distill25_1.0,2,16,10.5080604553223
Distill25_0.25,2,16,18.1689262390137
Distill50_1.0,3,563,9.88101959228516
Distill50_0.25,3,563,17.786979675293
Current,3,563,0.659942626953125
Distill25_0.25,3,563,18.078088760376
CE_control_0.1,3,563,18.0790424346924
CE_control_0.25,3,563,17.7690982818604
CE_control_0.5,3,563,16.2100791931152
Distill25_0.5,3,563,16.4170265197754
Distill50_0.1,3,563,16.2699222564697
Distill50_0.5,3,563,15.7020092010498
CE_control_1.0,3,563,7.90596008300781
Distill25_1.0,3,563,9.2320442199707
Distill25_0.1,3,563,16.8499946594238
Distill25_0.5,1,517,15.6679153442383
CE_control_0.5,1,517,14.8580074310303
Distill25_1.0,1,517,8.37492942810059
Distill50_0.1,1,517,22.2609043121338
CE_control_0.1,1,517,15.8629417419434
Distill50_0.5,1,517,18.8529491424561
Distill25_0.1,1,517,16.0951614379883
CE_control_0.25,1,517,15.2888298034668
Distill50_1.0,1,517,8.84318351745606
Current,1,517,0.885963439941406
Distill25_0.25,1,517,17.2460079193115
Distill50_0.25,1,517,16.7081356048584
CE_control_1.0,1,517,8.50510597229004
Current,2,179,0.825881958007813
Distill25_0.25,2,179,17.819881439209
CE_control_0.5,2,179,18.7430381774902
Distill25_1.0,2,179,10.4451179504395
Distill25_0.5,2,179,17.7462100982666
CE_control_1.0,2,179,9.60493087768555
CE_control_0.25,2,179,18.2738304138184
Distill50_0.1,2,179,17.8971290588379
CE_control_0.1,2,179,16.0379409790039
Distill50_1.0,2,179,8.23211669921875
Distill25_0.1,2,179,18.1069374084473
Distill50_0.25,2,179,17.935037612915
Distill50_0.5,2,179,17.0958042144775
Current,1,33,0.952959060668945
Distill50_0.1,1,33,19.8519229888916
CE_control_0.1,1,33,19.6001529693604
Distill25_0.5,1,33,23.2388973236084
Distill25_0.1,1,33,19.1810131072998
Distill50_0.25,1,33,20.1900005340576
Distill25_0.25,1,33,19.4480419158936
CE_control_0.25,1,33,19.0560817718506
Distill50_0.5,1,33,19.740104675293
Distill50_1.0,1,33,10.0350379943848
CE_control_0.5,1,33,27.1468162536621
Distill25_1.0,1,33,12.4211311340332
CE_control_1.0,1,33,10.8551979064941
Distill25_0.25,2,110,20.2810764312744
Distill50_1.0,2,110,10.1380348205566
Current,2,110,1.13201141357422
Distill25_0.1,2,110,21.4619636535645
Distill25_1.0,2,110,9.5820426940918
Distill50_0.5,2,110,20.9300518035889
Distill50_0.25,2,110,20.0331211090088
CE_control_0.1,2,110,19.2940235137939
CE_control_0.5,2,110,22.8469371795654
CE_control_1.0,2,110,10.6561183929443
CE_control_0.25,2,110,21.8329429626465
Distill50_0.1,2,110,20.5190181732178
Distill25_0.5,2,110,18.9919471740723
Distill25_0.5,3,599,17.9238319396973
Distill50_0.25,3,599,20.2178955078125
CE_control_0.25,3,599,21.2650299072266
CE_control_0.1,3,599,19.5209980010986
Distill25_0.1,3,599,21.8448638916016
Distill50_0.1,3,599,19.2041397094727
CE_control_1.0,3,599,10.7309818267822
Distill25_1.0,3,599,9.21797752380371
Distill50_1.0,3,599,15.1710510253906
CE_control_0.5,3,599,31.7919254302979
Distill50_0.5,3,599,19.3009376525879
Distill25_0.25,3,599,18.9850330352783
Current,3,599,1.0068416595459
Distill50_1.0,2,391,9.63497161865234
Distill25_0.25,2,391,16.4508819580078
CE_control_0.1,2,391,15.0659084320068
Distill50_0.1,2,391,14.1699314117432
Current,2,391,0.884056091308594
Distill25_0.5,2,391,14.9829387664795
Distill50_0.5,2,391,14.7690773010254
Distill50_0.25,2,391,13.1261348724365
CE_control_1.0,2,391,8.00704956054688
Distill25_1.0,2,391,9.10592079162598
CE_control_0.25,2,391,13.4110450744629
Distill25_0.1,2,391,13.1168365478516
CE_control_0.5,2,391,13.8580799102783
CE_control_0.5,2,591,18.718957901001
CE_control_0.1,2,591,19.3579196929932
Distill25_1.0,2,591,7.61699676513672
Distill50_1.0,2,591,8.10813903808594
Distill50_0.5,2,591,17.2679424285889
Current,2,591,0.778913497924805
Distill25_0.5,2,591,17.5790786743164
CE_control_0.25,2,591,17.8611278533936
Distill50_0.25,2,591,18.3048248291016
Distill50_0.1,2,591,19.8848247528076
Distill25_0.25,2,591,19.2208290100098
Distill25_0.1,2,591,18.887996673584
CE_control_1.0,2,591,8.28409194946289
Distill50_0.5,3,104,17.4660682678223
Current,3,104,0.756978988647461
CE_control_1.0,3,104,8.3000659942627
CE_control_0.25,3,104,18.0308818817139
CE_control_0.1,3,104,19.0651416778564
Distill25_1.0,3,104,8.2089900970459
Distill50_0.25,3,104,19.9401378631592
Distill50_1.0,3,104,7.67612457275391
CE_control_0.5,3,104,19.3700790405273
Distill25_0.1,3,104,20.4401016235352
Distill25_0.25,3,104,31.5430164337158
Distill50_0.1,3,104,17.5068378448486
Distill25_0.5,3,104,16.4139270782471
Distill50_0.5,3,241,15.5270099639893
Distill25_1.0,3,241,8.47697257995606
Distill50_0.25,3,241,15.7520771026611
CE_control_0.25,3,241,15.09690284729
Distill25_0.5,3,241,15.2881145477295
CE_control_0.1,3,241,15.2781009674072
Distill50_0.1,3,241,16.3259506225586
Distill25_0.25,3,241,16.1111354827881
CE_control_1.0,3,241,7.80916213989258
Distill50_1.0,3,241,10.8277797698975
CE_control_0.5,3,241,17.1740055084229
Current,3,241,0.833988189697266
Distill25_0.1,3,241,17.3768997192383
Distill50_1.0,3,522,9.30190086364746
Distill25_0.5,3,522,18.6030864715576
Distill50_0.5,3,522,18.1820392608643
Current,3,522,0.751018524169922
Distill50_0.1,3,522,17.9331302642822
Distill50_0.25,3,522,19.2899703979492
Distill25_0.25,3,522,20.0889110565186
CE_control_0.1,3,522,19.8378562927246
CE_control_0.5,3,522,17.5409317016602
Distill25_1.0,3,522,8.47506523132324
CE_control_0.25,3,522,20.2031135559082
Distill25_0.1,3,522,19.8569297790527
CE_control_1.0,3,522,8.03303718566895
Distill25_1.0,2,500,9.8111629486084
CE_control_1.0,2,500,8.19015502929688
CE_control_0.5,2,500,17.4422264099121
CE_control_0.1,2,500,21.6009616851807
Distill50_0.1,2,500,15.8250331878662
Distill50_0.25,2,500,16.0269737243652
Current,2,500,0.816106796264648
Distill50_0.5,2,500,16.7579650878906
Distill25_0.25,2,500,17.0271396636963
Distill25_0.5,2,500,30.9548377990723
Distill50_1.0,2,500,11.5768909454346
Distill25_0.1,2,500,18.0208683013916
CE_control_0.25,2,500,15.6829357147217
Distill25_1.0,3,483,8.60285758972168
CE_control_0.5,3,483,18.3479785919189
CE_control_0.25,3,483,18.7368392944336
Distill50_1.0,3,483,9.91916656494141
Distill25_0.1,3,483,17.4601078033447
Distill25_0.5,3,483,16.7140960693359
CE_control_1.0,3,483,8.43191146850586
Distill50_0.5,3,483,19.5300579071045
CE_control_0.1,3,483,18.4519290924072
Distill50_0.25,3,483,19.6778774261475
Distill25_0.25,3,483,19.3760395050049
Current,3,483,0.79798698425293
Distill50_0.1,3,483,19.5748805999756
Distill25_0.25,1,422,18.2869434356689
Current,1,422,0.864028930664063
Distill25_1.0,1,422,9.7050666809082
Distill25_0.5,1,422,19.7350978851318
CE_control_0.1,1,422,19.240140914917
CE_control_0.5,1,422,18.021821975708
Distill50_0.25,1,422,18.6669826507568
Distill50_1.0,1,422,9.76204872131348
CE_control_1.0,1,422,9.98806953430176
Distill50_0.1,1,422,19.6189880371094
Distill25_0.1,1,422,19.428014755249
Distill50_0.5,1,422,19.2360877990723
CE_control_0.25,1,422,17.8902149200439
Distill25_0.5,1,374,16.1898136138916
Distill25_0.1,1,374,18.1319713592529
Distill50_0.25,1,374,16.819953918457
CE_control_0.25,1,374,15.549898147583
Distill25_0.25,1,374,16.0608291625977
CE_control_1.0,1,374,8.47887992858887
Distill50_1.0,1,374,10.1511478424072
CE_control_0.5,1,374,28.3169746398926
Distill50_0.1,1,374,15.6979560852051
CE_control_0.1,1,374,14.8420333862305
Distill25_1.0,1,374,10.7159614562988
Distill50_0.5,1,374,17.988920211792
Current,1,374,0.762939453125
Distill25_0.1,3,387,16.416072845459
Distill25_1.0,3,387,9.67717170715332
CE_control_0.25,3,387,18.3620452880859
CE_control_0.1,3,387,18.0749893188477
Distill25_0.25,3,387,15.5360698699951
CE_control_0.5,3,387,28.0628204345703
Distill50_0.1,3,387,29.8011302947998
Distill50_1.0,3,387,10.8969211578369
Distill50_0.25,3,387,17.2119140625
Current,3,387,0.807046890258789
CE_control_1.0,3,387,10.0650787353516
Distill50_0.5,3,387,16.4539813995361
Distill25_0.5,3,387,15.192985534668
CE_control_0.1,1,207,19.4389820098877
CE_control_0.5,1,207,21.1150646209717
CE_control_1.0,1,207,10.2739334106445
Current,1,207,0.854969024658203
Distill25_1.0,1,207,9.07492637634277
CE_control_0.25,1,207,19.1941261291504
Distill50_0.1,1,207,20.6658840179443
Distill50_0.25,1,207,21.1610794067383
Distill50_0.5,1,207,20.6930637359619
Distill50_1.0,1,207,9.58490371704102
Distill25_0.1,1,207,21.3658809661865
Distill25_0.25,1,207,19.3159580230713
Distill25_0.5,1,207,19.0598964691162
CE_control_0.25,1,432,17.6041126251221
Distill25_0.1,1,432,16.510009765625
Distill25_0.25,1,432,16.9608592987061
Distill25_0.5,1,432,16.3841247558594
CE_control_0.1,1,432,16.0419940948486
Current,1,432,0.88191032409668
Distill50_0.1,1,432,15.4249668121338
CE_control_0.5,1,432,15.52414894104
Distill25_1.0,1,432,7.39598274230957
Distill50_1.0,1,432,8.15200805664063
CE_control_1.0,1,432,7.56502151489258
Distill50_0.25,1,432,16.4890289306641
Distill50_0.5,1,432,15.3129100799561
Distill50_1.0,1,45,7.35807418823242
Distill25_1.0,1,45,8.29100608825684
CE_control_1.0,1,45,7.22312927246094
Current,1,45,0.884056091308594
Distill50_0.5,1,45,12.4928951263428
CE_control_0.5,1,45,13.0541324615479
CE_control_0.1,1,45,12.4099254608154
CE_control_0.25,1,45,11.9891166687012
Distill25_0.5,1,45,12.8240585327148
Distill25_0.1,1,45,14.545202255249
Distill25_0.25,1,45,14.4829750061035
Distill50_0.1,1,45,14.070987701416
Distill50_0.25,1,45,13.477087020874
Distill25_0.5,1,136,16.9839859008789
CE_control_1.0,1,136,8.26811790466309
Distill50_0.5,1,136,18.8479423522949
Current,1,136,1.01613998413086
Distill50_0.1,1,136,18.6028480529785
Distill25_0.1,1,136,17.9932117462158
Distill50_1.0,1,136,9.59897041320801
Distill25_0.25,1,136,19.6459293365479
CE_control_0.5,1,136,19.3679332733154
CE_control_0.1,1,136,18.406867980957
CE_control_0.25,1,136,18.2991027832031
Distill25_1.0,1,136,8.64481925964356
Distill50_0.25,1,136,19.8190212249756
Distill50_0.25,2,600,16.0589218139648
Distill50_0.5,2,600,15.1169300079346
CE_control_0.1,2,600,14.5101547241211
Distill25_0.25,2,600,14.5220756530762
Distill50_0.1,2,600,26.425838470459
Distill25_1.0,2,600,7.93695449829102
CE_control_0.5,2,600,13.9279365539551
CE_control_0.25,2,600,15.470027923584
Current,2,600,0.701904296875
Distill50_1.0,2,600,8.49485397338867
CE_control_1.0,2,600,7.63082504272461
Distill25_0.5,2,600,15.4180526733398
Distill25_0.1,2,600,14.5690441131592
Distill25_1.0,2,565,9.13596153259277
CE_control_1.0,2,565,8.03279876708984
Distill50_0.1,2,565,19.1950798034668
Distill25_0.25,2,565,18.2018280029297
Distill50_0.25,2,565,19.1969871520996
Current,2,565,0.733137130737305
CE_control_0.1,2,565,17.8749561309814
Distill25_0.5,2,565,22.6211547851563
CE_control_0.25,2,565,22.5050449371338
Distill50_0.5,2,565,18.0559158325195
Distill50_1.0,2,565,9.51910018920898
CE_control_0.5,2,565,20.5550193786621
Distill25_0.1,2,565,19.071102142334
Distill25_1.0,1,166,9.46402549743652
Distill50_0.1,1,166,16.679048538208
Distill25_0.5,1,166,17.9309844970703
Distill50_1.0,1,166,9.55700874328613
CE_control_0.1,1,166,16.9260501861572
Distill25_0.25,1,166,17.7149772644043
Current,1,166,0.760078430175781
Distill25_0.1,1,166,18.0699825286865
CE_control_1.0,1,166,9.92298126220703
Distill50_0.5,1,166,16.1910057067871
CE_control_0.5,1,166,16.3750648498535
CE_control_0.25,1,166,16.6208744049072
Distill50_0.25,1,166,16.7379379272461
Distill50_0.5,1,398,18.4469223022461
CE_control_0.25,1,398,20.1289653778076
Current,1,398,0.963926315307617
CE_control_0.1,1,398,20.1420783996582
CE_control_0.5,1,398,31.2378406524658
Distill50_1.0,1,398,8.23307037353516
Distill50_0.25,1,398,17.55690574646
Distill25_0.5,1,398,18.3999538421631
Distill25_1.0,1,398,9.67311859130859
Distill50_0.1,1,398,17.4858570098877
Distill25_0.25,1,398,17.5800323486328
CE_control_1.0,1,398,8.28099250793457
Distill25_0.1,1,398,20.233154296875
CE_control_0.5,2,589,21.5249061584473
CE_control_0.1,2,589,18.0928707122803
CE_control_0.25,2,589,19.6828842163086
CE_control_1.0,2,589,16.1430835723877
Distill25_0.5,2,589,20.2059745788574
Distill50_0.5,2,589,18.3701515197754
Current,2,589,0.895023345947266
Distill25_0.25,2,589,18.4071063995361
Distill25_0.1,2,589,20.5938816070557
Distill50_1.0,2,589,10.5290412902832
Distill50_0.25,2,589,23.1189727783203
Distill25_1.0,2,589,10.610818862915
Distill50_0.1,2,589,19.2890167236328
Distill25_0.1,3,491,21.4519500732422
CE_control_0.5,3,491,22.7069854736328
Distill50_1.0,3,491,8.96692276000977
Distill50_0.25,3,491,22.8710174560547
Distill50_0.1,3,491,21.2478637695313
CE_control_0.1,3,491,20.413875579834
Distill50_0.5,3,491,22.0890045166016
Distill25_1.0,3,491,9.70602035522461
CE_control_0.25,3,491,21.4691162109375
CE_control_1.0,3,491,9.63997840881348
Current,3,491,0.919103622436523
Distill25_0.25,3,491,21.3339328765869
Distill25_0.5,3,491,21.6598510742188
Distill25_0.25,2,485,19.848108291626
Distill25_1.0,2,485,8.69512557983398
Distill50_1.0,2,485,9.87696647644043
Distill25_0.5,2,485,21.2669372558594
Distill50_0.5,2,485,33.466100692749
Distill50_0.25,2,485,19.9079513549805
CE_control_0.25,2,485,17.6289081573486
CE_control_0.1,2,485,17.9629325866699
CE_control_0.5,2,485,16.9670581817627
Current,2,485,0.784158706665039
Distill25_0.1,2,485,17.4479484558105
CE_control_1.0,2,485,7.58099555969238
Distill50_0.1,2,485,19.0508365631104
CE_control_0.5,1,198,16.636848449707
CE_control_0.25,1,198,17.8408622741699
Distill50_1.0,1,198,7.79914855957031
CE_control_0.1,1,198,16.3068771362305
Distill50_0.1,1,198,15.8958435058594
Distill50_0.5,1,198,15.178918838501
Distill25_1.0,1,198,7.75790214538574
Distill25_0.5,1,198,17.3261165618896
CE_control_1.0,1,198,7.78293609619141
Distill25_0.1,1,198,16.4318084716797
Distill50_0.25,1,198,16.4849758148193
Distill25_0.25,1,198,16.4341926574707
Current,1,198,0.818014144897461
Distill25_0.1,3,456,18.2809829711914
CE_control_0.1,3,456,17.4031257629395
CE_control_1.0,3,456,9.85217094421387
Distill25_1.0,3,456,8.08906555175781
Distill25_0.5,3,456,16.9360637664795
Distill25_0.25,3,456,16.7829990386963
Distill50_0.1,3,456,17.2970294952393
Distill50_1.0,3,456,8.4068775177002
CE_control_0.25,3,456,16.2539482116699
Distill50_0.25,3,456,16.3459777832031
Distill50_0.5,3,456,15.8610343933105
CE_control_0.5,3,456,16.6361331939697
Current,3,456,0.843048095703125
Distill50_0.25,1,204,23.2629776000977
Distill50_0.1,1,204,21.7559337615967
Distill25_0.1,1,204,19.5991992950439
Distill50_0.5,1,204,33.2009792327881
Current,1,204,0.844955444335938
CE_control_0.25,1,204,18.2421207427979
Distill25_0.25,1,204,19.8261737823486
Distill25_1.0,1,204,9.09996032714844
CE_control_0.5,1,204,18.0778503417969
CE_control_1.0,1,204,7.87782669067383
CE_control_0.1,1,204,18.0768966674805
Distill25_0.5,1,204,18.3930397033691
Distill50_1.0,1,204,8.54396820068359
Distill25_0.5,1,211,17.4059867858887
CE_control_0.1,1,211,19.0770626068115
CE_control_0.25,1,211,17.9629325866699
CE_control_1.0,1,211,8.38184356689453
Current,1,211,0.721931457519531
Distill50_1.0,1,211,9.99593734741211
Distill25_0.1,1,211,16.9088840484619
CE_control_0.5,1,211,17.5418853759766
Distill50_0.1,1,211,17.1070098876953
Distill25_0.25,1,211,16.7751312255859
Distill50_0.5,1,211,16.7381763458252
Distill25_1.0,1,211,9.19103622436523
Distill50_0.25,1,211,16.5369510650635
Distill25_0.1,1,393,16.8142318725586
Distill25_0.25,1,393,16.1809921264648
Current,1,393,0.916004180908203
Distill25_0.5,1,393,15.7198905944824
Distill50_0.5,1,393,16.7989730834961
Distill50_1.0,1,393,7.84802436828613
Distill25_1.0,1,393,9.47380065917969
Distill50_0.1,1,393,18.3990001678467
CE_control_0.1,1,393,17.5597667694092
Distill50_0.25,1,393,17.5478458404541
CE_control_0.25,1,393,19.5398330688477
CE_control_1.0,1,393,9.92798805236816
CE_control_0.5,1,393,17.0609951019287
CE_control_0.1,2,366,16.5719985961914
Distill25_0.1,2,366,16.294002532959
CE_control_1.0,2,366,20.6692218780518
Distill25_1.0,2,366,9.15193557739258
Distill50_1.0,2,366,7.77983665466309
Distill25_0.5,2,366,16.3910388946533
CE_control_0.25,2,366,17.5271034240723
Distill50_0.1,2,366,15.1419639587402
Distill25_0.25,2,366,14.1668319702148
Current,2,366,0.674009323120117
Distill50_0.5,2,366,13.6020183563232
Distill50_0.25,2,366,13.2839679718018
CE_control_0.5,2,366,12.8030776977539
CE_control_0.25,3,54,19.8421478271484
CE_control_0.1,3,54,19.2341804504395
Distill25_1.0,3,54,9.50789451599121
CE_control_1.0,3,54,9.66000556945801
Distill50_0.5,3,54,19.1950798034668
Distill50_0.1,3,54,19.3278789520264
Distill50_0.25,3,54,19.2611217498779
Distill50_1.0,3,54,9.74202156066895
CE_control_0.5,3,54,20.4257965087891
Distill25_0.5,3,54,20.5979347229004
Distill25_0.25,3,54,20.7369327545166
Current,3,54,0.810146331787109
Distill25_0.1,3,54,21.0118293762207
CE_control_0.1,2,166,16.2079334259033
Distill50_1.0,2,166,10.5159282684326
Distill25_1.0,2,166,8.45694541931152
Distill50_0.25,2,166,15.8860683441162
Distill25_0.1,2,166,16.4260864257813
CE_control_0.5,2,166,16.124963760376
Distill50_0.5,2,166,16.1690711975098
CE_control_0.25,2,166,16.0059928894043
CE_control_1.0,2,166,9.24086570739746
Distill25_0.5,2,166,15.7110691070557
Current,2,166,2.94089317321777
Distill25_0.25,2,166,15.0539875030518
Distill50_0.1,2,166,14.4200325012207
Distill50_1.0,3,56,8.48293304443359
Distill50_0.25,3,56,15.9499645233154
Distill25_1.0,3,56,7.66515731811523
Distill25_0.1,3,56,17.0269012451172
Current,3,56,1.10507011413574
Distill50_0.1,3,56,16.448974609375
Distill25_0.25,3,56,16.7808532714844
Distill25_0.5,3,56,17.6210403442383
CE_control_1.0,3,56,7.78102874755859
CE_control_0.5,3,56,18.1889533996582
CE_control_0.1,3,56,18.9559459686279
Distill50_0.5,3,56,18.416166305542
CE_control_0.25,3,56,18.2080268859863
CE_control_1.0,2,99,9.94110107421875
Distill50_0.5,2,99,21.9190120697021
Distill25_0.5,2,99,24.3299007415772
CE_control_0.5,2,99,34.8720550537109
Current,2,99,2.06398963928223
Distill25_0.25,2,99,40.5020713806152
Distill50_0.25,2,99,53.3308982849121
CE_control_0.1,2,99,23.8010883331299
Distill25_0.1,2,99,21.0938453674316
Distill25_1.0,2,99,10.8661651611328
Distill50_1.0,2,99,12.441873550415
Distill50_0.1,2,99,23.3781337738037
CE_control_0.25,2,99,22.1319198608398
Distill25_0.25,3,229,20.8101272583008
Distill50_1.0,3,229,10.8091831207275
Current,3,229,0.840187072753906
Distill50_0.25,3,229,32.5639247894287
CE_control_0.5,3,229,20.0669765472412
CE_control_0.25,3,229,19.0207958221436
Distill25_0.5,3,229,18.500804901123
CE_control_1.0,3,229,9.12213325500488
Distill25_0.1,3,229,19.4239616394043
Distill25_1.0,3,229,10.667085647583
Distill50_0.1,3,229,18.2600021362305
Distill50_0.5,3,229,19.9251174926758
CE_control_0.1,3,229,20.3428268432617
Distill50_0.25,3,30,16.193151473999
CE_control_1.0,3,30,9.48095321655273
Distill25_1.0,3,30,10.1580619812012
Current,3,30,0.905990600585938
CE_control_0.5,3,30,15.8369541168213
Distill25_0.5,3,30,16.5929794311523
Distill50_0.1,3,30,16.4380073547363
Distill50_1.0,3,30,8.94498825073242
CE_control_0.1,3,30,17.6029205322266
CE_control_0.25,3,30,18.5449123382568
Distill25_0.25,3,30,17.0941352844238
Distill25_0.1,3,30,18.3360576629639
Distill50_0.5,3,30,16.808032989502
Distill25_0.1,2,65,20.1098918914795
CE_control_0.25,2,65,18.6018943786621
Current,2,65,0.876903533935547
CE_control_0.5,2,65,26.4480113983154
Distill50_0.5,2,65,23.4198570251465
Distill25_0.25,2,65,28.4039974212647
CE_control_1.0,2,65,10.861873626709
Distill50_0.1,2,65,19.0658569335938
Distill50_1.0,2,65,9.23705101013184
Distill25_1.0,2,65,9.97805595397949
Distill50_0.25,2,65,17.8511142730713
CE_control_0.1,2,65,16.179084777832
Distill25_0.5,2,65,16.0059928894043
CE_control_0.25,2,534,15.3071880340576
Distill50_0.25,2,534,15.7010555267334
Current,2,534,0.971078872680664
Distill50_0.5,2,534,16.4110660552979
CE_control_0.5,2,534,16.1118507385254
CE_control_1.0,2,534,12.9020214080811
Distill25_0.5,2,534,17.8341865539551
Distill25_0.25,2,534,18.1798934936523
Distill25_1.0,2,534,13.5900974273682
Distill50_0.1,2,534,17.7512168884277
Distill25_0.1,2,534,20.1601982116699
Distill50_1.0,2,534,10.6070041656494
CE_control_0.1,2,534,18.7351703643799
Distill50_0.25,3,88,18.7430381774902
CE_control_1.0,3,88,9.11092758178711
Distill50_1.0,3,88,11.4378929138184
CE_control_0.1,3,88,19.9158191680908
Distill50_0.1,3,88,19.7639465332031
CE_control_0.5,3,88,20.4570293426514
Distill25_1.0,3,88,9.05203819274902
Distill25_0.1,3,88,20.8671092987061
Distill50_0.5,3,88,19.7031497955322
Distill25_0.25,3,88,20.9159851074219
Distill25_0.5,3,88,17.6432132720947
CE_control_0.25,3,88,17.7640914916992
Current,3,88,0.684022903442383
Distill50_1.0,1,531,8.1789493560791
Distill50_0.5,1,531,17.8351402282715
CE_control_0.1,1,531,17.725944519043
Distill50_0.1,1,531,18.5210704803467
CE_control_0.5,1,531,17.9650783538818
Distill25_0.1,1,531,28.5730361938477
CE_control_1.0,1,531,7.19594955444336
Current,1,531,0.932931900024414
Distill50_0.25,1,531,17.038106918335
Distill25_0.5,1,531,19.0160274505615
CE_control_0.25,1,531,17.5189971923828
Distill25_0.25,1,531,17.1120166778564
Distill25_1.0,1,531,7.52115249633789
Distill25_1.0,1,588,7.21406936645508
Distill50_0.5,1,588,14.4031047821045
Distill25_0.1,1,588,14.5750045776367
CE_control_0.25,1,588,15.1629447937012
CE_control_0.1,1,588,14.9528980255127
CE_control_1.0,1,588,8.40616226196289
CE_control_0.5,1,588,14.5251750946045
Distill25_0.5,1,588,14.5571231842041
Current,1,588,0.800848007202148
Distill25_0.25,1,588,14.2178535461426
Distill50_1.0,1,588,8.84294509887695
Distill50_0.1,1,588,13.8709545135498
Distill50_0.25,1,588,15.2738094329834
Distill50_0.1,3,450,19.6089744567871
Current,3,450,0.694990158081055
Distill25_0.1,3,450,20.4730033874512
CE_control_0.25,3,450,21.0859775543213
Distill50_1.0,3,450,9.55486297607422
Distill50_0.5,3,450,18.9709663391113
Distill25_0.5,3,450,20.082950592041
Distill25_1.0,3,450,9.22894477844238
CE_control_1.0,3,450,9.0639591217041
Distill25_0.25,3,450,21.522045135498
CE_control_0.1,3,450,19.6859836578369
CE_control_0.5,3,450,19.7539329528809
Distill50_0.25,3,450,28.5170078277588
CE_control_0.1,1,565,17.9059505462646
CE_control_0.25,1,565,18.369197845459
CE_control_1.0,1,565,8.62598419189453
Current,1,565,0.870943069458008
Distill25_0.1,1,565,30.1408767700195
Distill50_0.1,1,565,18.3331966400146
Distill25_0.25,1,565,17.6558494567871
Distill25_0.5,1,565,17.819881439209
CE_control_0.5,1,565,17.5590515136719
Distill25_1.0,1,565,8.24594497680664
Distill50_1.0,1,565,9.0339183807373
Distill50_0.25,1,565,17.8360939025879
Distill50_0.5,1,565,25.0070095062256
Distill50_1.0,2,413,8.20994377136231
CE_control_0.1,2,413,18.6920166015625
Distill50_0.5,2,413,21.2230682373047
Distill25_0.25,2,413,20.7018852233887
Distill25_0.5,2,413,18.5439586639404
Distill25_1.0,2,413,8.35919380187988
Distill25_0.1,2,413,19.0551280975342
Distill50_0.1,2,413,18.172025680542
CE_control_1.0,2,413,8.36896896362305
CE_control_0.5,2,413,19.4039344787598
Distill50_0.25,2,413,19.251823425293
Current,2,413,0.840902328491211
CE_control_0.25,2,413,18.5887813568115
Distill25_1.0,2,162,8.8961124420166
CE_control_0.5,2,162,18.4121131896973
Distill50_1.0,2,162,14.3141746520996
CE_control_1.0,2,162,10.3271007537842
CE_control_0.25,2,162,18.1128978729248
Distill50_0.1,2,162,20.3890800476074
Distill50_0.5,2,162,18.8131332397461
Distill25_0.5,2,162,18.5489654541016
Distill25_0.1,2,162,18.5909271240234
Current,2,162,0.824928283691406
Distill50_0.25,2,162,18.258810043335
CE_control_0.1,2,162,16.991138458252
Distill25_0.25,2,162,21.0280418395996
Distill25_0.25,2,58,15.9080028533936
Distill50_0.1,2,58,27.2908210754395
Distill50_0.25,2,58,14.5759582519531
Distill50_0.5,2,58,13.7369632720947
Current,2,58,0.766992568969727
CE_control_0.1,2,58,13.3590698242188
Distill25_1.0,2,58,7.51709938049316
CE_control_0.5,2,58,14.0559673309326
Distill25_0.1,2,58,14.6400928497314
Distill25_0.5,2,58,13.3430957794189
CE_control_1.0,2,58,7.15494155883789
CE_control_0.25,2,58,13.0951404571533
Distill50_1.0,2,58,7.81607627868652
CE_control_0.25,3,111,16.3249969482422
Distill25_0.25,3,111,16.6921615600586
Distill50_0.5,3,111,17.0722007751465
CE_control_0.1,3,111,16.7739391326904
Current,3,111,0.836849212646484
CE_control_0.5,3,111,16.2429809570313
Distill50_1.0,3,111,8.42905044555664
CE_control_1.0,3,111,8.01920890808106
Distill50_0.1,3,111,16.7818069458008
Distill25_0.5,3,111,16.8220996856689
Distill25_0.1,3,111,17.798900604248
Distill25_1.0,3,111,8.15796852111816
Distill50_0.25,3,111,18.8601016998291
CE_control_0.5,1,569,14.2860412597656
Distill50_1.0,1,569,10.004997253418
Distill50_0.1,1,569,13.5807991027832
CE_control_0.1,1,569,13.5297775268555
Distill25_0.1,1,569,13.8568878173828
Distill50_0.25,1,569,14.9099826812744
Distill25_0.25,1,569,14.484167098999
Distill25_1.0,1,569,9.14216041564941
Distill50_0.5,1,569,14.4989490509033
Current,1,569,0.882148742675781
CE_control_0.25,1,569,13.9458179473877
CE_control_1.0,1,569,8.97097587585449
Distill25_0.5,1,569,14.6119594573975
Distill25_0.5,2,556,26.6940593719482
Distill25_0.1,2,556,19.3560123443604
CE_control_1.0,2,556,9.24086570739746
CE_control_0.1,2,556,17.6148414611816
Distill25_0.25,2,556,17.6310539245605
CE_control_0.25,2,556,17.0910358428955
Current,2,556,0.906944274902344
CE_control_0.5,2,556,17.0700550079346
Distill50_0.25,2,556,16.0260200500488
Distill25_1.0,2,556,8.43691825866699
Distill50_0.1,2,556,17.6429748535156
Distill50_0.5,2,556,17.7831649780273
Distill50_1.0,2,556,10.1029872894287
Current,3,426,0.889062881469727
CE_control_0.25,3,426,18.5379981994629
CE_control_0.1,3,426,19.5801258087158
Distill50_0.5,3,426,17.8060531616211
CE_control_1.0,3,426,9.58704948425293
Distill50_0.1,3,426,17.4179077148438
Distill25_0.5,3,426,17.8539752960205
Distill50_1.0,3,426,12.3469829559326
Distill25_1.0,3,426,11.195182800293
Distill50_0.25,3,426,19.2317962646484
Distill25_0.25,3,426,17.8658962249756
Distill25_0.1,3,426,17.7791118621826
CE_control_0.5,3,426,18.186092376709
Distill25_0.25,3,534,18.7308788299561
CE_control_1.0,3,534,10.1728439331055
Distill50_1.0,3,534,10.6940269470215
CE_control_0.25,3,534,17.6541805267334
Distill50_0.5,3,534,16.9339179992676
Distill50_0.1,3,534,16.9529914855957
Current,3,534,1.02686882019043
CE_control_0.5,3,534,17.160177230835
Distill25_0.5,3,534,16.7210102081299
CE_control_0.1,3,534,17.9069042205811
Distill25_1.0,3,534,18.1500911712646
Distill25_0.1,3,534,16.5779590606689
Distill50_0.25,3,534,22.2549438476563
Distill50_1.0,1,104,8.8038444519043
CE_control_1.0,1,104,9.02295112609863
Distill25_0.25,1,104,17.9479122161865
CE_control_0.25,1,104,20.2100276947021
Distill50_0.5,1,104,16.9589519500732
Distill50_0.25,1,104,16.9410705566406
Distill50_0.1,1,104,17.650842666626
CE_control_0.5,1,104,17.7979469299316
Current,1,104,0.751018524169922
Distill25_0.1,1,104,19.1059112548828
Distill25_0.5,1,104,20.413875579834
Distill25_1.0,1,104,8.71586799621582
CE_control_0.1,1,104,18.4948444366455
Distill25_0.5,1,152,16.5531635284424
CE_control_0.25,1,152,17.8630352020264
Distill25_0.1,1,152,17.9719924926758
CE_control_0.1,1,152,16.9689655303955
CE_control_1.0,1,152,8.1181526184082
Distill25_0.25,1,152,16.4649486541748
Current,1,152,0.811100006103516
Distill50_1.0,1,152,8.96787643432617
Distill25_1.0,1,152,7.71903991699219
Distill50_0.5,1,152,16.9360637664795
CE_control_0.5,1,152,19.8822021484375
Distill50_0.25,1,152,18.2650089263916
Distill50_0.1,1,152,17.2848701477051
Distill50_0.25,3,78,17.7249908447266
CE_control_1.0,3,78,13.4050846099854
Distill50_0.5,3,78,17.2839164733887
Distill50_0.1,3,78,17.7960395812988
CE_control_0.25,3,78,20.9429264068604
Current,3,78,0.945091247558594
CE_control_0.5,3,78,18.3479785919189
Distill50_1.0,3,78,11.0290050506592
Distill25_0.1,3,78,19.5600986480713
Distill25_1.0,3,78,11.73996925354
CE_control_0.1,3,78,18.5720920562744
Distill25_0.25,3,78,17.8859233856201
Distill25_0.5,3,78,17.5387859344482
CE_control_1.0,3,460,8.17704200744629
Distill25_0.5,3,460,17.7969932556152
CE_control_0.25,3,460,18.3999538421631
Distill50_1.0,3,460,9.33194160461426
Distill25_0.25,3,460,16.3359642028809
Distill25_0.1,3,460,16.6659355163574
CE_control_0.1,3,460,16.5550708770752
Distill50_0.1,3,460,17.5518989562988
Distill50_0.25,3,460,16.7410373687744
CE_control_0.5,3,460,16.4840221405029
Distill25_1.0,3,460,8.15987586975098
Distill50_0.5,3,460,16.86692237854
Current,3,460,0.79798698425293
CE_control_0.5,2,350,16.7701244354248
CE_control_0.1,2,350,17.564058303833
Distill50_1.0,2,350,9.9179744720459
Distill50_0.1,2,350,21.1410522460938
Distill25_1.0,2,350,10.8649730682373
Distill25_0.5,2,350,19.9081897735596
Distill50_0.25,2,350,18.0521011352539
Distill50_0.5,2,350,18.4850692749023
CE_control_1.0,2,350,10.1490020751953
Distill25_0.1,2,350,18.9402103424072
Distill25_0.25,2,350,17.9901123046875
Current,2,350,0.825881958007813
CE_control_0.25,2,350,18.4700489044189
CE_control_0.1,2,83,16.4599418640137
Current,2,83,0.924825668334961
CE_control_0.25,2,83,16.8030261993408
Distill50_0.5,2,83,17.2898769378662
Distill25_0.25,2,83,15.7499313354492
Distill50_1.0,2,83,8.10599327087402
Distill25_1.0,2,83,8.45408439636231
CE_control_0.5,2,83,16.787052154541
Distill50_0.25,2,83,16.6130065917969
CE_control_1.0,2,83,7.2939395904541
Distill25_0.1,2,83,16.4070129394531
Distill50_0.1,2,83,15.9568786621094
Distill25_0.5,2,83,15.7508850097656
CE_control_0.5,1,117,15.6090259552002
CE_control_1.0,1,117,7.9350471496582
CE_control_0.1,1,117,17.2359943389893
Distill25_0.5,1,117,17.4400806427002
Distill25_0.25,1,117,17.6420211791992
CE_control_0.25,1,117,14.7359371185303
Distill50_0.1,1,117,16.5269374847412
Distill50_1.0,1,117,8.66794586181641
Distill25_0.1,1,117,18.8851356506348
Distill25_1.0,1,117,10.1878643035889
Current,1,117,0.818014144897461
Distill50_0.25,1,117,18.0988311767578
Distill50_0.5,1,117,17.2100067138672
Current,3,263,0.755071640014648
Distill25_0.25,3,263,21.111011505127
Distill50_1.0,3,263,11.4519596099854
Distill25_1.0,3,263,11.1768245697021
Distill25_0.5,3,263,19.8419094085693
CE_control_1.0,3,263,11.7111206054688
Distill25_0.1,3,263,24.19114112854
Distill50_0.25,3,263,22.7160453796387
CE_control_0.5,3,263,21.5799808502197
CE_control_0.25,3,263,21.5568542480469
CE_control_0.1,3,263,21.589994430542
Distill50_0.1,3,263,20.5669403076172
Distill50_0.5,3,263,35.1479053497314
Distill25_0.25,1,101,20.5409526824951
Distill25_0.1,1,101,19.7579860687256
CE_control_0.5,1,101,18.6660289764404
CE_control_0.1,1,101,18.3420181274414
Distill50_0.5,1,101,16.1099433898926
Distill50_1.0,1,101,8.68296623229981
Current,1,101,0.894069671630859
Distill50_0.25,1,101,17.1730518341064
CE_control_0.25,1,101,18.0561542510986
Distill25_1.0,1,101,9.76800918579102
Distill50_0.1,1,101,19.0451145172119
CE_control_1.0,1,101,10.977029800415
Distill25_0.5,1,101,18.9540386199951
Distill25_0.25,3,257,17.894983291626
Distill25_1.0,3,257,8.79597663879395
Distill25_0.5,3,257,15.5408382415771
CE_control_1.0,3,257,8.02993774414063
Distill50_0.1,3,257,16.6051387786865
Distill25_0.1,3,257,16.8991088867188
Distill50_0.5,3,257,18.1360244750977
CE_control_0.25,3,257,17.9250240325928
Current,3,257,0.762939453125
Distill50_1.0,3,257,9.19604301452637
CE_control_0.1,3,257,17.2779560089111
Distill50_0.25,3,257,18.5840129852295
CE_control_0.5,3,257,17.4720287322998
Distill25_1.0,1,336,9.42492485046387
Distill50_0.5,1,336,17.4968242645264
CE_control_1.0,1,336,8.44097137451172
Distill25_0.1,1,336,17.3189640045166
Distill25_0.5,1,336,17.7381038665771
Distill50_0.25,1,336,17.7509784698486
CE_control_0.1,1,336,16.3960456848145
Distill25_0.25,1,336,16.3981914520264
Distill50_0.1,1,336,28.5391807556152
Distill50_1.0,1,336,9.56487655639648
Current,1,336,0.936031341552734
CE_control_0.5,1,336,15.6261920928955
CE_control_0.25,1,336,16.3850784301758
Distill25_0.1,3,481,18.2960033416748
Distill50_0.25,3,481,18.6059474945068
CE_control_0.5,3,481,19.9840068817139
Current,3,481,0.889062881469727
CE_control_1.0,3,481,8.47887992858887
Distill25_0.5,3,481,19.1621780395508
Distill25_1.0,3,481,8.3920955657959
CE_control_0.25,3,481,18.7511444091797
CE_control_0.1,3,481,19.5300579071045
Distill50_0.5,3,481,20.3619003295898
Distill25_0.25,3,481,20.0788974761963
Distill50_1.0,3,481,8.45789909362793
Distill50_0.1,3,481,19.1411972045898
Distill25_0.25,3,462,19.8311805725098
Current,3,462,0.859975814819336
Distill25_0.5,3,462,19.1841125488281
Distill50_0.25,3,462,20.5590724945068
Distill25_0.1,3,462,23.4220027923584
CE_control_0.1,3,462,20.0381278991699
Distill50_0.5,3,462,21.3778018951416
Distill25_1.0,3,462,9.37199592590332
CE_control_0.5,3,462,20.0099945068359
Distill50_0.1,3,462,19.4900035858154
Distill50_1.0,3,462,9.2320442199707
CE_control_1.0,3,462,10.0140571594238
CE_control_0.25,3,462,19.2980766296387
CE_control_0.1,1,435,17.003059387207
CE_control_0.25,1,435,17.4300670623779
Distill50_0.25,1,435,16.8070793151855
Current,1,435,0.771045684814453
Distill50_0.5,1,435,16.6189670562744
Distill50_1.0,1,435,8.90898704528809
Distill25_0.1,1,435,15.355110168457
CE_control_0.5,1,435,15.2468681335449
Distill50_0.1,1,435,28.0330181121826
Distill25_1.0,1,435,8.18204879760742
Distill25_0.5,1,435,14.1239166259766
CE_control_1.0,1,435,7.86900520324707
Distill25_0.25,1,435,15.1669979095459
Distill50_0.1,1,537,16.9699192047119
Distill25_0.5,1,537,18.7380313873291
Distill50_0.25,1,537,15.8939361572266
Distill25_0.1,1,537,16.049861907959
CE_control_1.0,1,537,8.41403007507324
Distill50_1.0,1,537,7.83395767211914
Distill25_0.25,1,537,16.1800384521484
Distill50_0.5,1,537,17.0269012451172
Distill25_1.0,1,537,8.50796699523926
Current,1,537,0.940084457397461
CE_control_0.1,1,537,16.0989761352539
CE_control_0.25,1,537,15.6409740447998
CE_control_0.5,1,537,15.9890651702881
Distill25_0.25,3,221,16.0300731658936
Distill25_0.1,3,221,16.9909000396729
CE_control_1.0,3,221,10.3538036346436
Distill25_0.5,3,221,16.1468982696533
Distill50_0.1,3,221,16.3359642028809
Distill50_1.0,3,221,9.54508781433105
CE_control_0.1,3,221,17.2960758209229
Current,3,221,0.741004943847656
Distill25_1.0,3,221,10.2691650390625
Distill50_0.25,3,221,17.1608924865723
CE_control_0.25,3,221,16.0560607910156
Distill50_0.5,3,221,16.8831348419189
CE_control_0.5,3,221,16.9408321380615
CE_control_0.25,3,124,19.3829536437988
CE_control_0.5,3,124,19.7880268096924
Distill50_0.5,3,124,19.7269916534424
Distill25_1.0,3,124,10.3919506072998
Distill25_0.5,3,124,31.5251350402832
Distill50_0.1,3,124,19.0010070800781
Current,3,124,0.826120376586914
Distill25_0.25,3,124,17.8630352020264
Distill50_0.25,3,124,18.4109210968018
CE_control_0.1,3,124,16.855001449585
CE_control_1.0,3,124,9.14192199707031
Distill50_1.0,3,124,10.9889507293701
Distill25_0.1,3,124,18.8570022583008
Distill50_1.0,2,6,9.01198387145996
CE_control_0.1,2,6,16.3109302520752
CE_control_0.5,2,6,17.5299644470215
Distill25_0.25,2,6,17.9929733276367
Distill25_0.5,2,6,19.9489593505859
Distill50_0.5,2,6,17.0259475708008
Distill25_0.1,2,6,16.7751312255859
Distill50_0.1,2,6,18.7098979949951
CE_control_0.25,2,6,18.5530185699463
Distill25_1.0,2,6,9.86909866333008
Distill50_0.25,2,6,16.4849758148193
CE_control_1.0,2,6,9.30380821228027
Current,2,6,1.05404853820801
CE_control_0.1,2,364,18.528938293457
Distill25_0.5,2,364,18.98193359375
Distill25_0.1,2,364,18.9669132232666
CE_control_0.5,2,364,19.0939903259277
Distill50_0.1,2,364,19.8440551757813
CE_control_0.25,2,364,19.4499492645264
Distill50_0.25,2,364,19.3459987640381
CE_control_1.0,2,364,8.19993019104004
Distill25_0.25,2,364,19.258975982666
Current,2,364,0.758886337280273
Distill50_1.0,2,364,8.20612907409668
Distill25_1.0,2,364,8.77809524536133
Distill50_0.5,2,364,18.7990665435791
Distill50_0.5,1,40,18.549919128418
Distill50_0.25,1,40,16.1368846893311
Current,1,40,1.39498710632324
CE_control_0.25,1,40,15.9838199615479
Distill25_0.5,1,40,16.5271759033203
Distill25_0.25,1,40,15.7570838928223
Distill50_0.1,1,40,16.9968605041504
Distill50_1.0,1,40,7.92193412780762
CE_control_0.1,1,40,16.6840553283691
CE_control_1.0,1,40,8.08811187744141
Distill25_1.0,1,40,7.71880149841309
CE_control_0.5,1,40,16.1640644073486
Distill25_0.1,1,40,17.0819759368896
Distill50_0.25,3,570,17.3931121826172
CE_control_0.5,3,570,16.1190032958984
Distill25_0.5,3,570,17.9450511932373
Distill25_0.1,3,570,17.8630352020264
Distill25_0.25,3,570,17.2309875488281
Distill50_0.5,3,570,18.5739994049072
CE_control_1.0,3,570,9.42802429199219
Distill50_1.0,3,570,9.19413566589355
CE_control_0.1,3,570,18.0449485778809
Distill50_0.1,3,570,18.7759399414063
Distill25_1.0,3,570,8.80098342895508
CE_control_0.25,3,570,21.2690830230713
Current,3,570,0.80418586730957
CE_control_0.25,3,71,22.5589275360107
Distill50_0.5,3,71,25.1679420471191
CE_control_1.0,3,71,9.62305068969727
Distill50_0.25,3,71,20.5349922180176
CE_control_0.1,3,71,18.867015838623
CE_control_0.5,3,71,19.9959278106689
Distill25_0.1,3,71,19.7901725769043
Distill25_0.5,3,71,21.914005279541
Current,3,71,1.06000900268555
Distill25_1.0,3,71,9.77396965026855
Distill50_1.0,3,71,11.1560821533203
Distill25_0.25,3,71,19.8938846588135
Distill50_0.1,3,71,32.6859951019287
CE_control_0.25,1,539,20.205020904541
Distill25_0.1,1,539,22.8230953216553
Distill50_0.25,1,539,18.8539028167725
CE_control_0.5,1,539,19.7761058807373
Distill50_1.0,1,539,10.2231502532959
Distill25_0.5,1,539,19.3710327148438
Distill50_0.1,1,539,19.442081451416
Distill50_0.5,1,539,20.59006690979
Current,1,539,0.895977020263672
Distill25_1.0,1,539,9.16504859924316
CE_control_0.1,1,539,19.3359851837158
CE_control_1.0,1,539,9.26995277404785
Distill25_0.25,1,539,21.4118957519531
CE_control_0.5,1,202,19.8559761047363
Distill25_0.1,1,202,21.414041519165
Distill50_0.5,1,202,19.4659233093262
Distill50_0.25,1,202,20.068883895874
Distill25_1.0,1,202,9.03797149658203
Current,1,202,1.06000900268555
CE_control_0.25,1,202,19.2670822143555
CE_control_1.0,1,202,8.48698616027832
Distill25_0.25,1,202,20.9691524505615
Distill25_0.5,1,202,19.4189548492432
CE_control_0.1,1,202,19.7539329528809
Distill50_1.0,1,202,9.81783866882324
Distill50_0.1,1,202,21.4848518371582
Distill25_0.5,3,454,19.071102142334
Distill50_0.5,3,454,16.974925994873
Distill25_1.0,3,454,8.52799415588379
CE_control_0.1,3,454,17.2340869903564
Distill50_1.0,3,454,8.16106796264648
Distill50_0.1,3,454,18.6011791229248
CE_control_1.0,3,454,9.490966796875
Distill25_0.25,3,454,16.7829990386963
Distill25_0.1,3,454,16.9909000396729
Distill50_0.25,3,454,17.333984375
CE_control_0.25,3,454,30.3440093994141
CE_control_0.5,3,454,16.7789459228516
Current,3,454,0.929832458496094
Distill25_0.1,3,446,17.3530578613281
CE_control_0.1,3,446,16.585111618042
Distill25_0.5,3,446,16.9639587402344
Distill50_1.0,3,446,8.44097137451172
CE_control_1.0,3,446,7.74383544921875
Distill50_0.5,3,446,15.9430503845215
Distill50_0.1,3,446,16.171932220459
Distill25_1.0,3,446,7.83300399780273
Current,3,446,1.11985206604004
Distill25_0.25,3,446,16.1750316619873
CE_control_0.25,3,446,17.3499584197998
CE_control_0.5,3,446,18.7540054321289
Distill50_0.25,3,446,16.8590545654297
Current,2,342,0.990152359008789
Distill50_0.5,2,342,18.359899520874
Distill50_1.0,2,342,12.1109485626221
CE_control_1.0,2,342,11.7678642272949
CE_control_0.25,2,342,18.8119411468506
Distill25_0.5,2,342,18.7630653381348
CE_control_0.1,2,342,17.0619487762451
Distill50_0.1,2,342,17.1658992767334
Distill50_0.25,2,342,16.3149833679199
Distill25_0.25,2,342,17.4679756164551
Distill25_0.1,2,342,17.2569751739502
Distill25_1.0,2,342,8.94498825073242
CE_control_0.5,2,342,14.923095703125
Distill25_0.1,2,445,16.4129734039307
Current,2,445,1.0380744934082
CE_control_0.25,2,445,17.2739028930664
Distill25_0.25,2,445,16.9711112976074
CE_control_0.5,2,445,19.320011138916
CE_control_0.1,2,445,16.2451267242432
Distill25_1.0,2,445,7.94196128845215
CE_control_1.0,2,445,10.1947784423828
Distill50_1.0,2,445,8.77785682678223
Distill50_0.1,2,445,17.8189277648926
Distill50_0.25,2,445,27.8441905975342
Distill25_0.5,2,445,19.4962024688721
Distill50_0.5,2,445,18.0401802062988
Distill50_0.1,3,163,19.8960304260254
Distill25_0.25,3,163,19.2930698394775
Distill50_0.5,3,163,20.129919052124
CE_control_1.0,3,163,11.0578536987305
Distill25_0.1,3,163,17.2679424285889
CE_control_0.25,3,163,17.3869132995605
Distill50_0.25,3,163,19.157886505127
Distill25_0.5,3,163,19.3579196929932
Distill50_1.0,3,163,11.4901065826416
CE_control_0.5,3,163,19.0770626068115
Distill25_1.0,3,163,11.6629600524902
Current,3,163,0.809192657470703
CE_control_0.1,3,163,17.2700881958008
Current,3,319,0.70500373840332
CE_control_0.25,3,319,14.6729946136475
CE_control_0.1,3,319,15.3510570526123
CE_control_0.5,3,319,15.9289836883545
CE_control_1.0,3,319,9.58609580993652
Distill25_0.5,3,319,16.0758495330811
Distill25_1.0,3,319,8.97979736328125
Distill25_0.1,3,319,15.7170295715332
Distill50_0.5,3,319,15.6929492950439
Distill25_0.25,3,319,16.3588523864746
Distill50_1.0,3,319,8.84008407592773
Distill50_0.25,3,319,16.5359973907471
Distill50_0.1,3,319,15.9871578216553
CE_control_0.1,3,471,17.2939300537109
Distill25_0.5,3,471,16.6769027709961
Distill25_0.1,3,471,26.7460346221924
Current,3,471,1.16610527038574
Distill50_0.25,3,471,17.5361633300781
CE_control_0.5,3,471,17.2088146209717
Distill50_1.0,3,471,9.24205780029297
Distill25_0.25,3,471,18.8751220703125
Distill25_1.0,3,471,8.26811790466309
CE_control_0.25,3,471,14.8851871490479
Distill50_0.1,3,471,15.3920650482178
CE_control_1.0,3,471,8.59522819519043
Distill50_0.5,3,471,16.2689685821533
Distill25_1.0,1,243,8.25595855712891
Distill25_0.25,1,243,17.8449153900146
Distill50_0.25,1,243,17.1968936920166
Distill50_1.0,1,243,7.65895843505859
CE_control_0.25,1,243,18.1918144226074
Distill25_0.5,1,243,18.9409255981445
CE_control_1.0,1,243,9.27305221557617
Distill50_0.5,1,243,19.0320014953613
CE_control_0.5,1,243,20.6179618835449
Distill50_0.1,1,243,18.4750556945801
Distill25_0.1,1,243,17.8120136260986
CE_control_0.1,1,243,17.1558856964111
Current,1,243,0.837087631225586
Distill25_1.0,1,302,8.23807716369629
CE_control_0.5,1,302,19.517183303833
Distill50_0.25,1,302,19.4110870361328
Distill25_0.1,1,302,20.6577777862549
Distill25_0.25,1,302,24.5208740234375
Distill25_0.5,1,302,20.3678607940674
Distill50_0.5,1,302,20.3850269317627
Distill50_0.1,1,302,19.834041595459
CE_control_0.1,1,302,20.3418731689453
Distill50_1.0,1,302,10.2760791778564
Current,1,302,0.998973846435547
CE_control_1.0,1,302,9.33194160461426
CE_control_0.25,1,302,19.2818641662598
Distill50_0.25,1,561,30.2460193634033
Current,1,561,1.06596946716309
CE_control_0.1,1,561,15.4330730438232
Distill50_0.1,1,561,15.0411128997803
Distill25_0.5,1,561,15.1779651641846
CE_control_0.5,1,561,16.1519050598145
Distill25_0.1,1,561,15.9399509429932
Distill50_1.0,1,561,8.26215744018555
Distill25_0.25,1,561,15.6340599060059
Distill25_1.0,1,561,7.5838565826416
CE_control_0.25,1,561,17.2629356384277
Distill50_0.5,1,561,16.7379379272461
CE_control_1.0,1,561,8.45909118652344
Distill50_1.0,1,554,7.95817375183106
Distill50_0.1,1,554,19.5348262786865
CE_control_0.25,1,554,18.0649757385254
CE_control_1.0,1,554,7.09915161132813
Distill50_0.25,1,554,19.6750164031982
Current,1,554,0.903129577636719
Distill50_0.5,1,554,19.413948059082
CE_control_0.5,1,554,19.1950798034668
Distill25_0.25,1,554,19.4919109344482
Distill25_0.5,1,554,19.7451114654541
CE_control_0.1,1,554,20.4048156738281
Distill25_1.0,1,554,8.62193107604981
Distill25_0.1,1,554,18.7039375305176
CE_control_0.5,1,59,16.995906829834
Distill25_0.5,1,59,16.9188976287842
CE_control_0.25,1,59,18.6600685119629
Distill25_0.25,1,59,19.5460319519043
Distill50_1.0,1,59,9.49192047119141
Distill50_0.5,1,59,17.7679061889648
Distill25_0.1,1,59,18.6691284179688
CE_control_0.1,1,59,18.2108879089355
Current,1,59,0.833034515380859
CE_control_1.0,1,59,8.61811637878418
Distill50_0.1,1,59,16.8061256408691
Distill50_0.25,1,59,16.1318778991699
Distill25_1.0,1,59,8.29291343688965
CE_control_0.5,3,436,19.7429656982422
Distill25_1.0,3,436,8.62288475036621
Distill25_0.1,3,436,16.2501335144043
Distill50_0.5,3,436,17.4190998077393
Distill25_0.5,3,436,16.9200897216797
CE_control_0.25,3,436,16.3729190826416
Distill25_0.25,3,436,17.0090198516846
Current,3,436,0.698089599609375
CE_control_0.1,3,436,18.0130004882813
Distill50_0.25,3,436,18.2840824127197
Distill50_0.1,3,436,19.7668075561523
CE_control_1.0,3,436,8.36586952209473
Distill50_1.0,3,436,8.19301605224609
CE_control_1.0,2,314,8.35013389587402
Distill25_0.5,2,314,15.7210826873779
Distill25_0.25,2,314,15.617847442627
Distill25_1.0,2,314,8.55112075805664
CE_control_0.25,2,314,16.5789127349854
Distill50_0.5,2,314,22.346019744873
CE_control_0.5,2,314,17.1599388122559
Distill50_0.1,2,314,18.4741020202637
Current,2,314,0.770092010498047
Distill50_1.0,2,314,10.9529495239258
CE_control_0.1,2,314,18.0039405822754
Distill50_0.25,2,314,17.0810222625732
Distill25_0.1,2,314,17.2519683837891
Distill50_1.0,1,12,8.73112678527832
Distill25_0.1,1,12,15.7499313354492
Distill25_0.5,1,12,16.0610675811768
CE_control_1.0,1,12,8.4688663482666
Distill50_0.1,1,12,17.9359912872314
Distill25_0.25,1,12,16.2959098815918
CE_control_0.5,1,12,14.97483253479
Distill50_0.25,1,12,14.7550106048584
Distill25_1.0,1,12,8.27813148498535
CE_control_0.25,1,12,15.2390003204346
Current,1,12,0.855922698974609
CE_control_0.1,1,12,15.2750015258789
Distill50_0.5,1,12,15.7349109649658
Current,3,194,0.792026519775391
Distill50_0.5,3,194,14.4000053405762
CE_control_0.5,3,194,13.8840675354004
Distill25_1.0,3,194,7.34305381774902
Distill50_0.1,3,194,14.8618221282959
CE_control_1.0,3,194,9.95206832885742
Distill25_0.1,3,194,15.7670974731445
Distill25_0.25,3,194,16.1359310150146
Distill50_1.0,3,194,8.76092910766602
CE_control_0.25,3,194,16.1590576171875
Distill25_0.5,3,194,16.9031620025635
CE_control_0.1,3,194,16.8981552124023
Distill50_0.25,3,194,16.3931846618652
CE_control_0.25,3,169,17.1918869018555
CE_control_0.5,3,169,17.031192779541
Distill25_0.1,3,169,17.4989700317383
Distill25_0.25,3,169,17.6551342010498
CE_control_0.1,3,169,17.6620483398438
Distill50_0.25,3,169,17.5509452819824
Distill50_0.1,3,169,18.0130004882813
Distill25_1.0,3,169,8.69894027709961
CE_control_1.0,3,169,9.67001914978027
Distill50_0.5,3,169,18.3799266815186
Distill50_1.0,3,169,9.31596755981445
Current,3,169,1.03306770324707
Distill25_0.5,3,169,17.7028179168701
Current,3,555,0.741958618164063
Distill25_0.1,3,555,14.894962310791
Distill25_0.5,3,555,15.139102935791
CE_control_0.5,3,555,14.6820545196533
Distill50_0.25,3,555,13.7808322906494
Distill50_0.5,3,555,14.2068862915039
Distill50_0.1,3,555,14.711856842041
CE_control_0.1,3,555,13.9648914337158
Distill25_0.25,3,555,14.1630172729492
CE_control_0.25,3,555,15.0649547576904
CE_control_1.0,3,555,9.06896591186523
Distill25_1.0,3,555,22.1161842346191
Distill50_1.0,3,555,9.09686088562012
Current,1,121,0.953912734985352
Distill50_0.1,1,121,16.1750316619873
CE_control_1.0,1,121,9.10401344299316
Distill25_0.25,1,121,16.7438983917236
Distill25_1.0,1,121,8.96906852722168
Distill25_0.1,1,121,16.6079998016357
Distill50_0.25,1,121,16.2498950958252
Distill25_0.5,1,121,15.995979309082
CE_control_0.1,1,121,16.0348415374756
CE_control_0.25,1,121,17.5459384918213
CE_control_0.5,1,121,16.793966293335
Distill50_0.5,1,121,20.4260349273682
Distill50_1.0,1,121,9.1400146484375
Distill25_0.25,3,578,15.7198905944824
Distill50_1.0,3,578,10.2560520172119
Distill25_1.0,3,578,10.3151798248291
Distill50_0.1,3,578,17.280101776123
CE_control_0.25,3,578,16.4241790771484
Distill50_0.5,3,578,15.9099102020264
CE_control_0.1,3,578,16.2889957427979
Distill25_0.1,3,578,16.3331031799316
Distill50_0.25,3,578,16.2770748138428
Distill25_0.5,3,578,17.2340869903564
CE_control_0.5,3,578,16.6399478912354
Current,3,578,0.707864761352539
CE_control_1.0,3,578,8.47601890563965
CE_control_0.25,2,466,21.1410522460938
Distill25_0.1,2,466,19.0889835357666
CE_control_1.0,2,466,7.71617889404297
CE_control_0.5,2,466,21.151065826416
Distill50_0.25,2,466,21.8088626861572
Distill50_1.0,2,466,10.1687908172607
CE_control_0.1,2,466,19.8380947113037
Distill25_0.5,2,466,19.1168785095215
Distill50_0.5,2,466,21.2869644165039
Distill50_0.1,2,466,21.8729972839355
Current,2,466,1.23500823974609
Distill25_0.25,2,466,18.7258720397949
Distill25_1.0,2,466,8.53204727172852
Distill25_0.1,3,72,14.7228240966797
Distill50_1.0,3,72,8.90684127807617
CE_control_0.1,3,72,14.1289234161377
Distill50_0.25,3,72,13.3829116821289
Distill25_0.5,3,72,14.4388675689697
Distill50_0.1,3,72,14.4851207733154
CE_control_1.0,3,72,8.86201858520508
Distill25_0.25,3,72,14.0438079833984
Distill50_0.5,3,72,12.9899978637695
Current,3,72,0.75984001159668
Distill25_1.0,3,72,9.45901870727539
CE_control_0.5,3,72,14.4069194793701
CE_control_0.25,3,72,14.1139030456543
Distill50_0.5,2,380,16.3431167602539
Distill25_1.0,2,380,9.08088684082031
Distill50_0.1,2,380,16.6919231414795
CE_control_0.5,2,380,17.2381401062012
Distill25_0.5,2,380,17.5819396972656
Distill50_1.0,2,380,9.69195365905762
Current,2,380,0.835180282592773
CE_control_0.1,2,380,15.9690380096436
CE_control_1.0,2,380,8.50892066955566
CE_control_0.25,2,380,16.6177749633789
Distill25_0.1,2,380,15.6180858612061
Distill25_0.25,2,380,15.8679485321045
Distill50_0.25,2,380,15.934944152832
Distill25_0.1,1,109,19.6230411529541
CE_control_1.0,1,109,9.25493240356445
CE_control_0.25,1,109,19.8538303375244
Distill25_0.25,1,109,19.7100639343262
Distill50_0.1,1,109,21.3441848754883
Distill50_0.25,1,109,22.9899883270264
CE_control_0.1,1,109,32.0968627929688
CE_control_0.5,1,109,20.7040309906006
Current,1,109,0.922918319702148
Distill25_1.0,1,109,12.7429962158203
Distill50_0.5,1,109,20.395040512085
Distill25_0.5,1,109,20.4501152038574
Distill50_1.0,1,109,10.0650787353516
CE_control_0.1,3,198,22.3360061645508
Distill25_0.5,3,198,16.2041187286377
Distill25_0.25,3,198,16.7238712310791
CE_control_1.0,3,198,8.81695747375488
Distill25_1.0,3,198,8.94498825073242
Current,3,198,1.04689598083496
Distill25_0.1,3,198,17.2531604766846
CE_control_0.5,3,198,18.3770656585693
Distill50_0.5,3,198,18.8469886779785
Distill50_0.1,3,198,16.9820785522461
Distill50_1.0,3,198,9.09805297851562
Distill50_0.25,3,198,16.9050693511963
CE_control_0.25,3,198,17.2262191772461
Distill50_0.5,2,266,17.6498889923096
Distill50_0.1,2,266,16.6089534759521
CE_control_0.25,2,266,16.6819095611572
CE_control_0.1,2,266,16.7028903961182
CE_control_0.5,2,266,16.7148113250732
Distill25_0.1,2,266,16.819953918457
Current,2,266,0.769138336181641
Distill25_0.5,2,266,18.8040733337402
Distill50_0.25,2,266,21.6739177703857
Distill25_1.0,2,266,9.41705703735352
Distill50_1.0,2,266,10.3659629821777
CE_control_1.0,2,266,11.160135269165
Distill25_0.25,2,266,17.3778533935547
CE_control_0.25,2,109,20.1358795166016
Distill25_0.5,2,109,32.5028896331787
CE_control_0.5,2,109,21.2161540985107
Distill25_0.25,2,109,19.9680328369141
CE_control_0.1,2,109,19.1378593444824
CE_control_1.0,2,109,9.44304466247559
Distill25_0.1,2,109,21.8541622161865
Current,2,109,0.91099739074707
Distill50_1.0,2,109,9.36794281005859
Distill50_0.5,2,109,20.4479694366455
Distill50_0.1,2,109,21.6798782348633
Distill50_0.25,2,109,20.3981399536133
Distill25_1.0,2,109,10.673999786377
Distill25_0.5,3,49,20.280122756958
CE_control_0.25,3,49,19.4759368896484
Distill50_0.25,3,49,21.1498737335205
Distill25_1.0,3,49,9.64689254760742
CE_control_1.0,3,49,9.6747875213623
Distill50_1.0,3,49,8.89396667480469
CE_control_0.1,3,49,22.2887992858887
Current,3,49,0.967025756835938
Distill25_0.1,3,49,20.2131271362305
Distill50_0.1,3,49,20.4629898071289
Distill25_0.25,3,49,21.2008953094482
CE_control_0.5,3,49,20.4761028289795
Distill50_0.5,3,49,19.5369720458984
Current,3,279,0.908136367797852
Distill25_0.5,3,279,17.8649425506592
Distill25_0.1,3,279,16.923189163208
Distill50_1.0,3,279,8.2850456237793
CE_control_0.1,3,279,17.3580646514893
Distill50_0.25,3,279,17.2281265258789
Distill25_1.0,3,279,7.62081146240234
CE_control_0.5,3,279,17.179012298584
Distill50_0.5,3,279,18.1510448455811
Distill25_0.25,3,279,18.3901786804199
CE_control_1.0,3,279,10.4169845581055
CE_control_0.25,3,279,32.8190326690674
Distill50_0.1,3,279,17.8310871124268
Distill25_0.1,1,479,19.946813583374
Distill50_1.0,1,479,9.44113731384277
Distill25_0.5,1,479,18.1970596313477
Distill25_1.0,1,479,8.19897651672363
Distill50_0.5,1,479,17.3149108886719
CE_control_0.5,1,479,18.3150768280029
Distill50_0.25,1,479,17.3740386962891
Distill50_0.1,1,479,18.0089473724365
CE_control_0.25,1,479,17.4179077148438
CE_control_1.0,1,479,8.04996490478516
Current,1,479,0.916004180908203
Distill25_0.25,1,479,17.4951553344727
CE_control_0.1,1,479,17.2970294952393
Distill50_0.5,2,265,16.6060924530029
Distill25_0.1,2,265,17.503023147583
Distill25_1.0,2,265,8.86011123657227
Current,2,265,0.797033309936523
CE_control_1.0,2,265,9.74893569946289
CE_control_0.1,2,265,16.7520046234131
Distill50_1.0,2,265,9.63711738586426
Distill25_0.25,2,265,18.0771350860596
CE_control_0.25,2,265,17.1198844909668
CE_control_0.5,2,265,17.8148746490479
Distill50_0.1,2,265,16.793966293335
Distill25_0.5,2,265,16.3450241088867
Distill50_0.25,2,265,16.6521072387695
Distill50_0.1,1,590,16.787052154541
CE_control_0.5,1,590,16.6070461273193
Distill50_0.25,1,590,16.556978225708
Distill50_0.5,1,590,16.98899269104
CE_control_0.25,1,590,16.139030456543
CE_control_0.1,1,590,16.6709423065186
CE_control_1.0,1,590,8.04400444030762
Distill25_1.0,1,590,9.368896484375
Distill25_0.5,1,590,26.7138481140137
Distill50_1.0,1,590,7.98678398132324
Current,1,590,1.27696990966797
Distill25_0.1,1,590,16.8979167938232
Distill25_0.25,1,590,16.6530609130859
CE_control_0.25,2,346,16.3860321044922
CE_control_0.5,2,346,16.6840553283691
Distill25_0.5,2,346,16.3149833679199
CE_control_0.1,2,346,16.1728858947754
Distill50_0.1,2,346,15.9130096435547
Distill50_0.5,2,346,17.6091194152832
Distill50_0.25,2,346,17.3068046569824
Current,2,346,1.01494789123535
Distill25_0.25,2,346,16.8368816375732
Distill50_1.0,2,346,7.97009468078613
Distill25_0.1,2,346,15.8991813659668
Distill25_1.0,2,346,7.4760913848877
CE_control_1.0,2,346,7.91001319885254
CE_control_1.0,1,412,7.45415687561035
Current,1,412,1.007080078125
CE_control_0.25,1,412,15.7530307769775
CE_control_0.5,1,412,17.8830623626709
Distill50_0.5,1,412,16.8299674987793
CE_control_0.1,1,412,16.8051719665527
Distill25_0.5,1,412,16.7450904846191
Distill50_1.0,1,412,8.59689712524414
Distill50_0.1,1,412,17.7059173583984
Distill25_0.25,1,412,19.0680027008057
Distill50_0.25,1,412,17.423152923584
Distill25_0.1,1,412,17.5268650054932
Distill25_1.0,1,412,9.45901870727539
Distill25_1.0,1,105,8.93902778625488
Distill25_0.25,1,105,20.7009315490723
Distill25_0.1,1,105,23.2400894165039
Current,1,105,0.951051712036133
Distill50_0.25,1,105,20.8768844604492
Distill25_0.5,1,105,20.9488868713379
CE_control_0.5,1,105,20.5838680267334
Distill50_0.1,1,105,32.2079658508301
Distill50_0.5,1,105,21.0480690002441
CE_control_0.25,1,105,19.6619033813477
CE_control_0.1,1,105,19.9699401855469
Distill50_1.0,1,105,9.25207138061523
CE_control_1.0,1,105,8.36014747619629
Distill50_0.25,1,381,19.2101001739502
CE_control_0.1,1,381,21.1808681488037
Distill50_1.0,1,381,9.73796844482422
Distill50_0.5,1,381,18.5191631317139
Distill25_0.1,1,381,18.4829235076904
Distill25_0.25,1,381,18.5489654541016
Distill50_0.1,1,381,18.1457996368408
CE_control_1.0,1,381,9.4761848449707
CE_control_0.5,1,381,19.9689865112305
CE_control_0.25,1,381,17.6730155944824
Distill25_0.5,1,381,17.3320770263672
Distill25_1.0,1,381,8.81290435791016
Current,1,381,0.864028930664063
Distill25_0.1,1,405,18.0151462554932
Distill50_0.1,1,405,19.1109180450439
Distill25_0.25,1,405,18.8300609588623
Distill25_1.0,1,405,8.35299491882324
Distill25_0.5,1,405,17.2882080078125
Distill50_0.25,1,405,18.6741352081299
CE_control_0.25,1,405,18.9769268035889
CE_control_1.0,1,405,10.1668834686279
Distill50_0.5,1,405,18.9981460571289
CE_control_0.1,1,405,19.536018371582
Distill50_1.0,1,405,9.50908660888672
CE_control_0.5,1,405,17.6370143890381
Current,1,405,0.783920288085938
Distill50_0.1,1,127,15.4838562011719
CE_control_0.1,1,127,15.5060291290283
Distill25_0.25,1,127,14.7078037261963
CE_control_0.5,1,127,15.3419971466064
Distill50_0.25,1,127,26.7047882080078
Distill25_1.0,1,127,11.3921165466309
CE_control_0.25,1,127,14.254093170166
Distill25_0.5,1,127,14.1739845275879
Current,1,127,0.815868377685547
Distill50_0.5,1,127,14.1580104827881
Distill25_0.1,1,127,14.369010925293
Distill50_1.0,1,127,7.21597671508789
CE_control_1.0,1,127,8.32009315490723
Distill50_0.1,3,310,17.352819442749
Distill50_1.0,3,310,7.55691528320313
Distill25_0.5,3,310,17.5979137420654
Distill50_0.5,3,310,18.5940265655518
Distill25_1.0,3,310,9.42397117614746
Current,3,310,0.782966613769531
Distill50_0.25,3,310,19.5209980010986
Distill25_0.25,3,310,18.1829929351807
CE_control_0.25,3,310,17.3790454864502
CE_control_1.0,3,310,8.54802131652832
Distill25_0.1,3,310,17.474889755249
CE_control_0.1,3,310,17.3811912536621
CE_control_0.5,3,310,17.6279544830322
Distill25_1.0,2,464,11.4040374755859
Distill25_0.25,2,464,22.9451656341553
Distill50_0.1,2,464,20.5299854278564
Distill50_0.5,2,464,21.2550163269043
CE_control_0.5,2,464,19.6430683135986
CE_control_0.1,2,464,19.9398994445801
CE_control_0.25,2,464,20.9949016571045
CE_control_1.0,2,464,8.88299942016602
Distill25_0.5,2,464,20.3912258148193
Distill50_0.25,2,464,20.2600955963135
Distill50_1.0,2,464,8.97312164306641
Distill25_0.1,2,464,19.7269916534424
Current,2,464,0.83613395690918
Current,2,299,0.679969787597656
CE_control_0.25,2,299,15.9120559692383
Distill50_0.1,2,299,16.9951915740967
Distill25_0.5,2,299,27.9369354248047
CE_control_0.5,2,299,16.0059928894043
Distill25_0.25,2,299,15.2561664581299
CE_control_1.0,2,299,8.47887992858887
Distill50_1.0,2,299,8.72302055358887
Distill50_0.25,2,299,14.941930770874
Distill25_1.0,2,299,8.5139274597168
Distill25_0.1,2,299,14.5118236541748
Distill50_0.5,2,299,16.1941051483154
CE_control_0.1,2,299,14.9171352386475
CE_control_0.1,3,9,16.2410736083984
Distill25_0.25,3,9,17.5960063934326
Distill50_0.1,3,9,17.207145690918
Distill50_0.25,3,9,20.1380252838135
CE_control_0.5,3,9,14.6548748016357
Distill50_0.5,3,9,16.1981582641602
Distill25_0.5,3,9,18.1050300598145
Distill50_1.0,3,9,8.45217704772949
Current,3,9,0.923871994018555
Distill25_0.1,3,9,17.7202224731445
CE_control_0.25,3,9,21.1560726165771
CE_control_1.0,3,9,10.2238655090332
Distill25_1.0,3,9,11.1680030822754
CE_control_0.25,2,200,21.1250782012939
Distill50_0.25,2,200,23.4079360961914
CE_control_0.5,2,200,20.6751823425293
Distill25_0.1,2,200,20.7068920135498
Distill25_1.0,2,200,13.8509273529053
CE_control_1.0,2,200,12.1510028839111
Distill50_0.5,2,200,22.5131511688232
Distill25_0.5,2,200,20.7059383392334
Distill50_1.0,2,200,11.4119052886963
Distill50_0.1,2,200,20.582914352417
Current,2,200,23.2110023498535
CE_control_0.1,2,200,39.3040180206299
Distill25_0.25,2,200,28.9688110351563
Distill50_0.1,3,361,33.9579582214355
Distill25_0.25,3,361,21.7940807342529
CE_control_0.25,3,361,22.3870277404785
Current,3,361,0.843048095703125
Distill50_1.0,3,361,11.8060111999512
Distill50_0.5,3,361,21.2500095367432
CE_control_0.5,3,361,18.9259052276611
Distill25_1.0,3,361,8.93592834472656
Distill50_0.25,3,361,19.5879936218262
Distill25_0.5,3,361,19.6409225463867
CE_control_0.1,3,361,19.0410614013672
Distill25_0.1,3,361,20.2929973602295
CE_control_1.0,3,361,10.4820728302002
Distill25_0.1,2,515,18.0759429931641
Current,2,515,0.823974609375
Distill25_1.0,2,515,10.0429058074951
Distill50_0.25,2,515,18.1479454040527
Distill25_0.25,2,515,19.1919803619385
CE_control_0.5,2,515,19.9577808380127
CE_control_1.0,2,515,10.8029842376709
CE_control_0.25,2,515,18.6691284179688
Distill25_0.5,2,515,20.3261375427246
Distill50_1.0,2,515,11.2278461456299
CE_control_0.1,2,515,19.6290016174316
Distill50_0.1,2,515,21.2998390197754
Distill50_0.5,2,515,19.2937850952148
Distill50_0.1,3,305,16.3779258728027
CE_control_0.1,3,305,17.0409679412842
Distill25_0.1,3,305,19.0980434417725
Distill25_0.25,3,305,18.6929702758789
Distill50_1.0,3,305,9.36698913574219
Distill50_0.25,3,305,19.0889835357666
Distill25_1.0,3,305,8.95905494689941
Distill50_0.5,3,305,18.6212062835693
CE_control_0.25,3,305,18.6939239501953
CE_control_0.5,3,305,17.4641609191895
CE_control_1.0,3,305,9.12904739379883
Distill25_0.5,3,305,16.5970325469971
Current,3,305,0.903129577636719
Distill50_1.0,2,14,10.3302001953125
Distill25_1.0,2,14,9.29999351501465
Distill50_0.1,2,14,20.3239917755127
Distill25_0.5,2,14,18.200159072876
CE_control_1.0,2,14,8.10718536376953
Distill25_0.25,2,14,20.6539630889893
CE_control_0.5,2,14,19.8090076446533
Distill25_0.1,2,14,19.7939872741699
Distill50_0.25,2,14,18.6469554901123
CE_control_0.1,2,14,18.6951160430908
Current,2,14,0.802993774414063
CE_control_0.25,2,14,20.719051361084
Distill50_0.5,2,14,20.5490589141846
Distill25_0.5,3,363,15.718936920166
CE_control_1.0,3,363,9.18698310852051
Distill25_0.25,3,363,17.725944519043
CE_control_0.25,3,363,17.0588493347168
Distill25_0.1,3,363,17.8160667419434
Distill50_0.5,3,363,18.0530548095703
CE_control_0.1,3,363,18.2650089263916
Current,3,363,0.823020935058594
Distill50_0.1,3,363,19.0408229827881
Distill50_0.25,3,363,18.0230140686035
CE_control_0.5,3,363,16.0441398620605
Distill25_1.0,3,363,9.05990600585938
Distill50_1.0,3,363,9.93490219116211
Distill50_0.1,2,327,17.15087890625
Distill50_0.5,2,327,17.6551342010498
Current,2,327,0.773906707763672
Distill25_1.0,2,327,9.37199592590332
CE_control_0.25,2,327,16.510009765625
CE_control_0.5,2,327,28.4590721130371
Distill25_0.1,2,327,16.3190364837646
CE_control_1.0,2,327,8.7590217590332
Distill50_0.25,2,327,18.9919471740723
Distill25_0.5,2,327,18.6209678649902
CE_control_0.1,2,327,17.6351070404053
Distill25_0.25,2,327,17.4350738525391
Distill50_1.0,2,327,8.99481773376465
CE_control_0.5,3,551,20.4200744628906
Distill50_1.0,3,551,8.66603851318359
Distill50_0.25,3,551,18.0730819702148
CE_control_0.1,3,551,17.6820755004883
Current,3,551,0.795841217041016
Distill50_0.5,3,551,20.5850601196289
Distill50_0.1,3,551,18.7520980834961
CE_control_1.0,3,551,8.5909366607666
CE_control_0.25,3,551,19.0620422363281
Distill25_0.1,3,551,20.9980010986328
Distill25_1.0,3,551,8.48889350891113
Distill25_0.5,3,551,19.3331241607666
Distill25_0.25,3,551,20.7259654998779
Distill25_0.25,2,516,17.9440975189209
Distill50_0.25,2,516,17.258882522583
CE_control_0.1,2,516,18.1009769439697
Distill25_0.5,2,516,18.7029838562012
Distill50_0.1,2,516,19.0370082855225
CE_control_0.5,2,516,24.2109298706055
Distill50_0.5,2,516,18.4240341186523
CE_control_1.0,2,516,10.2078914642334
CE_control_0.25,2,516,20.1611518859863
Distill50_1.0,2,516,10.3378295898438
Distill25_0.1,2,516,21.0990905761719
Current,2,516,1.02400779724121
Distill25_1.0,2,516,10.282039642334
Distill50_0.25,1,228,20.6699371337891
Distill25_1.0,1,228,10.3051662445068
CE_control_1.0,1,228,10.6790065765381
Distill25_0.1,1,228,23.3469009399414
Distill25_0.25,1,228,19.3190574645996
Distill50_0.5,1,228,19.7799205780029
CE_control_0.1,1,228,25.1979827880859
CE_control_0.25,1,228,33.5152149200439
Distill25_0.5,1,228,31.0370922088623
Current,1,228,1.34897232055664
CE_control_0.5,1,228,24.2888927459717
Distill50_1.0,1,228,11.1420154571533
Distill50_0.1,1,228,17.7021026611328
CE_control_0.5,2,30,16.5910720825195
Distill50_0.25,2,30,16.6518688201904
Distill25_1.0,2,30,10.0290775299072
Distill50_0.5,2,30,15.8400535583496
Distill50_1.0,2,30,9.47690010070801
Distill25_0.1,2,30,18.3088779449463
CE_control_0.1,2,30,17.6639556884766
Current,2,30,0.905036926269531
Distill25_0.5,2,30,16.9639587402344
Distill50_0.1,2,30,17.9347991943359
CE_control_1.0,2,30,9.53793525695801
CE_control_0.25,2,30,18.1899070739746
Distill25_0.25,2,30,24.51491355896
Current,3,226,1.05190277099609
Distill50_1.0,3,226,9.64689254760742
CE_control_0.25,3,226,17.6827907562256
Distill50_0.5,3,226,17.9400444030762
Distill25_1.0,3,226,9.5059871673584
Distill50_0.25,3,226,18.977165222168
Distill25_0.25,3,226,18.3510780334473
Distill25_0.1,3,226,18.4140205383301
Distill25_0.5,3,226,18.6560153961182
CE_control_0.5,3,226,17.9290771484375
CE_control_1.0,3,226,20.9810733795166
Distill50_0.1,3,226,18.9590454101563
CE_control_0.1,3,226,17.6548957824707
Distill25_0.1,2,583,16.6881084442139
CE_control_0.5,2,583,17.3571109771729
CE_control_0.1,2,583,16.6740417480469
Distill25_0.5,2,583,16.6881084442139
Distill25_1.0,2,583,8.41689109802246
Distill25_0.25,2,583,17.3258781433105
Current,2,583,0.908851623535156
Distill50_0.1,2,583,17.6441669464111
Distill50_0.25,2,583,19.0179347991943
CE_control_0.25,2,583,17.3239707946777
Distill50_0.5,2,583,18.2819366455078
Distill50_1.0,2,583,8.48603248596191
CE_control_1.0,2,583,9.25397872924805
Distill25_1.0,1,32,10.483980178833
Distill50_0.5,1,32,17.7011489868164
Distill25_0.1,1,32,17.7619457244873
Distill25_0.5,1,32,19.0508365631104
Distill50_1.0,1,32,10.4219913482666
CE_control_0.1,1,32,20.0960636138916
Current,1,32,0.940084457397461
Distill50_0.1,1,32,20.3149318695068
CE_control_1.0,1,32,11.7311477661133
CE_control_0.25,1,32,18.9180374145508
CE_control_0.5,1,32,17.6568031311035
Distill25_0.25,1,32,17.3110961914063
Distill50_0.25,1,32,17.7631378173828
Distill25_1.0,2,188,8.90517234802246
CE_control_1.0,2,188,8.63409042358398
Distill50_0.25,2,188,20.1849937438965
Distill25_0.25,2,188,20.4789638519287
Distill50_0.5,2,188,19.197940826416
Current,2,188,12.0279788970947
Distill25_0.5,2,188,17.8489685058594
Distill25_0.1,2,188,17.7488327026367
Distill50_0.1,2,188,19.366979598999
Distill50_1.0,2,188,8.4378719329834
CE_control_0.5,2,188,19.2201137542725
CE_control_0.1,2,188,18.4121131896973
CE_control_0.25,2,188,17.1611309051514
Distill50_0.1,1,482,17.8170204162598
Distill25_0.5,1,482,17.7600383758545
Distill25_1.0,1,482,7.77792930603027
Distill50_0.25,1,482,17.841100692749
Distill25_0.25,1,482,17.7998542785645
Distill50_0.5,1,482,17.3099040985107
Current,1,482,0.793933868408203
Distill50_1.0,1,482,7.36403465270996
CE_control_0.1,1,482,21.3890075683594
CE_control_0.5,1,482,23.8430500030518
Distill25_0.1,1,482,21.4979648590088
CE_control_0.25,1,482,36.4241600036621
CE_control_1.0,1,482,17.2340869903564
CE_control_0.5,2,32,34.2180728912354
Distill50_0.5,2,32,18.5480117797852
Distill25_0.5,2,32,18.8379287719727
Distill50_0.1,2,32,19.2739963531494
CE_control_1.0,2,32,13.1092071533203
CE_control_0.25,2,32,18.8148021697998
CE_control_0.1,2,32,18.8548564910889
Current,2,32,0.812053680419922
Distill25_1.0,2,32,11.6560459136963
Distill25_0.1,2,32,16.9179439544678
Distill50_0.25,2,32,17.0719623565674
Distill25_0.25,2,32,16.86692237854
Distill50_1.0,2,32,22.291898727417
Distill25_0.1,2,388,13.8919353485107
Distill25_0.5,2,388,14.8069858551025
Distill25_1.0,2,388,8.74018669128418
Current,2,388,0.861167907714844
CE_control_0.25,2,388,12.686014175415
CE_control_0.1,2,388,13.3860111236572
Distill50_0.25,2,388,14.4751071929932
CE_control_0.5,2,388,13.8070583343506
CE_control_1.0,2,388,8.06689262390137
Distill50_0.5,2,388,13.4410858154297
Distill50_1.0,2,388,9.2930793762207
Distill50_0.1,2,388,13.5769844055176
Distill25_0.25,2,388,13.1058692932129
Distill25_1.0,2,294,8.5289478302002
CE_control_0.1,2,294,19.4098949432373
Current,2,294,0.962972640991211
Distill50_1.0,2,294,10.1218223571777
Distill50_0.25,2,294,18.3901786804199
Distill50_0.1,2,294,19.1528797149658
CE_control_1.0,2,294,10.3700160980225
CE_control_0.5,2,294,17.2939300537109
Distill25_0.5,2,294,18.5120105743408
Distill25_0.25,2,294,17.6689624786377
CE_control_0.25,2,294,18.712043762207
Distill25_0.1,2,294,18.7790393829346
Distill50_0.5,2,294,18.4028148651123
Distill25_1.0,3,345,9.10305976867676
Distill25_0.5,3,345,18.9981460571289
CE_control_0.1,3,345,18.6131000518799
Distill50_0.1,3,345,18.211841583252
CE_control_1.0,3,345,8.98885726928711
CE_control_0.25,3,345,17.982006072998
Distill50_0.5,3,345,18.9158916473389
Distill50_0.25,3,345,18.7468528747559
Distill25_0.25,3,345,30.6310653686523
Distill50_1.0,3,345,17.5788402557373
Distill25_0.1,3,345,23.3700275421143
CE_control_0.5,3,345,24.7790813446045
Current,3,345,1.36709213256836
CE_control_1.0,1,188,12.2590065002441
Distill50_0.25,1,188,18.8899040222168
Distill25_1.0,1,188,9.25898551940918
Distill50_0.1,1,188,17.9431438446045
Distill50_0.5,1,188,17.6150798797607
CE_control_0.1,1,188,18.2650089263916
Distill50_1.0,1,188,9.92798805236816
CE_control_0.25,1,188,18.0459022521973
Distill25_0.1,1,188,18.5580253601074
Distill25_0.5,1,188,18.6760425567627
CE_control_0.5,1,188,20.6589698791504
Current,1,188,1.04498863220215
Distill25_0.25,1,188,18.1789398193359
Distill25_0.5,2,260,20.643949508667
CE_control_0.25,2,260,21.0239887237549
Distill25_1.0,2,260,11.6209983825684
Distill50_0.5,2,260,21.481990814209
CE_control_0.1,2,260,22.4859714508057
Distill25_0.25,2,260,27.1260738372803
Current,2,260,0.870943069458008
CE_control_0.5,2,260,20.3099250793457
CE_control_1.0,2,260,9.72294807434082
Distill50_0.25,2,260,21.6741561889648
Distill25_0.1,2,260,19.7861194610596
Distill50_1.0,2,260,9.80591773986816
Distill50_0.1,2,260,20.5070972442627
Distill25_0.5,1,9,15.1419639587402
Distill50_0.5,1,9,15.6679153442383
Current,1,9,1.09601020812988
Distill50_0.1,1,9,26.8208980560303
Distill25_1.0,1,9,10.4930400848389
CE_control_1.0,1,9,7.66515731811523
Distill50_1.0,1,9,9.46998596191406
Distill25_0.25,1,9,15.254020690918
Distill25_0.1,1,9,17.6379680633545
CE_control_0.1,1,9,15.4488086700439
CE_control_0.5,1,9,15.4030323028564
CE_control_0.25,1,9,15.9280300140381
Distill50_0.25,1,9,15.8860683441162
CE_control_0.5,1,259,15.4058933258057
CE_control_1.0,1,259,8.27908515930176
Distill50_0.25,1,259,18.2340145111084
Distill50_0.5,1,259,16.0250663757324
Distill50_0.1,1,259,16.4690017700195
Distill25_0.5,1,259,15.6021118164063
CE_control_0.1,1,259,14.9378776550293
Distill25_1.0,1,259,8.83889198303223
Distill25_0.25,1,259,13.7789249420166
CE_control_0.25,1,259,14.8921012878418
Distill50_1.0,1,259,8.85915756225586
Distill25_0.1,1,259,15.3679847717285
Current,1,259,0.723838806152344
Distill50_1.0,2,74,9.37294960021973
Distill50_0.25,2,74,17.6939964294434
Distill25_0.5,2,74,18.7530517578125
Distill50_0.5,2,74,18.2101726531982
CE_control_1.0,2,74,8.67891311645508
Distill50_0.1,2,74,17.9669857025146
Distill25_1.0,2,74,9.2618465423584
CE_control_0.25,2,74,17.4779891967773
Current,2,74,0.711917877197266
CE_control_0.1,2,74,19.2089080810547
Distill25_0.1,2,74,19.5200443267822
Distill25_0.25,2,74,18.826961517334
CE_control_0.5,2,74,17.1811580657959
CE_control_0.5,1,239,27.6889801025391
Distill50_0.1,1,239,16.7059898376465
Distill25_1.0,1,239,8.02087783813477
Distill25_0.5,1,239,18.2409286499023
Current,1,239,0.967979431152344
Distill25_0.1,1,239,20.0738906860352
CE_control_0.25,1,239,18.2359218597412
Distill25_0.25,1,239,16.7310237884521
CE_control_1.0,1,239,7.96699523925781
Distill50_0.5,1,239,16.5488719940186
CE_control_0.1,1,239,16.3431167602539
Distill50_0.25,1,239,17.3699855804443
Distill50_1.0,1,239,8.90588760375977
Distill50_0.1,1,540,19.0589427947998
CE_control_0.25,1,540,18.7208652496338
CE_control_1.0,1,540,8.74686241149902
Current,1,540,0.880002975463867
CE_control_0.1,1,540,18.7180042266846
Distill50_0.25,1,540,18.9650058746338
CE_control_0.5,1,540,19.5760726928711
Distill50_0.5,1,540,20.3630924224854
Distill25_0.1,1,540,19.758939743042
Distill25_0.25,1,540,18.449068069458
Distill25_1.0,1,540,8.35895538330078
Distill25_0.5,1,540,19.0391540527344
Distill50_1.0,1,540,10.059118270874
CE_control_0.1,1,421,17.2660350799561
CE_control_1.0,1,421,8.99100303649902
Distill50_1.0,1,421,8.28003883361816
Distill50_0.5,1,421,17.4670219421387
Distill25_0.25,1,421,17.894983291626
Distill25_0.1,1,421,18.1758403778076
Distill25_0.5,1,421,17.3749923706055
CE_control_0.5,1,421,17.3110961914063
Current,1,421,0.971078872680664
CE_control_0.25,1,421,17.7888870239258
Distill50_0.1,1,421,16.7040824890137
Distill50_0.25,1,421,28.831958770752
Distill25_1.0,1,421,8.89396667480469
Distill50_1.0,2,531,7.83896446228027
CE_control_0.5,2,531,17.6351070404053
Distill50_0.25,2,531,17.7369117736816
Current,2,531,0.878095626831055
Distill25_1.0,2,531,8.43977928161621
Distill25_0.5,2,531,18.7258720397949
CE_control_0.1,2,531,18.2020664215088
Distill50_0.1,2,531,17.657995223999
Distill50_0.5,2,531,16.7109966278076
Distill25_0.25,2,531,17.5130367279053
Distill25_0.1,2,531,17.4710750579834
CE_control_1.0,2,531,7.58886337280273
CE_control_0.25,2,531,18.6898708343506
Distill50_0.25,1,361,18.8641548156738
CE_control_0.1,1,361,18.035888671875
Distill25_0.1,1,361,17.8830623626709
Distill50_0.5,1,361,18.3961391448975
Distill25_1.0,1,361,9.75179672241211
Distill25_0.25,1,361,20.859956741333
CE_control_0.25,1,361,18.7511444091797
Distill25_0.5,1,361,20.205020904541
Distill50_1.0,1,361,9.61399078369141
CE_control_1.0,1,361,8.91184806823731
CE_control_0.5,1,361,20.9281444549561
Current,1,361,0.887155532836914
Distill50_0.1,1,361,19.0820693969727
Distill25_0.25,1,159,19.8178291320801
CE_control_0.25,1,159,21.6219425201416
Distill25_0.5,1,159,21.3029384613037
CE_control_0.5,1,159,19.7639465332031
CE_control_1.0,1,159,9.5679759979248
Distill25_0.1,1,159,20.0579166412354
Distill50_0.1,1,159,18.5630321502686
Distill50_0.25,1,159,19.2689895629883
Current,1,159,0.792026519775391
Distill50_0.5,1,159,31.2178134918213
Distill25_1.0,1,159,9.22107696533203
Distill50_1.0,1,159,9.47904586791992
CE_control_0.1,1,159,18.0699825286865
Current,2,453,0.800848007202148
Distill50_0.5,2,453,18.2480812072754
Distill50_0.1,2,453,18.651008605957
Distill25_0.25,2,453,17.8139209747314
CE_control_0.5,2,453,17.1561241149902
Distill50_1.0,2,453,7.9960823059082
Distill25_1.0,2,453,9.32621955871582
Distill50_0.25,2,453,17.5321102142334
Distill25_0.5,2,453,17.1408653259277
Distill25_0.1,2,453,17.67897605896
CE_control_0.1,2,453,16.3049697875977
CE_control_0.25,2,453,17.3149108886719
CE_control_1.0,2,453,8.13484191894531
CE_control_0.5,1,277,17.7769660949707
CE_control_1.0,1,277,9.31191444396973
Distill50_1.0,1,277,9.0949535369873
Distill25_0.25,1,277,17.3180103302002
Distill25_0.1,1,277,16.9529914855957
Distill50_0.25,1,277,17.3959732055664
Distill50_0.1,1,277,17.2338485717773
Current,1,277,0.931024551391602
Distill50_0.5,1,277,17.2488689422607
Distill25_0.5,1,277,18.7649726867676
CE_control_0.25,1,277,17.6072120666504
CE_control_0.1,1,277,17.6949501037598
Distill25_1.0,1,277,10.4150772094727
Distill25_0.25,3,80,18.4979438781738
Distill25_0.1,3,80,19.5870399475098
Distill50_0.1,3,80,21.0089683532715
CE_control_0.25,3,80,19.1850662231445
CE_control_0.1,3,80,19.4559097290039
Current,3,80,0.799179077148438
Distill25_0.5,3,80,32.4580669403076
Distill50_0.5,3,80,18.5599327087402
CE_control_0.5,3,80,18.3460712432861
CE_control_1.0,3,80,10.3080272674561
Distill25_1.0,3,80,9.46521759033203
Distill50_0.25,3,80,18.2690620422363
Distill50_1.0,3,80,9.81903076171875
Distill50_0.1,2,198,16.1769390106201
Distill25_0.5,2,198,15.7701969146729
Distill25_1.0,2,198,7.69805908203125
Distill25_0.1,2,198,16.5698528289795
Distill50_0.5,2,198,15.8860683441162
CE_control_0.1,2,198,16.3249969482422
Distill50_0.25,2,198,16.7210102081299
CE_control_0.5,2,198,15.7570838928223
CE_control_0.25,2,198,15.6550407409668
Current,2,198,0.954866409301758
Distill25_0.25,2,198,15.8400535583496
CE_control_1.0,2,198,8.33797454833984
Distill50_1.0,2,198,7.87496566772461
Distill25_0.5,2,97,21.7380523681641
Current,2,97,0.802040100097656
Distill50_0.5,2,97,20.831823348999
Distill50_1.0,2,97,11.5687847137451
Distill25_0.25,2,97,21.1930274963379
Distill50_0.1,2,97,22.2020149230957
CE_control_1.0,2,97,9.89603996276855
Distill25_1.0,2,97,13.3018493652344
Distill25_0.1,2,97,21.5809345245361
CE_control_0.5,2,97,22.8888988494873
CE_control_0.1,2,97,22.9620933532715
Distill50_0.25,2,97,30.0290584564209
CE_control_0.25,2,97,33.0429077148438
Distill50_1.0,3,244,8.28909873962402
Distill25_0.1,3,244,18.6560153961182
CE_control_1.0,3,244,8.1479549407959
CE_control_0.25,3,244,18.7060832977295
Distill50_0.5,3,244,18.5799598693848
Distill25_0.25,3,244,18.7389850616455
Current,3,244,0.880002975463867
Distill50_0.25,3,244,17.3680782318115
CE_control_0.5,3,244,17.3308849334717
Distill25_1.0,3,244,7.55000114440918
Distill25_0.5,3,244,17.7760124206543
Distill50_0.1,3,244,18.5050964355469
CE_control_0.1,3,244,19.2990303039551
CE_control_1.0,3,208,8.35084915161133
Distill50_0.25,3,208,18.2390213012695
Distill50_0.5,3,208,18.3789730072021
CE_control_0.25,3,208,19.5369720458984
Distill25_0.25,3,208,18.7790393829346
CE_control_0.1,3,208,18.625020980835
Distill25_0.1,3,208,19.0720558166504
Distill50_1.0,3,208,9.0029239654541
Distill25_0.5,3,208,19.4239616394043
Distill25_1.0,3,208,8.29696655273438
Current,3,208,0.816106796264648
Distill50_0.1,3,208,20.1711654663086
CE_control_0.5,3,208,19.4830894470215
Distill50_0.25,3,433,16.8418884277344
CE_control_0.5,3,433,16.2131786346436
Distill25_1.0,3,433,7.66491889953613
Distill25_0.1,3,433,18.3858871459961
Distill25_0.25,3,433,18.8500881195068
Distill50_0.5,3,433,18.1279182434082
Current,3,433,1.17588043212891
Distill25_0.5,3,433,16.6139602661133
Distill50_0.1,3,433,17.3418521881104
Distill50_1.0,3,433,8.29505920410156
CE_control_0.25,3,433,19.6359157562256
CE_control_0.1,3,433,30.2169322967529
CE_control_1.0,3,433,9.46903228759766
CE_control_0.5,2,511,14.0759944915771
CE_control_0.25,2,511,14.6141052246094
Distill50_0.5,2,511,14.2128467559814
Distill25_0.25,2,511,14.8239135742188
CE_control_1.0,2,511,8.6979866027832
Distill50_0.1,2,511,14.0528678894043
Distill50_0.25,2,511,13.6408805847168
Distill25_1.0,2,511,7.45296478271484
Distill50_1.0,2,511,8.01205635070801
Distill25_0.1,2,511,14.1599178314209
Distill25_0.5,2,511,14.4400596618652
Current,2,511,0.885963439941406
CE_control_0.1,2,511,15.0899887084961
Distill50_0.5,2,278,15.6750679016113
Current,2,278,0.708103179931641
CE_control_0.5,2,278,15.2580738067627
Distill25_1.0,2,278,9.07015800476074
Distill50_1.0,2,278,8.08191299438477
CE_control_0.25,2,278,15.4550075531006
Distill50_0.1,2,278,15.9270763397217
Distill50_0.25,2,278,16.5591239929199
CE_control_1.0,2,278,9.15408134460449
CE_control_0.1,2,278,14.5950317382813
Distill25_0.5,2,278,15.6638622283936
Distill25_0.25,2,278,15.5811309814453
Distill25_0.1,2,278,15.8178806304932
Distill50_0.5,3,15,18.1150436401367
Distill50_0.1,3,15,16.8910026550293
CE_control_0.5,3,15,16.4899826049805
CE_control_0.25,3,15,17.5468921661377
Distill50_1.0,3,15,8.73517990112305
Distill25_0.25,3,15,18.7509059906006
CE_control_1.0,3,15,9.75894927978516
Distill25_1.0,3,15,10.4329586029053
CE_control_0.1,3,15,18.2888507843018
Current,3,15,12.0270252227783
Distill25_0.5,3,15,15.4430866241455
Distill50_0.25,3,15,15.2688026428223
Distill25_0.1,3,15,21.338939666748
Distill25_0.1,2,157,17.9378986358643
Distill50_0.5,2,157,15.8581733703613
CE_control_0.5,2,157,17.2309875488281
Current,2,157,0.735998153686523
Distill50_1.0,2,157,8.87608528137207
CE_control_1.0,2,157,8.20779800415039
Distill25_0.25,2,157,16.4389610290527
Distill25_0.5,2,157,15.9258842468262
Distill50_0.25,2,157,15.9790515899658
Distill25_1.0,2,157,9.27305221557617
CE_control_0.25,2,157,17.1668529510498
CE_control_0.1,2,157,16.5050029754639
Distill50_0.1,2,157,16.6101455688477
Distill50_0.25,3,477,15.0179862976074
Distill25_0.5,3,477,14.6970748901367
Distill25_0.1,3,477,15.7270431518555
Distill50_1.0,3,477,9.26804542541504
Distill25_0.25,3,477,15.3181552886963
CE_control_1.0,3,477,7.90596008300781
Distill25_1.0,3,477,8.91995429992676
Distill50_0.1,3,477,15.7418251037598
CE_control_0.5,3,477,16.139030456543
Current,3,477,0.735998153686523
CE_control_0.1,3,477,16.6020393371582
Distill50_0.5,3,477,15.7439708709717
CE_control_0.25,3,477,15.9280300140381
Distill50_0.25,2,362,20.8649635314941
Distill50_0.5,2,362,20.7080841064453
CE_control_0.1,2,362,20.111083984375
Distill50_1.0,2,362,10.3280544281006
CE_control_1.0,2,362,11.2321376800537
CE_control_0.25,2,362,30.2660465240479
Distill25_0.25,2,362,18.7819004058838
Current,2,362,1.08695030212402
Distill25_1.0,2,362,10.746955871582
CE_control_0.5,2,362,17.8909301757813
Distill25_0.1,2,362,18.2099342346191
Distill50_0.1,2,362,18.6161994934082
Distill25_0.5,2,362,18.4659957885742
Distill25_1.0,1,253,11.9650363922119
Distill50_1.0,1,253,10.8780860900879
Distill50_0.5,1,253,16.8459415435791
CE_control_1.0,1,253,10.3590488433838
Distill25_0.25,1,253,18.312931060791
Distill25_0.1,1,253,17.8611278533936
Distill50_0.25,1,253,18.3310508728027
Distill50_0.1,1,253,18.3629989624023
Distill25_0.5,1,253,17.920970916748
CE_control_0.1,1,253,16.9551372528076
CE_control_0.25,1,253,18.0351734161377
Current,1,253,0.761032104492188
CE_control_0.5,1,253,19.3028450012207
Distill25_1.0,1,84,10.9541416168213
Distill50_0.25,1,84,16.9029235839844
CE_control_0.25,1,84,16.2930488586426
Distill50_0.5,1,84,16.03102684021
Distill25_0.5,1,84,16.2210464477539
Current,1,84,0.768899917602539
CE_control_0.1,1,84,16.7379379272461
CE_control_1.0,1,84,8.78095626831055
Distill25_0.1,1,84,16.571044921875
Distill50_0.1,1,84,25.5980491638184
CE_control_0.5,1,84,15.0580406188965
Distill25_0.25,1,84,15.3679847717285
Distill50_1.0,1,84,8.07309150695801
Current,2,133,0.945806503295898
Distill50_0.25,2,133,17.5650119781494
CE_control_0.25,2,133,21.5549468994141
Distill50_1.0,2,133,9.08899307250977
Distill25_1.0,2,133,9.31406021118164
CE_control_0.5,2,133,17.2679424285889
CE_control_0.1,2,133,17.8291797637939
CE_control_1.0,2,133,10.4968547821045
Distill25_0.25,2,133,19.2499160766602
Distill50_0.1,2,133,19.0889835357666
Distill50_0.5,2,133,19.3550586700439
Distill25_0.5,2,133,22.6559638977051
Distill25_0.1,2,133,19.3510055541992
Distill50_0.25,2,221,16.8261528015137
CE_control_1.0,2,221,10.21409034729
Distill50_0.1,2,221,17.3361301422119
Distill25_0.5,2,221,16.8819427490234
Distill50_0.5,2,221,17.5380706787109
Current,2,221,0.795125961303711
CE_control_0.1,2,221,17.2209739685059
Distill50_1.0,2,221,10.0908279418945
CE_control_0.5,2,221,17.8790092468262
Distill25_0.25,2,221,17.6160335540771
CE_control_0.25,2,221,17.305850982666
Distill25_1.0,2,221,10.0960731506348
Distill25_0.1,2,221,18.2030200958252
CE_control_0.5,2,503,16.5469646453857
Distill25_0.1,2,503,17.7559852600098
Distill25_0.25,2,503,15.4600143432617
CE_control_1.0,2,503,7.92098045349121
Distill50_1.0,2,503,7.74693489074707
Distill50_0.25,2,503,14.7058963775635
Distill25_1.0,2,503,7.9340934753418
CE_control_0.25,2,503,15.5751705169678
Distill50_0.1,2,503,15.8040523529053
Current,2,503,0.826120376586914
CE_control_0.1,2,503,14.7960186004639
Distill50_0.5,2,503,16.1519050598145
Distill25_0.5,2,503,15.8531665802002
CE_control_0.1,3,24,15.2101516723633
Distill50_0.5,3,24,14.9490833282471
Distill50_1.0,3,24,7.48610496520996
Distill25_1.0,3,24,7.51185417175293
Distill25_0.5,3,24,14.3251419067383
CE_control_1.0,3,24,7.47418403625488
Distill25_0.25,3,24,15.1081085205078
Distill50_0.1,3,24,15.3679847717285
CE_control_0.25,3,24,16.1318778991699
Distill50_0.25,3,24,16.1368846893311
Current,3,24,0.811100006103516
Distill25_0.1,3,24,16.9777870178223
CE_control_0.5,3,24,17.4200534820557
Distill50_1.0,1,461,8.90803337097168
Distill25_1.0,1,461,8.08405876159668
CE_control_0.5,1,461,17.2679424285889
CE_control_0.25,1,461,17.5199508666992
Distill50_0.1,1,461,16.7880058288574
Distill25_0.25,1,461,16.6170597076416
CE_control_0.1,1,461,17.0819759368896
Distill50_0.25,1,461,16.9329643249512
Distill25_0.1,1,461,17.5950527191162
CE_control_1.0,1,461,9.85813140869141
Distill25_0.5,1,461,20.6530094146729
Current,1,461,1.04188919067383
Distill50_0.5,1,461,19.1140174865723
Distill25_0.25,2,73,19.1998481750488
Distill50_0.5,2,73,33.3800315856934
CE_control_1.0,2,73,12.800931930542
Distill25_0.5,2,73,18.2080268859863
CE_control_0.5,2,73,32.9041481018066
Distill25_1.0,2,73,18.5821056365967
Distill50_0.1,2,73,24.8720645904541
Distill50_1.0,2,73,10.1368427276611
Distill25_0.1,2,73,17.5588130950928
Distill50_0.25,2,73,17.1749591827393
CE_control_0.25,2,73,16.4639949798584
CE_control_0.1,2,73,16.6339874267578
Current,2,73,0.799179077148438
CE_control_0.5,3,295,16.732931137085
Distill50_0.5,3,295,16.9470310211182
Distill25_0.5,3,295,17.4460411071777
Distill50_1.0,3,295,9.1850757598877
Current,3,295,0.792980194091797
CE_control_0.25,3,295,18.4969902038574
Distill25_0.1,3,295,17.8608894348145
CE_control_0.1,3,295,17.4229145050049
Distill25_1.0,3,295,8.83579254150391
Distill25_0.25,3,295,17.2309875488281
CE_control_1.0,3,295,9.54103469848633
Distill50_0.1,3,295,16.8278217315674
Distill50_0.25,3,295,17.1511173248291
Distill25_0.5,2,359,16.8328285217285
Distill50_0.1,2,359,18.010139465332
CE_control_0.1,2,359,18.4900760650635
Distill25_1.0,2,359,9.92798805236816
Distill50_0.25,2,359,18.2430744171143
Distill50_1.0,2,359,8.6669921875
CE_control_0.5,2,359,16.3681507110596
Distill50_0.5,2,359,17.6239013671875
Distill25_0.25,2,359,16.0188674926758
CE_control_1.0,2,359,8.62598419189453
CE_control_0.25,2,359,16.3249969482422
Distill25_0.1,2,359,16.1080360412598
Current,2,359,0.91099739074707
Distill25_0.1,2,341,16.2382125854492
Distill50_0.25,2,341,16.5770053863525
CE_control_0.5,2,341,17.240047454834
Distill25_1.0,2,341,7.74097442626953
Current,2,341,0.763893127441406
Distill25_0.5,2,341,17.2810554504395
CE_control_1.0,2,341,9.41801071166992
CE_control_0.1,2,341,17.5480842590332
Distill25_0.25,2,341,17.1561241149902
CE_control_0.25,2,341,16.7481899261475
Distill50_0.5,2,341,17.4241065979004
Distill50_1.0,2,341,8.53919982910156
Distill50_0.1,2,341,18.8438892364502
Current,1,94,0.783920288085938
CE_control_0.5,1,94,21.0959911346436
Distill25_1.0,1,94,10.8160972595215
Distill25_0.25,1,94,21.629810333252
Distill50_1.0,1,94,11.282205581665
CE_control_1.0,1,94,10.0998878479004
Distill50_0.1,1,94,22.7901935577393
Distill25_0.1,1,94,22.0510959625244
CE_control_0.1,1,94,22.2930908203125
Distill50_0.5,1,94,23.4651565551758
Distill25_0.5,1,94,22.9630470275879
Distill50_0.25,1,94,37.175178527832
CE_control_0.25,1,94,21.6770172119141
Distill50_0.25,3,384,13.6311054229736
CE_control_0.25,3,384,13.1809711456299
CE_control_1.0,3,384,8.45718383789063
Distill25_0.1,3,384,13.6759281158447
CE_control_0.5,3,384,13.9250755310059
Distill25_1.0,3,384,7.49778747558594
Distill50_1.0,3,384,8.53300094604492
Distill50_0.5,3,384,13.2219791412354
Current,3,384,0.75984001159668
CE_control_0.1,3,384,14.1727924346924
Distill25_0.25,3,384,15.1529312133789
Distill50_0.1,3,384,15.4449939727783
Distill25_0.5,3,384,15.5239105224609
Current,1,47,0.823020935058594
Distill50_1.0,1,47,10.4138851165771
Distill25_1.0,1,47,9.5069408416748
Distill50_0.25,1,47,18.6519622802734
Distill25_0.25,1,47,19.2298889160156
Distill50_0.5,1,47,18.9030170440674
CE_control_0.5,1,47,18.9979076385498
CE_control_1.0,1,47,10.7269287109375
Distill25_0.1,1,47,18.9371109008789
Distill25_0.5,1,47,19.050121307373
CE_control_0.25,1,47,19.6981430053711
CE_control_0.1,1,47,20.704984664917
Distill50_0.1,1,47,19.8800563812256
Distill25_0.25,2,225,15.5961513519287
Distill50_0.25,2,225,15.5880451202393
Current,2,225,0.749111175537109
Distill50_1.0,2,225,8.50081443786621
Distill25_0.5,2,225,17.2858238220215
CE_control_0.25,2,225,16.6761875152588
Distill25_1.0,2,225,10.0791454315186
CE_control_0.5,2,225,27.3468494415283
CE_control_0.1,2,225,14.8978233337402
Distill25_0.1,2,225,15.4428482055664
CE_control_1.0,2,225,8.43000411987305
Distill50_0.1,2,225,15.4471397399902
Distill50_0.5,2,225,15.5210494995117
Distill50_0.1,3,357,13.6330127716064
Distill25_0.5,3,357,13.5049819946289
CE_control_0.5,3,357,13.2379531860352
Distill25_1.0,3,357,8.45003128051758
Distill50_1.0,3,357,7.24506378173828
Current,3,357,0.838041305541992
Distill50_0.5,3,357,14.6229267120361
Distill50_0.25,3,357,15.1228904724121
Distill25_0.1,3,357,14.7280693054199
Distill25_0.25,3,357,14.2829418182373
CE_control_0.25,3,357,14.3618583679199
CE_control_0.1,3,357,13.3941173553467
CE_control_1.0,3,357,7.03096389770508
Distill50_1.0,1,144,10.21409034729
Distill25_1.0,1,144,9.40084457397461
Current,1,144,0.838041305541992
CE_control_0.1,1,144,18.3429718017578
CE_control_1.0,1,144,9.3388557434082
Distill50_0.25,1,144,18.3279514312744
Distill25_0.1,1,144,19.0608501434326
Distill50_0.5,1,144,20.0960636138916
CE_control_0.5,1,144,18.726110458374
CE_control_0.25,1,144,17.9262161254883
Distill25_0.25,1,144,18.8679695129395
Distill25_0.5,1,144,19.9530124664307
Distill50_0.1,1,144,20.5910205841064
Distill25_1.0,1,89,9.40108299255371
Distill50_1.0,1,89,9.36198234558105
CE_control_0.5,1,89,15.4299736022949
CE_control_0.1,1,89,25.6030559539795
Distill50_0.1,1,89,17.39501953125
Current,1,89,0.869989395141602
CE_control_1.0,1,89,8.78810882568359
Distill25_0.1,1,89,13.8099193572998
CE_control_0.25,1,89,13.5898590087891
Distill25_0.25,1,89,14.7500038146973
Distill50_0.25,1,89,15.4640674591064
Distill50_0.5,1,89,15.3098106384277
Distill25_0.5,1,89,14.9509906768799
CE_control_1.0,1,576,8.06212425231934
Distill50_0.5,1,576,13.6740207672119
CE_control_0.5,1,576,14.8568153381348
Distill25_1.0,1,576,8.55088233947754
Distill25_0.5,1,576,13.6787891387939
Distill50_0.25,1,576,14.6739482879639
Distill25_0.25,1,576,14.1849517822266
Distill25_0.1,1,576,14.1940116882324
CE_control_0.25,1,576,15.5889987945557
Current,1,576,0.826120376586914
Distill50_1.0,1,576,8.73112678527832
Distill50_0.1,1,576,15.4519081115723
CE_control_0.1,1,576,15.0139331817627
Distill50_0.1,2,456,17.0829296112061
Distill25_0.25,2,456,16.4859294891357
CE_control_0.5,2,456,18.98193359375
CE_control_0.1,2,456,18.4769630432129
Distill25_1.0,2,456,10.3299617767334
Distill25_0.5,2,456,16.5131092071533
Current,2,456,0.749111175537109
Distill50_0.25,2,456,16.657829284668
Distill50_0.5,2,456,16.348123550415
CE_control_0.25,2,456,16.4699554443359
CE_control_1.0,2,456,9.46307182312012
Distill25_0.1,2,456,18.5019969940186
Distill50_1.0,2,456,8.40210914611816
Current,3,281,1.08695030212402
Distill25_0.25,3,281,19.2999839782715
Distill50_0.5,3,281,24.7249603271484
Distill50_0.1,3,281,16.7779922485352
CE_control_0.25,3,281,16.1848068237305
CE_control_1.0,3,281,7.81393051147461
Distill25_0.5,3,281,18.4471607208252
Distill25_1.0,3,281,9.77110862731934
CE_control_0.1,3,281,16.6449546813965
CE_control_0.5,3,281,17.1108245849609
Distill50_0.25,3,281,16.3319110870361
Distill50_1.0,3,281,7.73501396179199
Distill25_0.1,3,281,16.1800384521484
Distill50_1.0,3,271,8.61382484436035
Distill50_0.25,3,271,13.9069557189941
CE_control_1.0,3,271,7.79390335083008
Distill25_1.0,3,271,9.1249942779541
CE_control_0.5,3,271,15.3131484985352
CE_control_0.1,3,271,15.5010223388672
Distill25_0.1,3,271,15.8171653747559
Distill25_0.25,3,271,14.7809982299805
Distill50_0.5,3,271,14.4469738006592
Distill25_0.5,3,271,15.4519081115723
Current,3,271,0.880956649780273
Distill50_0.1,3,271,15.4581069946289
CE_control_0.25,3,271,15.7439708709717
Distill50_0.5,1,490,21.223783493042
Distill50_0.1,1,490,20.6191539764404
Distill25_1.0,1,490,9.72604751586914
CE_control_0.25,1,490,21.1610794067383
Distill25_0.25,1,490,21.3038921356201
CE_control_0.1,1,490,23.4470367431641
Current,1,490,0.849008560180664
Distill25_0.1,1,490,21.6391086578369
Distill50_1.0,1,490,10.2250576019287
Distill25_0.5,1,490,20.5130577087402
CE_control_0.5,1,490,20.2319622039795
Distill50_0.25,1,490,21.3658809661865
CE_control_1.0,1,490,9.87601280212402
Distill50_1.0,1,386,9.6738338470459
CE_control_0.25,1,386,17.4779891967773
Distill50_0.1,1,386,29.1929244995117
Current,1,386,1.42502784729004
CE_control_1.0,1,386,8.42714309692383
CE_control_0.5,1,386,16.7930126190186
Distill25_0.5,1,386,16.6659355163574
Distill25_0.25,1,386,16.7441368103027
Distill25_0.1,1,386,17.765998840332
Distill25_1.0,1,386,10.0328922271729
Distill50_0.5,1,386,16.4179801940918
CE_control_0.1,1,386,16.2899494171143
Distill50_0.25,1,386,17.1968936920166
Distill50_0.25,3,68,16.4320468902588
Distill25_1.0,3,68,8.99600982666016
Distill25_0.5,3,68,15.8689022064209
CE_control_1.0,3,68,9.26613807678223
CE_control_0.5,3,68,16.5297985076904
CE_control_0.25,3,68,16.1721706390381
Distill50_1.0,3,68,10.1249217987061
CE_control_0.1,3,68,16.0679817199707
Distill50_0.1,3,68,15.8360004425049
Distill50_0.5,3,68,15.6099796295166
Current,3,68,0.950098037719727
Distill25_0.25,3,68,16.4880752563477
Distill25_0.1,3,68,15.5529975891113
Current,3,70,0.901937484741211
CE_control_1.0,3,70,10.0400447845459
CE_control_0.25,3,70,21.0349559783936
Distill50_0.1,3,70,21.6810703277588
Distill25_1.0,3,70,10.469913482666
Distill25_0.25,3,70,20.6499099731445
Distill50_1.0,3,70,10.2620124816895
Distill50_0.5,3,70,20.9169387817383
Distill25_0.1,3,70,20.9858417510986
CE_control_0.5,3,70,32.3390960693359
Distill50_0.25,3,70,20.4670429229736
Distill25_0.5,3,70,23.1871604919434
CE_control_0.1,3,70,19.1061496734619
Distill25_0.1,1,380,16.0441398620605
Distill25_1.0,1,380,7.96914100646973
Distill50_0.1,1,380,15.7749652862549
Current,1,380,0.838041305541992
Distill25_0.5,1,380,16.3700580596924
CE_control_1.0,1,380,10.0550651550293
Distill25_0.25,1,380,15.3400897979736
Distill50_0.25,1,380,15.1309967041016
Distill50_0.5,1,380,15.0289535522461
Distill50_1.0,1,380,8.1939697265625
CE_control_0.25,1,380,16.3588523864746
CE_control_0.1,1,380,16.98899269104
CE_control_0.5,1,380,16.8130397796631
CE_control_0.5,1,340,18.7420845031738
CE_control_1.0,1,340,10.206937789917
Distill25_0.5,1,340,16.8588161468506
Distill50_1.0,1,340,9.75799560546875
Distill25_0.1,1,340,17.7249908447266
Distill50_0.1,1,340,19.0591812133789
CE_control_0.1,1,340,18.7528133392334
CE_control_0.25,1,340,18.9518928527832
Distill25_1.0,1,340,11.5010738372803
Distill50_0.5,1,340,17.7621841430664
Current,1,340,0.792980194091797
Distill25_0.25,1,340,17.2350406646729
Distill50_0.25,1,340,17.2960758209229
Distill25_1.0,2,393,8.5289478302002
Current,2,393,0.850915908813477
Distill50_0.5,2,393,16.7520046234131
Distill50_1.0,2,393,7.89189338684082
CE_control_0.25,2,393,27.6260375976563
CE_control_0.5,2,393,16.2880420684814
CE_control_0.1,2,393,15.0539875030518
CE_control_1.0,2,393,7.24601745605469
Distill25_0.25,2,393,16.7181491851807
Distill50_0.1,2,393,17.2641277313232
Distill25_0.5,2,393,16.4439678192139
Distill25_0.1,2,393,16.3137912750244
Distill50_0.25,2,393,16.3848400115967
CE_control_0.5,2,264,15.160083770752
Distill50_0.1,2,264,15.794038772583
Distill50_1.0,2,264,9.05084609985352
Distill25_0.5,2,264,15.4938697814941
CE_control_1.0,2,264,7.85207748413086
Distill50_0.5,2,264,16.4749622344971
Current,2,264,0.944137573242188
Distill25_0.1,2,264,16.869068145752
CE_control_0.1,2,264,16.6459083557129
CE_control_0.25,2,264,16.3969993591309
Distill50_0.25,2,264,17.8179740905762
Distill25_0.25,2,264,16.2639617919922
Distill25_1.0,2,264,8.83388519287109
CE_control_0.1,1,214,15.5689716339111
Distill50_0.25,1,214,15.6610012054443
Distill50_1.0,1,214,8.55612754821777
Distill25_0.25,1,214,16.1459445953369
Current,1,214,0.832080841064453
Distill50_0.5,1,214,16.4151191711426
CE_control_0.5,1,214,20.2670097351074
Distill25_0.5,1,214,27.2572040557861
Distill50_0.1,1,214,17.9839134216309
CE_control_0.25,1,214,15.8541202545166
Distill25_0.1,1,214,16.1330699920654
CE_control_1.0,1,214,9.56296920776367
Distill25_1.0,1,214,14.7440433502197
CE_control_0.1,1,496,16.0059928894043
CE_control_0.5,1,496,14.9421691894531
Distill50_0.25,1,496,27.061939239502
CE_control_0.25,1,496,15.1081085205078
CE_control_1.0,1,496,8.61096382141113
Distill50_0.5,1,496,14.4138336181641
Distill25_1.0,1,496,7.64799118041992
Current,1,496,0.928163528442383
Distill50_1.0,1,496,9.11998748779297
Distill25_0.25,1,496,14.5268440246582
Distill25_0.5,1,496,14.1088962554932
Distill50_0.1,1,496,14.477014541626
Distill25_0.1,1,496,13.9989852905273
CE_control_0.5,1,254,14.9869918823242
Distill25_0.25,1,254,16.1828994750977
CE_control_1.0,1,254,10.2670192718506
CE_control_0.1,1,254,15.8541202545166
Distill50_0.25,1,254,16.7381763458252
Distill50_0.1,1,254,16.0582065582275
Distill50_1.0,1,254,9.85288619995117
Current,1,254,0.949859619140625
Distill50_0.5,1,254,15.2561664581299
Distill25_0.5,1,254,15.9080028533936
Distill25_0.1,1,254,17.1718597412109
CE_control_0.25,1,254,16.9401168823242
Distill25_1.0,1,254,9.55104827880859
Current,1,306,1.76501274108887
Distill50_0.1,1,306,18.7201499938965
CE_control_0.1,1,306,18.7819004058838
Distill50_1.0,1,306,13.2789611816406
CE_control_0.5,1,306,26.8759727478027
Distill25_1.0,1,306,9.74893569946289
Distill25_0.1,1,306,20.1961994171143
Distill50_0.5,1,306,20.737886428833
CE_control_0.25,1,306,18.2340145111084
CE_control_1.0,1,306,9.7358226776123
Distill25_0.25,1,306,17.17209815979
Distill25_0.5,1,306,16.448974609375
Distill50_0.25,1,306,26.2470245361328
CE_control_0.25,2,568,15.977144241333
Distill25_0.25,2,568,15.2289867401123
Distill50_0.5,2,568,14.7340297698975
Distill25_0.1,2,568,15.3999328613281
Distill25_1.0,2,568,8.97908210754395
Distill25_0.5,2,568,15.0618553161621
Current,2,568,0.893115997314453
Distill50_0.25,2,568,15.1569843292236
Distill50_0.1,2,568,17.6479816436768
CE_control_0.5,2,568,15.9800052642822
Distill50_1.0,2,568,8.19897651672363
CE_control_0.1,2,568,16.1008834838867
CE_control_1.0,2,568,8.90588760375977
Distill25_0.25,1,344,18.6982154846191
Distill50_0.25,1,344,19.2770957946777
CE_control_0.25,1,344,19.6878910064697
Distill50_0.1,1,344,18.9359188079834
Distill50_1.0,1,344,8.11314582824707
Distill25_0.1,1,344,19.7000503540039
CE_control_1.0,1,344,9.51910018920898
Current,1,344,0.798225402832031
Distill25_0.5,1,344,18.8171863555908
CE_control_0.1,1,344,19.3021297454834
CE_control_0.5,1,344,20.1871395111084
Distill25_1.0,1,344,8.38899612426758
Distill50_0.5,1,344,19.2949771881104
Distill25_0.25,2,271,16.746997833252
Distill50_0.1,2,271,17.4438953399658
Distill25_0.5,2,271,16.7498588562012
Distill25_1.0,2,271,9.94515419006348
CE_control_0.25,2,271,15.3188705444336
Distill50_0.5,2,271,15.1801109313965
Distill25_0.1,2,271,15.4659748077393
CE_control_1.0,2,271,7.92598724365234
CE_control_0.5,2,271,15.6879425048828
Distill50_1.0,2,271,10.2870464324951
CE_control_0.1,2,271,16.1888599395752
Current,2,271,0.698089599609375
Distill50_0.25,2,271,34.8989963531494
Distill25_0.5,2,317,21.7971801757813
Distill50_1.0,2,317,9.64093208312988
Current,2,317,0.880002975463867
Distill50_0.5,2,317,18.9168453216553
Distill25_0.1,2,317,22.5238800048828
CE_control_0.1,2,317,21.1989879608154
Distill50_0.25,2,317,20.3249454498291
CE_control_0.25,2,317,20.8189487457275
CE_control_1.0,2,317,9.86886024475098
Distill50_0.1,2,317,20.7688808441162
CE_control_0.5,2,317,22.4819183349609
Distill25_1.0,2,317,9.55796241760254
Distill25_0.25,2,317,23.7710475921631
Distill50_0.1,2,121,17.0648097991943
Distill25_0.5,2,121,15.7020092010498
Distill25_0.25,2,121,16.0999298095703
Distill50_1.0,2,121,8.44883918762207
Current,2,121,0.802040100097656
Distill25_0.1,2,121,17.3020362854004
CE_control_0.1,2,121,18.0501937866211
CE_control_0.25,2,121,17.5271034240723
CE_control_1.0,2,121,9.07707214355469
CE_control_0.5,2,121,16.2780284881592
Distill50_0.5,2,121,16.8790817260742
Distill25_1.0,2,121,8.84389877319336
Distill50_0.25,2,121,17.4391269683838
CE_control_0.1,2,562,19.2329883575439
Distill25_0.5,2,562,18.6641216278076
CE_control_0.5,2,562,18.6409950256348
CE_control_0.25,2,562,20.0729370117188
Distill50_0.1,2,562,20.6570625305176
Distill50_1.0,2,562,8.55898857116699
Distill50_0.25,2,562,19.4439888000488
Current,2,562,12.969970703125
CE_control_1.0,2,562,9.66191291809082
Distill25_0.1,2,562,18.7780857086182
Distill25_1.0,2,562,10.6849670410156
Distill50_0.5,2,562,19.2530155181885
Distill25_0.25,2,562,18.7819004058838
CE_control_1.0,3,590,8.47601890563965
CE_control_0.5,3,590,18.5229778289795
CE_control_0.1,3,590,17.6050662994385
Distill25_0.1,3,590,17.4109935760498
Current,3,590,0.911951065063477
Distill50_0.25,3,590,17.0860290527344
CE_control_0.25,3,590,16.6809558868408
Distill50_0.5,3,590,17.5259113311768
Distill50_1.0,3,590,8.47601890563965
Distill25_0.25,3,590,18.9511775970459
Distill25_0.5,3,590,17.8170204162598
Distill25_1.0,3,590,8.7130069732666
Distill50_0.1,3,590,18.1689262390137
Distill50_0.5,2,153,18.6240673065186
Distill25_0.5,2,153,17.7359580993652
Distill25_0.25,2,153,17.6360607147217
Distill25_0.1,2,153,16.9928073883057
Distill50_0.25,2,153,17.2510147094727
Distill50_1.0,2,153,8.56113433837891
Current,2,153,0.793933868408203
CE_control_0.5,2,153,18.7239646911621
Distill50_0.1,2,153,18.1541442871094
CE_control_1.0,2,153,8.85605812072754
Distill25_1.0,2,153,9.26995277404785
CE_control_0.1,2,153,17.4620151519775
CE_control_0.25,2,153,17.0369148254395
CE_control_1.0,3,469,8.19492340087891
Distill25_1.0,3,469,9.6430778503418
Distill50_0.5,3,469,17.0409679412842
Distill25_0.5,3,469,17.8341865539551
CE_control_0.1,3,469,17.6289081573486
Distill25_0.1,3,469,29.3068885803223
Distill25_0.25,3,469,17.0218944549561
Distill50_0.25,3,469,16.1838531494141
Current,3,469,0.835895538330078
CE_control_0.25,3,469,16.383171081543
Distill50_0.1,3,469,16.6819095611572
CE_control_0.5,3,469,17.448902130127
Distill50_1.0,3,469,12.0460987091064
Distill50_0.5,2,175,20.7130908966064
Distill50_1.0,2,175,7.95197486877441
Distill25_0.5,2,175,21.6941833496094
CE_control_1.0,2,175,9.10806655883789
CE_control_0.1,2,175,23.1871604919434
Distill50_0.1,2,175,22.1858024597168
CE_control_0.25,2,175,22.8111743927002
Distill25_0.25,2,175,21.8350887298584
Distill50_0.25,2,175,22.5331783294678
Distill25_0.1,2,175,22.2840309143066
CE_control_0.5,2,175,22.2940444946289
Current,2,175,0.878095626831055
Distill25_1.0,2,175,8.89682769775391
Distill50_0.25,1,567,17.258882522583
Distill50_0.1,1,567,16.3459777832031
Current,1,567,0.816822052001953
CE_control_0.1,1,567,15.3319835662842
Distill50_1.0,1,567,8.11409950256348
Distill25_0.25,1,567,15.7370567321777
Distill25_0.5,1,567,17.2641277313232
CE_control_1.0,1,567,9.04202461242676
Distill25_0.1,1,567,15.9280300140381
CE_control_0.5,1,567,15.657901763916
Distill50_0.5,1,567,15.5420303344727
CE_control_0.25,1,567,15.7198905944824
Distill25_1.0,1,567,8.35895538330078
Distill50_1.0,2,484,8.74114036560059
Distill25_1.0,2,484,8.08000564575195
Distill50_0.1,2,484,17.7779197692871
Distill50_0.5,2,484,18.5999870300293
Distill25_0.1,2,484,18.3689594268799
Distill25_0.25,2,484,29.8309326171875
CE_control_0.25,2,484,17.9238319396973
Distill25_0.5,2,484,17.0559883117676
Distill50_0.25,2,484,17.2789096832275
CE_control_0.1,2,484,16.3369178771973
Current,2,484,1.12295150756836
CE_control_1.0,2,484,7.38883018493652
CE_control_0.5,2,484,15.1309967041016
CE_control_0.25,2,108,20.2279090881348
Current,2,108,0.833034515380859
Distill50_0.5,2,108,21.3208198547363
CE_control_0.5,2,108,24.9409675598145
CE_control_1.0,2,108,18.6140537261963
CE_control_0.1,2,108,35.0608825683594
Distill25_1.0,2,108,11.0740661621094
Distill50_1.0,2,108,11.0180377960205
Distill50_0.25,2,108,20.7879543304443
Distill50_0.1,2,108,22.5210189819336
Distill25_0.5,2,108,22.7539539337158
Distill25_0.1,2,108,21.5070247650146
Distill25_0.25,2,108,24.6100425720215
Distill50_0.25,2,586,19.1860198974609
Distill25_0.5,2,586,19.1237926483154
CE_control_0.5,2,586,18.8851356506348
CE_control_0.25,2,586,18.9149379730225
Distill50_0.1,2,586,19.0789699554443
Distill50_0.5,2,586,20.3690528869629
Current,2,586,0.874042510986328
Distill25_1.0,2,586,8.11505317687988
CE_control_0.1,2,586,19.7241306304932
CE_control_1.0,2,586,9.11998748779297
Distill25_0.1,2,586,18.1460380554199
Distill25_0.25,2,586,18.4049606323242
Distill50_1.0,2,586,19.9851989746094
CE_control_0.1,3,237,18.5580253601074
Current,3,237,1.00612640380859
Distill50_0.1,3,237,17.719030380249
Distill25_1.0,3,237,11.5609169006348
Distill25_0.5,3,237,19.3569660186768
Distill50_0.5,3,237,18.0010795593262
CE_control_0.25,3,237,17.1189308166504
CE_control_1.0,3,237,7.56502151489258
CE_control_0.5,3,237,19.3080902099609
Distill50_1.0,3,237,9.1547966003418
Distill50_0.25,3,237,16.5669918060303
Distill25_0.25,3,237,17.2991752624512
Distill25_0.1,3,237,17.4081325531006
CE_control_0.5,3,424,18.1419849395752
Current,3,424,1.11699104309082
Distill25_0.5,3,424,19.3099975585938
CE_control_1.0,3,424,8.43405723571777
Distill50_0.1,3,424,18.0330276489258
Distill25_0.25,3,424,18.9499855041504
Distill50_0.25,3,424,20.5950736999512
Distill50_1.0,3,424,9.4001293182373
CE_control_0.25,3,424,19.4299221038818
Distill25_0.1,3,424,19.8960304260254
Distill50_0.5,3,424,19.5989608764648
CE_control_0.1,3,424,18.0840492248535
Distill25_1.0,3,424,8.60190391540527
CE_control_0.5,2,2,19.7880268096924
Distill50_0.5,2,2,19.2761421203613
Distill25_0.25,2,2,19.3169116973877
Distill50_0.1,2,2,18.9788341522217
Distill50_0.25,2,2,19.6199417114258
CE_control_0.1,2,2,19.9141502380371
Distill25_0.5,2,2,23.0679512023926
Current,2,2,0.766992568969727
Distill25_0.1,2,2,19.1569328308105
Distill50_1.0,2,2,9.35912132263184
Distill25_1.0,2,2,8.21900367736816
CE_control_1.0,2,2,10.343074798584
CE_control_0.25,2,2,17.5809860229492
Distill50_0.1,3,252,15.6669616699219
Current,3,252,0.967979431152344
Distill25_0.25,3,252,16.793966293335
Distill25_1.0,3,252,7.93719291687012
CE_control_0.25,3,252,17.4407958984375
CE_control_0.5,3,252,25.4471302032471
Distill50_0.25,3,252,16.732931137085
Distill50_1.0,3,252,7.76100158691406
Distill50_0.5,3,252,17.3559188842773
CE_control_0.1,3,252,17.0869827270508
Distill25_0.5,3,252,18.8100337982178
CE_control_1.0,3,252,8.48698616027832
Distill25_0.1,3,252,17.3149108886719
CE_control_0.25,3,586,18.6939239501953
Distill25_0.1,3,586,19.6151733398438
CE_control_0.5,3,586,18.8899040222168
Distill25_1.0,3,586,8.20684432983398
CE_control_1.0,3,586,8.65697860717773
CE_control_0.1,3,586,18.3141231536865
Distill50_0.25,3,586,18.7821388244629
Distill50_0.5,3,586,18.1779861450195
Current,3,586,0.765085220336914
Distill50_0.1,3,586,17.9669857025146
Distill50_1.0,3,586,8.27503204345703
Distill25_0.5,3,586,17.9510116577148
Distill25_0.25,3,586,17.8689956665039
Current,2,19,0.781059265136719
CE_control_1.0,2,19,10.2090835571289
CE_control_0.25,2,19,28.4419059753418
CE_control_0.5,2,19,19.0060138702393
CE_control_0.1,2,19,16.9539451599121
Distill50_0.25,2,19,16.3960456848145
Distill50_1.0,2,19,9.33599472045898
Distill25_0.25,2,19,16.6330337524414
Distill25_1.0,2,19,10.267972946167
Distill25_0.5,2,19,17.1880722045898
Distill50_0.1,2,19,16.6299343109131
Distill50_0.5,2,19,15.7670974731445
Distill25_0.1,2,19,16.0479545593262
Current,2,592,0.809192657470703
CE_control_0.5,2,592,16.923189163208
Distill50_0.1,2,592,16.9651508331299
Distill25_0.1,2,592,16.3791179656982
Distill50_1.0,2,592,8.5148811340332
Distill50_0.25,2,592,15.9690380096436
Distill25_0.25,2,592,17.1310901641846
CE_control_0.1,2,592,16.6869163513184
CE_control_0.25,2,592,16.7291164398193
Distill25_0.5,2,592,18.744945526123
Distill50_0.5,2,592,18.3451175689697
CE_control_1.0,2,592,9.73415374755859
Distill25_1.0,2,592,8.58211517333984
CE_control_1.0,1,43,8.67700576782227
Current,1,43,0.828027725219727
Distill50_0.25,1,43,17.2619819641113
Distill50_0.1,1,43,17.1730518341064
CE_control_0.1,1,43,18.0389881134033
CE_control_0.25,1,43,18.2011127471924
Distill25_0.25,1,43,17.51708984375
Distill25_0.5,1,43,17.1988010406494
Distill25_1.0,1,43,8.62503051757813
Distill25_0.1,1,43,16.740083694458
CE_control_0.5,1,43,17.0860290527344
Distill50_0.5,1,43,18.1598663330078
Distill50_1.0,1,43,9.51695442199707
Distill25_1.0,3,507,8.41617584228516
CE_control_1.0,3,507,10.1461410522461
Distill50_1.0,3,507,9.25803184509277
Current,3,507,1.03497505187988
Distill25_0.1,3,507,16.9320106506348
CE_control_0.5,3,507,17.0571804046631
Distill50_0.25,3,507,26.8349647521973
Distill25_0.25,3,507,17.6141262054443
Distill50_0.1,3,507,16.8309211730957
Distill50_0.5,3,507,16.5328979492188
CE_control_0.1,3,507,16.4780616760254
CE_control_0.25,3,507,16.7810916900635
Distill25_0.5,3,507,17.3609256744385
Distill50_1.0,3,193,8.12196731567383
CE_control_0.5,3,193,13.9780044555664
Distill25_0.1,3,193,13.1659507751465
CE_control_0.1,3,193,13.0460262298584
Current,3,193,0.768899917602539
Distill50_0.1,3,193,13.1850242614746
CE_control_0.25,3,193,14.4808292388916
Distill25_1.0,3,193,9.98306274414062
Distill50_0.25,3,193,13.4570598602295
CE_control_1.0,3,193,8.06498527526856
Distill25_0.25,3,193,14.6489143371582
Distill25_0.5,3,193,13.9458179473877
Distill50_0.5,3,193,14.5928859710693
Distill50_0.25,2,199,21.5620994567871
Current,2,199,0.845909118652344
Distill25_0.25,2,199,23.2439041137695
Distill25_1.0,2,199,8.77213478088379
CE_control_1.0,2,199,11.0599994659424
CE_control_0.25,2,199,19.8838710784912
Distill25_0.5,2,199,20.3051567077637
CE_control_0.5,2,199,21.5458869934082
Distill25_0.1,2,199,21.1789608001709
Distill50_0.5,2,199,20.3559398651123
CE_control_0.1,2,199,20.5700397491455
Distill50_1.0,2,199,9.99307632446289
Distill50_0.1,2,199,20.4319953918457
CE_control_0.25,2,190,18.4340476989746
Distill25_1.0,2,190,10.4889869689941
Distill25_0.5,2,190,27.946949005127
CE_control_1.0,2,190,10.3099346160889
Distill50_0.5,2,190,16.7927742004395
Distill50_0.1,2,190,17.5361633300781
Distill25_0.1,2,190,17.1530246734619
CE_control_0.5,2,190,16.901969909668
Distill50_1.0,2,190,10.5187892913818
Distill25_0.25,2,190,17.4307823181152
CE_control_0.1,2,190,17.2450542449951
Distill50_0.25,2,190,20.2920436859131
Current,2,190,0.924110412597656
CE_control_0.1,1,572,17.0259475708008
Distill25_0.5,1,572,17.1730518341064
Current,1,572,0.890970230102539
Distill50_1.0,1,572,7.7970027923584
Distill50_0.1,1,572,17.6489353179932
CE_control_0.5,1,572,19.38796043396
CE_control_0.25,1,572,17.8201198577881
Distill25_1.0,1,572,8.01801681518555
Distill25_0.25,1,572,17.3988342285156
CE_control_1.0,1,572,8.40616226196289
Distill25_0.1,1,572,16.5641307830811
Distill50_0.5,1,572,16.7100429534912
Distill50_0.25,1,572,16.6239738464355
CE_control_1.0,1,566,7.95984268188477
Distill25_1.0,1,566,9.81593132019043
Distill50_0.25,1,566,17.1239376068115
CE_control_0.5,1,566,17.5609588623047
Distill50_1.0,1,566,8.63909721374512
Distill50_0.5,1,566,18.1319713592529
Distill25_0.1,1,566,17.8611278533936
Distill50_0.1,1,566,17.7350044250488
CE_control_0.25,1,566,17.9920196533203
Distill25_0.5,1,566,17.9929733276367
CE_control_0.1,1,566,17.2960758209229
Distill25_0.25,1,566,17.8520679473877
Current,1,566,12.6190185546875
CE_control_0.25,3,155,19.0448760986328
Distill50_0.25,3,155,19.0439224243164
Distill50_0.1,3,155,20.535945892334
Current,3,155,1.10793113708496
Distill25_1.0,3,155,10.9829902648926
Distill50_1.0,3,155,12.6190185546875
CE_control_0.5,3,155,20.0119018554688
Distill50_0.5,3,155,20.2770233154297
CE_control_1.0,3,155,11.0080242156982
CE_control_0.1,3,155,19.6599960327148
Distill25_0.25,3,155,19.7279453277588
Distill25_0.1,3,155,19.1671848297119
Distill25_0.5,3,155,17.2920227050781
Current,3,336,0.752925872802734
CE_control_0.5,3,336,15.8278942108154
Distill50_0.5,3,336,16.4299011230469
CE_control_0.1,3,336,17.0071125030518
CE_control_1.0,3,336,8.76688957214356
CE_control_0.25,3,336,17.3168182373047
Distill25_0.1,3,336,20.2209949493408
Distill25_0.25,3,336,17.1411037445068
Distill50_0.1,3,336,16.948938369751
Distill25_1.0,3,336,9.09996032714844
Distill50_0.25,3,336,19.3231105804443
Distill50_1.0,3,336,9.75799560546875
Distill25_0.5,3,336,17.9679393768311
Distill50_1.0,1,23,11.3151073455811
Distill25_1.0,1,23,9.84716415405273
CE_control_0.1,1,23,19.7770595550537
Distill25_0.25,1,23,19.1628932952881
Current,1,23,0.792980194091797
CE_control_0.5,1,23,27.8079509735107
CE_control_0.25,1,23,18.326997756958
Distill50_0.1,1,23,18.6009407043457
Distill50_0.25,1,23,16.9379711151123
Distill25_0.1,1,23,18.0919170379639
Distill50_0.5,1,23,16.8089866638184
CE_control_1.0,1,23,8.70299339294434
Distill25_0.5,1,23,16.9079303741455
Distill25_0.25,3,562,19.3760395050049
Distill50_0.25,3,562,19.1559791564941
Distill50_1.0,3,562,8.93592834472656
Current,3,562,0.864982604980469
CE_control_0.1,3,562,20.2369689941406
CE_control_0.25,3,562,19.6940898895264
Distill25_0.5,3,562,20.3771591186523
CE_control_1.0,3,562,11.3301277160645
Distill50_0.1,3,562,19.9849605560303
Distill25_1.0,3,562,10.4091167449951
Distill25_0.1,3,562,19.6630954742432
Distill50_0.5,3,562,20.0431346893311
CE_control_0.5,3,562,21.3630199432373
Distill50_0.5,3,250,15.7289505004883
CE_control_0.25,3,250,17.7040100097656
Distill25_1.0,3,250,8.73899459838867
Distill25_0.25,3,250,15.0501728057861
Distill50_0.25,3,250,15.733003616333
Distill50_1.0,3,250,8.30292701721191
CE_control_0.5,3,250,16.1948204040527
Distill25_0.5,3,250,16.1590576171875
Current,3,250,0.806093215942383
Distill25_0.1,3,250,15.394926071167
Distill50_0.1,3,250,16.1700248718262
CE_control_1.0,3,250,9.09018516540527
CE_control_0.1,3,250,15.1131153106689
CE_control_0.5,2,514,16.6800022125244
Distill25_0.5,2,514,28.8050174713135
CE_control_0.25,2,514,16.3369178771973
Current,2,514,1.00183486938477
Distill25_0.25,2,514,15.7370567321777
Distill25_0.1,2,514,15.894889831543
Distill50_0.1,2,514,16.387939453125
CE_control_1.0,2,514,8.06403160095215
CE_control_0.1,2,514,18.0120468139648
Distill50_0.25,2,514,18.3229446411133
Distill50_0.5,2,514,18.0859565734863
Distill50_1.0,2,514,8.66007804870606
Distill25_1.0,2,514,8.77499580383301
CE_control_0.1,3,574,18.1138515472412
Current,3,574,0.805854797363281
Distill50_0.5,3,574,17.4849033355713
Distill25_0.25,3,574,17.8442001342773
Distill25_0.5,3,574,17.9359912872314
Distill25_0.1,3,574,18.5210704803467
Distill50_0.25,3,574,17.5619125366211
CE_control_0.25,3,574,17.5559520721436
CE_control_0.5,3,574,18.049955368042
CE_control_1.0,3,574,9.67693328857422
Distill50_0.1,3,574,18.2139873504639
Distill25_1.0,3,574,9.61184501647949
Distill50_1.0,3,574,9.19103622436523
Current,2,320,0.836849212646484
Distill25_0.1,2,320,21.233081817627
CE_control_0.25,2,320,20.7328796386719
Distill25_0.5,2,320,18.7270641326904
Distill25_1.0,2,320,9.60302352905273
Distill50_1.0,2,320,9.38200950622559
Distill50_0.25,2,320,20.5299854278564
CE_control_1.0,2,320,9.27209854125977
Distill25_0.25,2,320,21.4428901672363
CE_control_0.5,2,320,20.6849575042725
CE_control_0.1,2,320,34.5950126647949
Distill50_0.1,2,320,20.2860832214355
Distill50_0.5,2,320,18.4609889984131
CE_control_0.1,3,272,17.8937911987305
Current,3,272,0.905990600585938
CE_control_0.25,3,272,19.7110176086426
Distill50_1.0,3,272,9.82093811035156
Distill50_0.1,3,272,17.3079967498779
Distill25_0.25,3,272,17.9238319396973
Distill25_0.5,3,272,19.5951461791992
Distill50_0.5,3,272,17.9929733276367
CE_control_1.0,3,272,8.91184806823731
Distill25_1.0,3,272,8.6820125579834
Distill50_0.25,3,272,17.219066619873
CE_control_0.5,3,272,17.3721313476563
Distill25_0.1,3,272,17.2750949859619
CE_control_0.25,1,515,18.010139465332
Current,1,515,0.78892707824707
Distill25_0.5,1,515,17.7819728851318
Distill25_0.1,1,515,18.8009738922119
Distill50_0.25,1,515,20.6050872802734
Distill50_0.5,1,515,20.4629898071289
CE_control_1.0,1,515,8.78190994262695
Distill50_0.1,1,515,20.9019184112549
Distill25_0.25,1,515,19.4919109344482
Distill50_1.0,1,515,9.10091400146484
CE_control_0.1,1,515,20.8549499511719
CE_control_0.5,1,515,19.4680690765381
Distill25_1.0,1,515,9.51409339904785
CE_control_0.25,1,511,18.1961059570313
Distill25_0.1,1,511,17.3430442810059
Current,1,511,0.872135162353516
Distill50_0.5,1,511,17.3180103302002
Distill50_1.0,1,511,9.15694236755371
CE_control_0.1,1,511,17.4839496612549
Distill25_0.25,1,511,17.6718235015869
CE_control_0.5,1,511,28.1591415405273
Distill50_0.1,1,511,17.1539783477783
Distill25_0.5,1,511,16.3171291351318
CE_control_1.0,1,511,9.49001312255859
Distill25_1.0,1,511,8.43691825866699
Distill50_0.25,1,511,16.4577960968018
Distill25_0.1,1,250,17.5390243530273
Distill25_0.25,1,250,15.8970355987549
Current,1,250,0.728845596313477
Distill50_0.25,1,250,15.5491828918457
Distill50_0.1,1,250,15.6309604644775
Distill50_1.0,1,250,9.36198234558105
Distill25_1.0,1,250,8.4230899810791
Distill50_0.5,1,250,16.1309242248535
Distill25_0.5,1,250,16.4330005645752
CE_control_0.1,1,250,17.0960426330566
CE_control_0.25,1,250,16.5541172027588
CE_control_1.0,1,250,9.51409339904785
CE_control_0.5,1,250,14.3101215362549
Distill50_0.5,1,445,16.9100761413574
CE_control_1.0,1,445,8.98480415344238
CE_control_0.5,1,445,18.1179046630859
CE_control_0.25,1,445,18.5630321502686
Distill25_1.0,1,445,8.58616828918457
CE_control_0.1,1,445,18.8651084899902
Distill25_0.25,1,445,19.6359157562256
Distill25_0.1,1,445,17.6699161529541
Distill50_0.1,1,445,17.509937286377
Distill50_1.0,1,445,8.47220420837402
Distill50_0.25,1,445,17.9150104522705
Distill25_0.5,1,445,19.2761421203613
Current,1,445,1.0988712310791
Distill50_1.0,2,100,10.7359886169434
Current,2,100,1.12700462341309
CE_control_0.1,2,100,20.2450752258301
CE_control_0.25,2,100,19.8619365692139
Distill25_1.0,2,100,10.6580257415771
Distill25_0.25,2,100,19.5808410644531
Distill25_0.1,2,100,19.8249816894531
Distill50_0.1,2,100,20.8511352539063
CE_control_1.0,2,100,11.1081600189209
Distill25_0.5,2,100,19.7508335113525
Distill50_0.5,2,100,19.2749500274658
Distill50_0.25,2,100,20.2298164367676
CE_control_0.5,2,100,21.1691856384277
CE_control_0.5,1,417,20.8950042724609
Distill25_1.0,1,417,8.70490074157715
Distill25_0.1,1,417,20.4839706420898
CE_control_0.25,1,417,20.3208923339844
Distill50_0.5,1,417,19.4311141967773
Distill25_0.5,1,417,19.0720558166504
Current,1,417,0.774860382080078
Distill25_0.25,1,417,20.7028388977051
Distill50_1.0,1,417,9.77802276611328
CE_control_1.0,1,417,9.21893119812012
Distill50_0.1,1,417,19.4330215454102
CE_control_0.1,1,417,20.0190544128418
Distill50_0.25,1,417,17.8179740905762
Current,2,63,0.725984573364258
Distill25_0.1,2,63,19.8369026184082
Distill50_0.5,2,63,21.1319923400879
Distill25_0.5,2,63,19.5400714874268
Distill25_1.0,2,63,9.9489688873291
Distill50_1.0,2,63,9.74488258361816
Distill25_0.25,2,63,19.5410251617432
Distill50_0.1,2,63,20.8950042724609
CE_control_0.1,2,63,19.7601318359375
CE_control_0.5,2,63,18.4760093688965
CE_control_1.0,2,63,9.17792320251465
Distill50_0.25,2,63,20.7200050354004
CE_control_0.25,2,63,19.4618701934814
Distill50_0.1,2,548,18.2621479034424
Distill25_0.25,2,548,17.9929733276367
Distill25_0.1,2,548,18.8920497894287
Distill50_0.25,2,548,31.8119525909424
Distill25_1.0,2,548,11.1758708953857
CE_control_0.1,2,548,17.4031257629395
Current,2,548,0.867128372192383
CE_control_0.25,2,548,16.8740749359131
Distill25_0.5,2,548,17.704963684082
CE_control_1.0,2,548,9.81783866882324
Distill50_1.0,2,548,9.42397117614746
CE_control_0.5,2,548,18.2030200958252
Distill50_0.5,2,548,18.0089473724365
Distill25_0.25,1,533,16.8218612670898
Distill25_0.1,1,533,16.0939693450928
Distill50_0.1,1,533,16.3929462432861
Distill25_1.0,1,533,8.31699371337891
CE_control_1.0,1,533,7.57193565368652
Distill50_1.0,1,533,8.58306884765625
CE_control_0.1,1,533,15.7058238983154
Distill50_0.25,1,533,16.057014465332
Distill50_0.5,1,533,15.7101154327393
CE_control_0.25,1,533,15.2239799499512
Distill25_0.5,1,533,15.7699584960938
CE_control_0.5,1,533,16.1368846893311
Current,1,533,0.755071640014648
CE_control_1.0,3,42,7.49397277832031
Distill25_1.0,3,42,9.93800163269043
Distill25_0.5,3,42,16.8318748474121
Distill25_0.25,3,42,16.5760517120361
CE_control_0.1,3,42,15.8720016479492
Distill25_0.1,3,42,15.9420967102051
Distill50_1.0,3,42,7.78388977050781
CE_control_0.5,3,42,18.2898044586182
CE_control_0.25,3,42,17.0121192932129
Distill50_0.1,3,42,16.6158676147461
Current,3,42,1.08909606933594
Distill50_0.5,3,42,16.7191028594971
Distill50_0.25,3,42,16.3490772247314
Distill25_0.1,3,415,16.826868057251
CE_control_0.25,3,415,16.1840915679932
Distill50_0.25,3,415,16.1910057067871
Distill50_0.5,3,415,29.0820598602295
CE_control_0.1,3,415,16.8249607086182
Current,3,415,1.08003616333008
CE_control_0.5,3,415,16.1139965057373
Distill25_1.0,3,415,8.18109512329102
Distill25_0.5,3,415,15.2208805084229
CE_control_1.0,3,415,7.38120079040527
Distill50_0.1,3,415,16.4101123809814
Distill50_1.0,3,415,8.67915153503418
Distill25_0.25,3,415,15.3341293334961
Distill25_0.1,1,235,15.9938335418701
CE_control_0.5,1,235,17.333984375
Distill25_0.5,1,235,17.4219608306885
CE_control_1.0,1,235,8.99600982666016
CE_control_0.25,1,235,17.8539752960205
Distill50_1.0,1,235,8.78691673278809
Distill50_0.25,1,235,19.8028087615967
Current,1,235,0.803947448730469
Distill25_1.0,1,235,9.35506820678711
Distill50_0.5,1,235,16.9579982757568
Distill25_0.25,1,235,18.1961059570313
Distill50_0.1,1,235,20.7118988037109
CE_control_0.1,1,235,18.3188915252686
CE_control_0.25,3,297,16.0911083221436
Distill50_0.1,3,297,15.9280300140381
Distill25_0.25,3,297,15.6359672546387
CE_control_1.0,3,297,9.40990447998047
Current,3,297,0.864982604980469
Distill25_0.1,3,297,16.4420604705811
CE_control_0.1,3,297,16.4170265197754
Distill50_0.25,3,297,17.2479152679443
Distill25_0.5,3,297,16.4690017700195
Distill50_1.0,3,297,10.1709365844727
CE_control_0.5,3,297,16.9069766998291
Distill50_0.5,3,297,15.7577991485596
Distill25_1.0,3,297,10.9858512878418
Distill50_0.25,3,494,15.3310298919678
CE_control_0.1,3,494,15.4719352722168
CE_control_0.5,3,494,14.7700309753418
Distill25_1.0,3,494,7.43484497070313
Distill25_0.1,3,494,16.4909362792969
Current,3,494,1.12199783325195
Distill25_0.5,3,494,17.4551010131836
Distill50_0.5,3,494,15.9919261932373
Distill50_0.1,3,494,16.4041519165039
Distill25_0.25,3,494,17.632007598877
CE_control_1.0,3,494,9.13810729980469
CE_control_0.25,3,494,16.2489414215088
Distill50_1.0,3,494,8.15796852111816
Distill50_1.0,2,230,8.90183448791504
Distill50_0.5,2,230,15.4461860656738
CE_control_0.25,2,230,16.1027908325195
CE_control_0.5,2,230,15.5379772186279
CE_control_0.1,2,230,16.0281658172607
CE_control_1.0,2,230,9.56392288208008
Distill50_0.1,2,230,17.6949501037598
Distill25_1.0,2,230,9.98592376708984
Distill25_0.1,2,230,18.4109210968018
Distill25_0.5,2,230,18.1119441986084
Current,2,230,0.778913497924805
Distill50_0.25,2,230,17.5251960754395
Distill25_0.25,2,230,17.0190334320068
Distill50_0.25,3,52,18.6400413513184
Distill25_0.1,3,52,18.2170867919922
CE_control_0.5,3,52,17.866849899292
Distill25_0.5,3,52,17.6060199737549
Current,3,52,0.74005126953125
CE_control_0.1,3,52,17.3900127410889
Distill50_1.0,3,52,10.2260112762451
Distill50_0.5,3,52,17.751932144165
Distill50_0.1,3,52,17.960786819458
CE_control_1.0,3,52,20.1020240783691
Distill25_0.25,3,52,17.8370475769043
Distill25_1.0,3,52,10.2159976959229
CE_control_0.25,3,52,16.8390274047852
Distill25_0.25,3,27,20.5199718475342
Distill50_0.1,3,27,21.920919418335
Distill25_0.1,3,27,20.6098556518555
Current,3,27,0.839948654174805
CE_control_0.1,3,27,19.7949409484863
Distill50_0.5,3,27,20.4761028289795
Distill50_0.25,3,27,22.8710174560547
CE_control_1.0,3,27,8.90803337097168
Distill25_1.0,3,27,10.9820365905762
Distill25_0.5,3,27,20.2810764312744
CE_control_0.25,3,27,21.294116973877
CE_control_0.5,3,27,20.9379196166992
Distill50_1.0,3,27,9.42111015319824
Distill50_0.1,3,177,20.6570625305176
Distill25_1.0,3,177,10.7560157775879
Distill25_0.1,3,177,20.1249122619629
Distill25_0.25,3,177,18.7680721282959
Current,3,177,0.962018966674805
CE_control_1.0,3,177,9.68694686889648
Distill50_0.25,3,177,20.2269554138184
CE_control_0.1,3,177,19.0250873565674
CE_control_0.25,3,177,18.3811187744141
CE_control_0.5,3,177,19.6290016174316
Distill25_0.5,3,177,19.3901062011719
Distill50_1.0,3,177,10.958194732666
Distill50_0.5,3,177,18.4299945831299
CE_control_0.5,1,90,18.4450149536133
CE_control_0.1,1,90,31.0361385345459
Current,1,90,1.14893913269043
Distill25_0.25,1,90,19.5980072021484
CE_control_0.25,1,90,19.035816192627
Distill25_0.5,1,90,18.017053604126
CE_control_1.0,1,90,10.8339786529541
Distill50_0.5,1,90,18.3150768280029
Distill50_0.1,1,90,20.3089714050293
Distill50_0.25,1,90,18.6119079589844
Distill50_1.0,1,90,9.37914848327637
Distill25_1.0,1,90,11.3348960876465
Distill25_0.1,1,90,17.1689987182617
CE_control_0.1,1,419,16.0698890686035
Distill25_1.0,1,419,7.5380802154541
Distill50_1.0,1,419,8.6820125579834
Distill50_0.1,1,419,14.5621299743652
CE_control_0.25,1,419,15.498161315918
Distill25_0.1,1,419,16.3888931274414
Distill50_0.25,1,419,15.9730911254883
CE_control_1.0,1,419,8.37087631225586
Distill50_0.5,1,419,18.7780857086182
Distill25_0.25,1,419,18.5239315032959
CE_control_0.5,1,419,16.6079998016357
Distill25_0.5,1,419,16.8259143829346
Current,1,419,0.952959060668945
CE_control_1.0,3,382,10.8020305633545
CE_control_0.1,3,382,21.291971206665
Distill25_0.5,3,382,22.2439765930176
Distill50_0.1,3,382,22.3848819732666
Distill25_1.0,3,382,11.3248825073242
Current,3,382,0.850915908813477
Distill50_0.5,3,382,20.7550525665283
CE_control_0.5,3,382,29.9270153045654
Distill50_1.0,3,382,13.61083984375
CE_control_0.25,3,382,20.1370716094971
Distill25_0.1,3,382,19.9909210205078
Distill50_0.25,3,382,19.0370082855225
Distill25_0.25,3,382,19.9019908905029
Distill50_0.25,3,349,18.0351734161377
Distill25_0.25,3,349,18.3289051055908
Distill50_0.5,3,349,17.7888870239258
CE_control_1.0,3,349,9.10282135009766
Distill25_1.0,3,349,8.34488868713379
Distill25_0.1,3,349,18.610954284668
CE_control_0.5,3,349,18.9239978790283
Distill25_0.5,3,349,19.8109149932861
Current,3,349,0.816106796264648
Distill50_0.1,3,349,18.5739994049072
CE_control_0.25,3,349,17.5600051879883
CE_control_0.1,3,349,17.8608894348145
Distill50_1.0,3,349,8.63289833068848
Distill50_0.25,2,574,17.3330307006836
Current,2,574,0.96893310546875
Distill25_0.25,2,574,17.7638530731201
Distill50_1.0,2,574,10.3130340576172
Distill50_0.1,2,574,19.1309452056885
CE_control_0.25,2,574,18.5909271240234
Distill50_0.5,2,574,18.873929977417
Distill25_0.1,2,574,18.6378955841064
Distill25_0.5,2,574,18.571138381958
CE_control_1.0,2,574,10.7839107513428
CE_control_0.5,2,574,18.0821418762207
CE_control_0.1,2,574,17.9319381713867
Distill25_1.0,2,574,10.0419521331787
Current,1,323,0.972986221313477
Distill25_0.5,1,323,14.3508911132813
Distill25_1.0,1,323,19.8981761932373
CE_control_0.5,1,323,14.6911144256592
CE_control_0.25,1,323,14.091968536377
CE_control_0.1,1,323,13.7939453125
Distill50_1.0,1,323,8.84103775024414
Distill50_0.25,1,323,14.0218734741211
CE_control_1.0,1,323,9.02080535888672
Distill50_0.5,1,323,14.8038864135742
Distill25_0.25,1,323,14.3241882324219
Distill25_0.1,1,323,14.5890712738037
Distill50_0.1,1,323,14.585018157959
Distill50_0.25,3,186,14.6651268005371
CE_control_0.1,3,186,15.0430202484131
Current,3,186,0.752925872802734
Distill25_1.0,3,186,8.36706161499023
Distill50_0.1,3,186,16.5181159973145
Distill25_0.1,3,186,16.3190364837646
Distill25_0.25,3,186,16.6041851043701
CE_control_0.25,3,186,16.1700248718262
Distill50_1.0,3,186,9.51910018920898
CE_control_1.0,3,186,8.80312919616699
Distill50_0.5,3,186,16.1399841308594
CE_control_0.5,3,186,15.8760547637939
Distill25_0.5,3,186,16.4039134979248
Distill25_0.25,2,78,18.9731121063232
CE_control_0.5,2,78,18.5408592224121
Distill25_1.0,2,78,10.0858211517334
Distill50_0.5,2,78,19.0949440002441
Distill50_1.0,2,78,10.3051662445068
Distill25_0.5,2,78,19.6800231933594
CE_control_0.25,2,78,18.8980102539063
Distill50_0.25,2,78,18.7780857086182
Distill25_0.1,2,78,19.2270278930664
CE_control_1.0,2,78,10.0560188293457
Distill50_0.1,2,78,19.1009044647217
CE_control_0.1,2,78,18.5940265655518
Current,2,78,0.838041305541992
Distill25_1.0,1,350,19.1719532012939
Distill50_1.0,1,350,12.5069618225098
CE_control_0.5,1,350,23.9720344543457
Distill50_0.1,1,350,19.6990966796875
Current,1,350,0.982999801635742
CE_control_0.1,1,350,17.5421237945557
CE_control_1.0,1,350,9.65189933776855
Distill50_0.25,1,350,19.5610523223877
CE_control_0.25,1,350,17.7371501922607
Distill50_0.5,1,350,18.0950164794922
Distill25_0.1,1,350,17.5559520721436
Distill25_0.5,1,350,17.1291828155518
Distill25_0.25,1,350,18.2011127471924
CE_control_0.5,3,143,16.5760517120361
CE_control_0.25,3,143,17.5459384918213
Distill25_1.0,3,143,9.16790962219238
Current,3,143,0.956058502197266
Distill50_0.5,3,143,16.4558887481689
Distill50_0.1,3,143,17.0698165893555
Distill25_0.25,3,143,18.683910369873
Distill25_0.5,3,143,17.0469284057617
Distill50_0.25,3,143,18.1849002838135
CE_control_0.1,3,143,17.9269313812256
Distill25_0.1,3,143,18.4621810913086
CE_control_1.0,3,143,11.0340118408203
Distill50_1.0,3,143,9.7808837890625
CE_control_0.5,3,188,21.6341018676758
CE_control_0.25,3,188,19.3948745727539
Distill25_1.0,3,188,10.1909637451172
Distill25_0.5,3,188,20.0200080871582
CE_control_0.1,3,188,19.150972366333
Distill50_0.25,3,188,19.4559097290039
Distill50_0.5,3,188,20.4939842224121
CE_control_1.0,3,188,21.4660167694092
Current,3,188,1.18207931518555
Distill50_1.0,3,188,9.3839168548584
Distill50_0.1,3,188,19.5150375366211
Distill25_0.25,3,188,16.6258811950684
Distill25_0.1,3,188,17.9309844970703
CE_control_1.0,3,55,8.31294059753418
Distill25_0.5,3,55,17.8859233856201
Distill50_0.1,3,55,16.697883605957
Distill25_0.25,3,55,16.4709091186523
CE_control_0.5,3,55,16.556978225708
Distill50_0.5,3,55,17.4071788787842
Distill50_0.25,3,55,17.103910446167
Distill50_1.0,3,55,9.93895530700684
CE_control_0.25,3,55,17.7960395812988
Distill25_1.0,3,55,10.962963104248
Distill25_0.1,3,55,16.92795753479
CE_control_0.1,3,55,16.3660049438477
Current,3,55,0.715970993041992
Current,3,552,0.604152679443359
Distill25_0.5,3,552,18.563985824585
Distill25_0.1,3,552,18.6111927032471
CE_control_0.25,3,552,19.5579528808594
Distill25_1.0,3,552,10.4968547821045
CE_control_0.1,3,552,19.0498828887939
Distill50_0.25,3,552,19.7300910949707
Distill25_0.25,3,552,18.8078880310059
CE_control_1.0,3,552,9.35101509094238
Distill50_0.1,3,552,19.8540687561035
Distill50_1.0,3,552,10.5879306793213
CE_control_0.5,3,552,18.2700157165527
Distill50_0.5,3,552,18.9340114593506
Distill50_1.0,1,394,10.8330249786377
Distill25_0.5,1,394,20.6339359283447
Distill50_0.1,1,394,21.9969749450684
CE_control_0.25,1,394,29.9429893493652
CE_control_0.1,1,394,19.9382305145264
Current,1,394,0.995874404907227
Distill25_1.0,1,394,8.30292701721191
Distill25_0.1,1,394,19.10400390625
Distill50_0.25,1,394,19.3901062011719
CE_control_0.5,1,394,17.4288749694824
CE_control_1.0,1,394,7.99703598022461
Distill50_0.5,1,394,18.9118385314941
Distill25_0.25,1,394,18.0900096893311
CE_control_1.0,1,585,8.0409049987793
CE_control_0.1,1,585,15.1550769805908
CE_control_0.5,1,585,16.6399478912354
Distill25_0.1,1,585,15.4619216918945
Distill50_1.0,1,585,7.73382186889648
Distill25_0.25,1,585,18.104076385498
Distill25_1.0,1,585,9.50002670288086
Distill50_0.25,1,585,17.9879665374756
Distill50_0.1,1,585,15.8381462097168
CE_control_0.25,1,585,16.7889595031738
Current,1,585,1.0230541229248
Distill25_0.5,1,585,17.6980495452881
Distill50_0.5,1,585,18.2838439941406
CE_control_0.5,1,329,17.632007598877
Distill25_0.5,1,329,18.096923828125
Distill50_1.0,1,329,8.76998901367188
Distill25_1.0,1,329,10.0350379943848
Current,1,329,0.849008560180664
CE_control_1.0,1,329,7.93313980102539
Distill25_0.1,1,329,18.5360908508301
CE_control_0.25,1,329,18.4121131896973
CE_control_0.1,1,329,17.4341201782227
Distill50_0.25,1,329,17.5108909606934
Distill25_0.25,1,329,16.6618824005127
Distill50_0.5,1,329,17.3788070678711
Distill50_0.1,1,329,16.1831378936768
Current,1,454,0.737905502319336
CE_control_0.5,1,454,15.8920288085938
Distill50_0.1,1,454,18.8930034637451
Distill50_1.0,1,454,8.10408592224121
Distill25_0.1,1,454,15.6538486480713
Distill25_0.25,1,454,15.6939029693604
CE_control_0.25,1,454,16.618013381958
CE_control_1.0,1,454,8.16202163696289
Distill25_0.5,1,454,16.4082050323486
Distill25_1.0,1,454,8.39400291442871
CE_control_0.1,1,454,15.2239799499512
Distill50_0.5,1,454,15.794038772583
Distill50_0.25,1,454,17.9040431976318
CE_control_0.5,1,409,18.8610553741455
Distill25_0.25,1,409,21.528959274292
CE_control_1.0,1,409,8.66889953613281
Distill50_0.5,1,409,19.6809768676758
Distill50_0.1,1,409,20.3430652618408
Distill25_1.0,1,409,9.12308692932129
Distill25_0.1,1,409,19.7989940643311
Current,1,409,0.800848007202148
Distill50_1.0,1,409,10.2331638336182
Distill25_0.5,1,409,20.5008983612061
CE_control_0.1,1,409,21.5997695922852
Distill50_0.25,1,409,21.5530395507813
CE_control_0.25,1,409,20.7960605621338
Current,3,196,0.802993774414063
Distill25_0.25,3,196,18.6388492584229
CE_control_0.5,3,196,18.7220573425293
Distill50_0.1,3,196,19.2949771881104
Distill50_0.25,3,196,18.8429355621338
Distill25_0.5,3,196,16.92795753479
Distill50_1.0,3,196,10.6911659240723
Distill50_0.5,3,196,18.3379650115967
CE_control_0.1,3,196,17.8771018981934
Distill25_0.1,3,196,16.9529914855957
CE_control_1.0,3,196,10.3628635406494
Distill25_1.0,3,196,24.3968963623047
CE_control_0.25,3,196,17.1191692352295
Distill25_1.0,3,120,7.58600234985352
Distill25_0.5,3,120,14.7130489349365
CE_control_0.25,3,120,14.5189762115479
Distill50_0.1,3,120,14.5430564880371
CE_control_1.0,3,120,8.21304321289063
CE_control_0.5,3,120,15.9530639648438
Current,3,120,0.834226608276367
Distill25_0.25,3,120,14.5549774169922
Distill50_1.0,3,120,9.44399833679199
Distill50_0.5,3,120,15.192985534668
CE_control_0.1,3,120,15.0868892669678
Distill50_0.25,3,120,15.8660411834717
Distill25_0.1,3,120,15.3281688690186
Current,1,146,0.755071640014648
CE_control_0.25,1,146,17.8520679473877
Distill50_0.5,1,146,17.6758766174316
Distill50_0.25,1,146,17.402172088623
CE_control_0.1,1,146,17.1420574188232
Distill25_0.1,1,146,18.1620121002197
Distill25_1.0,1,146,10.0710391998291
CE_control_1.0,1,146,8.14294815063477
CE_control_0.5,1,146,19.1230773925781
Distill25_0.5,1,146,18.5730457305908
Distill50_1.0,1,146,8.06808471679688
Distill50_0.1,1,146,18.9177989959717
Distill25_0.25,1,146,19.5910930633545
CE_control_0.25,1,154,15.4252052307129
Distill50_1.0,1,154,9.99593734741211
Current,1,154,0.932931900024414
CE_control_1.0,1,154,7.90095329284668
CE_control_0.5,1,154,14.9369239807129
CE_control_0.1,1,154,15.4550075531006
Distill50_0.5,1,154,15.5229568481445
Distill50_0.25,1,154,16.5431499481201
Distill25_1.0,1,154,8.9571475982666
Distill50_0.1,1,154,14.7049427032471
Distill25_0.25,1,154,14.9409770965576
Distill25_0.1,1,154,14.4550800323486
Distill25_0.5,1,154,15.8350467681885
Distill25_0.1,2,239,16.8960094451904
Distill25_0.25,2,239,17.8380012512207
Distill25_1.0,2,239,8.72206687927246
Distill25_0.5,2,239,15.6447887420654
CE_control_0.1,2,239,16.3078308105469
Current,2,239,0.811100006103516
CE_control_0.5,2,239,16.7059898376465
CE_control_0.25,2,239,16.8650150299072
Distill50_0.5,2,239,17.4789428710938
CE_control_1.0,2,239,9.32598114013672
Distill50_0.1,2,239,18.1460380554199
Distill50_1.0,2,239,8.0559253692627
Distill50_0.25,2,239,19.2999839782715
CE_control_0.25,2,72,15.0361061096191
Distill25_1.0,2,72,9.64713096618652
Distill25_0.5,2,72,14.0140056610107
Distill25_0.1,2,72,13.679027557373
Distill50_0.25,2,72,14.3530368804932
Current,2,72,0.772953033447266
Distill50_0.1,2,72,14.5940780639648
Distill50_1.0,2,72,9.58704948425293
Distill25_0.25,2,72,15.4409408569336
CE_control_0.5,2,72,15.2978897094727
CE_control_1.0,2,72,9.28807258605957
Distill50_0.5,2,72,15.6769752502441
CE_control_0.1,2,72,14.7488117218018
Distill50_0.25,1,459,16.2968635559082
CE_control_0.1,1,459,16.6449546813965
Distill25_0.1,1,459,16.0641670227051
CE_control_1.0,1,459,9.6590518951416
Distill25_0.25,1,459,15.9480571746826
Current,1,459,0.750064849853516
Distill50_1.0,1,459,8.46600532531738
CE_control_0.5,1,459,16.7222023010254
Distill25_0.5,1,459,28.3598899841309
Distill50_0.5,1,459,15.2359008789063
Distill50_0.1,1,459,14.5590305328369
CE_control_0.25,1,459,14.6548748016357
Distill25_1.0,1,459,8.09597969055176
CE_control_0.1,1,491,19.2391872406006
Distill25_0.5,1,491,18.6989307403564
Distill50_0.5,1,491,18.6209678649902
Distill50_0.1,1,491,18.3479785919189
Distill50_0.25,1,491,19.0260410308838
CE_control_1.0,1,491,10.6630325317383
CE_control_0.5,1,491,20.0040340423584
Distill25_1.0,1,491,8.79597663879395
Distill25_0.1,1,491,19.7811126708984
Distill50_1.0,1,491,8.4531307220459
Current,1,491,0.910043716430664
CE_control_0.25,1,491,21.4400291442871
Distill25_0.25,1,491,21.0590362548828
CE_control_0.1,2,68,16.0009860992432
Distill50_0.25,2,68,17.5518989562988
CE_control_1.0,2,68,9.52696800231934
CE_control_0.25,2,68,15.0430202484131
Distill25_0.5,2,68,15.5148506164551
Distill25_1.0,2,68,8.86607170104981
Distill25_0.25,2,68,15.739917755127
CE_control_0.5,2,68,15.894889831543
Distill50_0.5,2,68,16.2808895111084
Distill25_0.1,2,68,17.1799659729004
Distill50_1.0,2,68,9.90676879882812
Current,2,68,0.898838043212891
Distill50_0.1,2,68,16.0090923309326
CE_control_0.25,2,406,18.2240009307861
Current,2,406,0.813007354736328
Distill25_0.1,2,406,16.4861679077148
CE_control_1.0,2,406,7.71999359130859
Distill25_0.5,2,406,28.8679599761963
Distill50_1.0,2,406,9.5219612121582
Distill25_0.25,2,406,16.1960124969482
CE_control_0.1,2,406,15.7020092010498
Distill50_0.25,2,406,15.8710479736328
Distill50_0.1,2,406,15.7430171966553
CE_control_0.5,2,406,15.5248641967773
Distill50_0.5,2,406,16.848087310791
Distill25_1.0,2,406,8.57186317443848
CE_control_0.1,2,381,18.9518928527832
Distill50_0.1,2,381,18.2971954345703
Distill25_0.25,2,381,17.86208152771
Distill50_1.0,2,381,8.69488716125488
Current,2,381,0.784873962402344
CE_control_1.0,2,381,10.9841823577881
Distill50_0.5,2,381,17.2529220581055
Distill25_0.1,2,381,17.7710056304932
CE_control_0.5,2,381,17.2920227050781
Distill25_0.5,2,381,18.3520317077637
Distill50_0.25,2,381,20.2610492706299
Distill25_1.0,2,381,10.6010437011719
CE_control_0.25,2,381,19.0160274505615
Distill50_1.0,1,582,9.71198081970215
Current,1,582,0.962018966674805
Distill25_0.5,1,582,16.0069465637207
CE_control_0.25,1,582,15.5060291290283
CE_control_0.1,1,582,15.7060623168945
Distill50_0.5,1,582,15.4619216918945
Distill50_0.25,1,582,15.0678157806396
CE_control_0.5,1,582,16.1609649658203
Distill25_1.0,1,582,8.41403007507324
CE_control_1.0,1,582,9.35697555541992
Distill25_0.25,1,582,14.6069526672363
Distill25_0.1,1,582,14.7171020507813
Distill50_0.1,1,582,15.5301094055176
Distill50_1.0,2,428,8.82387161254883
Current,2,428,0.816106796264648
Distill25_0.1,2,428,19.9868679046631
CE_control_0.25,2,428,18.8958644866943
Distill50_0.5,2,428,18.8381671905518
CE_control_1.0,2,428,8.53586196899414
Distill50_0.25,2,428,20.0228691101074
Distill50_0.1,2,428,19.2909240722656
Distill25_1.0,2,428,9.92894172668457
Distill25_0.25,2,428,19.838809967041
CE_control_0.5,2,428,19.4940567016602
Distill25_0.5,2,428,21.1589336395264
CE_control_0.1,2,428,20.8699703216553
CE_control_0.1,1,297,15.8240795135498
CE_control_1.0,1,297,9.87505912780762
Distill50_0.1,1,297,18.0058479309082
CE_control_0.25,1,297,17.0409679412842
Distill50_0.25,1,297,17.4491405487061
Distill25_0.1,1,297,16.6871547698975
CE_control_0.5,1,297,17.4951553344727
Distill50_0.5,1,297,18.3749198913574
Distill25_1.0,1,297,10.1091861724854
Distill25_0.25,1,297,17.7581310272217
Current,1,297,0.790834426879883
Distill50_1.0,1,297,9.96088981628418
Distill25_0.5,1,297,19.2539691925049
CE_control_0.1,3,264,17.5371170043945
Distill50_0.1,3,264,17.5151824951172
Distill25_1.0,3,264,8.6519718170166
CE_control_0.25,3,264,15.7260894775391
Current,3,264,0.838994979858398
CE_control_0.5,3,264,16.1950588226318
Distill25_0.1,3,264,15.4461860656738
CE_control_1.0,3,264,8.24594497680664
Distill25_0.5,3,264,16.3638591766357
Distill50_0.25,3,264,16.038179397583
Distill25_0.25,3,264,15.9618854522705
Distill50_0.5,3,264,17.1160697937012
Distill50_1.0,3,264,21.104097366333
Distill25_0.1,1,577,18.773078918457
Current,1,577,0.885963439941406
CE_control_0.1,1,577,18.8479423522949
Distill25_1.0,1,577,11.1367702484131
CE_control_0.5,1,577,17.6699161529541
Distill50_1.0,1,577,8.88490676879883
Distill25_0.5,1,577,21.6169357299805
Distill25_0.25,1,577,18.0881023406982
Distill50_0.5,1,577,17.5559520721436
CE_control_0.25,1,577,18.5258388519287
CE_control_1.0,1,577,9.11808013916016
Distill50_0.25,1,577,18.0919170379639
Distill50_0.1,1,577,18.0559158325195
Distill50_0.25,2,386,18.6798572540283
Distill50_0.1,2,386,19.3300247192383
CE_control_0.5,2,386,20.9739208221436
CE_control_0.25,2,386,19.2489624023438
Distill50_1.0,2,386,9.86909866333008
Distill50_0.5,2,386,18.7549591064453
Distill25_0.1,2,386,18.4130668640137
Current,2,386,2.73013114929199
CE_control_1.0,2,386,9.58704948425293
Distill25_0.25,2,386,19.7548866271973
CE_control_0.1,2,386,18.9847946166992
Distill25_0.5,2,386,18.6288356781006
Distill25_1.0,2,386,10.0500583648682
CE_control_0.5,2,480,17.1670913696289
Distill50_0.1,2,480,17.3439979553223
CE_control_1.0,2,480,9.34600830078125
Current,2,480,0.746011734008789
Distill50_0.25,2,480,18.1269645690918
CE_control_0.1,2,480,18.8608169555664
Distill25_0.25,2,480,17.8859233856201
Distill25_0.1,2,480,18.3150768280029
CE_control_0.25,2,480,16.9219970703125
Distill50_0.5,2,480,19.8888778686523
Distill50_1.0,2,480,8.87703895568848
Distill25_0.5,2,480,15.8710479736328
Distill25_1.0,2,480,7.904052734375
Current,3,524,1.09314918518066
CE_control_0.1,3,524,17.4520015716553
CE_control_0.5,3,524,16.9391632080078
Distill25_0.1,3,524,17.3559188842773
CE_control_1.0,3,524,7.63702392578125
Distill25_1.0,3,524,8.76593589782715
Distill50_1.0,3,524,7.78698921203613
Distill25_0.25,3,524,18.9650058746338
Distill50_0.1,3,524,18.6419486999512
Distill25_0.5,3,524,18.582820892334
Distill50_0.5,3,524,17.6188945770264
CE_control_0.25,3,524,17.4920558929443
Distill50_0.25,3,524,16.697883605957
Distill25_0.25,1,157,16.4611339569092
Distill50_1.0,1,157,9.06991958618164
Distill25_0.1,1,157,19.1130638122559
CE_control_0.1,1,157,17.4181461334229
Distill50_0.1,1,157,17.0040130615234
Distill25_1.0,1,157,8.12697410583496
Current,1,157,0.82087516784668
CE_control_0.25,1,157,17.2209739685059
Distill50_0.5,1,157,19.8650360107422
CE_control_0.5,1,157,17.3239707946777
Distill25_0.5,1,157,17.2629356384277
Distill50_0.25,1,157,18.7151432037354
CE_control_1.0,1,157,12.6180648803711
CE_control_0.5,3,74,18.2271003723145
Distill25_1.0,3,74,8.81314277648926
Distill25_0.1,3,74,17.4450874328613
Distill50_0.1,3,74,18.9838409423828
CE_control_1.0,3,74,9.71603393554688
Distill25_0.25,3,74,17.8430080413818
Distill50_0.5,3,74,35.2139472961426
CE_control_0.25,3,74,18.4800624847412
CE_control_0.1,3,74,18.6378955841064
Current,3,74,1.04308128356934
Distill25_0.5,3,74,18.5420513153076
Distill50_1.0,3,74,8.44907760620117
Distill50_0.25,3,74,19.3278789520264
CE_control_1.0,2,433,10.2190971374512
Distill25_0.25,2,433,18.618106842041
CE_control_0.5,2,433,17.8930759429932
Distill25_0.1,2,433,18.2900428771973
Distill50_0.5,2,433,17.9409980773926
Current,2,433,0.850915908813477
Distill50_1.0,2,433,9.42778587341309
Distill25_1.0,2,433,8.82720947265625
CE_control_0.25,2,433,17.9312229156494
Distill50_0.25,2,433,17.8890228271484
Distill50_0.1,2,433,17.6990032196045
Distill25_0.5,2,433,16.0620212554932
CE_control_0.1,2,433,15.9468650817871
Distill25_0.1,2,135,18.6970233917236
Distill50_0.25,2,135,20.0619697570801
Distill25_1.0,2,135,12.2549533843994
CE_control_0.25,2,135,20.9550857543945
Distill50_1.0,2,135,12.8419399261475
Distill50_0.5,2,135,20.8230018615723
Current,2,135,1.00898742675781
CE_control_1.0,2,135,11.6019248962402
CE_control_0.1,2,135,20.5869674682617
Distill25_0.25,2,135,20.9810733795166
Distill25_0.5,2,135,20.6191539764404
Distill50_0.1,2,135,19.6480751037598
CE_control_0.5,2,135,20.1940536499023
Distill25_1.0,3,516,19.4211006164551
Distill25_0.5,3,516,17.8239345550537
Distill25_0.1,3,516,18.8310146331787
Current,3,516,0.84686279296875
CE_control_0.1,3,516,17.6050662994385
Distill50_0.1,3,516,19.3941593170166
Distill50_0.5,3,516,19.1850662231445
CE_control_0.25,3,516,18.51487159729
Distill50_0.25,3,516,18.4049606323242
CE_control_1.0,3,516,9.20295715332031
Distill25_0.25,3,516,18.3742046356201
CE_control_0.5,3,516,18.5439586639404
Distill50_1.0,3,516,10.1659297943115
CE_control_0.1,2,343,19.334077835083
Distill50_0.25,2,343,20.9879875183105
Distill50_0.5,2,343,19.4849967956543
CE_control_1.0,2,343,9.30905342102051
Current,2,343,0.913858413696289
Distill25_0.5,2,343,19.9329853057861
Distill25_1.0,2,343,9.1559886932373
Distill50_0.1,2,343,19.2098617553711
Distill25_0.1,2,343,20.097017288208
CE_control_0.5,2,343,19.838809967041
CE_control_0.25,2,343,19.0608501434326
Distill50_1.0,2,343,9.48715209960938
Distill25_0.25,2,343,20.9329128265381
Current,2,398,0.833988189697266
Distill25_0.5,2,398,19.381046295166
Distill50_0.5,2,398,19.3228721618652
Distill50_1.0,2,398,9.7649097442627
Distill25_1.0,2,398,10.6730461120605
Distill50_0.1,2,398,20.6418037414551
CE_control_1.0,2,398,8.51607322692871
CE_control_0.25,2,398,20.0669765472412
Distill25_0.1,2,398,21.9202041625977
Distill25_0.25,2,398,19.9110507965088
Distill50_0.25,2,398,20.0469493865967
CE_control_0.5,2,398,31.6178798675537
CE_control_0.1,2,398,18.563985824585
Distill25_0.5,1,330,19.9630260467529
Current,1,330,1.07502937316895
Distill50_1.0,1,330,9.37604904174805
CE_control_0.1,1,330,19.9570655822754
Distill25_1.0,1,330,9.84692573547363
CE_control_0.25,1,330,17.8890228271484
Distill50_0.1,1,330,18.2640552520752
CE_control_0.5,1,330,19.6290016174316
Distill25_0.1,1,330,18.934965133667
CE_control_1.0,1,330,9.1090202331543
Distill25_0.25,1,330,19.7651386260986
Distill50_0.25,1,330,20.2391147613525
Distill50_0.5,1,330,20.089864730835
Distill25_1.0,3,81,8.26716423034668
CE_control_0.5,3,81,19.3901062011719
Distill50_1.0,3,81,9.10186767578125
Distill25_0.5,3,81,18.9008712768555
CE_control_0.1,3,81,20.8179950714111
Current,3,81,0.841140747070313
Distill50_0.1,3,81,20.3361511230469
Distill25_0.1,3,81,20.0860500335693
CE_control_1.0,3,81,9.7348690032959
Distill25_0.25,3,81,19.8678970336914
Distill50_0.25,3,81,20.0519561767578
CE_control_0.25,3,81,19.9038982391357
Distill50_0.5,3,81,22.6430892944336
CE_control_0.1,3,528,18.869161605835
Distill50_0.1,3,528,18.9018249511719
Distill25_0.5,3,528,18.3899402618408
Distill50_0.5,3,528,19.1099643707275
Distill25_1.0,3,528,10.2660655975342
CE_control_0.5,3,528,19.2160606384277
CE_control_1.0,3,528,9.85908508300781
Distill25_0.1,3,528,31.6808223724365
CE_control_0.25,3,528,18.9440250396729
Distill25_0.25,3,528,18.7299251556396
Distill50_1.0,3,528,8.82506370544434
Current,3,528,0.869989395141602
Distill50_0.25,3,528,19.4771289825439
CE_control_1.0,2,105,8.34488868713379
Distill25_0.1,2,105,20.1859474182129
Distill25_1.0,2,105,9.58800315856934
Distill50_0.1,2,105,19.6158885955811
Distill25_0.5,2,105,20.5810070037842
Distill50_0.5,2,105,20.0698375701904
Distill50_1.0,2,105,8.21304321289063
Distill50_0.25,2,105,20.1809406280518
CE_control_0.25,2,105,22.3720073699951
CE_control_0.5,2,105,19.5651054382324
CE_control_0.1,2,105,19.9871063232422
Current,2,105,0.783205032348633
Distill25_0.25,2,105,22.0460891723633
CE_control_0.1,3,219,20.5471515655518
Distill50_0.5,3,219,20.2999114990234
Distill25_0.5,3,219,21.143913269043
Distill50_0.25,3,219,20.4551219940186
Distill50_0.1,3,219,18.8570022583008
CE_control_0.25,3,219,18.7878608703613
Distill50_1.0,3,219,8.82101058959961
Current,3,219,0.963926315307617
Distill25_0.1,3,219,19.7439193725586
CE_control_0.5,3,219,19.0019607543945
CE_control_1.0,3,219,9.42802429199219
Distill25_1.0,3,219,10.4138851165771
Distill25_0.25,3,219,19.7200775146484
Distill25_0.5,2,237,20.3979015350342
CE_control_1.0,2,237,8.39710235595703
Distill50_0.5,2,237,18.3389186859131
Distill50_0.25,2,237,19.2191600799561
Distill50_1.0,2,237,9.42897796630859
Distill25_1.0,2,237,8.82720947265625
CE_control_0.5,2,237,31.170129776001
Distill50_0.1,2,237,18.5661315917969
Distill25_0.1,2,237,17.8427696228027
CE_control_0.1,2,237,18.639087677002
Distill25_0.25,2,237,18.4409618377686
Current,2,237,0.847101211547852
CE_control_0.25,2,237,17.7700519561768
Distill25_0.1,2,553,16.0081386566162
CE_control_0.1,2,553,15.0840282440186
Distill25_0.5,2,553,15.3210163116455
CE_control_0.5,2,553,14.8029327392578
Distill50_0.1,2,553,15.6519412994385
Distill50_0.5,2,553,15.2850151062012
Current,2,553,0.931978225708008
Distill25_1.0,2,553,8.25595855712891
Distill50_1.0,2,553,10.0350379943848
Distill50_0.25,2,553,16.0541534423828
CE_control_1.0,2,553,8.87298583984375
CE_control_0.25,2,553,17.9409980773926
Distill25_0.25,2,553,17.003059387207
Distill50_1.0,2,590,9.49406623840332
Distill25_1.0,2,590,10.1280212402344
Distill25_0.1,2,590,17.7450180053711
Distill25_0.25,2,590,17.5089836120605
Distill50_0.25,2,590,17.8871154785156
Distill25_0.5,2,590,17.7538394927979
CE_control_0.25,2,590,17.6739692687988
Distill50_0.5,2,590,18.7079906463623
CE_control_0.1,2,590,20.3609466552734
CE_control_0.5,2,590,18.2290077209473
Distill50_0.1,2,590,18.2650089263916
Current,2,590,0.778913497924805
CE_control_1.0,2,590,7.6909065246582
Distill25_0.25,3,239,19.2239284515381
CE_control_0.5,3,239,17.894983291626
Distill50_0.5,3,239,18.4600353240967
Distill50_0.25,3,239,17.2188282012939
Distill25_0.1,3,239,17.319917678833
Distill50_1.0,3,239,20.3170776367188
CE_control_0.25,3,239,17.0290470123291
Distill50_0.1,3,239,16.0439014434814
Distill25_0.5,3,239,15.6340599060059
CE_control_1.0,3,239,7.71903991699219
Current,3,239,0.955104827880859
CE_control_0.1,3,239,16.1490440368652
Distill25_1.0,3,239,8.34894180297852
Distill25_0.5,1,54,18.841028213501
Current,1,54,1.11508369445801
Distill50_1.0,1,54,11.322021484375
Distill50_0.25,1,54,20.3030109405518
CE_control_0.25,1,54,22.8700637817383
CE_control_1.0,1,54,10.8799934387207
Distill25_0.25,1,54,22.7148532867432
Distill25_1.0,1,54,11.0609531402588
CE_control_0.5,1,54,22.3472118377686
CE_control_0.1,1,54,21.2271213531494
Distill50_0.5,1,54,20.4730033874512
Distill25_0.1,1,54,22.8579044342041
Distill50_0.1,1,54,21.5840339660645
Distill25_0.5,3,39,16.4289474487305
CE_control_1.0,3,39,7.74407386779785
Distill50_0.1,3,39,15.7549381256104
CE_control_0.1,3,39,16.0810947418213
Distill50_0.5,3,39,15.7971382141113
Distill25_0.25,3,39,16.1130428314209
Distill25_1.0,3,39,9.21297073364258
Current,3,39,0.794172286987305
Distill50_0.25,3,39,15.1021480560303
CE_control_0.5,3,39,14.6257877349854
Distill50_1.0,3,39,8.28003883361816
CE_control_0.25,3,39,16.0040855407715
Distill25_0.1,3,39,16.2160396575928
Distill50_0.1,3,484,17.7488327026367
CE_control_0.5,3,484,16.3140296936035
CE_control_0.25,3,484,16.8979167938232
Distill25_0.25,3,484,16.7708396911621
Distill50_0.25,3,484,16.3528919219971
Distill25_1.0,3,484,8.79693031311035
Distill25_0.5,3,484,16.4139270782471
Distill25_0.1,3,484,16.98899269104
CE_control_0.1,3,484,16.6950225830078
CE_control_1.0,3,484,8.27693939208984
Distill50_0.5,3,484,17.1999931335449
Current,3,484,0.948905944824219
Distill50_1.0,3,484,9.72509384155273
Distill25_0.5,1,358,17.6811218261719
Distill50_0.5,1,358,16.6590213775635
Distill25_0.25,1,358,16.9248580932617
CE_control_1.0,1,358,8.81195068359375
CE_control_0.25,1,358,17.7710056304932
CE_control_0.1,1,358,17.7240371704102
Distill50_0.1,1,358,17.7738666534424
Distill25_1.0,1,358,9.22393798828125
CE_control_0.5,1,358,18.8219547271729
Distill25_0.1,1,358,18.6009407043457
Distill50_0.25,1,358,18.4879302978516
Distill50_1.0,1,358,9.19389724731445
Current,1,358,0.996828079223633
Distill50_0.5,3,316,18.0971622467041
CE_control_0.5,3,316,18.0621147155762
Distill25_0.25,3,316,18.1980133056641
CE_control_0.25,3,316,17.9049968719482
CE_control_1.0,3,316,9.17792320251465
CE_control_0.1,3,316,18.6288356781006
Distill50_0.25,3,316,18.7890529632568
Distill25_0.5,3,316,18.326997756958
Distill50_0.1,3,316,18.2731151580811
Distill50_1.0,3,316,9.71817970275879
Current,3,316,1.0230541229248
Distill25_1.0,3,316,9.03797149658203
Distill25_0.1,3,316,19.0420150756836
Distill25_0.25,1,264,28.9850234985352
CE_control_0.5,1,264,17.0760154724121
CE_control_0.25,1,264,17.0350074768066
Current,1,264,1.4488697052002
Distill50_0.25,1,264,18.502950668335
Distill50_1.0,1,264,8.99505615234375
CE_control_0.1,1,264,17.5280570983887
Distill50_0.5,1,264,17.117977142334
CE_control_1.0,1,264,9.16290283203125
Distill25_1.0,1,264,7.82203674316406
Distill25_0.1,1,264,18.3510780334473
Distill50_0.1,1,264,17.9071426391602
Distill25_0.5,1,264,17.4269676208496
Distill25_0.1,3,40,18.4760093688965
CE_control_1.0,3,40,8.60595703125
Distill50_0.1,3,40,18.4271335601807
CE_control_0.1,3,40,18.2690620422363
Distill50_0.25,3,40,17.7710056304932
Distill25_0.5,3,40,17.2262191772461
CE_control_0.25,3,40,17.2789096832275
CE_control_0.5,3,40,16.1371231079102
Distill25_1.0,3,40,7.64298439025879
Distill25_0.25,3,40,16.8290138244629
Current,3,40,0.88810920715332
Distill50_1.0,3,40,9.32192802429199
Distill50_0.5,3,40,16.6459083557129
Distill50_0.25,3,468,17.0900821685791
CE_control_0.25,3,468,16.200065612793
CE_control_0.5,3,468,15.1908397674561
Distill50_0.1,3,468,15.8698558807373
CE_control_0.1,3,468,15.0492191314697
Distill25_0.5,3,468,15.5069828033447
Current,3,468,0.819921493530273
CE_control_1.0,3,468,8.65006446838379
Distill50_0.5,3,468,16.6428089141846
Distill50_1.0,3,468,9.72604751586914
Distill25_0.1,3,468,16.5269374847412
Distill25_0.25,3,468,16.8609619140625
Distill25_1.0,3,468,9.56201553344727
Distill25_0.25,2,333,29.217004776001
Distill25_0.5,2,333,18.6121463775635
Current,2,333,0.993013381958008
Distill25_0.1,2,333,16.8991088867188
Distill50_0.5,2,333,17.2839164733887
Distill25_1.0,2,333,10.1621150970459
CE_control_1.0,2,333,11.1310482025146
Distill50_0.25,2,333,16.8659687042236
Distill50_0.1,2,333,16.815185546875
CE_control_0.25,2,333,16.2279605865479
CE_control_0.5,2,333,16.3350105285645
Distill50_1.0,2,333,10.0810527801514
CE_control_0.1,2,333,16.5679454803467
Distill50_1.0,1,247,9.65404510498047
CE_control_0.5,1,247,15.6159400939941
Distill50_0.1,1,247,15.5091285705566
CE_control_0.25,1,247,15.8340930938721
Distill50_0.25,1,247,16.2889957427979
Distill25_1.0,1,247,9.03606414794922
Distill25_0.1,1,247,15.4950618743896
Distill25_0.5,1,247,16.4890289306641
CE_control_0.1,1,247,17.0559883117676
Distill50_0.5,1,247,17.3208713531494
CE_control_1.0,1,247,9.12809371948242
Distill25_0.25,1,247,15.261173248291
Current,1,247,0.728130340576172
Current,2,150,0.685930252075195
CE_control_0.25,2,150,19.6099281311035
Distill25_0.5,2,150,18.7110900878906
CE_control_0.1,2,150,18.0628299713135
CE_control_0.5,2,150,18.0912017822266
Distill25_0.1,2,150,17.9879665374756
Distill50_0.25,2,150,18.1550979614258
Distill50_0.1,2,150,18.2299613952637
Distill50_0.5,2,150,29.5219421386719
Distill50_1.0,2,150,9.78899002075195
Distill25_1.0,2,150,9.74488258361816
CE_control_1.0,2,150,9.80186462402344
Distill25_0.25,2,150,20.0450420379639
CE_control_0.1,1,411,17.7409648895264
Distill25_0.25,1,411,17.6820755004883
Distill50_1.0,1,411,9.2918872833252
Distill50_0.5,1,411,18.4729099273682
Distill25_0.1,1,411,18.5880661010742
Distill50_0.1,1,411,17.611026763916
Distill25_0.5,1,411,17.024040222168
CE_control_1.0,1,411,8.94880294799805
Distill25_1.0,1,411,9.00101661682129
Distill50_0.25,1,411,17.9200172424316
Current,1,411,0.828027725219727
CE_control_0.25,1,411,19.3049907684326
CE_control_0.5,1,411,18.798828125
CE_control_0.5,2,235,17.4069404602051
Distill25_0.25,2,235,17.8449153900146
CE_control_1.0,2,235,8.68582725524902
CE_control_0.1,2,235,19.2329883575439
Distill25_1.0,2,235,15.5429840087891
Current,2,235,0.836849212646484
Distill50_1.0,2,235,10.0889205932617
Distill25_0.1,2,235,19.2570686340332
Distill50_0.25,2,235,19.8750495910645
Distill50_0.5,2,235,19.2420482635498
Distill25_0.5,2,235,19.1528797149658
Distill50_0.1,2,235,19.8729038238525
CE_control_0.25,2,235,18.9180374145508
CE_control_1.0,1,3,9.76681709289551
Distill50_0.25,1,3,16.6151523590088
Distill50_0.1,1,3,16.3750648498535
Distill25_0.1,1,3,26.4618396759033
Distill50_0.5,1,3,16.1211490631104
Distill25_0.25,1,3,17.2569751739502
Distill50_1.0,1,3,9.82284545898438
Distill25_0.5,1,3,16.7040824890137
CE_control_0.1,1,3,15.5949592590332
Current,1,3,0.805139541625977
Distill25_1.0,1,3,8.83889198303223
CE_control_0.25,1,3,15.6269073486328
CE_control_0.5,1,3,16.6869163513184
CE_control_0.5,2,95,16.6471004486084
Current,2,95,0.854015350341797
CE_control_0.1,2,95,15.9449577331543
Distill50_0.25,2,95,16.2010192871094
Distill25_0.1,2,95,16.6559219360352
Distill50_1.0,2,95,8.45599174499512
Distill25_0.25,2,95,19.3271636962891
Distill50_0.1,2,95,17.7559852600098
Distill50_0.5,2,95,18.1548595428467
CE_control_0.25,2,95,17.848014831543
CE_control_1.0,2,95,8.86082649230957
Distill25_1.0,2,95,10.5781555175781
Distill25_0.5,2,95,17.9240703582764
Distill50_0.1,2,172,18.1870460510254
Distill25_1.0,2,172,12.5651359558105
Distill50_0.5,2,172,17.4069404602051
Current,2,172,0.721931457519531
Distill50_1.0,2,172,11.7580890655518
CE_control_0.1,2,172,17.6639556884766
Distill25_0.25,2,172,17.9779529571533
Distill25_0.5,2,172,18.1469917297363
CE_control_1.0,2,172,10.6470584869385
CE_control_0.5,2,172,18.8488960266113
CE_control_0.25,2,172,18.082857131958
Distill50_0.25,2,172,29.3638706207275
Distill25_0.1,2,172,17.5209045410156
CE_control_0.25,2,288,17.5790786743164
Current,2,288,0.839948654174805
Distill25_0.25,2,288,17.632007598877
Distill50_0.25,2,288,18.6419486999512
Distill25_0.1,2,288,18.7160968780518
Distill50_0.1,2,288,19.0918445587158
CE_control_0.5,2,288,17.1489715576172
Distill50_0.5,2,288,18.5379981994629
CE_control_1.0,2,288,8.0561637878418
Distill50_1.0,2,288,8.72302055358887
CE_control_0.1,2,288,16.6740417480469
Distill25_1.0,2,288,8.46314430236816
Distill25_0.5,2,288,17.2460079193115
CE_control_0.1,3,117,18.0130004882813
Current,3,117,0.767946243286133
Distill50_0.25,3,117,18.6879634857178
Distill50_0.1,3,117,16.8311595916748
Distill50_0.5,3,117,18.4090137481689
Distill50_1.0,3,117,9.2620849609375
Distill25_0.25,3,117,18.4359550476074
Distill25_0.1,3,117,18.610954284668
CE_control_0.5,3,117,18.2111263275146
CE_control_0.25,3,117,18.3680057525635
CE_control_1.0,3,117,8.67700576782227
Distill25_1.0,3,117,10.68115234375
Distill25_0.5,3,117,17.160177230835
Distill50_0.5,1,197,17.1449184417725
Distill50_1.0,1,197,9.31000709533691
Distill50_0.25,1,197,18.9559459686279
CE_control_1.0,1,197,9.40418243408203
Distill25_0.25,1,197,18.5480117797852
Current,1,197,0.971078872680664
CE_control_0.5,1,197,18.1879997253418
CE_control_0.25,1,197,17.7578926086426
Distill25_0.1,1,197,17.3540115356445
CE_control_0.1,1,197,17.7640914916992
Distill25_1.0,1,197,9.42301750183105
Distill25_0.5,1,197,31.4950942993164
Distill50_0.1,1,197,17.7628993988037
Distill25_1.0,3,335,9.63497161865234
Distill50_0.1,3,335,15.8798694610596
Current,3,335,0.787973403930664
CE_control_0.25,3,335,15.941858291626
Distill50_0.5,3,335,15.9451961517334
Distill25_0.5,3,335,15.7089233398438
CE_control_0.1,3,335,15.9540176391602
Distill25_0.25,3,335,16.124963760376
Distill50_1.0,3,335,9.47999954223633
CE_control_0.5,3,335,17.1599388122559
CE_control_1.0,3,335,9.22894477844238
Distill25_0.1,3,335,17.4961090087891
Distill50_0.25,3,335,17.5690650939941
Distill50_0.5,1,262,16.5181159973145
CE_control_0.5,1,262,16.8309211730957
CE_control_0.1,1,262,17.9369449615479
Distill50_0.1,1,262,19.2360877990723
CE_control_1.0,1,262,9.49811935424805
Distill25_0.25,1,262,18.0628299713135
Distill25_1.0,1,262,10.8370780944824
CE_control_0.25,1,262,16.8759822845459
Distill50_0.25,1,262,16.9000625610352
Distill50_1.0,1,262,10.6239318847656
Distill25_0.1,1,262,17.4949169158936
Current,1,262,0.768899917602539
Distill25_0.5,1,262,17.6460742950439
CE_control_0.25,3,268,18.1510448455811
Distill25_0.1,3,268,17.578125
Distill25_1.0,3,268,9.00793075561523
Distill50_0.25,3,268,17.6818370819092
Current,3,268,0.799894332885742
CE_control_1.0,3,268,8.2240104675293
Distill25_0.5,3,268,19.6919441223145
Distill50_0.1,3,268,28.7530422210693
Distill25_0.25,3,268,16.5829658508301
CE_control_0.5,3,268,15.9890651702881
Distill50_0.5,3,268,16.4670944213867
CE_control_0.1,3,268,16.2081718444824
Distill50_1.0,3,268,9.7651481628418
Distill25_0.1,2,375,17.125129699707
Distill50_1.0,2,375,8.33511352539063
Current,2,375,0.886917114257813
Distill25_1.0,2,375,8.97097587585449
Distill50_0.1,2,375,15.826940536499
CE_control_0.5,2,375,16.1459445953369
CE_control_1.0,2,375,8.44192504882813
CE_control_0.25,2,375,17.2810554504395
Distill50_0.5,2,375,17.8909301757813
CE_control_0.1,2,375,16.9131755828857
Distill25_0.5,2,375,16.7257785797119
Distill50_0.25,2,375,17.8141593933105
Distill25_0.25,2,375,18.2740688323975
Distill50_0.1,2,378,19.0708637237549
CE_control_1.0,2,378,10.4610919952393
Distill50_0.25,2,378,20.2691555023193
CE_control_0.1,2,378,20.6339359283447
Distill50_1.0,2,378,11.7030143737793
CE_control_0.5,2,378,19.474983215332
Distill50_0.5,2,378,19.6847915649414
Distill25_0.5,2,378,21.9988822937012
Distill25_0.1,2,378,20.9121704101563
CE_control_0.25,2,378,20.7488536834717
Current,2,378,0.74005126953125
Distill25_1.0,2,378,12.2699737548828
Distill25_0.25,2,378,30.3289890289307
CE_control_0.1,1,304,17.3900127410889
Distill50_0.25,1,304,17.8308486938477
Distill50_1.0,1,304,8.97598266601563
CE_control_0.25,1,304,17.7810192108154
Distill25_0.25,1,304,17.7421569824219
Distill25_0.5,1,304,17.0271396636963
Distill25_0.1,1,304,17.6980495452881
CE_control_0.5,1,304,18.8641548156738
CE_control_1.0,1,304,9.25207138061523
Distill50_0.1,1,304,18.7819004058838
Distill25_1.0,1,304,8.84103775024414
Current,1,304,0.777006149291992
Distill50_0.5,1,304,19.8960304260254
Distill25_0.25,2,96,18.9340114593506
CE_control_0.25,2,96,18.3169841766357
Distill50_1.0,2,96,7.63201713562012
CE_control_1.0,2,96,10.9808444976807
CE_control_0.5,2,96,17.913818359375
CE_control_0.1,2,96,18.373966217041
Distill25_1.0,2,96,10.0290775299072
Distill25_0.1,2,96,18.7489986419678
Distill50_0.5,2,96,19.1860198974609
Current,2,96,0.748872756958008
Distill25_0.5,2,96,20.3721523284912
Distill50_0.1,2,96,20.8990573883057
Distill50_0.25,2,96,19.5870399475098
Distill25_1.0,1,402,8.37612152099609
CE_control_0.25,1,402,17.3969268798828
Distill25_0.1,1,402,17.7710056304932
Distill50_0.25,1,402,17.5070762634277
Distill50_1.0,1,402,8.59689712524414
Distill50_0.1,1,402,15.3951644897461
Distill50_0.5,1,402,15.8798694610596
Current,1,402,0.73695182800293
Distill25_0.25,1,402,15.521764755249
Distill25_0.5,1,402,15.2709484100342
CE_control_0.1,1,402,14.6820545196533
CE_control_0.5,1,402,14.9719715118408
CE_control_1.0,1,402,8.64982604980469
Distill50_1.0,3,59,10.5109214782715
CE_control_0.1,3,59,16.4549350738525
Distill50_0.25,3,59,18.8190937042236
CE_control_0.5,3,59,16.2360668182373
Distill50_0.5,3,59,16.2258148193359
Distill25_0.5,3,59,15.5320167541504
CE_control_1.0,3,59,7.45797157287598
Distill50_0.1,3,59,17.3919200897217
Distill25_1.0,3,59,10.68115234375
Distill25_0.1,3,59,17.1430110931396
Distill25_0.25,3,59,17.7741050720215
CE_control_0.25,3,59,18.0220603942871
Current,3,59,0.79798698425293
Distill25_1.0,2,183,11.6028785705566
Distill25_0.5,2,183,17.6589488983154
Current,2,183,0.728845596313477
Distill50_0.1,2,183,18.1210041046143
CE_control_0.1,2,183,20.7200050354004
Distill50_1.0,2,183,10.8799934387207
Distill25_0.1,2,183,19.9859142303467
Distill25_0.25,2,183,19.1650390625
Distill50_0.5,2,183,20.1201438903809
CE_control_0.5,2,183,19.6127891540527
CE_control_1.0,2,183,10.357141494751
CE_control_0.25,2,183,20.6530094146729
Distill50_0.25,2,183,20.1990604400635
Current,2,526,0.891208648681641
Distill25_0.1,2,526,19.2170143127441
Distill50_0.5,2,526,18.6381340026855
Distill25_1.0,2,526,10.329008102417
CE_control_0.1,2,526,27.5471210479736
Distill50_0.25,2,526,16.3161754608154
Distill50_1.0,2,526,9.68217849731445
Distill25_0.5,2,526,16.1380767822266
CE_control_0.25,2,526,15.963077545166
Distill25_0.25,2,526,17.1329975128174
Distill50_0.1,2,526,17.0879364013672
CE_control_0.5,2,526,17.1310901641846
CE_control_1.0,2,526,9.41991806030273
CE_control_0.1,3,591,17.132043838501
Distill50_0.1,3,591,18.7599658966064
Distill25_0.1,3,591,20.3061103820801
CE_control_0.25,3,591,20.7920074462891
Distill50_0.5,3,591,19.2158222198486
Distill25_0.5,3,591,17.7550315856934
Distill50_1.0,3,591,7.9348087310791
Current,3,591,1.08814239501953
Distill25_0.25,3,591,19.0470218658447
Distill50_0.25,3,591,20.4038619995117
CE_control_0.5,3,591,19.2399024963379
Distill25_1.0,3,591,11.2910270690918
CE_control_1.0,3,591,9.51600074768066
Distill50_0.5,3,44,19.1020965576172
Distill25_1.0,3,44,8.62503051757813
CE_control_0.1,3,44,18.4080600738525
Distill50_0.1,3,44,20.3781127929688
Current,3,44,0.919103622436523
Distill50_1.0,3,44,9.43088531494141
CE_control_0.25,3,44,20.0650691986084
Distill25_0.25,3,44,21.7161178588867
Distill25_0.5,3,44,18.8641548156738
Distill25_0.1,3,44,17.6081657409668
CE_control_0.5,3,44,17.5850391387939
Distill50_0.25,3,44,17.8961753845215
CE_control_1.0,3,44,8.54992866516113
Current,2,241,1.07598304748535
CE_control_0.5,2,241,17.0559883117676
CE_control_0.1,2,241,16.7050361633301
Distill50_0.1,2,241,30.768871307373
CE_control_1.0,2,241,9.07206535339355
Distill50_0.5,2,241,18.1279182434082
Distill25_0.5,2,241,17.8380012512207
Distill25_0.1,2,241,16.9529914855957
Distill50_1.0,2,241,9.40799713134766
Distill25_1.0,2,241,8.23497772216797
CE_control_0.25,2,241,17.3048973083496
Distill50_0.25,2,241,16.0861015319824
Distill25_0.25,2,241,15.9921646118164
CE_control_0.25,1,388,14.4920349121094
CE_control_0.5,1,388,13.6890411376953
Distill25_0.1,1,388,14.3530368804932
Distill50_0.5,1,388,16.3190364837646
Distill50_0.25,1,388,13.8869285583496
Distill25_0.25,1,388,13.0600929260254
Distill50_0.1,1,388,13.4601593017578
CE_control_1.0,1,388,8.06379318237305
Distill25_1.0,1,388,8.06212425231934
CE_control_0.1,1,388,13.293981552124
Distill25_0.5,1,388,14.2111778259277
Current,1,388,0.657081604003906
Distill50_1.0,1,388,11.1219882965088
Current,3,156,0.899076461791992
CE_control_0.1,3,156,20.2920436859131
Distill25_1.0,3,156,11.6682052612305
CE_control_1.0,3,156,10.4410648345947
Distill50_0.1,3,156,20.3092098236084
CE_control_0.25,3,156,20.2679634094238
CE_control_0.5,3,156,20.7319259643555
Distill50_0.25,3,156,19.474983215332
Distill25_0.5,3,156,19.2492008209229
Distill25_0.25,3,156,19.5209980010986
Distill25_0.1,3,156,28.0230045318604
Distill50_1.0,3,156,10.4870796203613
Distill50_0.5,3,156,19.1619396209717
Distill50_0.25,1,238,17.4000263214111
Distill25_0.5,1,238,15.8929824829102
Current,1,238,0.822067260742188
CE_control_0.5,1,238,17.1279907226563
Distill50_0.5,1,238,16.3371562957764
Distill25_1.0,1,238,7.66611099243164
CE_control_1.0,1,238,8.148193359375
CE_control_0.1,1,238,15.9680843353271
Distill50_0.1,1,238,16.2229537963867
Distill25_0.1,1,238,16.6950225830078
Distill50_1.0,1,238,7.85398483276367
CE_control_0.25,1,238,16.4458751678467
Distill25_0.25,1,238,18.3999538421631
CE_control_0.25,1,161,19.6399688720703
Distill50_0.25,1,161,17.099142074585
Distill25_0.1,1,161,17.341136932373
Distill50_0.5,1,161,17.4491405487061
Distill25_0.5,1,161,17.437219619751
Distill25_0.25,1,161,16.1190032958984
Distill25_1.0,1,161,11.3179683685303
Current,1,161,0.866174697875977
Distill50_1.0,1,161,11.3720893859863
CE_control_1.0,1,161,12.7840042114258
Distill50_0.1,1,161,16.3578987121582
CE_control_0.5,1,161,16.2861347198486
CE_control_0.1,1,161,14.8940086364746
CE_control_0.25,2,519,18.5501575469971
Distill50_1.0,2,519,8.85105133056641
Current,2,519,1.02496147155762
Distill25_0.25,2,519,28.0358791351318
CE_control_0.5,2,519,19.5999145507813
Distill25_1.0,2,519,9.97018814086914
CE_control_1.0,2,519,8.6369514465332
Distill25_0.5,2,519,17.4739360809326
Distill50_0.25,2,519,18.2120800018311
Distill50_0.5,2,519,18.1210041046143
Distill25_0.1,2,519,17.8320407867432
CE_control_0.1,2,519,17.2579288482666
Distill50_0.1,2,519,17.9409980773926
Distill50_1.0,3,267,9.10401344299316
Distill50_0.1,3,267,15.4368877410889
Distill25_0.1,3,267,15.7029628753662
CE_control_0.1,3,267,15.8629417419434
Distill25_1.0,3,267,8.1021785736084
Distill25_0.25,3,267,15.2750015258789
Distill50_0.25,3,267,15.7790184020996
CE_control_0.5,3,267,16.2179470062256
Distill25_0.5,3,267,17.0819759368896
CE_control_0.25,3,267,16.4220333099365
CE_control_1.0,3,267,7.45391845703125
Current,3,267,1.01208686828613
Distill50_0.5,3,267,16.9022083282471
CE_control_1.0,1,213,8.26597213745117
Current,1,213,0.786066055297852
Distill50_0.5,1,213,20.1449394226074
Distill25_1.0,1,213,9.46784019470215
Distill25_0.5,1,213,19.4299221038818
Distill50_0.25,1,213,20.4219818115234
CE_control_0.25,1,213,22.367000579834
CE_control_0.5,1,213,20.0788974761963
Distill25_0.25,1,213,19.6011066436768
Distill50_0.1,1,213,20.3289985656738
Distill50_1.0,1,213,9.85908508300781
CE_control_0.1,1,213,19.6559429168701
Distill25_0.1,1,213,21.327018737793
Distill25_0.5,1,140,29.5441150665283
Distill25_1.0,1,140,9.69219207763672
CE_control_0.5,1,140,17.2121524810791
Distill50_0.25,1,140,16.1452293395996
CE_control_0.25,1,140,15.7828330993652
Distill25_0.25,1,140,15.8970355987549
Distill50_1.0,1,140,7.16686248779297
CE_control_1.0,1,140,9.66620445251465
Current,1,140,0.946044921875
Distill50_0.1,1,140,15.6319141387939
Distill25_0.1,1,140,16.4039134979248
Distill50_0.5,1,140,16.9501304626465
CE_control_0.1,1,140,15.8209800720215
Distill50_1.0,1,351,9.01913642883301
CE_control_0.1,1,351,19.0889835357666
CE_control_0.5,1,351,17.7419185638428
Distill25_0.1,1,351,17.0719623565674
Current,1,351,0.967979431152344
Distill50_0.25,1,351,17.2312259674072
CE_control_0.25,1,351,18.6328887939453
Distill25_0.25,1,351,19.7410583496094
Distill50_0.5,1,351,20.723819732666
CE_control_1.0,1,351,9.83905792236328
Distill25_0.5,1,351,19.028902053833
Distill50_0.1,1,351,19.1440582275391
Distill25_1.0,1,351,9.86099243164062
CE_control_0.5,3,311,18.373966217041
Distill50_0.5,3,311,20.22385597229
CE_control_0.1,3,311,19.2179679870605
Distill25_1.0,3,311,11.5249156951904
Distill25_0.25,3,311,19.2561149597168
Current,3,311,0.998973846435547
Distill50_0.25,3,311,18.7861919403076
Distill50_0.1,3,311,58.635950088501
Distill50_1.0,3,311,12.8059387207031
CE_control_1.0,3,311,10.7851028442383
CE_control_0.25,3,311,17.1070098876953
Distill25_0.1,3,311,17.0459747314453
Distill25_0.5,3,311,17.2169208526611
Distill25_0.25,3,255,19.5760726928711
Current,3,255,0.724077224731445
Distill50_0.5,3,255,18.8660621643066
Distill50_0.1,3,255,19.773006439209
CE_control_0.25,3,255,18.8851356506348
Distill50_1.0,3,255,9.50288772583008
CE_control_0.5,3,255,19.888162612915
Distill25_0.1,3,255,20.866870880127
CE_control_1.0,3,255,8.71896743774414
CE_control_0.1,3,255,20.2951431274414
Distill25_1.0,3,255,12.4430656433105
Distill50_0.25,3,255,35.6061458587647
Distill25_0.5,3,255,33.937931060791
Distill50_0.5,2,189,30.7118892669678
CE_control_0.5,2,189,19.521951675415
Distill25_1.0,2,189,9.79495048522949
Distill25_0.5,2,189,18.251895904541
Distill50_1.0,2,189,9.56606864929199
Current,2,189,0.829219818115234
CE_control_0.1,2,189,18.388032913208
CE_control_0.25,2,189,20.7810401916504
CE_control_1.0,2,189,10.2410316467285
Distill25_0.25,2,189,19.0877914428711
Distill25_0.1,2,189,18.6259746551514
Distill50_0.25,2,189,21.6379165649414
Distill50_0.1,2,189,20.3430652618408
CE_control_0.1,1,80,19.6270942687988
Distill50_0.1,1,80,19.7091102600098
CE_control_0.5,1,80,33.7958335876465
Distill25_0.25,1,80,20.3261375427246
Distill25_0.5,1,80,19.6158885955811
CE_control_0.25,1,80,18.3470249176025
Distill50_0.5,1,80,18.7418460845947
Current,1,80,0.771045684814453
Distill50_1.0,1,80,10.3259086608887
Distill25_1.0,1,80,10.0798606872559
CE_control_1.0,1,80,10.7550621032715
Distill25_0.1,1,80,18.3968544006348
Distill50_0.25,1,80,18.0809497833252
CE_control_0.1,3,285,16.9329643249512
Distill25_1.0,3,285,7.88187980651856
Distill25_0.5,3,285,16.948938369751
Distill50_0.1,3,285,16.4289474487305
CE_control_0.25,3,285,15.6569480895996
Distill25_0.1,3,285,19.9739933013916
Distill50_1.0,3,285,10.840892791748
Distill25_0.25,3,285,17.4059867858887
Distill50_0.25,3,285,17.1360969543457
Distill50_0.5,3,285,16.7460441589355
CE_control_1.0,3,285,8.96978378295898
CE_control_0.5,3,285,17.0698165893555
Current,3,285,0.906944274902344
CE_control_1.0,1,353,8.34202766418457
Distill25_1.0,1,353,11.134147644043
Distill25_0.25,1,353,17.5409317016602
Distill50_0.25,1,353,16.6659355163574
CE_control_0.1,1,353,19.32692527771
CE_control_0.5,1,353,18.543004989624
Distill50_1.0,1,353,8.76617431640625
Distill50_0.1,1,353,24.5299339294434
Distill50_0.5,1,353,17.6780223846436
Current,1,353,0.879049301147461
Distill25_0.1,1,353,18.6569690704346
CE_control_0.25,1,353,18.2778835296631
Distill25_0.5,1,353,20.2240943908691
Distill25_0.5,2,477,30.0018787384033
CE_control_0.5,2,477,16.3371562957764
Distill50_0.1,2,477,16.2420272827148
Distill50_0.5,2,477,15.6528949737549
CE_control_0.25,2,477,16.8800354003906
Distill50_0.25,2,477,16.5739059448242
CE_control_1.0,2,477,9.02199745178223
Distill25_1.0,2,477,7.78508186340332
Current,2,477,0.900983810424805
Distill25_0.25,2,477,14.8820877075195
Distill25_0.1,2,477,15.9909725189209
Distill50_1.0,2,477,10.4141235351563
CE_control_0.1,2,477,14.8298740386963
CE_control_0.5,3,401,15.8369541168213
Current,3,401,0.849008560180664
Distill25_0.25,3,401,17.3039436340332
Distill25_0.1,3,401,16.9320106506348
Distill25_1.0,3,401,7.99083709716797
Distill50_0.25,3,401,17.8110599517822
CE_control_1.0,3,401,8.49294662475586
Distill50_1.0,3,401,9.13906097412109
CE_control_0.25,3,401,18.6078548431396
Distill50_0.5,3,401,19.4330215454102
CE_control_0.1,3,401,18.0840492248535
Distill25_0.5,3,401,18.110990524292
Distill50_0.1,3,401,17.9879665374756
Distill50_0.25,3,325,18.4290409088135
Distill50_0.1,3,325,18.8119411468506
CE_control_0.25,3,325,18.7268257141113
Distill25_1.0,3,325,9.15098190307617
Distill25_0.25,3,325,19.5889472961426
Distill25_0.1,3,325,17.7950859069824
Distill50_1.0,3,325,9.9029541015625
Current,3,325,0.783920288085938
CE_control_1.0,3,325,10.2939605712891
Distill25_0.5,3,325,18.2030200958252
Distill50_0.5,3,325,19.1011428833008
CE_control_0.1,3,325,19.420862197876
CE_control_0.5,3,325,19.3469524383545
Distill50_0.1,2,233,33.4720611572266
Distill50_1.0,2,233,10.5459690093994
CE_control_0.1,2,233,22.8581428527832
Distill50_0.5,2,233,21.8667984008789
CE_control_0.5,2,233,21.1319923400879
Distill25_0.1,2,233,24.0528583526611
CE_control_1.0,2,233,10.1659297943115
Distill25_0.25,2,233,23.8780975341797
Distill25_1.0,2,233,12.7809047698975
Current,2,233,0.98109245300293
Distill25_0.5,2,233,23.108959197998
CE_control_0.25,2,233,21.5728282928467
Distill50_0.25,2,233,25.0670909881592
Distill50_0.25,1,187,18.9418792724609
CE_control_0.25,1,187,17.8778171539307
Distill25_0.1,1,187,19.1030502319336
CE_control_0.1,1,187,22.1641063690186
Distill50_0.1,1,187,23.9810943603516
Distill25_0.5,1,187,18.8620090484619
Current,1,187,0.733137130737305
Distill50_1.0,1,187,11.1281871795654
Distill25_1.0,1,187,8.57901573181152
Distill25_0.25,1,187,20.2319622039795
Distill50_0.5,1,187,19.8819637298584
CE_control_0.5,1,187,19.0539360046387
CE_control_1.0,1,187,8.94689559936523
Distill25_0.5,1,219,20.9848880767822
Distill25_0.1,1,219,19.6888446807861
CE_control_1.0,1,219,9.93490219116211
Distill50_0.25,1,219,20.4470157623291
Distill50_1.0,1,219,10.4761123657227
Distill25_0.25,1,219,19.2461013793945
CE_control_0.5,1,219,19.7348594665527
Current,1,219,0.738859176635742
CE_control_0.1,1,219,23.514986038208
CE_control_0.25,1,219,30.9159755706787
Distill50_0.5,1,219,18.4700489044189
Distill50_0.1,1,219,17.9061889648438
Distill25_1.0,1,219,8.78095626831055
Distill25_0.25,1,413,19.0939903259277
Distill50_1.0,1,413,9.21797752380371
Distill25_0.5,1,413,17.2820091247559
CE_control_1.0,1,413,7.98678398132324
Distill25_0.1,1,413,17.8790092468262
Distill50_0.25,1,413,18.017053604126
Distill50_0.1,1,413,18.1431770324707
CE_control_0.25,1,413,18.2540416717529
Distill50_0.5,1,413,17.9100036621094
CE_control_0.5,1,413,17.2200202941895
Distill25_1.0,1,413,8.88800621032715
Current,1,413,0.985145568847656
CE_control_0.1,1,413,17.5890922546387
Distill50_0.5,2,23,20.0910568237305
CE_control_0.25,2,23,18.7389850616455
Current,2,23,0.786066055297852
Distill50_0.25,2,23,21.2161540985107
Distill25_1.0,2,23,10.8940601348877
Distill25_0.25,2,23,19.5508003234863
Distill25_0.5,2,23,19.7830200195313
Distill25_0.1,2,23,19.5560455322266
CE_control_0.5,2,23,19.4408893585205
CE_control_0.1,2,23,19.32692527771
CE_control_1.0,2,23,10.8790397644043
Distill50_1.0,2,23,10.1017951965332
Distill50_0.1,2,23,20.4410552978516
Distill25_0.5,1,103,15.3279304504395
CE_control_0.5,1,103,15.3539180755615
Distill50_1.0,1,103,9.50789451599121
Current,1,103,1.17397308349609
Distill50_0.5,1,103,16.0810947418213
Distill25_1.0,1,103,9.4759464263916
Distill25_0.1,1,103,15.6710147857666
Distill25_0.25,1,103,27.7838706970215
Distill50_0.1,1,103,16.1218643188477
CE_control_1.0,1,103,9.33098793029785
CE_control_0.25,1,103,15.2499675750732
CE_control_0.1,1,103,16.9260501861572
Distill50_0.25,1,103,15.2480602264404
CE_control_0.5,1,500,15.7229900360107
CE_control_0.1,1,500,15.2368545532227
Distill25_0.5,1,500,14.9600505828857
Distill25_0.1,1,500,15.8350467681885
Distill25_1.0,1,500,9.73105430603027
Distill50_0.25,1,500,17.6589488983154
Distill50_0.5,1,500,17.6711082458496
Distill50_0.1,1,500,17.0261859893799
CE_control_1.0,1,500,10.2019309997559
CE_control_0.25,1,500,16.2088871002197
Current,1,500,0.823974609375
Distill25_0.25,1,500,17.9078578948975
Distill50_1.0,1,500,10.2179050445557
Distill25_0.25,3,505,18.7370777130127
Distill50_1.0,3,505,10.394811630249
CE_control_1.0,3,505,10.15305519104
Distill25_0.1,3,505,20.9000110626221
Distill50_0.1,3,505,18.8858509063721
Distill25_1.0,3,505,8.07690620422363
Current,3,505,0.813961029052734
CE_control_0.1,3,505,19.8221206665039
Distill50_0.5,3,505,19.7238922119141
Distill50_0.25,3,505,18.4099674224854
Distill25_0.5,3,505,18.1338787078857
CE_control_0.5,3,505,17.3280239105225
CE_control_0.25,3,505,17.6069736480713
Distill50_0.1,1,98,20.9200382232666
Distill25_0.25,1,98,24.7149467468262
Distill50_1.0,1,98,9.95898246765137
CE_control_0.5,1,98,23.1611728668213
CE_control_0.25,1,98,30.9350490570068
Distill50_0.5,1,98,19.9739933013916
Distill50_0.25,1,98,20.6029415130615
Distill25_1.0,1,98,9.6290111541748
CE_control_1.0,1,98,9.00793075561523
Distill25_0.1,1,98,21.8570232391357
CE_control_0.1,1,98,22.6140022277832
Distill25_0.5,1,98,21.0318565368652
Current,1,98,0.978946685791016
CE_control_0.1,2,582,16.812801361084
Distill50_0.25,2,582,16.5238380432129
Distill25_0.1,2,582,16.4408683776855
CE_control_0.5,2,582,15.7890319824219
Distill25_1.0,2,582,10.2171897888184
Distill25_0.25,2,582,16.4139270782471
Current,2,582,0.782012939453125
Distill25_0.5,2,582,15.8259868621826
CE_control_0.25,2,582,15.7289505004883
CE_control_1.0,2,582,8.20684432983398
Distill50_0.1,2,582,16.6220664978027
Distill50_1.0,2,582,9.21988487243652
Distill50_0.5,2,582,17.0059204101563
Distill25_0.1,2,226,19.5639133453369
Distill25_0.25,2,226,19.5419788360596
Distill50_0.5,2,226,19.0420150756836
CE_control_0.1,2,226,19.2830562591553
Current,2,226,0.787973403930664
Distill50_0.25,2,226,18.2249546051025
Distill25_0.5,2,226,17.6141262054443
CE_control_0.25,2,226,18.2361602783203
Distill50_0.1,2,226,18.4550285339355
Distill25_1.0,2,226,10.4620456695557
CE_control_0.5,2,226,17.5261497497559
Distill50_1.0,2,226,9.30309295654297
CE_control_1.0,2,226,9.28688049316406
CE_control_0.5,1,272,26.979923248291
Distill50_0.25,1,272,15.3977870941162
Distill25_0.5,1,272,15.2299404144287
Distill25_0.25,1,272,15.4910087585449
Distill25_0.1,1,272,17.9860591888428
CE_control_0.25,1,272,16.7880058288574
CE_control_0.1,1,272,16.5939331054688
Current,1,272,0.777959823608398
Distill50_0.5,1,272,16.754150390625
CE_control_1.0,1,272,8.43691825866699
Distill50_1.0,1,272,9.83810424804688
Distill25_1.0,1,272,8.62693786621094
Distill50_0.1,1,272,17.6739692687988
Distill25_0.5,1,181,17.6620483398438
Distill25_0.25,1,181,17.7700519561768
Distill25_0.1,1,181,17.690896987915
CE_control_0.25,1,181,17.9238319396973
Distill50_0.25,1,181,17.5900459289551
Distill25_1.0,1,181,9.33504104614258
Distill50_0.5,1,181,18.233060836792
Distill50_0.1,1,181,17.7688598632813
CE_control_1.0,1,181,9.96685028076172
Current,1,181,0.885009765625
Distill50_1.0,1,181,9.87792015075684
CE_control_0.5,1,181,18.7151432037354
CE_control_0.1,1,181,19.705057144165
Distill25_0.1,3,266,17.55690574646
CE_control_0.1,3,266,16.8898105621338
CE_control_0.25,3,266,17.003059387207
Distill50_0.5,3,266,17.3330307006836
Distill50_0.25,3,266,17.4589157104492
Current,3,266,0.870943069458008
CE_control_1.0,3,266,10.1339817047119
Distill50_1.0,3,266,11.2800598144531
Distill25_1.0,3,266,11.2218856811523
Distill25_0.5,3,266,17.3568725585938
Distill50_0.1,3,266,18.5220241546631
Distill25_0.25,3,266,15.6550407409668
CE_control_0.5,3,266,15.7809257507324
CE_control_0.1,1,401,18.1031227111816
Distill25_0.1,1,401,17.9979801177979
Distill25_0.25,1,401,16.2539482116699
CE_control_1.0,1,401,7.71999359130859
Current,1,401,1.14893913269043
CE_control_0.5,1,401,17.0469284057617
Distill50_1.0,1,401,9.88483428955078
CE_control_0.25,1,401,16.2258148193359
Distill50_0.5,1,401,17.2889232635498
Distill25_1.0,1,401,9.20581817626953
Distill50_0.25,1,401,18.1939601898193
Distill25_0.5,1,401,18.2290077209473
Distill50_0.1,1,401,17.7428722381592
Distill50_0.5,1,597,15.7301425933838
CE_control_0.1,1,597,16.2410736083984
Current,1,597,0.725030899047852
Distill25_0.5,1,597,16.402006149292
Distill25_0.1,1,597,16.3450241088867
Distill50_0.25,1,597,16.7610645294189
Distill50_0.1,1,597,16.3760185241699
CE_control_0.25,1,597,16.2298679351807
Distill25_0.25,1,597,16.4439678192139
CE_control_0.5,1,597,16.0188674926758
Distill25_1.0,1,597,8.23211669921875
Distill50_1.0,1,597,9.552001953125
CE_control_1.0,1,597,8.23616981506348
Distill25_0.25,1,184,18.5308456420898
CE_control_0.5,1,184,17.8110599517822
Distill25_0.1,1,184,18.0308818817139
Distill50_0.5,1,184,17.9169178009033
Distill50_0.25,1,184,17.686128616333
Current,1,184,0.802040100097656
CE_control_0.1,1,184,17.676830291748
Distill50_0.1,1,184,17.7361965179443
Distill50_1.0,1,184,9.22203063964844
Distill25_1.0,1,184,9.06109809875488
CE_control_0.25,1,184,16.4029598236084
Distill25_0.5,1,184,16.3760185241699
CE_control_1.0,1,184,7.25698471069336
CE_control_0.25,2,450,18.8391208648682
Distill25_1.0,2,450,8.32009315490723
Distill50_0.5,2,450,17.5528526306152
Distill50_0.1,2,450,18.1500911712646
Current,2,450,0.753879547119141
CE_control_0.5,2,450,20.3039646148682
Distill50_1.0,2,450,8.64291191101074
CE_control_1.0,2,450,7.95912742614746
Distill25_0.25,2,450,19.3891525268555
Distill50_0.25,2,450,18.7931060791016
Distill25_0.1,2,450,18.8150405883789
CE_control_0.1,2,450,18.0940628051758
Distill25_0.5,2,450,19.1140174865723
Distill25_0.1,2,258,19.5958614349365
CE_control_1.0,2,258,10.2670192718506
Distill50_0.1,2,258,19.3328857421875
Distill50_0.25,2,258,19.0248489379883
Distill25_0.25,2,258,18.6560153961182
CE_control_0.1,2,258,18.4159278869629
Distill50_0.5,2,258,18.5549259185791
Distill50_1.0,2,258,18.8460350036621
CE_control_0.5,2,258,27.724027633667
Distill25_1.0,2,258,11.4250183105469
Current,2,258,0.891923904418945
Distill25_0.5,2,258,19.697904586792
CE_control_0.25,2,258,20.0190544128418
Distill25_0.5,2,441,19.2060470581055
Distill25_1.0,2,441,9.67288017272949
CE_control_1.0,2,441,9.18102264404297
Distill50_0.25,2,441,17.6160335540771
CE_control_0.1,2,441,18.0220603942871
Distill50_1.0,2,441,9.57393646240234
Distill25_0.25,2,441,17.7268981933594
CE_control_0.25,2,441,17.4260139465332
Distill25_0.1,2,441,17.9338455200195
Distill50_0.1,2,441,17.8780555725098
Current,2,441,0.813961029052734
CE_control_0.5,2,441,17.8577899932861
Distill50_0.5,2,441,18.2180404663086
Distill25_0.5,3,65,17.3709392547607
Current,3,65,0.790119171142578
Distill25_0.25,3,65,16.8960094451904
Distill50_0.25,3,65,18.0821418762207
CE_control_1.0,3,65,9.24897193908691
Distill50_1.0,3,65,9.63783264160156
Distill50_0.5,3,65,17.1120166778564
Distill25_0.1,3,65,17.7569389343262
CE_control_0.1,3,65,17.3661708831787
Distill25_1.0,3,65,9.45591926574707
Distill50_0.1,3,65,20.0090408325195
CE_control_0.25,3,65,19.0620422363281
CE_control_0.5,3,65,19.5980072021484
Distill25_0.5,2,462,18.0070400238037
Distill50_0.25,2,462,18.7990665435791
CE_control_0.5,2,462,20.9109783172607
Distill25_0.1,2,462,19.8969841003418
CE_control_1.0,2,462,9.31000709533691
Distill25_1.0,2,462,10.5481147766113
Distill50_1.0,2,462,9.65213775634766
Distill25_0.25,2,462,20.2758312225342
CE_control_0.1,2,462,19.7391510009766
CE_control_0.25,2,462,19.6890830993652
Distill50_0.1,2,462,21.0561752319336
Current,2,462,13.5149955749512
Distill50_0.5,2,462,19.4730758666992
Distill50_0.25,1,178,19.3309783935547
Distill25_0.5,1,178,18.0759429931641
Distill50_1.0,1,178,9.10782814025879
CE_control_1.0,1,178,9.82284545898438
Distill25_1.0,1,178,9.22894477844238
Distill25_0.25,1,178,18.2070732116699
CE_control_0.1,1,178,17.9910659790039
Distill50_0.5,1,178,18.3291435241699
Distill50_0.1,1,178,18.7900066375732
Distill25_0.1,1,178,20.6620693206787
CE_control_0.25,1,178,20.413875579834
Current,1,178,0.926017761230469
CE_control_0.5,1,178,18.5239315032959
CE_control_0.25,3,121,16.9909000396729
Distill25_1.0,3,121,9.06705856323242
Distill50_0.25,3,121,17.9431438446045
Current,3,121,0.821828842163086
CE_control_0.5,3,121,17.4739360809326
Distill25_0.5,3,121,18.2700157165527
Distill25_0.1,3,121,17.754077911377
Distill25_0.25,3,121,18.0361270904541
CE_control_0.1,3,121,17.8160667419434
Distill50_1.0,3,121,10.0548267364502
Distill50_0.5,3,121,18.0079936981201
Distill50_0.1,3,121,17.7490711212158
CE_control_1.0,3,121,8.92996788024902
Distill25_0.1,3,296,19.8101997375488
Distill25_0.25,3,296,18.1338787078857
Distill50_0.1,3,296,18.0327892303467
Distill50_0.25,3,296,17.8208351135254
CE_control_0.5,3,296,17.1959400177002
CE_control_0.1,3,296,18.2390213012695
Distill25_1.0,3,296,20.4291343688965
Distill50_1.0,3,296,10.5860233306885
Current,3,296,0.900983810424805
Distill50_0.5,3,296,16.6921615600586
CE_control_1.0,3,296,8.43906402587891
CE_control_0.25,3,296,17.0509815216064
Distill25_0.5,3,296,16.0610675811768
Distill50_1.0,3,191,9.73081588745117
Distill25_0.1,3,191,16.9150829315186
Distill25_1.0,3,191,12.6309394836426
CE_control_0.25,3,191,17.765998840332
Distill25_0.25,3,191,18.9838409423828
Distill50_0.5,3,191,19.8149681091309
CE_control_1.0,3,191,12.1009349822998
Current,3,191,0.818014144897461
Distill25_0.5,3,191,19.5260047912598
CE_control_0.5,3,191,19.6189880371094
CE_control_0.1,3,191,18.6059474945068
Distill50_0.1,3,191,18.8758373260498
Distill50_0.25,3,191,19.1459655761719
CE_control_0.5,3,214,16.6809558868408
Distill50_0.5,3,214,16.8070793151855
CE_control_0.1,3,214,17.2560214996338
CE_control_0.25,3,214,17.1089172363281
Distill25_0.5,3,214,17.1248912811279
Distill50_1.0,3,214,10.3468894958496
Distill25_1.0,3,214,9.58704948425293
Current,3,214,0.828981399536133
Distill25_0.1,3,214,16.9730186462402
Distill50_0.1,3,214,17.2061920166016
Distill25_0.25,3,214,16.6959762573242
Distill50_0.25,3,214,16.8459415435791
CE_control_1.0,3,214,9.69600677490234
CE_control_0.5,3,478,28.6648273468018
Distill25_0.25,3,478,19.2539691925049
Distill50_0.25,3,478,19.0880298614502
Current,3,478,0.810146331787109
CE_control_0.1,3,478,19.4940567016602
Distill25_0.5,3,478,19.665002822876
CE_control_0.25,3,478,18.8021659851074
Distill50_0.1,3,478,18.8648700714111
Distill25_1.0,3,478,9.3841552734375
Distill50_1.0,3,478,9.58085060119629
CE_control_1.0,3,478,10.3020668029785
Distill25_0.1,3,478,19.575834274292
Distill50_0.5,3,478,21.2898254394531
CE_control_1.0,2,52,9.68289375305176
Distill50_0.1,2,52,17.1520709991455
CE_control_0.5,2,52,17.3549652099609
Distill50_0.25,2,52,17.7428722381592
Distill50_0.5,2,52,17.927885055542
Distill25_0.1,2,52,18.326997756958
Distill25_0.5,2,52,18.7690258026123
CE_control_0.1,2,52,18.4271335601807
Distill50_1.0,2,52,9.35792922973633
Distill25_0.25,2,52,18.8419818878174
Current,2,52,0.851154327392578
CE_control_0.25,2,52,19.1719532012939
Distill25_1.0,2,52,9.45711135864258
Distill50_1.0,2,262,11.397123336792
Distill25_0.1,2,262,17.2691345214844
Distill50_0.1,2,262,17.1859264373779
CE_control_1.0,2,262,9.06920433044434
Distill50_0.5,2,262,16.8051719665527
CE_control_0.25,2,262,17.4520015716553
Distill25_0.25,2,262,17.1167850494385
CE_control_0.1,2,262,17.4820423126221
Current,2,262,0.839948654174805
Distill50_0.25,2,262,27.3370742797852
CE_control_0.5,2,262,15.1760578155518
Distill25_1.0,2,262,9.61184501647949
Distill25_0.5,2,262,13.9570236206055
Current,3,598,0.710964202880859
Distill50_1.0,3,598,7.50088691711426
CE_control_1.0,3,598,9.16314125061035
CE_control_0.5,3,598,14.6770477294922
Distill50_0.5,3,598,17.0090198516846
Distill50_0.25,3,598,16.7829990386963
Distill25_1.0,3,598,9.22012329101562
CE_control_0.1,3,598,16.6380405426025
Distill25_0.1,3,598,16.7040824890137
Distill25_0.25,3,598,16.4980888366699
Distill25_0.5,3,598,16.4799690246582
CE_control_0.25,3,598,17.2908306121826
Distill50_0.1,3,598,16.7219638824463
Distill50_0.5,1,503,16.2670612335205
Distill25_1.0,1,503,8.81290435791016
Distill25_0.1,1,503,16.0958766937256
CE_control_0.1,1,503,16.2749290466309
Distill50_0.1,1,503,16.4580345153809
Distill50_1.0,1,503,10.7159614562988
CE_control_0.5,1,503,16.4060592651367
Distill25_0.25,1,503,15.9668922424316
CE_control_0.25,1,503,15.7039165496826
Distill50_0.25,1,503,16.1459445953369
Current,1,503,0.79798698425293
Distill25_0.5,1,503,15.5510902404785
CE_control_1.0,1,503,8.42499732971191
CE_control_0.1,2,80,19.7241306304932
Distill50_1.0,2,80,11.0061168670654
Distill25_0.25,2,80,20.1840400695801
Distill50_0.5,2,80,20.1840400695801
CE_control_0.25,2,80,18.8050270080566
Distill50_0.1,2,80,28.9139747619629
Distill25_1.0,2,80,10.6368064880371
CE_control_0.5,2,80,18.1879997253418
Distill50_0.25,2,80,19.0579891204834
Distill25_0.5,2,80,17.8208351135254
Distill25_0.1,2,80,17.4360275268555
Current,2,80,0.919103622436523
CE_control_1.0,2,80,8.79907608032227
Distill50_0.1,2,51,15.5608654022217
CE_control_0.25,2,51,14.9750709533691
Distill25_0.25,2,51,17.0528888702393
CE_control_0.5,2,51,16.7050361633301
Distill25_0.1,2,51,16.9320106506348
Distill25_0.5,2,51,16.3347721099854
Current,2,51,0.803947448730469
CE_control_0.1,2,51,15.9862041473389
Distill50_0.5,2,51,15.8259868621826
Distill25_1.0,2,51,7.29799270629883
CE_control_1.0,2,51,8.00895690917969
Distill50_1.0,2,51,8.09502601623535
Distill50_0.25,2,51,16.5450572967529
Distill50_0.1,1,52,17.0290470123291
Current,1,52,0.897884368896484
CE_control_0.5,1,52,17.6360607147217
Distill50_0.25,1,52,18.0778503417969
CE_control_0.1,1,52,16.1521434783936
Distill25_0.25,1,52,17.1449184417725
CE_control_1.0,1,52,8.19087028503418
Distill50_0.5,1,52,17.7700519561768
CE_control_0.25,1,52,18.2809829711914
Distill50_1.0,1,52,8.41379165649414
Distill25_0.1,1,52,17.4710750579834
Distill25_1.0,1,52,9.73606109619141
Distill25_0.5,1,52,17.9541110992432
Distill50_0.25,2,115,19.0689563751221
Distill25_0.25,2,115,20.4610824584961
CE_control_0.5,2,115,31.5799713134766
Distill50_0.5,2,115,19.5651054382324
Distill50_1.0,2,115,10.828971862793
CE_control_0.1,2,115,19.6859836578369
CE_control_0.25,2,115,21.3718414306641
CE_control_1.0,2,115,10.8869075775146
Distill25_0.5,2,115,21.1429595947266
Distill25_1.0,2,115,10.9410285949707
Current,2,115,0.810861587524414
Distill25_0.1,2,115,20.2169418334961
Distill50_0.1,2,115,19.9201107025146
CE_control_0.1,2,452,16.9320106506348
CE_control_0.5,2,452,15.7909393310547
Distill25_0.5,2,452,16.3500308990479
Distill50_0.1,2,452,16.7701244354248
CE_control_1.0,2,452,9.60588455200195
Distill25_0.1,2,452,17.3799991607666
Distill25_1.0,2,452,10.0209712982178
CE_control_0.25,2,452,17.3289775848389
Distill50_0.25,2,452,17.1201229095459
Distill50_1.0,2,452,9.50407981872559
Distill25_0.25,2,452,15.5558586120605
Current,2,452,0.881195068359375
Distill50_0.5,2,452,16.3149833679199
Distill25_1.0,2,18,10.0209712982178
CE_control_0.1,2,18,21.0011005401611
CE_control_0.25,2,18,20.068883895874
Distill25_0.25,2,18,20.1289653778076
Distill50_0.1,2,18,20.9720134735107
Distill50_0.5,2,18,20.6871032714844
Distill50_1.0,2,18,9.89985466003418
Current,2,18,0.875949859619141
Distill25_0.1,2,18,19.3991661071777
Distill50_0.25,2,18,19.0198421478271
CE_control_1.0,2,18,11.0759735107422
CE_control_0.5,2,18,17.8658962249756
Distill25_0.5,2,18,19.0620422363281
CE_control_0.25,3,485,18.953800201416
CE_control_1.0,3,485,8.96096229553223
Distill25_0.5,3,485,17.3850059509277
Distill25_1.0,3,485,8.21709632873535
Distill50_0.25,3,485,18.502950668335
Distill50_0.1,3,485,18.0971622467041
Distill25_0.25,3,485,18.2998180389404
Distill50_1.0,3,485,8.28194618225098
CE_control_0.1,3,485,19.6998119354248
Distill50_0.5,3,485,19.1168785095215
Distill25_0.1,3,485,18.6150074005127
Current,3,485,0.708818435668945
CE_control_0.5,3,485,18.0768966674805
Distill25_0.1,2,383,18.0559158325195
CE_control_1.0,2,383,8.66198539733887
Distill25_1.0,2,383,8.68296623229981
Distill50_1.0,2,383,10.2710723876953
CE_control_0.1,2,383,18.2821750640869
Distill50_0.25,2,383,17.4050331115723
Distill50_0.1,2,383,17.4999237060547
CE_control_0.5,2,383,17.0199871063232
Distill25_0.5,2,383,18.6169147491455
Distill50_0.5,2,383,18.6309814453125
Distill25_0.25,2,383,19.5519924163818
CE_control_0.25,2,383,18.6350345611572
Current,2,383,0.996112823486328
Distill50_0.25,1,150,19.1390514373779
Distill50_0.1,1,150,18.7070369720459
Distill25_1.0,1,150,9.87696647644043
CE_control_0.25,1,150,17.880916595459
CE_control_0.5,1,150,29.0539264678955
CE_control_1.0,1,150,9.13000106811523
Distill25_0.25,1,150,17.8990364074707
Distill50_1.0,1,150,10.5080604553223
Current,1,150,1.01494789123535
Distill25_0.1,1,150,17.4357891082764
Distill50_0.5,1,150,18.2092189788818
Distill25_0.5,1,150,18.3110237121582
CE_control_0.1,1,150,18.916130065918
CE_control_0.1,3,480,17.6079273223877
Distill25_0.1,3,480,17.4739360809326
CE_control_0.5,3,480,17.8718566894531
Distill50_0.5,3,480,17.6019668579102
Distill25_0.25,3,480,17.0669555664063
Current,3,480,0.787973403930664
Distill25_0.5,3,480,17.1201229095459
Distill50_1.0,3,480,8.00704956054688
CE_control_1.0,3,480,10.4138851165771
Distill25_1.0,3,480,8.36992263793945
Distill50_0.1,3,480,18.0251598358154
CE_control_0.25,3,480,17.3819065093994
Distill50_0.25,3,480,17.2948837280273
CE_control_1.0,1,555,9.09018516540527
CE_control_0.5,1,555,15.1710510253906
Distill50_0.5,1,555,15.4130458831787
CE_control_0.1,1,555,15.2480602264404
CE_control_0.25,1,555,15.4619216918945
Distill50_1.0,1,555,9.23705101013184
Distill25_0.1,1,555,14.3098831176758
Distill50_0.1,1,555,15.8138275146484
Current,1,555,0.710010528564453
Distill25_1.0,1,555,9.8719596862793
Distill50_0.25,1,555,15.2089595794678
Distill25_0.5,1,555,14.8851871490479
Distill25_0.25,1,555,14.5177841186523
CE_control_1.0,1,474,20.136833190918
Distill50_0.1,1,474,17.4000263214111
CE_control_0.5,1,474,16.8230533599854
Distill25_0.25,1,474,17.8358554840088
CE_control_0.1,1,474,20.0021266937256
Current,1,474,0.917911529541016
Distill25_0.5,1,474,18.1469917297363
Distill25_0.1,1,474,17.3799991607666
CE_control_0.25,1,474,17.23313331604
Distill25_1.0,1,474,8.96406173706055
Distill50_1.0,1,474,9.07588005065918
Distill50_0.25,1,474,17.1351432800293
Distill50_0.5,1,474,17.4520015716553
CE_control_1.0,2,523,9.07802581787109
Distill50_1.0,2,523,9.57894325256348
CE_control_0.5,2,523,20.8969116210938
Current,2,523,0.838994979858398
CE_control_0.25,2,523,21.4240550994873
Distill25_0.1,2,523,21.3179588317871
CE_control_0.1,2,523,19.6769237518311
Distill25_1.0,2,523,9.27114486694336
Distill50_0.25,2,523,20.7920074462891
Distill50_0.5,2,523,20.9848880767822
Distill25_0.25,2,523,21.3229656219482
Distill50_0.1,2,523,20.6549167633057
Distill25_0.5,2,523,20.7669734954834
Distill25_0.1,2,49,21.136999130249
Distill25_1.0,2,49,9.63306427001953
Current,2,49,0.859975814819336
CE_control_1.0,2,49,8.09192657470703
CE_control_0.25,2,49,19.5999145507813
Distill50_0.5,2,49,20.0340747833252
Distill50_0.1,2,49,20.4281806945801
Distill25_0.25,2,49,22.3989486694336
Distill25_0.5,2,49,19.5009708404541
Distill50_1.0,2,49,8.08310508728027
CE_control_0.5,2,49,32.0370197296143
CE_control_0.1,2,49,18.3310508728027
Distill50_0.25,2,49,19.273042678833
CE_control_0.5,1,466,20.4238891601563
CE_control_0.25,1,466,19.1540718078613
Distill25_1.0,1,466,8.05997848510742
Distill25_0.1,1,466,20.4329490661621
Current,1,466,0.782966613769531
Distill50_1.0,1,466,7.56406784057617
CE_control_1.0,1,466,9.10687446594238
Distill25_0.5,1,466,19.6568965911865
Distill50_0.1,1,466,20.5590724945068
Distill50_0.25,1,466,22.1669673919678
Distill50_0.5,1,466,19.6959972381592
CE_control_0.1,1,466,19.3989276885986
Distill25_0.25,1,466,19.6158885955811
Distill50_0.1,1,216,19.8318958282471
CE_control_1.0,1,216,10.2899074554443
Distill25_0.5,1,216,18.4519290924072
CE_control_0.5,1,216,19.3040370941162
Distill25_0.1,1,216,20.2178955078125
CE_control_0.1,1,216,19.6208953857422
Distill50_0.5,1,216,21.3408470153809
CE_control_0.25,1,216,18.8140869140625
Distill50_1.0,1,216,10.3859901428223
Distill25_1.0,1,216,9.45186614990234
Current,1,216,0.969886779785156
Distill50_0.25,1,216,19.9589729309082
Distill25_0.25,1,216,18.6278820037842
Distill50_1.0,1,176,10.8840465545654
CE_control_1.0,1,176,11.2428665161133
Distill25_0.5,1,176,20.9779739379883
Distill50_0.25,1,176,19.4380283355713
Current,1,176,0.898122787475586
CE_control_0.1,1,176,31.4569473266602
Distill25_1.0,1,176,12.1519565582275
Distill50_0.1,1,176,18.8720226287842
CE_control_0.25,1,176,17.4529552459717
Distill25_0.1,1,176,18.6300277709961
Distill50_0.5,1,176,16.9670581817627
Distill25_0.25,1,176,18.1350708007813
CE_control_0.5,1,176,17.8401470184326
Distill50_0.5,1,449,16.9899463653564
Distill50_0.1,1,449,16.416072845459
Distill25_1.0,1,449,8.66079330444336
Distill50_0.25,1,449,17.0419216156006
Current,1,449,0.977993011474609
CE_control_1.0,1,449,8.88991355895996
Distill25_0.1,1,449,17.4288749694824
Distill25_0.5,1,449,19.5701122283936
CE_control_0.1,1,449,19.3228721618652
CE_control_0.5,1,449,17.1101093292236
CE_control_0.25,1,449,15.5460834503174
Distill25_0.25,1,449,16.3640975952148
Distill50_1.0,1,449,9.11498069763184
CE_control_0.25,3,116,16.1678791046143
Distill25_0.5,3,116,16.4980888366699
Distill50_0.25,3,116,16.6480541229248
CE_control_0.5,3,116,15.8650875091553
CE_control_1.0,3,116,8.79311561584473
Distill50_0.1,3,116,15.9831047058105
Current,3,116,0.967025756835938
Distill25_1.0,3,116,9.20510292053223
CE_control_0.1,3,116,17.3041820526123
Distill50_0.5,3,116,15.9399509429932
Distill50_1.0,3,116,9.98187065124512
Distill25_0.25,3,116,14.8220062255859
Distill25_0.1,3,116,15.294075012207
Distill25_1.0,2,322,8.77094268798828
Current,2,322,0.818014144897461
Distill25_0.25,2,322,29.059886932373
CE_control_0.25,2,322,16.2079334259033
Distill50_1.0,2,322,10.1828575134277
Distill50_0.25,2,322,16.1709785461426
Distill25_0.5,2,322,16.1111354827881
Distill50_0.5,2,322,16.0298347473145
CE_control_0.5,2,322,14.9869918823242
Distill50_0.1,2,322,17.2491073608398
Distill25_0.1,2,322,16.146183013916
CE_control_0.1,2,322,15.9118175506592
CE_control_1.0,2,322,8.63313674926758
Current,3,216,0.848054885864258
Distill50_0.5,3,216,21.4099884033203
CE_control_1.0,3,216,9.96613502502441
CE_control_0.25,3,216,20.6291675567627
Distill50_1.0,3,216,11.1000537872314
Distill25_0.5,3,216,20.9338665008545
Distill25_1.0,3,216,10.5271339416504
Distill50_0.1,3,216,19.7229385375977
CE_control_0.1,3,216,21.0459232330322
Distill25_0.1,3,216,19.3781852722168
CE_control_0.5,3,216,19.568920135498
Distill50_0.25,3,216,20.2009677886963
Distill25_0.25,3,216,20.6899642944336
Distill25_0.1,3,412,17.9769992828369
Distill25_0.5,3,412,18.3651447296143
Distill25_1.0,3,412,9.78493690490723
Current,3,412,0.880956649780273
CE_control_0.5,3,412,19.1071033477783
CE_control_1.0,3,412,10.4739665985107
Distill50_0.1,3,412,23.7231254577637
CE_control_0.25,3,412,20.5259323120117
Distill25_0.25,3,412,20.1919078826904
CE_control_0.1,3,412,17.4918174743652
Distill50_0.5,3,412,17.3571109771729
Distill50_1.0,3,412,20.8358764648438
Distill50_0.25,3,412,18.6338424682617
CE_control_0.25,3,321,16.9999599456787
Distill50_1.0,3,321,9.21392440795898
Distill50_0.25,3,321,16.6680812835693
Distill50_0.5,3,321,16.9708728790283
Current,3,321,0.710010528564453
Distill25_1.0,3,321,11.1739635467529
Distill25_0.25,3,321,16.2370204925537
Distill50_0.1,3,321,17.1229839324951
Distill25_0.5,3,321,16.1619186401367
Distill25_0.1,3,321,16.8309211730957
CE_control_0.1,3,321,17.4639225006104
CE_control_1.0,3,321,9.13405418395996
CE_control_0.5,3,321,15.5580043792725
CE_control_0.5,1,522,18.9719200134277
Distill50_0.25,1,522,19.6418762207031
Distill50_0.1,1,522,17.8418159484863
CE_control_1.0,1,522,8.96501541137695
CE_control_0.1,1,522,18.9530849456787
CE_control_0.25,1,522,20.7622051239014
Distill50_1.0,1,522,9.1240406036377
Distill25_0.5,1,522,20.305871963501
Distill25_0.1,1,522,18.88108253479
Current,1,522,0.783920288085938
Distill25_0.25,1,522,19.3259716033936
Distill25_1.0,1,522,11.9161605834961
Distill50_0.5,1,522,20.9600925445557
CE_control_0.25,3,228,18.75901222229
CE_control_0.1,3,228,18.8720226287842
Distill25_1.0,3,228,9.76300239562988
Distill50_1.0,3,228,10.7591152191162
CE_control_1.0,3,228,9.70101356506348
Distill25_0.5,3,228,19.0999507904053
Distill50_0.5,3,228,17.2889232635498
Current,3,228,0.950098037719727
Distill25_0.25,3,228,29.8359394073486
CE_control_0.5,3,228,17.9378986358643
Distill50_0.1,3,228,17.0910358428955
Distill50_0.25,3,228,16.8449878692627
Distill25_0.1,3,228,18.2409286499023
CE_control_0.25,2,436,19.1009044647217
CE_control_1.0,2,436,8.34894180297852
Distill50_0.1,2,436,17.920970916748
CE_control_0.1,2,436,18.2230472564697
CE_control_0.5,2,436,18.5079574584961
Current,2,436,0.809907913208008
Distill25_0.5,2,436,18.5370445251465
Distill25_1.0,2,436,8.90707969665527
Distill50_1.0,2,436,9.29713249206543
Distill25_0.25,2,436,19.6540355682373
Distill50_0.25,2,436,19.8278427124023
Distill25_0.1,2,436,18.1219577789307
Distill50_0.5,2,436,18.2399749755859
CE_control_1.0,3,284,10.1699829101563
Distill50_1.0,3,284,10.0638866424561
Distill25_1.0,3,284,8.95905494689941
Distill25_0.25,3,284,16.5531635284424
Distill25_0.5,3,284,17.035961151123
Distill50_0.25,3,284,16.5860652923584
CE_control_0.5,3,284,15.8989429473877
Distill25_0.1,3,284,17.9729461669922
CE_control_0.1,3,284,16.855001449585
CE_control_0.25,3,284,17.8990364074707
Current,3,284,0.728130340576172
Distill50_0.1,3,284,16.5688991546631
Distill50_0.5,3,284,17.3718929290771
Distill50_0.25,2,38,20.1809406280518
Distill25_1.0,2,38,11.1610889434814
CE_control_0.5,2,38,17.629861831665
Current,2,38,0.770092010498047
Distill25_0.25,2,38,18.9740657806396
CE_control_0.1,2,38,28.0790328979492
Distill50_0.5,2,38,16.4580345153809
CE_control_1.0,2,38,8.29911231994629
CE_control_0.25,2,38,16.726016998291
Distill25_0.1,2,38,18.4061527252197
Distill50_1.0,2,38,9.15002822875977
Distill25_0.5,2,38,17.4930095672607
Distill50_0.1,2,38,15.8450603485107
Distill50_1.0,3,587,8.34393501281738
Distill50_0.1,3,587,15.8028602600098
Distill25_0.5,3,587,16.6478157043457
Distill50_0.5,3,587,16.1118507385254
Distill25_0.25,3,587,17.3020362854004
Distill25_1.0,3,587,8.53919982910156
CE_control_1.0,3,587,9.72104072570801
CE_control_0.1,3,587,16.0858631134033
Distill50_0.25,3,587,17.1570777893066
CE_control_0.5,3,587,17.1070098876953
Distill25_0.1,3,587,17.6219940185547
CE_control_0.25,3,587,17.3780918121338
Current,3,587,0.716924667358398
Distill50_0.1,2,475,17.2178745269775
Distill25_1.0,2,475,9.96518135070801
Distill25_0.1,2,475,29.3500423431397
Distill50_0.25,2,475,18.9728736877441
Distill50_1.0,2,475,9.07301902770996
Distill25_0.25,2,475,19.04296875
Current,2,475,0.839948654174805
Distill25_0.5,2,475,18.2788372039795
CE_control_0.25,2,475,18.0261135101318
CE_control_1.0,2,475,9.13119316101074
Distill50_0.5,2,475,19.2580223083496
CE_control_0.5,2,475,18.5320377349854
CE_control_0.1,2,475,17.17209815979
Distill50_0.1,1,203,21.0988521575928
Distill25_0.25,1,203,20.5268859863281
Distill25_0.5,1,203,33.0150127410889
Distill25_1.0,1,203,12.753963470459
CE_control_0.1,1,203,20.1079845428467
Current,1,203,0.792026519775391
CE_control_0.5,1,203,20.7149982452393
CE_control_0.25,1,203,19.859790802002
Distill50_0.5,1,203,19.7930335998535
Distill25_0.1,1,203,20.1501846313477
CE_control_1.0,1,203,12.1119022369385
Distill50_0.25,1,203,19.4711685180664
Distill50_1.0,1,203,10.7200145721436
Distill25_1.0,3,588,8.53300094604492
Distill25_0.25,3,588,17.056941986084
CE_control_0.1,3,588,15.2158737182617
Distill50_0.25,3,588,15.4709815979004
CE_control_1.0,3,588,9.34696197509766
Current,3,588,0.859975814819336
Distill25_0.1,3,588,14.456033706665
CE_control_0.5,3,588,14.315128326416
Distill25_0.5,3,588,14.5049095153809
Distill50_0.5,3,588,15.8798694610596
CE_control_0.25,3,588,15.9950256347656
Distill50_0.1,3,588,16.4859294891357
Distill50_1.0,3,588,10.2810859680176
CE_control_0.5,1,208,20.5588340759277
Distill50_0.25,1,208,21.7750072479248
Current,1,208,0.885009765625
CE_control_0.25,1,208,20.1170444488525
CE_control_0.1,1,208,19.3190574645996
Distill25_0.25,1,208,20.4250812530518
Distill50_1.0,1,208,9.87005233764648
Distill50_0.5,1,208,19.1481113433838
Distill25_0.5,1,208,20.1499462127686
Distill25_0.1,1,208,19.780158996582
Distill50_0.1,1,208,18.0850028991699
CE_control_1.0,1,208,7.99298286437988
Distill25_1.0,1,208,8.67295265197754
Distill50_0.5,1,11,29.2890071868897
Distill50_0.1,1,11,17.1210765838623
CE_control_0.1,1,11,15.8710479736328
CE_control_0.5,1,11,16.5760517120361
Current,1,11,0.896215438842773
Distill50_0.25,1,11,17.409086227417
CE_control_1.0,1,11,9.57703590393066
Distill25_0.25,1,11,18.7959671020508
CE_control_0.25,1,11,17.4808502197266
Distill25_0.5,1,11,17.596960067749
Distill50_1.0,1,11,9.85813140869141
Distill25_0.1,1,11,19.8109149932861
Distill25_1.0,1,11,16.5228843688965
Distill25_0.25,3,45,14.9199962615967
CE_control_0.1,3,45,15.3899192810059
Current,3,45,0.762939453125
CE_control_0.5,3,45,14.7140026092529
Distill25_1.0,3,45,8.63814353942871
Distill25_0.5,3,45,14.329195022583
Distill50_0.5,3,45,14.8801803588867
CE_control_1.0,3,45,9.52887535095215
Distill50_0.1,3,45,14.7140026092529
Distill50_0.25,3,45,13.6289596557617
CE_control_0.25,3,45,15.388011932373
Distill50_1.0,3,45,9.35602188110352
Distill25_0.1,3,45,15.4201984405518
Distill50_0.25,2,435,17.6050662994385
Distill25_0.25,2,435,16.9579982757568
Distill25_0.5,2,435,16.6840553283691
CE_control_1.0,2,435,10.0498199462891
CE_control_0.5,2,435,15.7899856567383
CE_control_0.25,2,435,16.1919593811035
Current,2,435,0.774860382080078
CE_control_0.1,2,435,16.3998603820801
Distill50_1.0,2,435,9.44089889526367
Distill25_0.1,2,435,16.6819095611572
Distill50_0.1,2,435,15.72585105896
Distill50_0.5,2,435,25.8679389953613
Distill25_1.0,2,435,9.69505310058594
Distill25_0.25,2,486,16.1681175231934
Distill50_0.1,2,486,17.0609951019287
Distill50_0.25,2,486,17.2150135040283
Distill25_0.1,2,486,17.1208381652832
CE_control_1.0,2,486,8.55302810668945
Distill50_0.5,2,486,16.7818069458008
CE_control_0.5,2,486,17.164945602417
CE_control_0.1,2,486,18.1450843811035
Distill25_1.0,2,486,9.13500785827637
CE_control_0.25,2,486,18.0919170379639
Distill50_1.0,2,486,10.2391242980957
Current,2,486,0.854015350341797
Distill25_0.5,2,486,17.6129341125488
Current,3,183,0.777959823608398
Distill50_0.25,3,183,20.9560394287109
CE_control_0.25,3,183,20.7738876342773
Distill25_0.1,3,183,20.7560062408447
Distill25_1.0,3,183,10.8060836791992
Distill50_0.5,3,183,21.2149620056152
Distill50_1.0,3,183,10.2689266204834
CE_control_0.5,3,183,20.1191902160645
Distill25_0.5,3,183,20.3371047973633
CE_control_0.1,3,183,20.5090045928955
CE_control_1.0,3,183,11.8849277496338
Distill25_0.25,3,183,20.6179618835449
Distill50_0.1,3,183,28.066873550415
Distill50_0.25,1,60,34.092903137207
Distill50_1.0,1,60,21.9449996948242
Distill25_1.0,1,60,18.8238620758057
Distill50_0.5,1,60,18.5880661010742
CE_control_1.0,1,60,20.8730697631836
CE_control_0.25,1,60,18.5990333557129
Distill25_0.5,1,60,18.1782245635986
Distill50_0.1,1,60,18.5298919677734
CE_control_0.5,1,60,18.5670852661133
Distill25_0.1,1,60,22.76611328125
Current,1,60,0.765085220336914
CE_control_0.1,1,60,16.0861015319824
Distill25_0.25,1,60,16.3829326629639
Distill50_0.5,3,118,17.4520015716553
CE_control_0.25,3,118,17.4639225006104
Distill50_0.1,3,118,17.7261829376221
Current,3,118,0.755071640014648
CE_control_0.5,3,118,17.9810523986816
Distill25_0.25,3,118,18.2650089263916
Distill50_0.25,3,118,19.0451145172119
Distill50_1.0,3,118,8.96120071411133
Distill25_1.0,3,118,8.10480117797852
CE_control_0.1,3,118,17.916202545166
Distill25_0.1,3,118,18.1632041931152
Distill25_0.5,3,118,25.209903717041
CE_control_1.0,3,118,9.24801826477051
Distill25_0.25,3,355,18.2888507843018
CE_control_0.5,3,355,17.9758071899414
CE_control_0.1,3,355,18.5918807983398
Distill25_0.5,3,355,19.2818641662598
Distill50_0.1,3,355,19.5729732513428
CE_control_0.25,3,355,18.1019306182861
Current,3,355,0.831842422485352
Distill25_1.0,3,355,7.88593292236328
CE_control_1.0,3,355,9.68384742736816
Distill50_0.5,3,355,18.2440280914307
Distill25_0.1,3,355,18.4469223022461
Distill50_1.0,3,355,8.90612602233887
Distill50_0.25,3,355,24.5110988616943
CE_control_0.5,2,269,19.3140506744385
CE_control_1.0,2,269,9.47999954223633
CE_control_0.1,2,269,19.1030502319336
Distill50_0.25,2,269,19.6700096130371
Distill50_1.0,2,269,8.68988037109375
Distill25_0.25,2,269,19.4938182830811
Current,2,269,0.777006149291992
Distill25_0.1,2,269,19.0119743347168
Distill50_0.5,2,269,20.751953125
Distill25_0.5,2,269,22.442102432251
Distill50_0.1,2,269,21.7700004577637
CE_control_0.25,2,269,21.5518474578857
Distill25_1.0,2,269,10.4889869689941
Distill50_0.25,2,29,19.8459625244141
Distill25_0.5,2,29,18.651008605957
CE_control_1.0,2,29,10.4339122772217
Distill50_0.1,2,29,18.9299583435059
CE_control_0.5,2,29,18.7151432037354
Distill25_0.25,2,29,20.1160907745361
Current,2,29,0.75984001159668
Distill50_1.0,2,29,9.56892967224121
Distill25_1.0,2,29,8.79693031311035
CE_control_0.25,2,29,17.9789066314697
Distill25_0.1,2,29,19.2461013793945
CE_control_0.1,2,29,18.5010433197021
Distill50_0.5,2,29,18.625020980835
Distill25_0.5,2,564,17.8999900817871
Current,2,564,0.808000564575195
Distill50_0.5,2,564,18.9099311828613
Distill50_1.0,2,564,9.31406021118164
Distill25_1.0,2,564,8.58688354492188
CE_control_0.5,2,564,17.39501953125
Distill25_0.25,2,564,17.0080661773682
CE_control_0.25,2,564,19.7319984436035
Distill25_0.1,2,564,17.225980758667
CE_control_0.1,2,564,28.331995010376
CE_control_1.0,2,564,7.85517692565918
Distill50_0.25,2,564,16.3710117340088
Distill50_0.1,2,564,15.8529281616211
Distill25_0.25,3,409,21.3990211486816
CE_control_0.5,3,409,21.8639373779297
Distill25_0.1,3,409,20.3220844268799
Distill50_0.5,3,409,20.1659202575684
Current,3,409,0.784158706665039
CE_control_0.1,3,409,21.1551189422607
Distill50_0.25,3,409,21.2218761444092
Distill25_1.0,3,409,8.13603401184082
Distill50_1.0,3,409,10.3089809417725
CE_control_1.0,3,409,9.16910171508789
CE_control_0.25,3,409,20.7579135894775
Distill50_0.1,3,409,20.7610130310059
Distill25_0.5,3,409,21.291971206665
CE_control_0.1,1,307,17.859935760498
Distill25_0.25,1,307,18.9948081970215
CE_control_0.25,1,307,16.8988704681396
Distill50_0.25,1,307,17.4589157104492
Distill50_1.0,1,307,8.77499580383301
Distill50_0.1,1,307,17.1070098876953
Current,1,307,0.919818878173828
Distill25_1.0,1,307,9.81307029724121
Distill50_0.5,1,307,16.8881416320801
Distill25_0.1,1,307,16.2451267242432
CE_control_1.0,1,307,9.20319557189941
Distill25_0.5,1,307,17.3301696777344
CE_control_0.5,1,307,16.1929130554199
Current,3,13,0.895023345947266
Distill25_0.1,3,13,15.6669616699219
Distill50_0.5,3,13,15.5739784240723
Distill50_0.1,3,13,15.6319141387939
Distill25_1.0,3,13,10.3721618652344
Distill50_0.25,3,13,16.5910720825195
CE_control_0.1,3,13,29.716968536377
CE_control_1.0,3,13,10.0750923156738
Distill25_0.5,3,13,15.6929492950439
CE_control_0.5,3,13,14.8260593414307
Distill25_0.25,3,13,15.3930187225342
Distill50_1.0,3,13,9.7501277923584
CE_control_0.25,3,13,14.2178535461426
CE_control_0.5,2,494,15.1569843292236
Current,2,494,1.02400779724121
CE_control_0.25,2,494,16.5159702301025
Distill25_1.0,2,494,7.34615325927734
Distill25_0.25,2,494,17.5819396972656
Distill25_0.1,2,494,17.6839828491211
Distill50_0.25,2,494,17.6129341125488
Distill50_0.1,2,494,15.6130790710449
Distill25_0.5,2,494,16.1399841308594
Distill50_1.0,2,494,8.02302360534668
Distill50_0.5,2,494,15.7051086425781
CE_control_0.1,2,494,16.3290500640869
CE_control_1.0,2,494,8.07785987854004
CE_control_0.1,2,248,17.5559520721436
Distill50_1.0,2,248,10.3938579559326
Distill25_0.1,2,248,20.0200080871582
CE_control_1.0,2,248,9.55510139465332
Distill25_1.0,2,248,10.8170509338379
CE_control_0.5,2,248,17.7640914916992
Distill25_0.25,2,248,18.7809467315674
Distill50_0.25,2,248,18.7489986419678
Current,2,248,0.828981399536133
Distill50_0.1,2,248,18.5601711273193
Distill25_0.5,2,248,19.4761753082275
Distill50_0.5,2,248,19.2091464996338
CE_control_0.25,2,248,18.3451175689697
CE_control_0.1,1,468,15.0389671325684
Distill50_1.0,1,468,21.3561058044434
CE_control_0.5,1,468,16.9608592987061
CE_control_0.25,1,468,16.5247917175293
Distill25_0.1,1,468,15.5761241912842
Distill50_0.1,1,468,15.3510570526123
Distill50_0.25,1,468,15.3520107269287
Distill25_0.5,1,468,15.6619548797607
Distill25_0.25,1,468,15.09690284729
CE_control_1.0,1,468,8.41093063354492
Distill25_1.0,1,468,11.8229389190674
Current,1,468,0.815153121948242
Distill50_0.5,1,468,15.2349472045898
Distill50_0.1,2,287,17.8561210632324
Current,2,287,0.681877136230469
Distill25_0.1,2,287,18.4040069580078
Distill25_1.0,2,287,9.79900360107422
CE_control_0.25,2,287,18.3801651000977
CE_control_0.5,2,287,18.8729763031006
Distill50_0.5,2,287,19.0730094909668
CE_control_1.0,2,287,10.4479789733887
Distill25_0.5,2,287,17.9519653320313
Distill50_0.25,2,287,18.4628963470459
Distill25_0.25,2,287,20.6499099731445
CE_control_0.1,2,287,20.2009677886963
Distill50_1.0,2,287,9.49001312255859
CE_control_0.1,3,181,19.629955291748
Current,3,181,0.777006149291992
CE_control_0.5,3,181,18.380880355835
Distill50_0.25,3,181,17.441987991333
Distill50_1.0,3,181,8.33415985107422
Distill50_0.1,3,181,17.6570415496826
Distill25_1.0,3,181,10.2698802947998
Distill50_0.5,3,181,17.2531604766846
Distill25_0.1,3,181,17.3108577728271
Distill25_0.25,3,181,18.0001258850098
CE_control_0.25,3,181,31.1968326568604
Distill25_0.5,3,181,16.5369510650635
CE_control_1.0,3,181,8.32700729370117
Current,1,407,0.856876373291016
Distill25_0.1,1,407,15.6219005584717
CE_control_0.1,1,407,17.352819442749
Distill50_1.0,1,407,8.7578296661377
CE_control_0.25,1,407,17.3931121826172
Distill50_0.25,1,407,17.3099040985107
CE_control_0.5,1,407,17.7030563354492
Distill25_0.25,1,407,17.1418190002441
Distill50_0.1,1,407,16.8399810791016
Distill25_1.0,1,407,8.86201858520508
Distill25_0.5,1,407,15.3250694274902
Distill50_0.5,1,407,16.1349773406982
CE_control_1.0,1,407,7.83085823059082
CE_control_0.1,1,283,18.0909633636475
Distill25_0.5,1,283,16.9360637664795
Distill50_0.1,1,283,17.4429416656494
CE_control_1.0,1,283,8.74209403991699
Distill50_0.5,1,283,18.5658931732178
CE_control_0.25,1,283,20.1151371002197
Distill50_0.25,1,283,18.1038379669189
Distill25_0.1,1,283,18.0988311767578
CE_control_0.5,1,283,18.4879302978516
Distill50_1.0,1,283,9.94110107421875
Current,1,283,0.927925109863281
Distill25_0.25,1,283,18.9950466156006
Distill25_1.0,1,283,8.73613357543945
Distill50_0.1,1,354,18.2778835296631
Current,1,354,1.10006332397461
Distill25_0.1,1,354,17.827033996582
Distill50_1.0,1,354,11.0080242156982
Distill50_0.5,1,354,17.4820423126221
Distill25_1.0,1,354,9.58800315856934
Distill25_0.5,1,354,18.0008411407471
CE_control_0.25,1,354,29.5190811157227
CE_control_0.1,1,354,16.8249607086182
Distill50_0.25,1,354,17.4450874328613
CE_control_0.5,1,354,16.2129402160645
Distill25_0.25,1,354,17.0528888702393
CE_control_1.0,1,354,9.41991806030273
Distill50_0.1,1,477,16.1130428314209
Distill25_0.1,1,477,16.1669254302979
Distill50_1.0,1,477,9.76991653442383
Distill50_0.5,1,477,14.8239135742188
Distill25_1.0,1,477,8.42404365539551
Distill25_0.25,1,477,15.610933303833
Distill25_0.5,1,477,15.8860683441162
CE_control_1.0,1,477,10.6000900268555
CE_control_0.5,1,477,15.3710842132568
CE_control_0.25,1,477,16.0520076751709
Distill50_0.25,1,477,15.4740810394287
CE_control_0.1,1,477,14.862060546875
Current,1,477,0.771045684814453
CE_control_1.0,3,275,8.72898101806641
Distill50_0.25,3,275,16.6258811950684
Distill25_0.25,3,275,16.5989398956299
Distill50_1.0,3,275,10.329008102417
Distill25_0.5,3,275,16.146183013916
Distill50_0.1,3,275,15.0988101959229
CE_control_0.25,3,275,15.8438682556152
Current,3,275,0.762939453125
Distill25_1.0,3,275,7.87210464477539
Distill50_0.5,3,275,15.8140659332275
CE_control_0.1,3,275,15.7759189605713
CE_control_0.5,3,275,16.6561603546143
Distill25_0.1,3,275,16.9849395751953
Current,2,222,0.802993774414063
CE_control_0.25,2,222,17.1339511871338
Distill50_0.25,2,222,17.179012298584
CE_control_0.1,2,222,16.4709091186523
Distill25_0.5,2,222,16.0019397735596
Distill50_1.0,2,222,8.39805603027344
CE_control_1.0,2,222,9.26113128662109
Distill25_0.1,2,222,16.279935836792
Distill25_0.25,2,222,15.6822204589844
CE_control_0.5,2,222,16.200065612793
Distill50_0.5,2,222,15.5332088470459
Distill25_1.0,2,222,8.47387313842773
Distill50_0.1,2,222,13.9579772949219
Current,2,250,0.896930694580078
Distill25_0.1,2,250,13.1509304046631
CE_control_1.0,2,250,8.15105438232422
Distill25_0.5,2,250,14.1830444335938
Distill50_0.1,2,250,13.9980316162109
Distill50_0.5,2,250,14.4069194793701
CE_control_0.25,2,250,14.531135559082
Distill25_0.25,2,250,15.265941619873
CE_control_0.5,2,250,15.6900882720947
CE_control_0.1,2,250,14.8229598999023
Distill50_1.0,2,250,10.0469589233398
Distill25_1.0,2,250,8.71801376342773
Distill50_0.25,2,250,16.287088394165
Distill50_0.1,1,128,18.1260108947754
Distill50_0.5,1,128,17.2660350799561
Distill50_1.0,1,128,8.12482833862305
Distill25_1.0,1,128,8.54182243347168
Distill25_0.5,1,128,17.6851749420166
Distill25_0.25,1,128,17.3270702362061
CE_control_1.0,1,128,7.84993171691895
CE_control_0.1,1,128,18.8310146331787
Distill50_0.25,1,128,18.9149379730225
CE_control_0.25,1,128,17.9588794708252
CE_control_0.5,1,128,16.7689323425293
Current,1,128,0.905990600585938
Distill25_0.1,1,128,17.1399116516113
CE_control_1.0,2,508,9.43303108215332
Distill50_1.0,2,508,9.19103622436523
CE_control_0.5,2,508,17.657995223999
Distill25_0.25,2,508,19.050121307373
Current,2,508,0.76603889465332
Distill50_0.25,2,508,19.0720558166504
Distill50_0.5,2,508,29.6487808227539
CE_control_0.1,2,508,17.4098014831543
Distill25_0.5,2,508,19.2940235137939
Distill25_1.0,2,508,9.19413566589355
Distill25_0.1,2,508,17.1551704406738
CE_control_0.25,2,508,17.7240371704102
Distill50_0.1,2,508,17.6079273223877
Distill25_0.1,3,14,18.7768936157227
CE_control_0.1,3,14,19.2818641662598
Current,3,14,0.792026519775391
CE_control_1.0,3,14,7.74407386779785
Distill50_0.1,3,14,18.8889503479004
Distill25_1.0,3,14,10.5471611022949
CE_control_0.25,3,14,18.5067653656006
Distill25_0.5,3,14,19.474983215332
CE_control_0.5,3,14,19.2379951477051
Distill50_0.5,3,14,19.179105758667
Distill50_0.25,3,14,20.8539962768555
Distill50_1.0,3,14,9.60803031921387
Distill25_0.25,3,14,20.6739902496338
Current,3,246,0.869989395141602
Distill25_0.1,3,246,18.5880661010742
CE_control_0.1,3,246,18.7418460845947
CE_control_0.25,3,246,18.9800262451172
Distill25_0.5,3,246,20.6050872802734
Distill50_0.5,3,246,20.258903503418
Distill50_0.25,3,246,18.6679363250732
Distill25_0.25,3,246,18.0521011352539
Distill25_1.0,3,246,9.33599472045898
Distill50_1.0,3,246,10.2429389953613
Distill50_0.1,3,246,18.6820030212402
CE_control_1.0,3,246,11.6710662841797
CE_control_0.5,3,246,18.6190605163574
Distill25_0.1,1,414,28.8889408111572
Distill50_0.1,1,414,15.2730941772461
Distill50_0.25,1,414,15.1138305664063
Current,1,414,0.903844833374023
Distill50_0.5,1,414,14.8918628692627
CE_control_0.5,1,414,14.7030353546143
Distill25_0.25,1,414,16.0930156707764
Distill25_0.5,1,414,15.678882598877
CE_control_0.25,1,414,17.1439647674561
CE_control_0.1,1,414,15.9530639648438
Distill25_1.0,1,414,15.6548023223877
Distill50_1.0,1,414,15.8510208129883
CE_control_1.0,1,414,16.0369873046875
Current,2,270,1.40905380249023
Distill25_0.25,2,270,33.797025680542
CE_control_0.5,2,270,28.2871723175049
Distill50_0.5,2,270,18.9919471740723
CE_control_0.1,2,270,18.7199115753174
Distill50_0.1,2,270,17.7319049835205
Distill25_0.5,2,270,19.1390514373779
Distill50_1.0,2,270,11.2221240997314
Distill25_0.1,2,270,18.9049243927002
Distill50_0.25,2,270,18.8720226287842
CE_control_1.0,2,270,11.2829208374023
Distill25_1.0,2,270,11.2349987030029
CE_control_0.25,2,270,20.8408832550049
Distill50_1.0,3,393,8.50796699523926
CE_control_0.1,3,393,16.7851448059082
CE_control_0.25,3,393,19.9670791625977
CE_control_0.5,3,393,18.6178684234619
Distill25_0.1,3,393,17.4949169158936
Distill50_0.5,3,393,17.6520347595215
Distill25_0.5,3,393,18.3720588684082
Distill25_1.0,3,393,20.0710296630859
Distill50_0.25,3,393,16.6418552398682
Distill25_0.25,3,393,15.0551795959473
CE_control_1.0,3,393,7.47919082641602
Current,3,393,0.822067260742188
Distill50_0.1,3,393,17.0938968658447
Distill25_0.1,1,218,17.1809196472168
Distill50_0.5,1,218,16.2570476531982
Distill25_1.0,1,218,8.38899612426758
Distill25_0.25,1,218,15.3961181640625
CE_control_0.1,1,218,15.6910419464111
Current,1,218,0.751018524169922
CE_control_1.0,1,218,7.41100311279297
Distill50_0.25,1,218,16.9370174407959
CE_control_0.5,1,218,16.8521404266357
CE_control_0.25,1,218,16.5219306945801
Distill50_0.1,1,218,16.9198513031006
Distill25_0.5,1,218,16.4310932159424
Distill50_1.0,1,218,8.97216796875
Distill50_0.25,2,79,18.0680751800537
CE_control_0.25,2,79,19.3190574645996
CE_control_0.1,2,79,19.7319984436035
Current,2,79,1.01804733276367
Distill25_0.25,2,79,18.4309482574463
CE_control_0.5,2,79,17.8029537200928
Distill25_1.0,2,79,9.23395156860352
Distill50_1.0,2,79,9.8869800567627
Distill25_0.1,2,79,19.0751552581787
Distill25_0.5,2,79,19.3660259246826
Distill50_0.1,2,79,19.0169811248779
Distill50_0.5,2,79,19.0200805664063
CE_control_1.0,2,79,10.5040073394775
CE_control_0.25,2,31,18.4130668640137
Distill50_1.0,2,31,11.1479759216309
CE_control_0.5,2,31,28.1069278717041
CE_control_0.1,2,31,17.2679424285889
Distill50_0.5,2,31,16.9930458068848
Distill25_0.25,2,31,16.9360637664795
Distill50_0.25,2,31,16.7758464813232
Distill50_0.1,2,31,17.1899795532227
CE_control_1.0,2,31,10.1029872894287
Distill25_1.0,2,31,9.63902473449707
Current,2,31,1.01494789123535
Distill25_0.5,2,31,16.8449878692627
Distill25_0.1,2,31,16.3819789886475
Distill25_1.0,2,329,9.2308521270752
CE_control_1.0,2,329,8.49604606628418
Distill50_0.1,2,329,16.7601108551025
CE_control_0.5,2,329,16.9110298156738
Distill50_1.0,2,329,9.59277153015137
Distill25_0.1,2,329,18.6448097229004
CE_control_0.1,2,329,18.8980102539063
Distill25_0.5,2,329,19.4830894470215
Distill50_0.5,2,329,20.2100276947021
Current,2,329,0.84996223449707
CE_control_0.25,2,329,17.7578926086426
Distill50_0.25,2,329,17.7469253540039
Distill25_0.25,2,329,17.6570415496826
CE_control_0.1,2,139,16.0970687866211
CE_control_0.5,2,139,15.7880783081055
CE_control_0.25,2,139,16.5719985961914
Distill25_1.0,2,139,9.75489616394043
Distill25_0.5,2,139,15.8507823944092
Distill50_0.5,2,139,15.2890682220459
Distill50_1.0,2,139,8.05020332336426
Distill50_0.1,2,139,14.8060321807861
CE_control_1.0,2,139,8.2399845123291
Distill50_0.25,2,139,26.0591506958008
Distill25_0.1,2,139,14.2600536346436
Current,2,139,0.776052474975586
Distill25_0.25,2,139,13.4530067443848
Distill50_0.5,2,532,14.3179893493652
CE_control_0.5,2,532,13.7410163879395
Distill50_1.0,2,532,7.83205032348633
Distill50_0.25,2,532,14.070987701416
CE_control_0.1,2,532,14.0190124511719
Distill25_0.1,2,532,14.0500068664551
Distill25_0.25,2,532,13.8869285583496
CE_control_1.0,2,532,8.24904441833496
Distill25_1.0,2,532,7.79604911804199
Distill25_0.5,2,532,14.5649909973145
Current,2,532,0.769138336181641
CE_control_0.25,2,532,14.9829387664795
Distill50_0.1,2,532,15.7191753387451
Distill50_0.5,3,238,16.5069103240967
CE_control_1.0,3,238,8.64505767822266
CE_control_0.1,3,238,15.1290893554688
Distill25_0.25,3,238,15.8500671386719
Distill25_1.0,3,238,7.68518447875977
CE_control_0.5,3,238,17.4040794372559
Distill25_0.1,3,238,18.4290409088135
Current,3,238,0.81181526184082
Distill50_0.1,3,238,17.4720287322998
CE_control_0.25,3,238,17.7631378173828
Distill50_1.0,3,238,8.7738037109375
Distill25_0.5,3,238,18.0370807647705
Distill50_0.25,3,238,19.4051265716553
CE_control_1.0,3,136,10.3051662445068
CE_control_0.25,3,136,19.4780826568604
Current,3,136,0.930070877075195
Distill25_1.0,3,136,11.2621784210205
Distill25_0.5,3,136,19.5398330688477
Distill50_0.5,3,136,20.892858505249
Distill50_1.0,3,136,8.84890556335449
Distill50_0.1,3,136,32.8149795532227
CE_control_0.1,3,136,17.664909362793
Distill25_0.1,3,136,20.1280117034912
Distill50_0.25,3,136,19.4911956787109
Distill25_0.25,3,136,19.7620391845703
CE_control_0.5,3,136,18.1839466094971
Distill25_0.5,3,509,13.6158466339111
Distill50_0.25,3,509,12.8998756408691
CE_control_0.1,3,509,12.9101276397705
Distill25_1.0,3,509,9.66596603393555
Current,3,509,0.797033309936523
CE_control_0.25,3,509,11.8339061737061
Distill25_0.1,3,509,12.6309394836426
CE_control_0.5,3,509,13.3140087127686
Distill50_0.1,3,509,14.6110057830811
CE_control_1.0,3,509,8.47101211547852
Distill25_0.25,3,509,14.1458511352539
Distill50_0.5,3,509,14.07790184021
Distill50_1.0,3,509,9.29689407348633
CE_control_1.0,3,33,10.7920169830322
Distill25_0.1,3,33,19.7930335998535
Distill25_0.5,3,33,19.4098949432373
Distill50_1.0,3,33,10.3280544281006
Distill25_1.0,3,33,9.95206832885742
CE_control_0.25,3,33,21.2459564208984
Distill50_0.5,3,33,20.2598571777344
Distill25_0.25,3,33,22.097110748291
CE_control_0.1,3,33,22.5620269775391
Current,3,33,0.912904739379883
Distill50_0.25,3,33,20.676851272583
CE_control_0.5,3,33,20.1210975646973
Distill50_0.1,3,33,21.3990211486816
Distill50_0.25,1,480,18.7540054321289
Distill50_0.1,1,480,17.4140930175781
CE_control_0.5,1,480,16.8709754943848
Distill25_1.0,1,480,9.37604904174805
Distill25_0.25,1,480,15.455961227417
Distill25_0.5,1,480,15.6152248382568
Distill25_0.1,1,480,15.8331394195557
Current,1,480,0.762224197387695
Distill50_0.5,1,480,15.0361061096191
CE_control_1.0,1,480,7.80797004699707
CE_control_0.25,1,480,16.7908668518066
Distill50_1.0,1,480,8.61787796020508
CE_control_0.1,1,480,15.8259868621826
CE_control_1.0,3,324,8.83078575134277
CE_control_0.1,3,324,19.517183303833
Distill50_0.5,3,324,18.1457996368408
Distill25_0.1,3,324,18.0590152740479
Distill50_0.1,3,324,18.5470581054688
Distill25_1.0,3,324,9.75990295410156
Distill50_1.0,3,324,10.1308822631836
Current,3,324,0.835895538330078
Distill25_0.25,3,324,19.650936126709
CE_control_0.25,3,324,20.3149318695068
CE_control_0.5,3,324,19.6430683135986
Distill25_0.5,3,324,18.5859203338623
Distill50_0.25,3,324,18.9189910888672
CE_control_0.25,2,274,15.6362056732178
Distill50_0.25,2,274,16.0541534423828
Distill25_0.1,2,274,16.1499977111816
Distill50_1.0,2,274,9.2780590057373
Current,2,274,0.995159149169922
Distill25_0.5,2,274,16.7949199676514
CE_control_0.1,2,274,16.2479877471924
CE_control_0.5,2,274,25.3820419311523
Distill25_1.0,2,274,10.1120471954346
Distill25_0.25,2,274,15.8169269561768
CE_control_1.0,2,274,10.3468894958496
Distill50_0.1,2,274,16.8290138244629
Distill50_0.5,2,274,15.9540176391602
Distill25_0.25,1,244,18.8319683074951
CE_control_1.0,1,244,7.8279972076416
CE_control_0.5,1,244,18.4328556060791
Distill50_0.25,1,244,18.8169479370117
Distill25_0.1,1,244,19.5770263671875
Distill25_1.0,1,244,8.88299942016602
Distill25_0.5,1,244,19.5868015289307
CE_control_0.25,1,244,19.5491313934326
Distill50_0.1,1,244,19.2139148712158
Distill50_1.0,1,244,8.15415382385254
CE_control_0.1,1,244,18.9208984375
Current,1,244,0.900983810424805
Distill50_0.5,1,244,21.0120677947998
CE_control_0.5,1,382,20.097017288208
Distill50_1.0,1,382,10.3919506072998
Distill25_0.25,1,382,21.3561058044434
Current,1,382,0.810861587524414
CE_control_0.1,1,382,20.3409194946289
Distill50_0.25,1,382,21.7239856719971
Distill50_0.5,1,382,20.0929641723633
Distill25_0.5,1,382,22.5629806518555
CE_control_0.25,1,382,22.8719711303711
Distill50_0.1,1,382,21.5849876403809
Distill25_1.0,1,382,10.3549957275391
Distill25_0.1,1,382,21.6519832611084
CE_control_1.0,1,382,11.2721920013428
Distill25_0.5,3,536,16.7791843414307
Distill50_0.25,3,536,27.8429985046387
CE_control_0.25,3,536,16.2391662597656
Distill50_1.0,3,536,8.90207290649414
Distill25_0.1,3,536,15.678882598877
Current,3,536,0.945091247558594
Distill50_0.5,3,536,15.3110027313232
Distill50_0.1,3,536,15.1441097259521
Distill25_0.25,3,536,16.3300037384033
CE_control_1.0,3,536,8.22615623474121
Distill25_1.0,3,536,8.78214836120606
CE_control_0.5,3,536,15.2549743652344
CE_control_0.1,3,536,15.8629417419434
Distill25_1.0,3,362,10.1211071014404
CE_control_0.1,3,362,19.44899559021
Distill50_1.0,3,362,10.6768608093262
Distill25_0.1,3,362,19.2298889160156
Distill50_0.1,3,362,18.6581611633301
Distill25_0.5,3,362,19.3569660186768
CE_control_0.25,3,362,19.2370414733887
Distill50_0.25,3,362,20.0541019439697
Distill25_0.25,3,362,18.578052520752
CE_control_1.0,3,362,11.2838745117188
Distill50_0.5,3,362,20.4179286956787
Current,3,362,1.0528564453125
CE_control_0.5,3,362,20.52903175354
Distill50_0.25,3,422,19.8719501495361
Distill50_0.5,3,422,18.4309482574463
Distill50_1.0,3,422,9.00411605834961
Distill50_0.1,3,422,18.3708667755127
Distill25_0.5,3,422,18.6519622802734
CE_control_1.0,3,422,9.88006591796875
Distill25_1.0,3,422,9.2780590057373
Distill25_0.25,3,422,17.5981521606445
Distill25_0.1,3,422,17.4310207366943
CE_control_0.5,3,422,28.1939506530762
CE_control_0.1,3,422,17.5149440765381
CE_control_0.25,3,422,18.8300609588623
Current,3,422,0.863075256347656
Distill25_1.0,3,215,8.53204727172852
Distill50_0.5,3,215,17.941951751709
Distill50_0.25,3,215,17.1198844909668
Distill25_0.25,3,215,15.8889293670654
CE_control_1.0,3,215,8.49795341491699
CE_control_0.5,3,215,14.9869918823242
CE_control_0.25,3,215,15.7070159912109
Distill25_0.1,3,215,15.6490802764893
Distill50_1.0,3,215,7.84707069396973
Current,3,215,2.21586227416992
CE_control_0.1,3,215,16.9870853424072
Distill50_0.1,3,215,17.4298286437988
Distill25_0.5,3,215,17.6990032196045
Current,3,531,0.918865203857422
Distill25_0.25,3,531,17.5299644470215
CE_control_1.0,3,531,7.38883018493652
Distill50_0.1,3,531,20.1570987701416
Distill50_0.5,3,531,18.855094909668
CE_control_0.25,3,531,17.9598331451416
CE_control_0.5,3,531,17.4710750579834
Distill25_0.5,3,531,18.5270309448242
Distill50_0.25,3,531,20.2939510345459
Distill25_1.0,3,531,9.18793678283691
Distill50_1.0,3,531,8.8350772857666
Distill25_0.1,3,531,21.751880645752
CE_control_0.1,3,531,19.0520286560059
Distill25_0.25,1,462,22.1149921417236
Current,1,462,0.899076461791992
Distill50_0.1,1,462,20.8148956298828
CE_control_1.0,1,462,9.78899002075195
Distill50_0.25,1,462,21.4760303497314
CE_control_0.1,1,462,21.5659141540527
Distill50_0.5,1,462,22.6240158081055
CE_control_0.25,1,462,30.8139324188232
Distill25_0.5,1,462,44.1699028015137
CE_control_0.5,1,462,22.5529670715332
Distill50_1.0,1,462,8.26907157897949
Distill25_1.0,1,462,9.40084457397461
Distill25_0.1,1,462,18.0718898773193
Distill25_1.0,1,426,10.8218193054199
Distill50_1.0,1,426,8.73088836669922
Distill25_0.25,1,426,18.2120800018311
CE_control_0.25,1,426,17.5879001617432
CE_control_0.5,1,426,19.5531845092773
Distill50_0.1,1,426,19.0989971160889
Distill50_0.25,1,426,17.5390243530273
CE_control_0.1,1,426,17.6351070404053
Current,1,426,0.773906707763672
CE_control_1.0,1,426,8.7730884552002
Distill25_0.5,1,426,17.5399780273438
Distill50_0.5,1,426,17.4088478088379
Distill25_0.1,1,426,17.117977142334
Distill25_1.0,2,43,8.22806358337402
CE_control_0.1,2,43,17.7059173583984
Distill50_0.1,2,43,17.2460079193115
Distill25_0.5,2,43,17.549991607666
Distill50_1.0,2,43,9.14096832275391
CE_control_1.0,2,43,10.0119113922119
Distill50_0.5,2,43,18.1660652160645
Current,2,43,0.811100006103516
CE_control_0.25,2,43,17.0328617095947
Distill50_0.25,2,43,16.9310569763184
CE_control_0.5,2,43,16.4670944213867
Distill25_0.25,2,43,16.0970687866211
Distill25_0.1,2,43,15.9358978271484
CE_control_0.25,3,520,16.7648792266846
Distill50_0.5,3,520,18.8250541687012
Distill25_1.0,3,520,10.6980800628662
Distill50_0.1,3,520,18.5089111328125
CE_control_0.1,3,520,19.1309452056885
Current,3,520,0.719070434570313
Distill50_1.0,3,520,9.86504554748535
CE_control_1.0,3,520,10.5230808258057
Distill25_0.25,3,520,17.6849365234375
Distill25_0.5,3,520,17.988920211792
CE_control_0.5,3,520,18.2979106903076
Distill25_0.1,3,520,18.5160636901855
Distill50_0.25,3,520,17.3730850219727
CE_control_0.1,3,548,16.8569087982178
Current,3,548,0.870943069458008
CE_control_1.0,3,548,8.41689109802246
Distill50_0.25,3,548,17.5008773803711
Distill25_0.25,3,548,18.2631015777588
Distill25_0.1,3,548,18.0020332336426
CE_control_0.25,3,548,17.2932147979736
Distill50_0.1,3,548,18.6722278594971
CE_control_0.5,3,548,17.7910327911377
Distill50_1.0,3,548,9.59205627441406
Distill25_0.5,3,548,19.0629959106445
Distill50_0.5,3,548,18.4900760650635
Distill25_1.0,3,548,9.2930793762207
Distill25_0.5,2,55,19.320011138916
CE_control_0.25,2,55,16.6420936584473
Distill50_1.0,2,55,9.54794883728027
Distill50_0.25,2,55,15.8929824829102
CE_control_0.1,2,55,17.0319080352783
CE_control_1.0,2,55,8.89706611633301
Distill25_1.0,2,55,8.96096229553223
Current,2,55,0.831842422485352
Distill50_0.5,2,55,16.8499946594238
CE_control_0.5,2,55,16.9830322265625
Distill25_0.1,2,55,17.8608894348145
Distill50_0.1,2,55,17.3299312591553
Distill25_0.25,2,55,17.6348686218262
Distill50_1.0,1,274,18.4729099273682
Distill50_0.5,1,274,16.6280269622803
Distill25_1.0,1,274,10.4470252990723
CE_control_0.5,1,274,16.2930488586426
Distill25_0.1,1,274,16.4580345153809
Distill25_0.5,1,274,16.8349742889404
CE_control_1.0,1,274,10.5400085449219
Distill50_0.1,1,274,17.5750255584717
Current,1,274,0.804901123046875
Distill50_0.25,1,274,17.387866973877
CE_control_0.1,1,274,17.0750617980957
CE_control_0.25,1,274,16.5359973907471
Distill25_0.25,1,274,16.7520046234131
Distill50_1.0,3,274,10.1189613342285
Distill50_0.5,3,274,16.2029266357422
CE_control_1.0,3,274,8.76688957214356
Distill25_1.0,3,274,8.92901420593262
CE_control_0.1,3,274,15.3560638427734
CE_control_0.25,3,274,15.9139633178711
Distill50_0.25,3,274,14.7759914398193
Current,3,274,0.882148742675781
Distill25_0.5,3,274,15.3801441192627
Distill25_0.25,3,274,15.9530639648438
Distill25_0.1,3,274,15.6221389770508
CE_control_0.5,3,274,15.7978534698486
Distill50_0.1,3,274,17.7428722381592
CE_control_1.0,1,546,8.93712043762207
CE_control_0.25,1,546,18.8109874725342
Distill25_0.1,1,546,17.5249576568604
Distill50_1.0,1,546,7.965087890625
Distill50_0.5,1,546,17.4188613891602
Distill50_0.25,1,546,18.5930728912354
Distill25_1.0,1,546,10.7011795043945
Distill50_0.1,1,546,17.0598030090332
CE_control_0.5,1,546,17.2290802001953
Distill25_0.5,1,546,18.0559158325195
CE_control_0.1,1,546,19.2489624023438
Distill25_0.25,1,546,17.5669193267822
Current,1,546,0.880002975463867
Distill25_0.5,1,346,17.1511173248291
Distill25_1.0,1,346,9.24491882324219
CE_control_1.0,1,346,8.34488868713379
Distill50_1.0,1,346,8.96286964416504
Distill50_0.1,1,346,15.9139633178711
Distill50_0.25,1,346,16.7129039764404
Distill25_0.25,1,346,16.4501667022705
CE_control_0.1,1,346,16.3669586181641
CE_control_0.25,1,346,16.2250995635986
Current,1,346,0.88810920715332
Distill25_0.1,1,346,15.7210826873779
Distill50_0.5,1,346,16.7751312255859
CE_control_0.5,1,346,17.4679756164551
Distill50_0.5,3,488,17.1101093292236
CE_control_0.25,3,488,17.4460411071777
Distill50_0.25,3,488,17.2920227050781
CE_control_1.0,3,488,9.22703742980957
CE_control_0.5,3,488,16.8240070343018
Current,3,488,0.756025314331055
CE_control_0.1,3,488,17.2178745269775
Distill50_0.1,3,488,17.8298950195313
Distill25_1.0,3,488,9.01985168457031
Distill25_0.1,3,488,17.7991390228271
Distill25_0.5,3,488,17.9312229156494
Distill50_1.0,3,488,8.94594192504883
Distill25_0.25,3,488,17.7819728851318
Distill50_1.0,1,502,10.2760791778564
Distill25_0.5,1,502,16.4759159088135
Distill25_1.0,1,502,8.51798057556152
Distill50_0.1,1,502,17.5948143005371
Distill25_0.1,1,502,16.3960456848145
CE_control_0.1,1,502,16.2169933319092
Distill25_0.25,1,502,15.9189701080322
CE_control_0.25,1,502,16.3500308990479
Current,1,502,0.969171524047852
Distill50_0.25,1,502,16.4649486541748
CE_control_1.0,1,502,21.4450359344482
CE_control_0.5,1,502,14.26100730896
Distill50_0.5,1,502,14.0621662139893
Distill25_1.0,1,287,7.86900520324707
Distill25_0.5,1,287,20.0920104980469
Distill25_0.1,1,287,20.4231739044189
Distill50_1.0,1,287,9.31191444396973
Current,1,287,0.838041305541992
Distill50_0.1,1,287,18.5420513153076
CE_control_0.5,1,287,18.4659957885742
CE_control_0.1,1,287,17.805814743042
CE_control_1.0,1,287,7.76481628417969
Distill50_0.5,1,287,17.4620151519775
Distill50_0.25,1,287,18.7950134277344
CE_control_0.25,1,287,20.0059413909912
Distill25_0.25,1,287,19.3870067596436
CE_control_0.25,3,280,16.0799026489258
Distill25_0.25,3,280,16.9579982757568
CE_control_1.0,3,280,10.0278854370117
Distill50_0.5,3,280,18.8639163970947
Current,3,280,0.913143157958984
Distill25_0.5,3,280,16.5970325469971
Distill25_0.1,3,280,16.6690349578857
Distill50_0.1,3,280,16.8571472167969
Distill25_1.0,3,280,9.72700119018555
Distill50_0.25,3,280,17.9388523101807
Distill50_1.0,3,280,11.2671852111816
CE_control_0.1,3,280,17.240047454834
CE_control_0.5,3,280,16.9520378112793
Current,2,498,0.712156295776367
Distill25_1.0,2,498,9.41705703735352
Distill50_0.1,2,498,15.5189037322998
Distill25_0.1,2,498,15.7570838928223
Distill50_1.0,2,498,8.67104530334473
CE_control_0.1,2,498,16.4549350738525
CE_control_1.0,2,498,9.48786735534668
Distill50_0.25,2,498,27.0490646362305
CE_control_0.5,2,498,15.5329704284668
Distill50_0.5,2,498,15.9308910369873
Distill25_0.25,2,498,16.2639617919922
Distill25_0.5,2,498,16.1299705505371
CE_control_0.25,2,498,16.4780616760254
Distill50_0.5,1,172,17.8461074829102
Distill25_0.1,1,172,17.5819396972656
Distill50_0.25,1,172,17.5268650054932
Distill25_0.25,1,172,17.80104637146
Distill50_1.0,1,172,10.4730129241943
Distill25_1.0,1,172,12.239933013916
CE_control_1.0,1,172,11.1250877380371
CE_control_0.5,1,172,17.2901153564453
CE_control_0.25,1,172,17.9541110992432
CE_control_0.1,1,172,17.9619789123535
Distill50_0.1,1,172,18.4240341186523
Distill25_0.5,1,172,18.2061195373535
Current,1,172,0.728845596313477
CE_control_0.1,3,46,20.2410221099854
Current,3,46,0.850200653076172
Distill25_0.25,3,46,20.359992980957
Distill50_0.1,3,46,18.7599658966064
Distill50_1.0,3,46,9.45591926574707
Distill50_0.25,3,46,20.7679271697998
Distill25_1.0,3,46,9.05394554138184
CE_control_0.5,3,46,20.4939842224121
Distill50_0.5,3,46,18.9847946166992
Distill25_0.1,3,46,19.5891857147217
CE_control_0.25,3,46,19.0339088439941
Distill25_0.5,3,46,30.3759574890137
CE_control_1.0,3,46,10.4310512542725
Distill50_0.5,1,263,19.9129581451416
Distill25_0.5,1,263,19.942045211792
Distill25_1.0,1,263,10.5798244476318
Distill25_0.25,1,263,18.9018249511719
CE_control_0.5,1,263,19.8891162872314
Distill50_0.1,1,263,19.1419124603271
CE_control_0.25,1,263,18.8860893249512
Distill25_0.1,1,263,19.9389457702637
Distill50_1.0,1,263,9.33098793029785
Distill50_0.25,1,263,18.9399719238281
Current,1,263,1.00088119506836
CE_control_1.0,1,263,10.1311206817627
CE_control_0.1,1,263,18.5811519622803
Distill50_0.5,3,553,14.8079395294189
Distill25_0.5,3,553,14.0268802642822
Distill25_0.1,3,553,14.8749351501465
Distill50_0.25,3,553,14.5349502563477
Distill25_1.0,3,553,7.73286819458008
CE_control_1.0,3,553,7.90500640869141
CE_control_0.1,3,553,14.3318176269531
CE_control_0.5,3,553,14.9061679840088
Distill50_1.0,3,553,9.04607772827148
Distill25_0.25,3,553,14.7180557250977
Current,3,553,0.706911087036133
CE_control_0.25,3,553,20.0958251953125
Distill50_0.1,3,553,17.7249908447266
Distill50_0.1,1,579,18.8360214233398
Distill25_0.25,1,579,18.6741352081299
CE_control_1.0,1,579,9.27090644836426
Distill25_0.1,1,579,17.5490379333496
CE_control_0.1,1,579,17.6630020141602
CE_control_0.5,1,579,18.1949138641357
Distill25_1.0,1,579,19.9668407440186
Distill25_0.5,1,579,15.9058570861816
Distill50_0.5,1,579,15.3830051422119
Current,1,579,0.851869583129883
CE_control_0.25,1,579,14.9900913238525
Distill50_1.0,1,579,8.68892669677734
Distill50_0.25,1,579,15.4430866241455
Distill25_0.5,1,568,14.0588283538818
Distill50_0.25,1,568,14.4779682159424
Distill50_0.1,1,568,14.2319202423096
Distill50_1.0,1,568,7.81798362731934
Current,1,568,0.777006149291992
Distill25_1.0,1,568,7.57217407226563
CE_control_0.25,1,568,14.0979290008545
CE_control_0.5,1,568,16.0911083221436
Distill25_0.25,1,568,17.1499252319336
Distill50_0.5,1,568,15.861988067627
Distill25_0.1,1,568,15.9299373626709
CE_control_0.1,1,568,21.9781398773193
CE_control_1.0,1,568,8.58592987060547
Distill25_0.5,2,281,18.679141998291
Distill50_0.25,2,281,17.6029205322266
Distill25_0.25,2,281,17.8971290588379
CE_control_0.1,2,281,17.2200202941895
Current,2,281,0.804901123046875
Distill25_1.0,2,281,8.56995582580566
Distill25_0.1,2,281,17.9071426391602
Distill50_0.5,2,281,18.5260772705078
CE_control_1.0,2,281,9.42611694335938
CE_control_0.25,2,281,16.8819427490234
CE_control_0.5,2,281,17.8298950195313
Distill50_0.1,2,281,17.859935760498
Distill50_1.0,2,281,10.7359886169434
CE_control_0.25,1,299,16.8628692626953
CE_control_1.0,1,299,10.09202003479
Distill25_0.5,1,299,16.0379409790039
Distill50_0.25,1,299,15.8951282501221
Current,1,299,0.961065292358398
Distill50_0.5,1,299,26.4589786529541
Distill25_1.0,1,299,10.7760429382324
CE_control_0.1,1,299,15.5501365661621
Distill50_0.1,1,299,14.7879123687744
Distill25_0.1,1,299,16.0348415374756
CE_control_0.5,1,299,16.8180465698242
Distill25_0.25,1,299,15.6009197235107
Distill50_1.0,1,299,8.26382637023926
Distill25_0.1,3,85,16.571044921875
CE_control_0.1,3,85,16.3888931274414
Current,3,85,0.970840454101562
Distill25_1.0,3,85,9.12904739379883
CE_control_0.5,3,85,15.610933303833
CE_control_1.0,3,85,8.02397727966309
Distill50_1.0,3,85,9.57202911376953
Distill50_0.5,3,85,16.456127166748
Distill50_0.25,3,85,16.5262222290039
CE_control_0.25,3,85,16.8490409851074
Distill50_0.1,3,85,16.2019729614258
Distill25_0.5,3,85,16.7191028594971
Distill25_0.25,3,85,16.5810585021973
Distill25_0.25,3,538,16.8089866638184
Distill50_0.1,3,538,17.0300006866455
Distill25_1.0,3,538,9.37604904174805
CE_control_0.1,3,538,16.650915145874
CE_control_0.25,3,538,16.9250965118408
CE_control_0.5,3,538,16.1929130554199
Distill50_1.0,3,538,8.85415077209473
Distill25_0.1,3,538,18.7640190124512
Distill25_0.5,3,538,17.5089836120605
Current,3,538,0.805139541625977
Distill50_0.5,3,538,16.9520378112793
CE_control_1.0,3,538,8.58807563781738
Distill50_0.25,3,538,16.5269374847412
Distill50_0.25,3,334,15.9909725189209
Distill25_0.1,3,334,25.9981155395508
Distill50_0.1,3,334,15.2719020843506
Current,3,334,1.16181373596191
CE_control_0.5,3,334,15.5448913574219
Distill50_1.0,3,334,7.63702392578125
Distill50_0.5,3,334,16.2158012390137
Distill25_0.5,3,334,16.5181159973145
CE_control_0.25,3,334,16.1030292510986
CE_control_0.1,3,334,15.3839588165283
Distill25_1.0,3,334,7.91501998901367
Distill25_0.25,3,334,16.6351795196533
CE_control_1.0,3,334,9.9937915802002
Distill25_0.5,2,252,19.8161602020264
Distill25_0.1,2,252,19.8819637298584
CE_control_0.5,2,252,18.6479091644287
Distill50_0.5,2,252,18.4159278869629
CE_control_0.1,2,252,19.089937210083
CE_control_0.25,2,252,18.5978412628174
Distill50_1.0,2,252,9.29999351501465
Distill25_0.25,2,252,18.4187889099121
Distill50_0.25,2,252,19.7410583496094
CE_control_1.0,2,252,9.35506820678711
Distill25_1.0,2,252,10.9331607818604
Current,2,252,0.916004180908203
Distill50_0.1,2,252,19.4571018218994
Distill25_0.25,2,77,19.6330547332764
CE_control_0.1,2,77,19.1400051116943
Distill50_0.25,2,77,19.5538997650146
Distill50_1.0,2,77,11.2769603729248
Current,2,77,0.862836837768555
Distill25_0.1,2,77,19.2630290985107
CE_control_0.25,2,77,19.4239616394043
Distill50_0.1,2,77,20.4968452453613
Distill50_0.5,2,77,19.1011428833008
CE_control_1.0,2,77,9.97400283813477
Distill25_1.0,2,77,11.2900733947754
Distill25_0.5,2,77,20.1420783996582
CE_control_0.5,2,77,17.8930759429932
CE_control_1.0,2,325,9.32097434997559
Current,2,325,1.13391876220703
Distill25_0.1,2,325,17.7490711212158
Distill50_0.5,2,325,17.056941986084
Distill25_1.0,2,325,9.12785530090332
CE_control_0.5,2,325,17.8458690643311
Distill25_0.5,2,325,16.8900489807129
Distill25_0.25,2,325,16.6051387786865
CE_control_0.1,2,325,15.9327983856201
CE_control_0.25,2,325,17.4980163574219
Distill50_0.25,2,325,24.8000621795654
Distill50_0.1,2,325,26.4651775360107
Distill50_1.0,2,325,15.3658390045166
Distill50_0.25,2,113,23.6599445343018
Distill25_1.0,2,113,15.0620937347412
Distill50_1.0,2,113,12.1200084686279
Distill50_0.1,2,113,16.7038440704346
Current,2,113,0.813961029052734
Distill25_0.25,2,113,18.3451175689697
CE_control_0.1,2,113,18.5539722442627
Distill25_0.1,2,113,19.0298557281494
CE_control_0.25,2,113,17.8577899932861
Distill50_0.5,2,113,20.1239585876465
CE_control_0.5,2,113,17.2040462493896
Distill25_0.5,2,113,20.3149318695068
CE_control_1.0,2,113,8.02493095397949
Distill25_0.1,2,476,18.0890560150146
CE_control_0.1,2,476,19.2968845367432
Distill50_0.5,2,476,17.9970264434814
Distill50_0.1,2,476,18.0411338806152
Distill25_1.0,2,476,8.66913795471191
Current,2,476,1.04999542236328
Distill25_0.25,2,476,18.4121131896973
Distill25_0.5,2,476,20.2059745788574
CE_control_1.0,2,476,20.9109783172607
Distill50_1.0,2,476,9.59420204162598
CE_control_0.25,2,476,18.7668800354004
Distill50_0.25,2,476,19.5999145507813
CE_control_0.5,2,476,18.441915512085
CE_control_0.25,3,356,15.6819820404053
CE_control_0.1,3,356,15.5189037322998
CE_control_1.0,3,356,8.44192504882813
Distill50_1.0,3,356,8.86416435241699
Distill25_1.0,3,356,8.81409645080566
CE_control_0.5,3,356,15.6729221343994
Distill25_0.25,3,356,15.4929161071777
Current,3,356,1.01304054260254
Distill50_0.5,3,356,15.1209831237793
Distill50_0.1,3,356,16.6471004486084
Distill50_0.25,3,356,16.8929100036621
Distill25_0.1,3,356,16.8390274047852
Distill25_0.5,3,356,15.8579349517822
CE_control_0.1,3,240,20.0839042663574
Distill50_1.0,3,240,9.7198486328125
Distill25_0.25,3,240,20.5099582672119
Current,3,240,0.931978225708008
CE_control_0.5,3,240,20.035982131958
Distill50_0.5,3,240,19.0410614013672
Distill50_0.1,3,240,20.1389789581299
Distill50_0.25,3,240,20.2500820159912
CE_control_0.25,3,240,19.2160606384277
Distill25_1.0,3,240,8.82411003112793
Distill25_0.1,3,240,21.5041637420654
Distill25_0.5,3,240,20.1900005340576
CE_control_1.0,3,240,8.65602493286133
Distill50_0.5,1,142,18.3711051940918
CE_control_0.1,1,142,17.6119804382324
Distill25_0.1,1,142,16.0400867462158
Distill25_0.5,1,142,16.6380405426025
CE_control_0.5,1,142,17.4119472503662
Distill25_1.0,1,142,10.1280212402344
Distill50_1.0,1,142,9.50002670288086
CE_control_1.0,1,142,8.81600379943848
CE_control_0.25,1,142,15.9831047058105
Distill25_0.25,1,142,15.8760547637939
Distill50_0.25,1,142,17.0609951019287
Distill50_0.1,1,142,16.2289142608643
Current,1,142,0.91099739074707
Distill50_1.0,2,372,10.1659297943115
CE_control_0.25,2,372,15.5739784240723
Current,2,372,0.769138336181641
Distill50_0.1,2,372,16.3140296936035
CE_control_1.0,2,372,7.40504264831543
CE_control_0.1,2,372,15.7098770141602
Distill25_0.5,2,372,16.6189670562744
Distill50_0.5,2,372,18.7740325927734
Distill50_0.25,2,372,16.9479846954346
Distill25_0.1,2,372,16.8190002441406
Distill25_1.0,2,372,8.76712799072266
Distill25_0.25,2,372,16.1001682281494
CE_control_0.5,2,372,16.0670280456543
Distill50_0.1,2,542,15.1679515838623
Current,2,542,0.880956649780273
CE_control_0.1,2,542,14.9049758911133
CE_control_0.25,2,542,14.9190425872803
Distill25_0.25,2,542,14.8489475250244
CE_control_0.5,2,542,14.6040916442871
Distill25_0.1,2,542,14.8069858551025
Distill25_0.5,2,542,15.1309967041016
Distill50_0.25,2,542,15.5119895935059
CE_control_1.0,2,542,8.98504257202148
Distill50_1.0,2,542,7.82608985900879
Distill50_0.5,2,542,15.6269073486328
Distill25_1.0,2,542,9.2170238494873
Distill50_0.1,2,348,20.982027053833
Distill25_0.1,2,348,20.719051361084
Distill50_0.25,2,348,31.9478511810303
Distill25_0.5,2,348,21.6548442840576
Distill50_0.5,2,348,20.637035369873
Distill25_0.25,2,348,21.3921070098877
Current,2,348,0.972986221313477
CE_control_1.0,2,348,10.6379985809326
Distill50_1.0,2,348,11.0399723052979
CE_control_0.25,2,348,20.2639102935791
CE_control_0.1,2,348,20.3289985656738
CE_control_0.5,2,348,20.2100276947021
Distill25_1.0,2,348,10.4460716247559
Distill50_0.5,3,344,19.2499160766602
Distill25_0.25,3,344,21.979808807373
Distill50_1.0,3,344,9.57703590393066
CE_control_0.1,3,344,22.5450992584229
Distill25_0.5,3,344,20.1420783996582
CE_control_1.0,3,344,9.26804542541504
CE_control_0.5,3,344,19.4339752197266
Distill50_0.25,3,344,18.1479454040527
CE_control_0.25,3,344,18.8469886779785
Distill25_1.0,3,344,8.96000862121582
Distill50_0.1,3,344,20.3189849853516
Distill25_0.1,3,344,19.244909286499
Current,3,344,0.769138336181641
CE_control_1.0,1,335,8.56304168701172
Distill25_0.25,1,335,17.0440673828125
CE_control_0.5,1,335,17.3840522766113
Distill50_0.5,1,335,16.5169239044189
CE_control_0.1,1,335,16.0541534423828
Distill50_0.1,1,335,16.1230564117432
Current,1,335,0.844001770019531
CE_control_0.25,1,335,17.3029899597168
Distill25_0.1,1,335,16.8650150299072
Distill50_0.25,1,335,17.5831317901611
Distill25_1.0,1,335,9.64188575744629
Distill25_0.5,1,335,29.6139717102051
Distill50_1.0,1,335,11.0111236572266
CE_control_1.0,2,177,11.0049247741699
Distill25_0.1,2,177,17.2760486602783
Distill50_0.1,2,177,17.4140930175781
CE_control_0.5,2,177,17.7919864654541
Distill50_1.0,2,177,10.7851028442383
Distill25_0.25,2,177,19.3111896514893
CE_control_0.25,2,177,20.0560092926025
Distill25_0.5,2,177,18.6138153076172
Current,2,177,0.787973403930664
Distill25_1.0,2,177,10.6661319732666
Distill50_0.25,2,177,19.4909572601318
CE_control_0.1,2,177,19.0830230712891
Distill50_0.5,2,177,18.1779861450195
Distill50_0.25,2,545,16.3331031799316
Current,2,545,0.790119171142578
CE_control_1.0,2,545,8.20398330688477
Distill25_0.25,2,545,15.8379077911377
Distill25_0.1,2,545,15.9139633178711
CE_control_0.1,2,545,16.4330005645752
CE_control_0.5,2,545,16.179084777832
Distill50_0.5,2,545,16.3938999176025
Distill25_1.0,2,545,8.24499130249023
CE_control_0.25,2,545,16.646146774292
Distill25_0.5,2,545,16.9248580932617
Distill50_1.0,2,545,8.31985473632813
Distill50_0.1,2,545,16.5798664093018
Distill25_0.1,1,403,16.6912078857422
CE_control_0.25,1,403,16.4639949798584
Distill50_1.0,1,403,8.05115699768066
Distill50_0.1,1,403,25.6609916687012
CE_control_1.0,1,403,8.14104080200195
Distill25_0.5,1,403,17.2009468078613
CE_control_0.1,1,403,17.164945602417
Distill50_0.25,1,403,21.8169689178467
Distill25_0.25,1,403,19.4709300994873
Current,1,403,0.83613395690918
Distill25_1.0,1,403,9.38010215759277
CE_control_0.5,1,403,18.002986907959
Distill50_0.5,1,403,18.3980464935303
CE_control_0.5,1,342,16.6780948638916
CE_control_0.1,1,342,16.7880058288574
Current,1,342,0.782966613769531
Distill50_1.0,1,342,9.99879837036133
Distill50_0.25,1,342,17.5111293792725
Distill25_0.25,1,342,17.5790786743164
Distill25_0.5,1,342,17.1859264373779
Distill50_0.5,1,342,16.4260864257813
CE_control_1.0,1,342,8.88895988464356
Distill50_0.1,1,342,17.1117782592773
Distill25_1.0,1,342,10.3969573974609
Distill25_0.1,1,342,16.9391632080078
CE_control_0.25,1,342,17.5468921661377
Distill25_0.5,3,16,20.9219455718994
CE_control_1.0,3,16,11.8870735168457
CE_control_0.1,3,16,19.3910598754883
Distill50_0.5,3,16,19.2089080810547
Distill50_0.1,3,16,19.0629959106445
Distill25_0.25,3,16,16.8869495391846
Current,3,16,0.834941864013672
Distill25_1.0,3,16,9.8259449005127
CE_control_0.25,3,16,17.5838470458984
Distill50_0.25,3,16,27.6520252227783
CE_control_0.5,3,16,19.2828178405762
Distill25_0.1,3,16,16.7319774627686
Distill50_1.0,3,16,10.3998184204102
Current,3,542,0.956058502197266
Distill50_0.1,3,542,13.9400959014893
Distill50_0.25,3,542,14.6839618682861
CE_control_0.25,3,542,14.0049457550049
CE_control_1.0,3,542,7.35712051391602
CE_control_0.1,3,542,14.9519443511963
Distill50_0.5,3,542,15.5329704284668
Distill25_0.25,3,542,15.5131816864014
Distill25_0.1,3,542,15.7949924468994
Distill50_1.0,3,542,8.62288475036621
Distill25_0.5,3,542,17.225980758667
CE_control_0.5,3,542,17.2181129455566
Distill25_1.0,3,542,9.70292091369629
Current,3,31,0.829935073852539
Distill50_1.0,3,31,12.6500129699707
Distill25_0.25,3,31,16.6058540344238
Distill25_1.0,3,31,9.54508781433105
CE_control_0.5,3,31,15.9580707550049
Distill50_0.5,3,31,16.6668891906738
Distill50_0.1,3,31,16.779899597168
Distill25_0.5,3,31,16.9079303741455
Distill25_0.1,3,31,16.9000625610352
CE_control_0.25,3,31,17.0400142669678
Distill50_0.25,3,31,16.8600082397461
CE_control_1.0,3,31,9.7348690032959
CE_control_0.1,3,31,17.1828269958496
Distill25_0.25,1,499,18.622875213623
Distill50_1.0,1,499,8.26597213745117
Distill25_0.5,1,499,17.5490379333496
Distill50_0.5,1,499,27.7509689331055
Current,1,499,1.09505653381348
CE_control_1.0,1,499,7.57408142089844
Distill25_1.0,1,499,8.90207290649414
CE_control_0.5,1,499,16.0510540008545
Distill50_0.25,1,499,16.5009498596191
Distill25_0.1,1,499,16.7050361633301
Distill50_0.1,1,499,16.9711112976074
CE_control_0.25,1,499,17.5559520721436
CE_control_0.1,1,499,20.1208591461182
Distill25_0.25,2,168,18.2271003723145
Distill25_0.5,2,168,17.6241397857666
CE_control_1.0,2,168,9.54103469848633
Distill50_0.5,2,168,16.4139270782471
Distill50_0.25,2,168,17.0528888702393
Distill50_0.1,2,168,16.448974609375
CE_control_0.1,2,168,16.7829990386963
Distill50_1.0,2,168,9.89198684692383
Distill25_1.0,2,168,8.79216194152832
CE_control_0.5,2,168,16.8030261993408
CE_control_0.25,2,168,17.3258781433105
Current,2,168,0.841856002807617
Distill25_0.1,2,168,16.5960788726807
Distill50_0.5,3,133,19.5879936218262
Current,3,133,0.828027725219727
CE_control_1.0,3,133,9.01699066162109
Distill25_0.25,3,133,22.2868919372559
Distill50_0.1,3,133,18.9330577850342
Distill50_1.0,3,133,8.99505615234375
CE_control_0.25,3,133,19.3061828613281
Distill50_0.25,3,133,18.6800956726074
Distill25_0.5,3,133,18.7811851501465
CE_control_0.1,3,133,18.6049938201904
Distill25_0.1,3,133,19.1819667816162
CE_control_0.5,3,133,19.4230079650879
Distill25_1.0,3,133,18.8210010528564
Distill25_0.5,3,233,20.9310054779053
CE_control_0.5,3,233,19.1631317138672
CE_control_0.25,3,233,19.5350646972656
Distill25_1.0,3,233,10.4219913482666
Distill50_0.1,3,233,21.3780403137207
Distill50_0.25,3,233,23.1430530548096
CE_control_1.0,3,233,9.94110107421875
Distill50_1.0,3,233,11.5830898284912
Distill25_0.25,3,233,21.1501121520996
Distill25_0.1,3,233,29.7770500183105
Distill50_0.5,3,233,22.4230289459229
Current,3,233,0.805854797363281
CE_control_0.1,3,233,20.8911895751953
Distill25_0.5,1,86,17.1279907226563
CE_control_1.0,1,86,8.85820388793945
CE_control_0.1,1,86,19.9110507965088
Distill50_0.5,1,86,16.6888236999512
Distill25_0.1,1,86,17.0788764953613
Distill25_0.25,1,86,17.2581672668457
Distill25_1.0,1,86,9.04393196105957
CE_control_0.25,1,86,17.5199508666992
Current,1,86,0.784158706665039
CE_control_0.5,1,86,18.3620452880859
Distill50_1.0,1,86,9.95779037475586
Distill50_0.25,1,86,17.5440311431885
Distill50_0.1,1,86,17.874002456665
Distill25_0.5,1,518,17.2359943389893
Distill50_1.0,1,518,9.51004028320312
CE_control_0.1,1,518,16.5588855743408
Distill50_0.25,1,518,16.6289806365967
Distill25_1.0,1,518,8.36300849914551
Distill25_0.25,1,518,17.6379680633545
CE_control_0.25,1,518,17.8811550140381
CE_control_0.5,1,518,16.2279605865479
Distill25_0.1,1,518,17.6410675048828
Current,1,518,0.878095626831055
Distill50_0.5,1,518,17.5321102142334
Distill50_0.1,1,518,17.6858901977539
CE_control_1.0,1,518,9.19604301452637
CE_control_0.1,2,416,22.615909576416
Distill25_0.1,2,416,20.5428600311279
Distill25_0.5,2,416,18.380880355835
Current,2,416,0.821113586425781
CE_control_0.5,2,416,18.467903137207
Distill50_0.1,2,416,18.3830261230469
Distill50_1.0,2,416,8.71801376342773
Distill25_1.0,2,416,8.40902328491211
Distill50_0.5,2,416,20.3168392181396
Distill50_0.25,2,416,19.8380947113037
CE_control_0.25,2,416,18.1169509887695
CE_control_1.0,2,416,8.43095779418945
Distill25_0.25,2,416,19.402027130127
Distill50_0.1,2,128,17.1089172363281
Distill50_0.5,2,128,17.2278881072998
Distill25_1.0,2,128,8.64195823669434
Distill25_0.1,2,128,16.3688659667969
CE_control_0.5,2,128,16.2839889526367
CE_control_0.25,2,128,16.3629055023193
Current,2,128,0.761032104492188
Distill50_0.25,2,128,16.7508125305176
Distill25_0.25,2,128,16.5579319000244
Distill50_1.0,2,128,8.45599174499512
Distill25_0.5,2,128,16.3240432739258
CE_control_0.1,2,128,16.6151523590088
CE_control_1.0,2,128,7.90095329284668
Distill50_0.25,1,359,17.6079273223877
Distill25_1.0,1,359,10.267972946167
CE_control_0.25,1,359,17.1661376953125
Distill50_1.0,1,359,8.8350772857666
Current,1,359,0.912904739379883
Distill25_0.25,1,359,19.4389820098877
CE_control_0.5,1,359,18.7389850616455
CE_control_1.0,1,359,9.45210456848145
Distill25_0.5,1,359,19.9589729309082
Distill50_0.5,1,359,19.8869705200195
CE_control_0.1,1,359,18.1980133056641
Distill50_0.1,1,359,31.6059589385986
Distill25_0.1,1,359,30.0841331481934
CE_control_0.1,1,586,17.7309513092041
Distill25_0.25,1,586,17.096996307373
Current,1,586,0.953912734985352
Distill50_1.0,1,586,7.30609893798828
Distill50_0.1,1,586,16.873836517334
Distill25_1.0,1,586,7.92193412780762
CE_control_1.0,1,586,7.9350471496582
Distill25_0.1,1,586,17.5549983978271
Distill25_0.5,1,586,17.996072769165
CE_control_0.5,1,586,17.4219608306885
CE_control_0.25,1,586,18.989086151123
Distill50_0.25,1,586,18.5999870300293
Distill50_0.5,1,586,17.5909996032715
Distill50_0.1,3,134,17.2269344329834
Current,3,134,0.838041305541992
Distill50_0.5,3,134,18.4152126312256
Distill50_0.25,3,134,19.6640491485596
Distill25_1.0,3,134,9.61685180664062
Distill25_0.25,3,134,17.63916015625
Distill25_0.1,3,134,17.7340507507324
Distill25_0.5,3,134,17.3850059509277
Distill50_1.0,3,134,9.06014442443848
CE_control_0.5,3,134,17.5089836120605
CE_control_1.0,3,134,9.57703590393066
CE_control_0.1,3,134,18.3660984039307
CE_control_0.25,3,134,19.0799236297607
Distill50_0.25,3,10,33.7250232696533
Distill25_1.0,3,10,10.3991031646729
CE_control_0.25,3,10,20.9019184112549
Distill25_0.25,3,10,21.4159488677979
Distill50_0.5,3,10,21.0189819335938
Distill50_0.1,3,10,21.4788913726807
Distill25_0.1,3,10,23.5610008239746
Current,3,10,0.843048095703125
CE_control_0.1,3,10,20.820140838623
CE_control_1.0,3,10,10.5650424957275
CE_control_0.5,3,10,20.4670429229736
Distill25_0.5,3,10,19.111156463623
Distill50_1.0,3,10,9.76085662841797
Distill50_0.25,1,399,19.463062286377
CE_control_0.5,1,399,19.1030502319336
Distill50_1.0,1,399,11.0170841217041
Current,1,399,0.842094421386719
Distill25_0.25,1,399,18.9688205718994
Distill25_0.5,1,399,19.0441608428955
Distill25_1.0,1,399,11.1351013183594
CE_control_0.1,1,399,18.9998149871826
Distill50_0.1,1,399,19.5059776306152
Distill25_0.1,1,399,20.1859474182129
CE_control_1.0,1,399,10.5161666870117
CE_control_0.25,1,399,19.0269947052002
Distill50_0.5,1,399,20.6141471862793
CE_control_1.0,2,277,8.59522819519043
Distill25_0.5,2,277,16.9539451599121
Current,2,277,0.895023345947266
CE_control_0.25,2,277,18.4099674224854
Distill50_0.1,2,277,19.0191268920898
CE_control_0.5,2,277,28.501033782959
CE_control_0.1,2,277,17.894983291626
Distill25_0.1,2,277,17.5158977508545
Distill25_0.25,2,277,19.2708969116211
Distill50_0.5,2,277,29.9489498138428
Distill25_1.0,2,277,16.5140628814697
Distill50_0.25,2,277,30.4980278015137
Distill50_1.0,2,277,17.7371501922607
Distill50_0.25,2,232,32.5698852539063
CE_control_0.1,2,232,27.8999805450439
Distill25_0.1,2,232,32.1938991546631
Distill50_0.5,2,232,32.282829284668
Distill25_0.5,2,232,32.0417881011963
CE_control_1.0,2,232,18.0068016052246
Current,2,232,1.25908851623535
Distill50_1.0,2,232,19.5438861846924
Distill50_0.1,2,232,21.414041519165
CE_control_0.25,2,232,16.3650512695313
Distill25_0.25,2,232,16.7109966278076
Distill25_1.0,2,232,8.90111923217773
CE_control_0.5,2,232,17.4939632415771
Distill25_0.25,3,29,19.118070602417
CE_control_0.1,3,29,20.6382274627686
Distill25_0.1,3,29,19.9019908905029
Distill25_0.5,3,29,19.8140144348145
Distill25_1.0,3,29,9.32693481445312
CE_control_0.5,3,29,36.0169410705566
Current,3,29,1.57499313354492
CE_control_0.25,3,29,22.3348140716553
Distill50_1.0,3,29,11.7149353027344
CE_control_1.0,3,29,16.3171291351318
Distill50_0.1,3,29,22.6640701293945
Distill50_0.25,3,29,21.4591026306152
Distill50_0.5,3,29,20.1890468597412
CE_control_0.5,1,333,16.7970657348633
Distill50_1.0,1,333,21.7740535736084
Distill50_0.25,1,333,17.4541473388672
Current,1,333,0.896930694580078
CE_control_0.1,1,333,16.1781311035156
Distill25_0.25,1,333,16.1831378936768
Distill25_0.1,1,333,16.247034072876
Distill25_0.5,1,333,16.1221027374268
Distill50_0.1,1,333,16.2680149078369
Distill25_1.0,1,333,9.80186462402344
CE_control_0.25,1,333,15.5220031738281
Distill50_0.5,1,333,15.2227878570557
CE_control_1.0,1,333,8.75592231750488
Distill25_0.5,3,189,17.9409980773926
Distill50_1.0,3,189,8.56804847717285
CE_control_0.5,3,189,18.0010795593262
Distill50_0.25,3,189,34.5139503479004
Current,3,189,1.34396553039551
Distill25_1.0,3,189,17.052173614502
CE_control_1.0,3,189,14.4948959350586
CE_control_0.1,3,189,20.2360153198242
Distill25_0.25,3,189,19.2849636077881
Distill50_0.5,3,189,19.1121101379395
Distill50_0.1,3,189,18.8450813293457
CE_control_0.25,3,189,18.7540054321289
Distill25_0.1,3,189,19.2670822143555
Current,1,452,0.795841217041016
CE_control_1.0,1,452,10.1370811462402
Distill25_0.5,1,452,16.6399478912354
CE_control_0.1,1,452,16.3788795471191
Distill50_0.25,1,452,16.6339874267578
Distill50_0.1,1,452,16.3381099700928
Distill50_1.0,1,452,9.47999954223633
Distill25_1.0,1,452,9.38892364501953
Distill50_0.5,1,452,17.3029899597168
CE_control_0.25,1,452,17.4398422241211
Distill25_0.1,1,452,17.5850391387939
Distill25_0.25,1,452,16.3390636444092
CE_control_0.5,1,452,15.4941082000732
CE_control_0.5,2,185,15.5839920043945
CE_control_0.25,2,185,15.5529975891113
CE_control_1.0,2,185,8.95404815673828
CE_control_0.1,2,185,15.9010887145996
Distill25_0.1,2,185,16.0360336303711
Distill25_0.25,2,185,15.6600475311279
Distill50_0.25,2,185,16.1101818084717
Distill50_1.0,2,185,9.82499122619629
Distill25_0.5,2,185,16.3769721984863
Current,2,185,0.761985778808594
Distill50_0.5,2,185,16.0820484161377
Distill25_1.0,2,185,9.33289527893066
Distill50_0.1,2,185,16.3741111755371
Distill25_0.25,1,396,20.0510025024414
Distill25_1.0,1,396,10.1687908172607
Distill25_0.5,1,396,19.2079544067383
Current,1,396,0.972986221313477
CE_control_0.25,1,396,18.6138153076172
CE_control_0.5,1,396,19.1569328308105
Distill50_0.25,1,396,20.3609466552734
CE_control_1.0,1,396,11.3780498504639
Distill50_1.0,1,396,9.84811782836914
Distill25_0.1,1,396,20.69091796875
CE_control_0.1,1,396,19.9098587036133
Distill50_0.5,1,396,18.4130668640137
Distill50_0.1,1,396,19.2821025848389
CE_control_1.0,2,530,9.00602340698242
Distill50_0.5,2,530,17.0660018920898
Distill25_1.0,2,530,7.71713256835938
Distill50_1.0,2,530,9.03797149658203
Distill50_0.25,2,530,16.9241428375244
Distill25_0.1,2,530,16.834020614624
Current,2,530,0.730991363525391
Distill25_0.5,2,530,28.4202098846436
Distill50_0.1,2,530,16.8728828430176
Distill25_0.25,2,530,16.1399841308594
CE_control_0.5,2,530,16.1638259887695
CE_control_0.1,2,530,16.3378715515137
CE_control_0.25,2,530,16.6308879852295
CE_control_0.1,2,577,14.9049758911133
Distill50_0.25,2,577,15.3582096099854
Distill25_0.5,2,577,14.880895614624
Distill50_1.0,2,577,7.63511657714844
Distill25_0.1,2,577,15.4838562011719
CE_control_0.5,2,577,15.1450634002686
Current,2,577,0.774145126342773
Distill25_0.25,2,577,15.3679847717285
Distill50_0.5,2,577,16.1111354827881
Distill50_0.1,2,577,15.3639316558838
CE_control_0.25,2,577,15.5010223388672
CE_control_1.0,2,577,7.4310302734375
Distill25_1.0,2,577,8.69297981262207
Distill50_0.25,2,76,16.7539119720459
Distill25_0.25,2,76,15.9809589385986
Distill50_1.0,2,76,7.95483589172363
CE_control_0.1,2,76,17.2760486602783
CE_control_0.5,2,76,16.9460773468018
CE_control_1.0,2,76,9.07778739929199
Current,2,76,0.834941864013672
Distill50_0.1,2,76,16.1478519439697
Distill50_0.5,2,76,16.5970325469971
Distill25_1.0,2,76,8.63099098205566
Distill25_0.1,2,76,16.3488388061523
Distill25_0.5,2,76,16.6220664978027
CE_control_0.25,2,76,17.5139904022217
CE_control_0.25,2,384,15.3231620788574
CE_control_1.0,2,384,8.73994827270508
Distill25_1.0,2,384,8.99410247802734
Distill50_0.1,2,384,16.1228179931641
CE_control_0.1,2,384,15.8801078796387
Distill25_0.1,2,384,15.9850120544434
Distill25_0.25,2,384,27.3962020874023
Current,2,384,1.21307373046875
Distill50_0.5,2,384,16.0679817199707
Distill25_0.5,2,384,15.7699584960938
Distill50_1.0,2,384,9.84501838684082
Distill50_0.25,2,384,14.5978927612305
CE_control_0.5,2,384,15.3739452362061
Current,2,370,0.737905502319336
Distill50_0.1,2,370,13.6919021606445
Distill25_1.0,2,370,8.36586952209473
Distill50_1.0,2,370,9.02819633483887
CE_control_0.5,2,370,12.2129917144775
Distill25_0.1,2,370,13.4658813476563
Distill50_0.5,2,370,14.6031379699707
CE_control_1.0,2,370,9.7808837890625
Distill25_0.25,2,370,14.7581100463867
Distill25_0.5,2,370,14.1348838806152
CE_control_0.1,2,370,15.4111385345459
Distill50_0.25,2,370,16.4799690246582
CE_control_0.25,2,370,14.2180919647217
Current,1,525,0.802040100097656
CE_control_0.5,1,525,19.3650722503662
Distill25_1.0,1,525,10.2150440216064
Distill50_1.0,1,525,10.6568336486816
CE_control_1.0,1,525,11.120080947876
CE_control_0.25,1,525,18.4690952301025
Distill50_0.5,1,525,18.5940265655518
Distill25_0.1,1,525,17.064094543457
CE_control_0.1,1,525,16.7820453643799
Distill50_0.1,1,525,16.970157623291
Distill25_0.5,1,525,16.8640613555908
Distill25_0.25,1,525,17.3530578613281
Distill50_0.25,1,525,17.3850059509277
Distill50_1.0,3,152,8.11886787414551
CE_control_0.1,3,152,17.3370838165283
Distill25_0.1,3,152,16.7210102081299
Distill25_1.0,3,152,8.53204727172852
Distill50_0.25,3,152,27.1279811859131
Distill25_0.25,3,152,15.427827835083
CE_control_1.0,3,152,7.11894035339356
Current,3,152,1.09505653381348
Distill25_0.5,3,152,15.7918930053711
Distill50_0.5,3,152,16.3600444793701
Distill50_0.1,3,152,16.7899131774902
CE_control_0.5,3,152,16.4499282836914
CE_control_0.25,3,152,16.063928604126
CE_control_0.25,1,548,17.3130035400391
Distill25_1.0,1,548,10.4019641876221
Distill25_0.25,1,548,17.4028873443604
Distill50_0.5,1,548,18.1810855865479
Distill50_1.0,1,548,12.0890140533447
Current,1,548,0.810146331787109
Distill25_0.1,1,548,18.0659294128418
CE_control_0.1,1,548,17.8089141845703
Distill25_0.5,1,548,17.4140930175781
Distill50_0.25,1,548,18.7361240386963
CE_control_1.0,1,548,10.1368427276611
Distill50_0.1,1,548,17.7998542785645
CE_control_0.5,1,548,18.6741352081299
CE_control_1.0,3,447,10.5760097503662
Distill25_0.1,3,447,16.2909030914307
Distill50_1.0,3,447,9.36794281005859
Distill25_1.0,3,447,10.0090503692627
Current,3,447,0.86212158203125
Distill25_0.25,3,447,16.6530609130859
Distill50_0.5,3,447,16.7582035064697
Distill25_0.5,3,447,16.1979198455811
CE_control_0.5,3,447,15.6540870666504
Distill50_0.25,3,447,17.5318717956543
Distill50_0.1,3,447,16.4139270782471
CE_control_0.1,3,447,16.3450241088867
CE_control_0.25,3,447,15.6660079956055
CE_control_0.25,3,128,17.6329612731934
Distill25_1.0,3,128,10.3111267089844
CE_control_1.0,3,128,9.31096076965332
Distill50_0.5,3,128,19.2780494689941
Distill25_0.1,3,128,18.3460712432861
Distill50_0.25,3,128,18.2368755340576
CE_control_0.5,3,128,17.1380043029785
Distill25_0.25,3,128,16.5290832519531
Distill50_0.1,3,128,18.2340145111084
Current,3,128,0.839948654174805
Distill50_1.0,3,128,8.24594497680664
CE_control_0.1,3,128,17.9409980773926
Distill25_0.5,3,128,19.766092300415
CE_control_1.0,1,106,8.90707969665527
Current,1,106,0.828027725219727
CE_control_0.25,1,106,17.0328617095947
Distill50_0.25,1,106,18.1939601898193
Distill25_0.25,1,106,17.8558826446533
Distill50_1.0,1,106,10.145902633667
Distill50_0.1,1,106,16.8368816375732
Distill50_0.5,1,106,16.8960094451904
Distill25_0.1,1,106,16.6778564453125
Distill25_1.0,1,106,9.44614410400391
CE_control_0.1,1,106,16.3731575012207
CE_control_0.5,1,106,14.9369239807129
Distill25_0.5,1,106,14.8410797119141
CE_control_0.5,2,246,19.9170112609863
Distill25_0.5,2,246,20.6818580627441
Current,2,246,0.854015350341797
Distill50_0.1,2,246,19.7329521179199
CE_control_0.1,2,246,20.5800533294678
Distill25_0.1,2,246,18.6150074005127
Distill50_0.5,2,246,18.6269283294678
Distill50_1.0,2,246,9.46497917175293
CE_control_0.25,2,246,20.1489925384521
Distill25_0.25,2,246,29.7160148620605
Distill50_0.25,2,246,19.6900367736816
Distill25_1.0,2,246,9.83619689941406
CE_control_1.0,2,246,10.7440948486328
Current,2,291,0.843048095703125
Distill50_0.1,2,291,15.6068801879883
Distill25_0.1,2,291,15.7511234283447
Distill25_1.0,2,291,9.65595245361328
CE_control_1.0,2,291,8.89801979064941
CE_control_0.25,2,291,15.9649848937988
Distill50_0.25,2,291,15.7678127288818
Distill25_0.5,2,291,16.4330005645752
Distill50_0.5,2,291,15.6481266021729
CE_control_0.1,2,291,16.0200595855713
Distill25_0.25,2,291,16.2501335144043
CE_control_0.5,2,291,16.3698196411133
Distill50_1.0,2,291,9.04083251953125
CE_control_0.1,1,295,16.8659687042236
CE_control_1.0,1,295,8.85200500488281
Distill50_0.1,1,295,16.9808864593506
Distill50_0.25,1,295,18.2540416717529
Distill25_0.25,1,295,18.7349319458008
Distill25_0.5,1,295,19.1309452056885
CE_control_0.5,1,295,17.819881439209
Current,1,295,0.922203063964844
Distill25_1.0,1,295,8.40401649475098
CE_control_0.25,1,295,19.3510055541992
Distill50_1.0,1,295,9.66191291809082
Distill50_0.5,1,295,16.8819427490234
Distill25_0.1,1,295,18.1341171264648
Distill25_0.5,1,406,17.7369117736816
CE_control_1.0,1,406,10.0090503692627
Distill50_0.5,1,406,17.4140930175781
Distill50_0.1,1,406,26.8609523773193
CE_control_0.1,1,406,16.3018703460693
Distill25_0.1,1,406,16.6189670562744
CE_control_0.5,1,406,16.3309574127197
Current,1,406,1.12414360046387
Distill25_0.25,1,406,15.8121585845947
Distill50_0.25,1,406,16.0720348358154
Distill25_1.0,1,406,7.89880752563477
CE_control_0.25,1,406,17.4491405487061
Distill50_1.0,1,406,8.91613960266113
Distill50_0.25,1,13,14.6031379699707
Current,1,13,0.921964645385742
Distill25_0.25,1,13,13.700008392334
Distill25_0.1,1,13,14.5120620727539
Distill25_1.0,1,13,9.61804389953613
Distill50_0.1,1,13,14.2841339111328
CE_control_0.5,1,13,14.5020484924316
CE_control_1.0,1,13,9.62996482849121
Distill50_1.0,1,13,11.3320350646973
CE_control_0.25,1,13,15.7968997955322
Distill25_0.5,1,13,15.2280330657959
CE_control_0.1,1,13,14.7550106048584
Distill50_0.5,1,13,14.3849849700928
Distill25_1.0,1,242,9.65690612792969
Distill50_0.1,1,242,16.9708728790283
CE_control_1.0,1,242,10.4489326477051
Distill25_0.5,1,242,15.9108638763428
Distill50_0.5,1,242,16.3609981536865
CE_control_0.25,1,242,16.8938636779785
Distill25_0.1,1,242,15.9978866577148
Distill50_1.0,1,242,9.68503952026367
Distill50_0.25,1,242,16.2701606750488
Distill25_0.25,1,242,16.2398815155029
CE_control_0.5,1,242,27.8449058532715
CE_control_0.1,1,242,17.7900791168213
Current,1,242,0.765085220336914
CE_control_0.1,1,553,16.1890983581543
Distill25_0.25,1,553,14.5399570465088
Distill50_0.5,1,553,16.5290832519531
Distill25_1.0,1,553,8.65793228149414
Distill50_0.1,1,553,14.1510963439941
CE_control_0.25,1,553,13.6649608612061
CE_control_0.5,1,553,14.7790908813477
Distill50_1.0,1,553,9.28211212158203
Distill25_0.1,1,553,15.934944152832
CE_control_1.0,1,553,8.46982002258301
Distill50_0.25,1,553,15.1598453521729
Distill25_0.5,1,553,15.1989459991455
Current,1,553,0.883102416992188
Distill25_0.5,3,443,19.0069675445557
CE_control_0.25,3,443,17.164945602417
Distill50_0.25,3,443,17.5740718841553
CE_control_0.1,3,443,17.5070762634277
Distill25_0.25,3,443,18.179178237915
Distill25_0.1,3,443,18.1119441986084
Distill50_0.1,3,443,17.7321434020996
CE_control_0.5,3,443,18.7430381774902
Distill25_1.0,3,443,9.52005386352539
Distill50_0.5,3,443,19.2899703979492
CE_control_1.0,3,443,8.94618034362793
Current,3,443,0.959157943725586
Distill50_1.0,3,443,9.28378105163574
Distill25_1.0,3,298,11.4212036132813
Distill25_0.5,3,298,19.6971893310547
Distill50_0.5,3,298,20.6069946289063
CE_control_1.0,3,298,10.9868049621582
Distill50_1.0,3,298,10.6039047241211
Distill50_0.1,3,298,20.3499794006348
Distill50_0.25,3,298,19.705057144165
Distill25_0.25,3,298,31.9390296936035
Current,3,298,1.12199783325195
CE_control_0.25,3,298,19.6089744567871
CE_control_0.5,3,298,20.1869010925293
CE_control_0.1,3,298,19.5770263671875
Distill25_0.1,3,298,19.8729038238525
CE_control_0.25,1,227,18.0308818817139
Distill25_0.25,1,227,18.5818672180176
Current,1,227,0.729084014892578
Distill25_0.1,1,227,18.996000289917
Distill50_0.1,1,227,18.186092376709
CE_control_0.1,1,227,17.0760154724121
Distill50_0.5,1,227,17.7640914916992
CE_control_0.5,1,227,17.409086227417
Distill25_0.5,1,227,17.4920558929443
CE_control_1.0,1,227,8.88991355895996
Distill50_1.0,1,227,10.7491016387939
Distill50_0.25,1,227,19.2949771881104
Distill25_1.0,1,227,9.85407829284668
Distill50_0.1,3,600,14.5299434661865
Distill50_0.25,3,600,14.5821571350098
Distill50_1.0,3,600,8.26191902160645
Distill25_0.25,3,600,15.0349140167236
CE_control_0.5,3,600,14.3990516662598
CE_control_0.1,3,600,14.3940448760986
CE_control_0.25,3,600,14.7080421447754
CE_control_1.0,3,600,8.44812393188477
Distill25_1.0,3,600,8.99195671081543
Distill25_0.5,3,600,14.4999027252197
Distill25_0.1,3,600,14.854907989502
Current,3,600,0.721931457519531
Distill50_0.5,3,600,15.2370929718018
Distill50_0.25,2,499,18.0008411407471
Distill50_1.0,2,499,7.86900520324707
Distill25_0.1,2,499,18.6309814453125
Distill25_0.25,2,499,30.0559997558594
CE_control_0.1,2,499,17.6360607147217
Distill25_1.0,2,499,8.68701934814453
Distill25_0.5,2,499,16.3519382476807
Current,2,499,0.866174697875977
CE_control_0.25,2,499,17.503023147583
Distill50_0.1,2,499,18.4218883514404
Distill50_0.5,2,499,16.8490409851074
CE_control_1.0,2,499,7.74812698364258
CE_control_0.5,2,499,18.3000564575195
Distill25_0.1,1,438,13.390064239502
CE_control_1.0,1,438,9.82093811035156
CE_control_0.5,1,438,12.9508972167969
Distill25_1.0,1,438,8.15200805664063
Distill50_0.25,1,438,15.2308940887451
CE_control_0.25,1,438,14.5931243896484
Current,1,438,0.667095184326172
CE_control_0.1,1,438,14.456033706665
Distill25_0.25,1,438,14.8029327392578
Distill50_0.1,1,438,14.3380165100098
Distill50_0.5,1,438,14.1830444335938
Distill50_1.0,1,438,8.87703895568848
Distill25_0.5,1,438,15.9139633178711
Distill50_0.5,2,146,21.1598873138428
CE_control_1.0,2,146,9.55891609191895
Distill50_1.0,2,146,9.76681709289551
CE_control_0.1,2,146,19.7679996490479
Distill25_0.5,2,146,19.359827041626
Distill25_1.0,2,146,9.71508026123047
Distill50_0.1,2,146,19.773006439209
Distill25_0.1,2,146,19.1140174865723
CE_control_0.5,2,146,19.4840431213379
Current,2,146,0.670909881591797
CE_control_0.25,2,146,20.3061103820801
Distill50_0.25,2,146,19.8290348052979
Distill25_0.25,2,146,19.4680690765381
CE_control_0.5,3,544,17.3580646514893
Distill25_0.5,3,544,16.7479515075684
Distill25_1.0,3,544,20.9238529205322
CE_control_1.0,3,544,10.6279850006104
Distill25_0.25,3,544,16.1290168762207
CE_control_0.25,3,544,15.7010555267334
CE_control_0.1,3,544,15.4528617858887
Distill25_0.1,3,544,15.5508518218994
Distill50_0.1,3,544,15.5990123748779
Current,3,544,0.93388557434082
Distill50_0.25,3,544,14.26100730896
Distill50_1.0,3,544,8.32796096801758
Distill50_0.5,3,544,15.1619911193848
CE_control_0.5,1,99,22.2649574279785
Distill25_0.1,1,99,21.4409828186035
Distill50_0.5,1,99,22.2649574279785
Distill50_1.0,1,99,12.4900341033936
CE_control_0.25,1,99,21.3699340820313
Distill25_0.25,1,99,21.806001663208
Distill50_0.1,1,99,20.0700759887695
Distill50_0.25,1,99,20.4439163208008
Distill25_1.0,1,99,10.4310512542725
Current,1,99,1.03998184204102
Distill25_0.5,1,99,20.9090709686279
CE_control_1.0,1,99,10.3089809417725
CE_control_0.1,1,99,21.435022354126
Distill25_0.5,3,261,17.704963684082
Distill50_0.5,3,261,17.4629688262939
Distill50_0.1,3,261,17.636775970459
Distill25_0.1,3,261,18.6209678649902
CE_control_0.5,3,261,20.8160877227783
CE_control_0.1,3,261,18.4190273284912
Current,3,261,0.874996185302734
CE_control_0.25,3,261,16.7951583862305
Distill50_1.0,3,261,20.2078819274902
Distill25_1.0,3,261,9.07611846923828
CE_control_1.0,3,261,9.33694839477539
Distill25_0.25,3,261,17.035961151123
Distill50_0.25,3,261,16.7820453643799
Distill50_1.0,1,65,11.7599964141846
CE_control_0.5,1,65,18.0268287658691
Distill25_0.25,1,65,18.6619758605957
Current,1,65,0.763177871704102
CE_control_0.25,1,65,19.9449062347412
CE_control_1.0,1,65,9.9790096282959
Distill25_0.1,1,65,18.0981159210205
Distill25_0.5,1,65,18.4521675109863
Distill25_1.0,1,65,11.0950469970703
Distill50_0.25,1,65,18.6309814453125
Distill50_0.5,1,65,18.2409286499023
CE_control_0.1,1,65,19.9451446533203
Distill50_0.1,1,65,19.2949771881104
Distill50_0.25,3,47,19.7989940643311
Distill25_0.25,3,47,19.9980735778809
Distill25_0.5,3,47,20.5509662628174
Distill50_0.1,3,47,22.4030017852783
Distill25_1.0,3,47,10.2901458740234
Distill25_0.1,3,47,21.7118263244629
Distill50_1.0,3,47,10.1470947265625
CE_control_0.5,3,47,21.9740867614746
Current,3,47,0.885963439941406
CE_control_0.25,3,47,19.9589729309082
Distill50_0.5,3,47,20.3249454498291
CE_control_0.1,3,47,20.9269523620605
CE_control_1.0,3,47,11.6958618164063
CE_control_0.5,2,584,31.4719676971436
Distill50_0.5,2,584,20.9040641784668
Distill50_1.0,2,584,10.3669166564941
Distill25_0.1,2,584,19.5119380950928
Distill25_1.0,2,584,8.15415382385254
Distill50_0.25,2,584,19.881010055542
CE_control_0.1,2,584,19.3209648132324
Distill25_0.5,2,584,19.4919109344482
CE_control_1.0,2,584,9.22393798828125
Distill50_0.1,2,584,19.8168754577637
Current,2,584,0.76603889465332
CE_control_0.25,2,584,20.4610824584961
Distill25_0.25,2,584,21.0180282592773
CE_control_1.0,3,34,8.52108001708984
Distill25_0.25,3,34,16.4148807525635
Distill50_0.1,3,34,16.0658359527588
Current,3,34,0.689029693603516
CE_control_0.5,3,34,16.2148475646973
Distill50_1.0,3,34,7.88617134094238
CE_control_0.25,3,34,17.1349048614502
Distill25_1.0,3,34,8.36682319641113
Distill50_0.5,3,34,16.3300037384033
Distill25_0.1,3,34,16.5188312530518
Distill50_0.25,3,34,17.4219608306885
Distill25_0.5,3,34,17.8570747375488
CE_control_0.1,3,34,18.1219577789307
CE_control_0.5,2,228,18.3491706848145
CE_control_0.25,2,228,19.395112991333
Distill25_0.25,2,228,19.0091133117676
Distill50_1.0,2,228,9.66000556945801
CE_control_1.0,2,228,9.89198684692383
CE_control_0.1,2,228,17.3931121826172
Distill50_0.1,2,228,17.98415184021
Distill50_0.5,2,228,18.4750556945801
Distill25_0.5,2,228,19.2539691925049
Current,2,228,0.909090042114258
Distill25_1.0,2,228,9.78708267211914
Distill50_0.25,2,228,35.3410243988037
Distill25_0.1,2,228,19.1459655761719
Distill25_0.5,3,329,17.4331665039063
CE_control_0.25,3,329,16.9608592987061
Distill50_0.1,3,329,17.7419185638428
CE_control_0.5,3,329,17.193078994751
CE_control_1.0,3,329,8.85915756225586
Distill50_0.25,3,329,18.2681083679199
Distill50_1.0,3,329,9.60016250610352
Current,3,329,0.84996223449707
CE_control_0.1,3,329,17.1668529510498
Distill50_0.5,3,329,17.0588493347168
Distill25_0.1,3,329,17.8020000457764
Distill25_0.25,3,329,19.0188884735107
Distill25_1.0,3,329,10.3580951690674
Distill50_0.1,2,28,19.2501544952393
Current,2,28,0.751018524169922
CE_control_1.0,2,28,10.9899044036865
Distill25_0.25,2,28,19.7880268096924
Distill25_1.0,2,28,10.4269981384277
CE_control_0.1,2,28,18.8989639282227
CE_control_0.25,2,28,17.672061920166
Distill50_0.5,2,28,18.834114074707
Distill25_0.5,2,28,20.2720165252686
Distill50_1.0,2,28,10.7898712158203
Distill50_0.25,2,28,19.118070602417
Distill25_0.1,2,28,20.9980010986328
CE_control_0.5,2,28,20.4739570617676
CE_control_0.5,1,309,19.6380615234375
Distill50_1.0,1,309,9.05394554138184
Distill25_0.1,1,309,19.2220211029053
CE_control_1.0,1,309,8.14199447631836
CE_control_0.25,1,309,18.7849998474121
Distill50_0.5,1,309,19.150972366333
Distill25_0.5,1,309,19.2930698394775
Distill25_1.0,1,309,8.15010070800781
Distill25_0.25,1,309,19.3631649017334
Distill50_0.25,1,309,32.1190357208252
Current,1,309,1.51896476745605
Distill50_0.1,1,309,18.841028213501
CE_control_0.1,1,309,18.2919502258301
CE_control_0.25,2,114,19.0229415893555
CE_control_0.5,2,114,19.0989971160889
Distill50_0.5,2,114,19.5300579071045
Distill25_0.1,2,114,21.1849212646484
Distill25_1.0,2,114,9.56892967224121
Distill25_0.5,2,114,19.2980766296387
Current,2,114,1.32393836975098
CE_control_1.0,2,114,11.2731456756592
Distill50_1.0,2,114,9.71698760986328
Distill25_0.25,2,114,19.7899341583252
CE_control_0.1,2,114,19.618034362793
Distill50_0.1,2,114,21.7001438140869
Distill50_0.25,2,114,20.7729339599609
CE_control_0.25,1,288,16.7851448059082
Distill25_0.25,1,288,16.4420604705811
Distill50_1.0,1,288,9.4301700592041
Distill50_0.1,1,288,18.679141998291
Distill25_0.1,1,288,18.0821418762207
CE_control_0.5,1,288,18.6879634857178
Distill50_0.5,1,288,17.4059867858887
Distill25_0.5,1,288,18.1009769439697
Distill25_1.0,1,288,7.81798362731934
Current,1,288,0.995874404907227
CE_control_0.1,1,288,18.8779830932617
Distill50_0.25,1,288,18.2900428771973
CE_control_1.0,1,288,8.75687599182129
CE_control_0.1,1,118,19.9217796325684
Distill25_0.25,1,118,20.0080871582031
Distill25_0.5,1,118,18.7511444091797
Distill25_0.1,1,118,19.1638469696045
Distill50_1.0,1,118,9.08088684082031
CE_control_0.25,1,118,31.0859680175781
CE_control_0.5,1,118,19.2978382110596
Distill25_1.0,1,118,8.79096984863281
Current,1,118,0.919103622436523
Distill50_0.1,1,118,18.1608200073242
Distill50_0.25,1,118,19.2570686340332
Distill50_0.5,1,118,18.9120769500732
CE_control_1.0,1,118,7.65490531921387
Distill25_0.25,2,357,14.1181945800781
Distill50_0.25,2,357,13.9219760894775
Distill50_0.5,2,357,13.8719081878662
Current,2,357,0.819921493530273
Distill50_1.0,2,357,7.2939395904541
CE_control_0.5,2,357,14.5139694213867
Distill25_1.0,2,357,7.76481628417969
CE_control_0.1,2,357,15.0620937347412
CE_control_1.0,2,357,8.00800323486328
Distill50_0.1,2,357,13.9358043670654
CE_control_0.25,2,357,14.1770839691162
Distill25_0.1,2,357,14.3978595733643
Distill25_0.5,2,357,15.2459144592285
CE_control_1.0,2,331,9.26589965820312
Current,2,331,0.861167907714844
Distill25_1.0,2,331,9.97495651245117
Distill50_0.1,2,331,18.1410312652588
Distill25_0.5,2,331,18.7411308288574
CE_control_0.1,2,331,18.2778835296631
Distill50_0.5,2,331,18.7900066375732
Distill50_0.25,2,331,19.7548866271973
Distill25_0.25,2,331,19.1950798034668
Distill50_1.0,2,331,8.21399688720703
Distill25_0.1,2,331,18.7849998474121
CE_control_0.25,2,331,19.8650360107422
CE_control_0.5,2,331,19.5398330688477
Distill25_0.25,2,558,18.0540084838867
Distill50_0.25,2,558,16.3919925689697
CE_control_0.1,2,558,16.3779258728027
Distill50_0.5,2,558,17.4729824066162
Distill25_0.5,2,558,16.693115234375
CE_control_0.5,2,558,28.4371376037598
CE_control_1.0,2,558,8.43286514282227
Current,2,558,0.880956649780273
Distill25_1.0,2,558,8.27193260192871
Distill50_0.1,2,558,15.8011913299561
Distill25_0.1,2,558,15.0129795074463
CE_control_0.25,2,558,16.0160064697266
Distill50_1.0,2,558,7.68804550170898
CE_control_1.0,1,376,8.83102416992188
CE_control_0.5,1,376,17.1768665313721
Distill25_0.5,1,376,17.1949863433838
Distill50_0.1,1,376,20.7250118255615
Distill25_0.1,1,376,18.9719200134277
Current,1,376,0.713109970092773
Distill50_1.0,1,376,11.909008026123
CE_control_0.1,1,376,18.3799266815186
Distill50_0.5,1,376,19.6599960327148
Distill50_0.25,1,376,20.3120708465576
Distill25_1.0,1,376,10.3859901428223
Distill25_0.25,1,376,19.057035446167
CE_control_0.25,1,376,19.7391510009766
Distill50_0.25,3,394,20.93505859375
Distill25_0.5,3,394,19.8850631713867
CE_control_0.25,3,394,19.9770927429199
CE_control_0.5,3,394,21.6479301452637
Distill50_1.0,3,394,9.92608070373535
Distill25_0.1,3,394,21.1498737335205
Distill50_0.5,3,394,21.1350917816162
Distill50_0.1,3,394,19.7010040283203
Distill25_0.25,3,394,19.5441246032715
Current,3,394,0.689029693603516
CE_control_1.0,3,394,10.1509094238281
CE_control_0.1,3,394,19.2470550537109
Distill25_1.0,3,394,9.6900463104248
Distill50_1.0,3,388,9.35196876525879
CE_control_0.5,3,388,15.8932209014893
Distill50_0.1,3,388,26.1321067810059
Distill25_0.25,3,388,14.7058963775635
Distill25_0.5,3,388,14.5490169525146
Current,3,388,1.03521347045898
CE_control_1.0,3,388,8.73780250549316
CE_control_0.1,3,388,14.6341323852539
Distill25_1.0,3,388,8.70800018310547
Distill50_0.5,3,388,14.6851539611816
Distill50_0.25,3,388,14.6579742431641
Distill25_0.1,3,388,14.4999027252197
CE_control_0.25,3,388,20.8399295806885
CE_control_0.25,2,581,16.8511867523193
Current,2,581,1.3129711151123
Distill25_0.25,2,581,16.6411399841309
Distill25_1.0,2,581,8.64601135253906
Distill25_0.1,2,581,18.2781219482422
Distill50_1.0,2,581,10.322093963623
CE_control_0.5,2,581,16.632080078125
Distill50_0.25,2,581,17.6711082458496
CE_control_1.0,2,581,9.19699668884277
CE_control_0.1,2,581,16.664981842041
Distill50_0.5,2,581,16.8859958648682
Distill50_0.1,2,581,18.2368755340576
Distill25_0.5,2,581,17.2419548034668
CE_control_0.1,3,342,16.791820526123
CE_control_0.5,3,342,16.4358615875244
CE_control_0.25,3,342,15.8140659332275
Distill50_0.25,3,342,16.1240100860596
Distill50_0.5,3,342,16.373872756958
Distill50_1.0,3,342,9.1240406036377
Distill25_0.1,3,342,17.3649787902832
CE_control_1.0,3,342,10.2171897888184
Distill50_0.1,3,342,16.3700580596924
Distill25_0.5,3,342,16.1521434783936
Distill25_1.0,3,342,10.4751586914063
Distill25_0.25,3,342,16.477108001709
Current,3,342,0.880956649780273
Distill25_1.0,1,79,21.1129188537598
Distill25_0.1,1,79,19.8519229888916
Distill50_0.1,1,79,20.0059413909912
Distill25_0.5,1,79,17.0178413391113
Distill50_0.5,1,79,18.765926361084
Distill50_1.0,1,79,9.64784622192383
Current,1,79,1.03211402893066
Distill25_0.25,1,79,18.9299583435059
CE_control_0.1,1,79,18.0699825286865
Distill50_0.25,1,79,17.8680419921875
CE_control_0.5,1,79,17.5888538360596
CE_control_0.25,1,79,17.4410343170166
CE_control_1.0,1,79,9.36007499694824
CE_control_0.25,1,543,18.435001373291
CE_control_0.5,1,543,17.8959369659424
Distill25_0.5,1,543,18.4180736541748
Distill50_0.1,1,543,18.671989440918
Distill25_0.1,1,543,17.9150104522705
Current,1,543,0.746965408325195
Distill25_1.0,1,543,10.1079940795898
Distill50_0.5,1,543,18.8448429107666
Distill50_1.0,1,543,10.6320381164551
CE_control_1.0,1,543,10.551929473877
Distill50_0.25,1,543,18.9609527587891
CE_control_0.1,1,543,19.7820663452148
Distill25_0.25,1,543,18.9499855041504
Distill25_1.0,1,300,8.69894027709961
CE_control_0.25,1,300,17.7969932556152
Distill25_0.25,1,300,19.2139148712158
Distill50_0.1,1,300,19.9220180511475
CE_control_0.1,1,300,17.7021026611328
Current,1,300,0.793933868408203
Distill25_0.1,1,300,17.3201560974121
CE_control_0.5,1,300,17.4579620361328
Distill25_0.5,1,300,28.5060405731201
Distill50_0.5,1,300,16.6099071502686
Distill50_1.0,1,300,8.34107398986816
CE_control_1.0,1,300,9.13691520690918
Distill50_0.25,1,300,16.8910026550293
Distill50_0.25,2,94,21.834135055542
CE_control_1.0,2,94,13.1301879882813
Distill25_0.25,2,94,21.6820240020752
Distill50_0.5,2,94,24.2569446563721
Distill50_1.0,2,94,10.7231140136719
Distill50_0.1,2,94,22.8159427642822
Distill25_0.1,2,94,21.9779014587402
Distill25_0.5,2,94,22.2949981689453
CE_control_0.1,2,94,22.2678184509277
Distill25_1.0,2,94,10.6048583984375
Current,2,94,1.18708610534668
CE_control_0.5,2,94,22.5250720977783
CE_control_0.25,2,94,21.2540626525879
Distill25_0.25,2,354,17.3881053924561
CE_control_0.25,2,354,18.0199146270752
Distill50_1.0,2,354,10.0109577178955
CE_control_0.5,2,354,19.3231105804443
Distill50_0.25,2,354,17.7099704742432
Distill25_0.5,2,354,18.1870460510254
Current,2,354,0.782012939453125
Distill25_1.0,2,354,9.90796089172363
Distill25_0.1,2,354,17.158031463623
Distill50_0.1,2,354,18.1648731231689
CE_control_0.1,2,354,18.2321071624756
CE_control_1.0,2,354,9.97591018676758
Distill50_0.5,2,354,17.509937286377
CE_control_0.5,1,15,16.4198875427246
Distill50_0.5,1,15,26.7939567565918
Distill50_1.0,1,15,8.4068775177002
CE_control_0.1,1,15,15.7830715179443
Distill25_0.1,1,15,17.2901153564453
CE_control_1.0,1,15,9.80210304260254
Current,1,15,0.853061676025391
Distill25_1.0,1,15,7.66301155090332
CE_control_0.25,1,15,17.9071426391602
Distill25_0.25,1,15,17.9519653320313
Distill50_0.25,1,15,16.7760848999023
Distill50_0.1,1,15,16.6339874267578
Distill25_0.5,1,15,16.4308547973633
Distill50_0.25,1,303,16.9270038604736
Distill50_0.1,1,303,17.6630020141602
CE_control_0.5,1,303,17.0328617095947
CE_control_1.0,1,303,8.74996185302734
CE_control_0.1,1,303,17.6959037780762
Distill25_1.0,1,303,10.5409622192383
Distill25_0.25,1,303,16.9570446014404
Distill50_0.5,1,303,17.1699523925781
Distill25_0.1,1,303,18.1260108947754
Distill50_1.0,1,303,10.6570720672607
CE_control_0.25,1,303,18.3429718017578
Distill25_0.5,1,303,17.6260471343994
Current,1,303,0.78892707824707
Distill25_0.1,1,241,18.1760787963867
Distill50_1.0,1,241,10.1549625396729
CE_control_0.1,1,241,17.8039073944092
Distill25_1.0,1,241,9.26494598388672
Distill50_0.25,1,241,18.4009075164795
Current,1,241,0.926971435546875
Distill25_0.25,1,241,18.7580585479736
CE_control_0.5,1,241,17.9860591888428
Distill50_0.1,1,241,17.3909664154053
CE_control_0.25,1,241,17.3420906066895
Distill25_0.5,1,241,17.3180103302002
Distill50_0.5,1,241,17.9111957550049
CE_control_1.0,1,241,21.885871887207
Distill50_0.25,3,50,19.2070007324219
CE_control_0.1,3,50,17.9460048675537
CE_control_0.25,3,50,17.2309875488281
Distill25_0.25,3,50,18.4609889984131
CE_control_0.5,3,50,18.1629657745361
Current,3,50,0.831127166748047
CE_control_1.0,3,50,10.8859539031982
Distill25_0.1,3,50,18.0361270904541
Distill50_1.0,3,50,8.90898704528809
Distill50_0.5,3,50,18.1729793548584
Distill50_0.1,3,50,17.3699855804443
Distill25_1.0,3,50,8.23092460632324
Distill25_0.5,3,50,17.3270702362061
Distill50_0.5,3,82,16.815185546875
Distill25_0.25,3,82,17.4999237060547
Distill50_0.25,3,82,18.172025680542
CE_control_1.0,3,82,8.87203216552734
Current,3,82,0.943183898925781
Distill25_1.0,3,82,8.01301002502441
Distill25_0.1,3,82,18.9070701599121
CE_control_0.5,3,82,16.7908668518066
CE_control_0.1,3,82,16.9789791107178
CE_control_0.25,3,82,16.4399147033691
Distill25_0.5,3,82,16.0369873046875
Distill50_0.1,3,82,16.165018081665
Distill50_1.0,3,82,7.52997398376465
CE_control_0.25,2,510,19.9539661407471
CE_control_1.0,2,510,9.55104827880859
Distill50_1.0,2,510,9.9480152130127
Current,2,510,1.02806091308594
CE_control_0.1,2,510,19.2351341247559
Distill25_0.1,2,510,19.6130275726318
Distill50_0.25,2,510,19.2701816558838
Distill50_0.5,2,510,20.9591388702393
Distill25_0.25,2,510,19.6759700775146
Distill25_0.5,2,510,30.1680564880371
Distill50_0.1,2,510,19.4320678710938
CE_control_0.5,2,510,18.139123916626
Distill25_1.0,2,510,9.64617729187012
Current,1,70,0.988006591796875
Distill25_0.1,1,70,20.8759307861328
CE_control_0.1,1,70,20.2338695526123
Distill25_0.25,1,70,20.7028388977051
Distill25_0.5,1,70,21.4531421661377
CE_control_0.5,1,70,20.5509662628174
Distill50_0.25,1,70,21.028995513916
Distill50_1.0,1,70,12.4859809875488
CE_control_0.25,1,70,20.9949016571045
Distill25_1.0,1,70,12.5579833984375
Distill50_0.5,1,70,20.8079814910889
CE_control_1.0,1,70,12.9361152648926
Distill50_0.1,1,70,22.3889350891113
Distill50_0.25,3,565,20.402193069458
Distill25_1.0,3,565,9.25588607788086
Current,3,565,0.890016555786133
CE_control_0.5,3,565,20.3869342803955
Distill25_0.25,3,565,20.7109451293945
Distill25_0.5,3,565,19.0079212188721
Distill50_0.1,3,565,19.3469524383545
CE_control_1.0,3,565,8.99696350097656
Distill25_0.1,3,565,19.611120223999
Distill50_1.0,3,565,8.76617431640625
CE_control_0.25,3,565,21.2910175323486
CE_control_0.1,3,565,19.9630260467529
Distill50_0.5,3,565,19.3130970001221
Distill50_0.25,2,535,16.5050029754639
CE_control_0.5,2,535,17.2290802001953
Distill25_0.25,2,535,27.7261734008789
Distill50_0.5,2,535,17.5240039825439
Distill25_0.1,2,535,16.240119934082
CE_control_0.25,2,535,16.4628028869629
Distill50_1.0,2,535,9.88006591796875
Distill25_0.5,2,535,15.2618885040283
CE_control_0.1,2,535,14.1618251800537
CE_control_1.0,2,535,9.05609130859375
Distill50_0.1,2,535,14.8160457611084
Distill25_1.0,2,535,8.00299644470215
Current,2,535,0.800132751464844
Distill25_1.0,2,385,10.9710693359375
Distill25_0.5,2,385,18.1779861450195
Distill25_0.1,2,385,18.7280178070068
Distill50_0.1,2,385,20.9300518035889
Distill25_0.25,2,385,18.9380645751953
CE_control_1.0,2,385,10.0269317626953
Distill50_1.0,2,385,11.5900039672852
CE_control_0.5,2,385,19.582986831665
CE_control_0.25,2,385,20.3900337219238
Distill50_0.5,2,385,20.7741260528564
Current,2,385,0.88810920715332
Distill50_0.25,2,385,18.2139873504639
CE_control_0.1,2,385,18.5189247131348
Distill50_0.5,1,143,18.1291103363037
Distill25_0.25,1,143,17.9610252380371
CE_control_0.25,1,143,20.2929973602295
Distill25_0.1,1,143,18.8119411468506
CE_control_1.0,1,143,9.86814498901367
Distill25_0.5,1,143,18.4781551361084
Distill50_0.1,1,143,19.4070339202881
Current,1,143,0.946998596191406
CE_control_0.1,1,143,18.2089805603027
Distill25_1.0,1,143,21.4030742645264
CE_control_0.5,1,143,19.373893737793
Distill50_0.25,1,143,18.4910297393799
Distill50_1.0,1,143,11.073112487793
CE_control_1.0,1,375,9.60588455200195
Distill50_0.1,1,375,17.8210735321045
Distill25_0.1,1,375,18.7168121337891
Distill50_0.5,1,375,17.9290771484375
CE_control_0.25,1,375,17.2569751739502
Current,1,375,0.758886337280273
Distill25_0.5,1,375,16.9470310211182
CE_control_0.5,1,375,17.4238681793213
Distill25_0.25,1,375,19.1171169281006
CE_control_0.1,1,375,20.2012062072754
Distill50_0.25,1,375,17.8439617156982
Distill50_1.0,1,375,9.55891609191895
Distill25_1.0,1,375,10.0860595703125
Distill50_0.25,2,167,17.8589820861816
Distill50_1.0,2,167,7.50803947448731
Distill25_0.25,2,167,21.1219787597656
CE_control_1.0,2,167,9.05013084411621
CE_control_0.1,2,167,19.6387767791748
Current,2,167,0.883817672729492
Distill50_0.5,2,167,19.3040370941162
CE_control_0.25,2,167,18.0990695953369
Distill25_1.0,2,167,7.63106346130371
CE_control_0.5,2,167,17.7628993988037
Distill50_0.1,2,167,19.3970203399658
Distill25_0.5,2,167,19.3459987640381
Distill25_0.1,2,167,18.5937881469727
Distill25_0.25,2,56,18.4950828552246
Distill25_0.5,2,56,18.4810161590576
Distill25_1.0,2,56,8.37492942810059
Distill50_1.0,2,56,8.55684280395508
Distill50_0.1,2,56,18.9800262451172
CE_control_1.0,2,56,9.16600227355957
Distill50_0.5,2,56,30.8740139007568
CE_control_0.1,2,56,16.6139602661133
CE_control_0.5,2,56,15.8920288085938
CE_control_0.25,2,56,16.4661407470703
Distill50_0.25,2,56,17.6899433135986
Distill25_0.1,2,56,17.0249938964844
Current,2,56,0.802040100097656
CE_control_0.1,1,116,14.1010284423828
Distill25_1.0,1,116,7.83109664916992
Distill50_0.5,1,116,16.7751312255859
CE_control_0.5,1,116,14.8940086364746
CE_control_1.0,1,116,8.1779956817627
CE_control_0.25,1,116,14.7538185119629
Distill50_0.25,1,116,15.8751010894775
Distill25_0.5,1,116,15.859842300415
Distill50_0.1,1,116,16.5829658508301
Distill25_0.1,1,116,16.3178443908691
Distill25_0.25,1,116,17.0040130615234
Current,1,116,1.20782852172852
Distill50_1.0,1,116,8.92186164855957
CE_control_0.5,1,195,22.4909782409668
CE_control_0.1,1,195,20.1010704040527
CE_control_1.0,1,195,11.1179351806641
Distill50_1.0,1,195,11.2409591674805
Distill50_0.25,1,195,20.8580493927002
Distill25_1.0,1,195,11.3480091094971
CE_control_0.25,1,195,21.265983581543
Distill25_0.25,1,195,20.1089382171631
Distill50_0.5,1,195,20.474910736084
Current,1,195,0.719070434570313
Distill25_0.5,1,195,19.3829536437988
Distill50_0.1,1,195,22.1488475799561
Distill25_0.1,1,195,20.2329158782959
CE_control_0.5,2,575,30.411958694458
Distill50_0.25,2,575,18.8841819763184
Distill50_0.5,2,575,17.6410675048828
CE_control_1.0,2,575,9.6280574798584
Distill25_1.0,2,575,10.5550289154053
CE_control_0.25,2,575,18.031120300293
Distill25_0.25,2,575,18.010139465332
Distill50_0.1,2,575,19.2298889160156
Distill25_0.1,2,575,18.3889865875244
Distill25_0.5,2,575,17.6639556884766
CE_control_0.1,2,575,17.8089141845703
Current,2,575,0.911951065063477
Distill50_1.0,2,575,9.65213775634766
Distill25_0.1,2,34,17.8999900817871
Distill25_0.25,2,34,17.5909996032715
Distill50_0.1,2,34,18.7869071960449
Distill50_1.0,2,34,8.63814353942871
Distill50_0.25,2,34,17.5831317901611
Distill50_0.5,2,34,17.9271697998047
Distill25_1.0,2,34,10.3020668029785
CE_control_0.5,2,34,18.2888507843018
Distill25_0.5,2,34,20.0068950653076
CE_control_1.0,2,34,10.2097988128662
Current,2,34,0.843048095703125
CE_control_0.1,2,34,17.4720287322998
CE_control_0.25,2,34,17.7090167999268
CE_control_0.5,1,20,13.9751434326172
Current,1,20,0.720977783203125
Distill50_1.0,1,20,9.38701629638672
Distill50_0.1,1,20,13.314962387085
Distill25_0.5,1,20,15.3529644012451
Distill25_1.0,1,20,9.99593734741211
Distill25_0.1,1,20,14.3039226531982
Distill25_0.25,1,20,14.8930549621582
Distill50_0.25,1,20,13.178825378418
CE_control_0.1,1,20,12.8548145294189
CE_control_1.0,1,20,10.0748538970947
Distill50_0.5,1,20,12.7270221710205
CE_control_0.25,1,20,13.261079788208
CE_control_0.1,2,292,17.6270008087158
Distill50_0.25,2,292,18.3188915252686
Distill25_1.0,2,292,9.95707511901855
Distill25_0.5,2,292,17.0388221740723
Distill25_0.1,2,292,17.2910690307617
Distill50_0.1,2,292,17.7948474884033
CE_control_1.0,2,292,11.4538669586182
Distill50_0.5,2,292,16.7560577392578
Distill25_0.25,2,292,16.9820785522461
CE_control_0.25,2,292,17.5189971923828
Distill50_1.0,2,292,9.95802879333496
CE_control_0.5,2,292,18.2130336761475
Current,2,292,0.708103179931641
Distill25_0.1,3,502,15.092134475708
Distill50_0.1,3,502,14.833927154541
Distill50_0.5,3,502,14.9760246276855
CE_control_0.5,3,502,15.4130458831787
CE_control_1.0,3,502,8.80789756774902
Distill50_1.0,3,502,8.31985473632813
Distill25_1.0,3,502,8.75306129455566
CE_control_0.25,3,502,15.0411128997803
Distill25_0.5,3,502,14.6188735961914
Current,3,502,0.719070434570313
Distill25_0.25,3,502,15.2051448822021
CE_control_0.1,3,502,14.9340629577637
Distill50_0.25,3,502,15.2370929718018
Distill25_0.5,2,159,18.9459323883057
Distill25_0.25,2,159,19.2201137542725
Distill50_1.0,2,159,9.21988487243652
CE_control_0.5,2,159,19.0670490264893
CE_control_0.1,2,159,30.3130149841309
Distill50_0.25,2,159,18.6829566955566
Distill50_0.5,2,159,17.7299976348877
Distill25_1.0,2,159,9.89699363708496
CE_control_1.0,2,159,10.0069046020508
Distill50_0.1,2,159,18.9259052276611
Distill25_0.1,2,159,20.1599597930908
CE_control_0.25,2,159,18.6238288879395
Current,2,159,0.968217849731445
CE_control_0.5,2,400,15.4330730438232
Distill50_0.5,2,400,14.8351192474365
Distill50_0.1,2,400,15.2120590209961
Distill25_0.25,2,400,15.6600475311279
Distill25_0.1,2,400,16.4330005645752
Distill50_1.0,2,400,9.05799865722656
CE_control_1.0,2,400,9.05489921569824
Current,2,400,1.03902816772461
CE_control_0.1,2,400,15.4109001159668
Distill25_1.0,2,400,8.66079330444336
Distill50_0.25,2,400,18.1701183319092
Distill25_0.5,2,400,16.8521404266357
CE_control_0.25,2,400,16.7980194091797
CE_control_1.0,2,22,9.91010665893555
Distill50_0.1,2,22,14.4491195678711
Distill25_1.0,2,22,9.25111770629883
CE_control_0.1,2,22,16.5030956268311
Current,2,22,0.832080841064453
CE_control_0.25,2,22,14.2989158630371
CE_control_0.5,2,22,14.2190456390381
Distill50_1.0,2,22,9.61995124816895
Distill50_0.25,2,22,14.4550800323486
Distill25_0.1,2,22,13.4310722351074
Distill50_0.5,2,22,14.970064163208
Distill25_0.5,2,22,15.0392055511475
Distill25_0.25,2,22,15.2740478515625
CE_control_0.25,1,95,19.582986831665
Distill50_1.0,1,95,10.8649730682373
CE_control_1.0,1,95,7.79604911804199
Distill50_0.1,1,95,15.9239768981934
Distill50_0.25,1,95,15.5220031738281
CE_control_0.1,1,95,15.2828693389893
Current,1,95,0.771045684814453
Distill25_0.1,1,95,15.2909755706787
Distill25_0.25,1,95,14.9910449981689
Distill25_1.0,1,95,7.66706466674805
CE_control_0.5,1,95,16.1778926849365
Distill50_0.5,1,95,16.2591934204102
Distill25_0.5,1,95,17.0400142669678
Distill50_0.1,2,505,16.7520046234131
CE_control_0.25,2,505,16.5390968322754
Distill50_0.25,2,505,17.2469615936279
Distill25_0.1,2,505,17.3859596252441
Distill25_0.25,2,505,17.3320770263672
CE_control_0.1,2,505,17.8768634796143
Distill50_1.0,2,505,7.77411460876465
CE_control_0.5,2,505,19.8321342468262
CE_control_1.0,2,505,9.14502143859863
Distill50_0.5,2,505,16.9219970703125
Distill25_1.0,2,505,8.30483436584473
Distill25_0.5,2,505,17.3931121826172
Current,2,505,0.891208648681641
CE_control_0.1,1,177,18.9030170440674
Distill25_0.5,1,177,18.5580253601074
CE_control_1.0,1,177,10.8401775360107
CE_control_0.25,1,177,18.3460712432861
CE_control_0.5,1,177,19.2561149597168
Distill50_0.1,1,177,18.5379981994629
Distill50_1.0,1,177,11.4870071411133
Distill50_0.5,1,177,18.4810161590576
Distill25_0.1,1,177,28.9421081542969
Distill25_1.0,1,177,10.2078914642334
Distill25_0.25,1,177,19.3219184875488
Distill50_0.25,1,177,17.7340507507324
Current,1,177,0.904083251953125
Distill25_0.5,2,415,15.5658721923828
Distill25_1.0,2,415,7.98320770263672
CE_control_0.5,2,415,15.4950618743896
Distill25_0.25,2,415,15.3629779815674
Distill50_0.5,2,415,15.4001712799072
Distill50_0.1,2,415,15.2420997619629
Distill50_0.25,2,415,15.9080028533936
Current,2,415,0.797033309936523
CE_control_1.0,2,415,7.11798667907715
Distill50_1.0,2,415,10.0440979003906
CE_control_0.1,2,415,16.3412094116211
CE_control_0.25,2,415,16.434907913208
Distill25_0.1,2,415,16.4909362792969
CE_control_0.1,3,317,21.7001438140869
Distill25_0.5,3,317,22.6619243621826
CE_control_1.0,3,317,9.4459056854248
CE_control_0.25,3,317,22.9401588439941
Distill50_0.5,3,317,22.8650569915772
Distill25_1.0,3,317,9.60803031921387
Distill50_1.0,3,317,10.1690292358398
Distill50_0.25,3,317,23.5137939453125
CE_control_0.5,3,317,21.5139389038086
Distill25_0.1,3,317,21.2860107421875
Current,3,317,0.757932662963867
Distill50_0.1,3,317,24.1060256958008
Distill25_0.25,3,317,23.8628387451172
Distill25_1.0,2,13,11.9290351867676
Distill50_0.5,2,13,16.6079998016357
Current,2,13,0.755786895751953
Distill25_0.1,2,13,26.0381698608398
Distill50_0.25,2,13,14.7879123687744
CE_control_0.25,2,13,14.5630836486816
Distill25_0.5,2,13,14.6369934082031
CE_control_0.1,2,13,14.9638652801514
Distill50_1.0,2,13,11.3999843597412
Distill50_0.1,2,13,14.319896697998
Distill25_0.25,2,13,13.9648914337158
CE_control_0.5,2,13,14.2860412597656
CE_control_1.0,2,13,8.71181488037109
Distill50_0.1,2,134,16.9219970703125
Current,2,134,0.699043273925781
CE_control_0.5,2,134,17.3649787902832
CE_control_0.1,2,134,20.0161933898926
Distill50_0.5,2,134,17.920970916748
Distill25_0.1,2,134,20.2140808105469
CE_control_0.25,2,134,17.158031463623
Distill50_1.0,2,134,8.93402099609375
Distill25_1.0,2,134,12.9690170288086
Distill50_0.25,2,134,18.6281204223633
CE_control_1.0,2,134,11.9979381561279
Distill25_0.25,2,134,17.7929401397705
Distill25_0.5,2,134,17.5418853759766
Distill50_0.1,3,506,18.2318687438965
CE_control_0.5,3,506,19.9389457702637
Distill25_0.5,3,506,19.1030502319336
Distill25_0.1,3,506,18.110990524292
CE_control_1.0,3,506,8.72516632080078
Distill50_0.5,3,506,19.2949771881104
Current,3,506,1.06000900268555
Distill25_0.25,3,506,18.4412002563477
CE_control_0.25,3,506,17.6758766174316
Distill25_1.0,3,506,11.4901065826416
CE_control_0.1,3,506,16.9088840484619
Distill50_0.25,3,506,16.2680149078369
Distill50_1.0,3,506,8.65983963012695
Distill25_0.1,1,584,20.2369689941406
Distill25_0.5,1,584,20.4250812530518
Distill50_0.1,1,584,19.1071033477783
CE_control_0.1,1,584,20.7080841064453
Distill50_1.0,1,584,9.18316841125488
Distill25_0.25,1,584,19.5159912109375
Distill50_0.25,1,584,21.6081142425537
CE_control_1.0,1,584,8.91709327697754
Distill50_0.5,1,584,20.2968120574951
CE_control_0.25,1,584,22.0019817352295
Distill25_1.0,1,584,8.61501693725586
CE_control_0.5,1,584,21.0459232330322
Current,1,584,1.01995468139648
Distill50_1.0,2,367,8.75687599182129
CE_control_0.5,2,367,17.3261165618896
CE_control_0.25,2,367,21.2328433990479
CE_control_0.1,2,367,18.85986328125
Distill25_1.0,2,367,9.31096076965332
Distill25_0.1,2,367,17.5459384918213
Distill50_0.1,2,367,17.1840190887451
Distill50_0.25,2,367,18.1338787078857
Distill25_0.5,2,367,17.3959732055664
Current,2,367,0.945091247558594
CE_control_1.0,2,367,9.3238353729248
Distill50_0.5,2,367,17.5349712371826
Distill25_0.25,2,367,17.4291133880615
CE_control_0.25,3,431,18.1050300598145
Distill50_0.5,3,431,18.1190967559814
Distill25_0.25,3,431,16.6671276092529
Distill50_1.0,3,431,9.80997085571289
CE_control_1.0,3,431,9.70721244812012
Distill50_0.1,3,431,16.1879062652588
Distill25_0.5,3,431,17.1220302581787
CE_control_0.5,3,431,27.7888774871826
Current,3,431,1.3129711151123
Distill25_0.1,3,431,16.1590576171875
CE_control_0.1,3,431,16.3500308990479
Distill25_1.0,3,431,9.4139575958252
Distill50_0.25,3,431,16.1540508270264
CE_control_0.25,3,374,16.4711475372314
Current,3,374,0.721931457519531
Distill25_1.0,3,374,10.2999210357666
Distill25_0.25,3,374,16.2880420684814
Distill50_0.5,3,374,16.5379047393799
CE_control_1.0,3,374,9.30190086364746
CE_control_0.5,3,374,17.1661376953125
Distill25_0.1,3,374,16.5619850158691
Distill25_0.5,3,374,16.62278175354
Distill50_1.0,3,374,10.1361274719238
Distill50_0.25,3,374,17.7390575408936
Distill50_0.1,3,374,19.3450450897217
CE_control_0.1,3,374,18.2380676269531
CE_control_0.1,3,153,18.967866897583
Distill50_0.1,3,153,18.5000896453857
Current,3,153,0.870943069458008
Distill25_0.25,3,153,18.0790424346924
Distill25_1.0,3,153,9.89603996276855
CE_control_1.0,3,153,10.3828907012939
Distill50_0.25,3,153,19.4978713989258
CE_control_0.25,3,153,20.0040340423584
Distill25_0.5,3,153,20.7581520080566
Distill50_0.5,3,153,18.0389881134033
CE_control_0.5,3,153,18.2259082794189
Distill50_1.0,3,153,9.63711738586426
Distill25_0.1,3,153,19.0911293029785
CE_control_0.25,2,554,20.766019821167
Current,2,554,0.797033309936523
Distill50_1.0,2,554,9.24110412597656
Distill50_0.25,2,554,36.3001823425293
Distill50_0.1,2,554,19.9949741363525
Distill50_0.5,2,554,20.3430652618408
CE_control_0.1,2,554,20.9879875183105
Distill25_1.0,2,554,8.4691047668457
Distill25_0.1,2,554,20.1818943023682
CE_control_1.0,2,554,9.53984260559082
Distill25_0.5,2,554,20.057201385498
CE_control_0.5,2,554,20.4248428344727
Distill25_0.25,2,554,20.8339691162109
CE_control_0.5,1,237,18.4969902038574
CE_control_0.25,1,237,19.6950435638428
Current,1,237,0.777959823608398
CE_control_0.1,1,237,19.597053527832
Distill25_0.25,1,237,21.1539268493652
Distill50_0.1,1,237,19.1099643707275
CE_control_1.0,1,237,8.38899612426758
Distill50_1.0,1,237,10.3909969329834
Distill50_0.5,1,237,17.6119804382324
Distill25_1.0,1,237,9.24086570739746
Distill50_0.25,1,237,20.7850933074951
Distill25_0.5,1,237,19.1528797149658
Distill25_0.1,1,237,18.4431076049805
CE_control_0.1,1,284,16.1819458007813
Current,1,284,0.715017318725586
CE_control_0.25,1,284,16.2429809570313
Distill25_0.5,1,284,17.3830986022949
Distill50_1.0,1,284,10.796070098877
Distill50_0.25,1,284,15.9180164337158
Distill25_0.1,1,284,15.800952911377
CE_control_1.0,1,284,9.01293754577637
Distill50_0.1,1,284,16.5951251983643
CE_control_0.5,1,284,17.0900821685791
Distill25_0.25,1,284,16.7632102966309
Distill50_0.5,1,284,16.772985458374
Distill25_1.0,1,284,9.38081741333008
CE_control_0.25,1,194,29.0369987487793
Distill25_0.5,1,194,14.6751403808594
Distill25_1.0,1,194,7.66491889953613
CE_control_0.1,1,194,16.0388946533203
Distill50_0.25,1,194,15.6180858612061
CE_control_1.0,1,194,9.34505462646484
CE_control_0.5,1,194,14.1189098358154
Distill50_1.0,1,194,8.67509841918945
Distill50_0.1,1,194,17.8358554840088
Current,1,194,1.10793113708496
Distill25_0.1,1,194,17.2209739685059
Distill25_0.25,1,194,16.5760517120361
Distill50_0.5,1,194,16.3578987121582
Distill50_0.25,1,397,17.0700550079346
Distill25_1.0,1,397,9.32097434997559
Distill25_0.5,1,397,15.4159069061279
CE_control_0.25,1,397,15.5110359191895
CE_control_0.1,1,397,15.7301425933838
CE_control_0.5,1,397,14.4500732421875
Distill25_0.25,1,397,15.2459144592285
Distill50_1.0,1,397,8.16917419433594
Distill50_0.5,1,397,15.1729583740234
Distill25_0.1,1,397,15.1519775390625
CE_control_1.0,1,397,8.44788551330566
Distill50_0.1,1,397,15.002965927124
Current,1,397,1.02615356445313
Distill50_0.5,1,385,18.0530548095703
CE_control_0.25,1,385,18.7239646911621
Distill50_1.0,1,385,10.3940963745117
Distill50_0.25,1,385,19.3321704864502
CE_control_0.5,1,385,18.6851024627686
Distill25_0.25,1,385,17.9548263549805
Current,1,385,0.818967819213867
CE_control_1.0,1,385,13.1821632385254
CE_control_0.1,1,385,18.8100337982178
Distill25_1.0,1,385,11.5029811859131
Distill25_0.5,1,385,21.1031436920166
Distill50_0.1,1,385,35.3038311004639
Distill25_0.1,1,385,18.510103225708
CE_control_0.5,3,313,15.4440402984619
Current,3,313,0.93388557434082
CE_control_0.1,3,313,15.7990455627441
Distill25_0.25,3,313,16.6850090026855
CE_control_0.25,3,313,16.8821811676025
Distill25_1.0,3,313,10.5619430541992
Distill50_0.5,3,313,15.9039497375488
Distill50_1.0,3,313,7.92312622070313
Distill50_0.1,3,313,16.4918899536133
CE_control_1.0,3,313,9.75584983825684
Distill50_0.25,3,313,15.5699253082275
Distill25_0.1,3,313,15.8021450042725
Distill25_0.5,3,313,15.6469345092773
CE_control_1.0,1,77,10.2701187133789
Distill50_0.25,1,77,19.9968814849854
Distill25_0.1,1,77,18.7778472900391
CE_control_0.5,1,77,17.61794090271
Distill25_0.5,1,77,18.1388854980469
Distill50_1.0,1,77,10.2090835571289
CE_control_0.25,1,77,19.050121307373
Distill50_0.1,1,77,18.9409255981445
Distill50_0.5,1,77,18.8088417053223
CE_control_0.1,1,77,19.0041065216064
Current,1,77,0.732898712158203
Distill25_0.25,1,77,19.7470188140869
Distill25_1.0,1,77,10.5299949645996
Current,3,453,0.851154327392578
Distill50_0.5,3,453,18.9950466156006
Distill50_0.25,3,453,19.3860530853271
Distill50_1.0,3,453,9.02199745178223
CE_control_0.25,3,453,19.0770626068115
Distill25_0.5,3,453,21.0771560668945
CE_control_0.5,3,453,28.562068939209
Distill25_0.1,3,453,19.3140506744385
Distill50_0.1,3,453,17.352819442749
Distill25_1.0,3,453,7.47799873352051
Distill25_0.25,3,453,16.4060592651367
CE_control_1.0,3,453,7.73286819458008
CE_control_0.1,3,453,18.5918807983398
Distill25_0.25,3,203,20.3161239624023
Distill25_0.5,3,203,19.0541744232178
Distill50_0.25,3,203,20.4248428344727
Distill50_1.0,3,203,11.2450122833252
CE_control_0.25,3,203,21.2950706481934
CE_control_0.1,3,203,22.1638679504395
CE_control_0.5,3,203,19.1309452056885
CE_control_1.0,3,203,9.72914695739746
Distill50_0.5,3,203,20.3621387481689
Distill25_0.1,3,203,19.2298889160156
Distill50_0.1,3,203,19.8071002960205
Distill25_1.0,3,203,10.869026184082
Current,3,203,0.836849212646484
Distill25_0.5,3,434,16.2742137908936
Distill50_0.25,3,434,16.1418914794922
CE_control_0.25,3,434,16.664981842041
CE_control_0.1,3,434,15.4337882995605
CE_control_1.0,3,434,8.29005241394043
Distill50_0.5,3,434,15.4600143432617
Distill50_1.0,3,434,9.82785224914551
Current,3,434,0.875949859619141
CE_control_0.5,3,434,15.455961227417
Distill25_0.25,3,434,16.1271095275879
Distill25_0.1,3,434,15.4941082000732
Distill50_0.1,3,434,15.6590938568115
Distill25_1.0,3,434,8.41093063354492
Distill25_0.1,3,207,18.75901222229
Distill50_0.1,3,207,30.1671028137207
CE_control_0.5,3,207,19.5350646972656
Distill25_1.0,3,207,10.7629299163818
Distill25_0.25,3,207,18.2950496673584
Distill50_0.5,3,207,19.1199779510498
CE_control_0.1,3,207,19.4058418273926
Distill50_0.25,3,207,17.9429054260254
Current,3,207,0.931978225708008
CE_control_1.0,3,207,8.3920955657959
Distill50_1.0,3,207,9.09185409545898
CE_control_0.25,3,207,17.5831317901611
Distill25_0.5,3,207,18.6150074005127
CE_control_1.0,2,158,8.55708122253418
Distill50_0.1,2,158,14.8069858551025
Distill25_0.25,2,158,16.2889957427979
Distill25_0.5,2,158,14.8100852966309
Distill50_0.5,2,158,15.0740146636963
Distill50_0.25,2,158,14.8169994354248
CE_control_0.1,2,158,14.3740177154541
Distill25_1.0,2,158,8.32605361938477
Distill50_1.0,2,158,8.58211517333984
Distill25_0.1,2,158,15.5518054962158
CE_control_0.25,2,158,15.9850120544434
Current,2,158,0.812053680419922
CE_control_0.5,2,158,16.463041305542
Distill50_0.1,3,58,15.1729583740234
CE_control_0.1,3,58,15.9010887145996
CE_control_1.0,3,58,8.08095932006836
Distill25_1.0,3,58,8.86917114257813
Distill25_0.25,3,58,14.5108699798584
CE_control_0.25,3,58,15.0589942932129
Distill50_0.25,3,58,17.1678066253662
Distill50_1.0,3,58,9.73701477050781
Distill25_0.1,3,58,16.9870853424072
CE_control_0.5,3,58,16.2549018859863
Current,3,58,0.795125961303711
Distill25_0.5,3,58,16.3309574127197
Distill50_0.5,3,58,16.2479877471924
Distill50_0.5,1,173,22.0711231231689
Distill25_1.0,1,173,20.7059383392334
Distill50_0.25,1,173,22.1800804138184
CE_control_0.5,1,173,22.8171348571777
Distill50_1.0,1,173,9.41205024719238
CE_control_1.0,1,173,10.0231170654297
CE_control_0.1,1,173,20.7769870758057
Distill25_0.5,1,173,22.5927829742432
Current,1,173,0.952005386352539
Distill25_0.1,1,173,21.3088989257813
Distill25_0.25,1,173,21.3041305541992
Distill50_0.1,1,173,21.8441486358643
CE_control_0.25,1,173,20.7910537719727
Distill25_0.5,1,296,18.2869434356689
Distill25_0.1,1,296,17.7631378173828
Distill50_0.25,1,296,18.7439918518066
Distill50_1.0,1,296,9.99999046325684
Current,1,296,0.861883163452148
CE_control_0.1,1,296,17.4188613891602
CE_control_0.25,1,296,17.8020000457764
CE_control_0.5,1,296,17.9908275604248
Distill25_1.0,1,296,10.7810497283936
Distill50_0.5,1,296,17.3180103302002
Distill50_0.1,1,296,17.7168846130371
Distill25_0.25,1,296,18.280029296875
CE_control_1.0,1,296,9.62209701538086
Distill50_1.0,2,328,9.95802879333496
Distill50_0.5,2,328,19.9220180511475
CE_control_1.0,2,328,8.70180130004883
Current,2,328,0.878095626831055
Distill50_0.1,2,328,19.9851989746094
Distill25_0.25,2,328,19.3819999694824
CE_control_0.5,2,328,18.6619758605957
Distill50_0.25,2,328,18.3579921722412
CE_control_0.1,2,328,18.502950668335
Distill25_1.0,2,328,8.05497169494629
Distill25_0.5,2,328,18.7840461730957
CE_control_0.25,2,328,18.4509754180908
Distill25_0.1,2,328,18.2061195373535
Current,2,84,13.7419700622559
Distill25_0.25,2,84,15.8939361572266
Distill50_1.0,2,84,8.98098945617676
Distill25_0.1,2,84,16.2398815155029
CE_control_0.5,2,84,16.5269374847412
Distill25_0.5,2,84,15.7530307769775
CE_control_1.0,2,84,8.87084007263184
CE_control_0.25,2,84,14.4228935241699
Distill50_0.25,2,84,14.4779682159424
Distill50_0.1,2,84,14.5859718322754
CE_control_0.1,2,84,15.4809951782227
Distill50_0.5,2,84,15.5811309814453
Distill25_1.0,2,84,11.2268924713135
Distill25_1.0,3,148,7.71117210388184
Distill50_0.25,3,148,16.7779922485352
CE_control_0.25,3,148,16.6451930999756
CE_control_1.0,3,148,8.32605361938477
CE_control_0.5,3,148,14.3520832061768
Distill50_1.0,3,148,8.04805755615234
Distill50_0.1,3,148,15.1360034942627
Distill25_0.5,3,148,15.6750679016113
Distill50_0.5,3,148,16.1128044128418
Current,3,148,1.02090835571289
Distill25_0.1,3,148,15.739917755127
CE_control_0.1,3,148,15.6710147857666
Distill25_0.25,3,148,16.4980888366699
Distill50_1.0,2,382,11.1968517303467
Distill50_0.1,2,382,20.2209949493408
Distill25_1.0,2,382,12.0441913604736
CE_control_0.5,2,382,20.6258296966553
Distill50_0.5,2,382,22.7749347686768
Distill50_0.25,2,382,20.3299522399902
Distill25_0.1,2,382,20.759105682373
Distill25_0.25,2,382,33.8020324707031
CE_control_0.1,2,382,24.1730213165283
CE_control_1.0,2,382,11.6550922393799
Current,2,382,1.09100341796875
CE_control_0.25,2,382,21.9061374664307
Distill25_0.5,2,382,21.1617946624756
CE_control_1.0,1,34,9.25803184509277
Distill25_0.1,1,34,17.7550315856934
Distill50_1.0,1,34,8.81409645080566
CE_control_0.5,1,34,19.8500156402588
Distill50_0.1,1,34,19.3910598754883
Distill50_0.25,1,34,17.8639888763428
CE_control_0.1,1,34,17.6291465759277
Distill25_0.5,1,34,17.80104637146
Current,1,34,0.750064849853516
CE_control_0.25,1,34,17.5011157989502
Distill50_0.5,1,34,18.1899070739746
Distill25_1.0,1,34,10.5078220367432
Distill25_0.25,1,34,17.3521041870117
Distill25_0.1,3,413,18.5120105743408
Distill50_1.0,3,413,9.35912132263184
CE_control_0.1,3,413,19.2360877990723
Distill50_0.1,3,413,18.7761783599854
CE_control_0.5,3,413,19.6900367736816
CE_control_0.25,3,413,19.4449424743652
Distill25_1.0,3,413,10.5140209197998
Current,3,413,0.928163528442383
Distill50_0.5,3,413,19.3641185760498
Distill25_0.5,3,413,18.3131694793701
Distill25_0.25,3,413,19.989013671875
Distill50_0.25,3,413,20.4939842224121
CE_control_1.0,3,413,8.50296020507813
Distill25_0.1,1,487,18.6648368835449
Distill25_1.0,1,487,9.63687896728516
Distill25_0.5,1,487,16.2138938903809
CE_control_0.5,1,487,16.1409378051758
Current,1,487,0.868082046508789
Distill25_0.25,1,487,28.1729698181152
CE_control_0.25,1,487,16.2630081176758
Distill50_0.5,1,487,15.7010555267334
Distill50_1.0,1,487,7.33304023742676
Distill50_0.25,1,487,15.3598785400391
Distill50_0.1,1,487,15.5739784240723
CE_control_1.0,1,487,7.45105743408203
CE_control_0.1,1,487,15.7790184020996
CE_control_0.5,2,488,19.8390483856201
Distill50_1.0,2,488,7.57217407226563
CE_control_1.0,2,488,9.11307334899902
Current,2,488,0.852108001708984
Distill25_0.25,2,488,15.6760215759277
Distill25_0.1,2,488,17.874002456665
Distill25_1.0,2,488,8.66317749023438
Distill25_0.5,2,488,17.9328918457031
Distill50_0.1,2,488,19.672155380249
CE_control_0.25,2,488,17.7681446075439
Distill50_0.5,2,488,17.9171562194824
Distill50_0.25,2,488,17.9629325866699
CE_control_0.1,2,488,18.2158946990967
Current,2,490,0.786066055297852
Distill25_0.25,2,490,22.4530696868896
Distill50_0.1,2,490,22.1929550170898
CE_control_0.1,2,490,21.5549468994141
Distill25_1.0,2,490,10.606050491333
Distill50_0.25,2,490,21.1749076843262
CE_control_0.25,2,490,22.7258205413818
Distill50_0.5,2,490,22.7639675140381
CE_control_1.0,2,490,8.37993621826172
Distill25_0.1,2,490,22.0630168914795
Distill50_1.0,2,490,9.55986976623535
CE_control_0.5,2,490,20.8120346069336
Distill25_0.5,2,490,20.2250480651855
Distill50_0.5,3,421,16.0770416259766
Distill50_0.25,3,421,15.861988067627
CE_control_0.25,3,421,27.4031162261963
Distill50_1.0,3,421,10.2331638336182
Distill50_0.1,3,421,16.2701606750488
Distill25_0.25,3,421,16.7689323425293
CE_control_0.5,3,421,16.1612033843994
Current,3,421,0.81181526184082
CE_control_1.0,3,421,8.18681716918945
Distill25_0.1,3,421,16.045093536377
Distill25_1.0,3,421,8.72898101806641
Distill25_0.5,3,421,16.2749290466309
CE_control_0.1,3,421,16.618013381958
Distill25_0.25,2,440,14.9171352386475
CE_control_1.0,2,440,7.81917572021484
Distill50_0.25,2,440,16.2880420684814
Current,2,440,0.900983810424805
Distill25_0.1,2,440,15.3589248657227
Distill25_1.0,2,440,8.04305076599121
CE_control_0.25,2,440,14.8320198059082
CE_control_0.5,2,440,14.7171020507813
Distill50_0.1,2,440,14.4429206848145
CE_control_0.1,2,440,14.1990184783936
Distill50_1.0,2,440,8.01515579223633
Distill50_0.5,2,440,15.2170658111572
Distill25_0.5,2,440,15.3460502624512
CE_control_0.25,1,581,17.4109935760498
CE_control_0.1,1,581,16.8449878692627
Distill25_0.1,1,581,17.2848701477051
Distill50_0.25,1,581,17.6401138305664
CE_control_1.0,1,581,8.53204727172852
Distill25_1.0,1,581,7.91788101196289
CE_control_0.5,1,581,16.6349411010742
Distill50_1.0,1,581,8.54611396789551
Distill25_0.5,1,581,16.4499282836914
Current,1,581,0.756978988647461
Distill50_0.1,1,581,17.664909362793
Distill25_0.25,1,581,16.6599750518799
Distill50_0.5,1,581,16.5150165557861
Distill25_0.5,2,365,14.9409770965576
Distill50_0.5,2,365,15.3300762176514
CE_control_1.0,2,365,9.07182693481445
CE_control_0.25,2,365,14.5418643951416
Distill25_1.0,2,365,7.73501396179199
Current,2,365,0.895977020263672
Distill50_1.0,2,365,8.48984718322754
CE_control_0.1,2,365,13.8978958129883
Distill50_0.1,2,365,15.0370597839355
Distill50_0.25,2,365,14.6751403808594
Distill25_0.25,2,365,15.4650211334229
Distill25_0.1,2,365,15.3739452362061
CE_control_0.5,2,365,15.1901245117188
Current,2,496,0.768899917602539
Distill50_0.5,2,496,14.6169662475586
Distill25_0.25,2,496,15.8748626708984
CE_control_0.5,2,496,15.3110027313232
Distill25_1.0,2,496,9.75894927978516
CE_control_0.1,2,496,14.380931854248
Distill50_0.25,2,496,14.5528316497803
Distill50_1.0,2,496,7.81106948852539
CE_control_1.0,2,496,9.15002822875977
Distill25_0.1,2,496,14.340877532959
CE_control_0.25,2,496,14.50514793396
Distill25_0.5,2,496,15.3698921203613
Distill50_0.1,2,496,15.934944152832
Distill25_1.0,2,373,9.49501991271973
Distill50_0.25,2,373,18.5129642486572
CE_control_0.25,2,373,20.1780796051025
Distill50_0.5,2,373,20.4329490661621
Distill50_0.1,2,373,19.6480751037598
CE_control_1.0,2,373,8.61501693725586
Distill25_0.1,2,373,19.9909210205078
Distill50_1.0,2,373,8.58211517333984
Distill25_0.25,2,373,19.5729732513428
CE_control_0.1,2,373,20.4708576202393
CE_control_0.5,2,373,19.4699764251709
Current,2,373,0.745058059692383
Distill25_0.5,2,373,19.7420120239258
CE_control_0.1,2,402,16.5190696716309
CE_control_0.25,2,402,14.3899917602539
Current,2,402,0.854015350341797
Distill25_1.0,2,402,7.84707069396973
Distill50_0.5,2,402,15.1550769805908
Distill50_1.0,2,402,7.56597518920898
Distill25_0.1,2,402,15.5880451202393
CE_control_0.5,2,402,14.7712230682373
CE_control_1.0,2,402,9.10806655883789
Distill25_0.5,2,402,14.0891075134277
Distill50_0.1,2,402,13.5138034820557
Distill25_0.25,2,402,14.8930549621582
Distill50_0.25,2,402,15.5808925628662
CE_control_0.1,3,366,17.441987991333
Distill50_0.5,3,366,15.6929492950439
Distill25_1.0,3,366,10.0960731506348
Distill50_0.1,3,366,15.7530307769775
CE_control_0.25,3,366,15.5410766601563
CE_control_0.5,3,366,15.394926071167
Distill25_0.1,3,366,14.9049758911133
Distill50_0.25,3,366,15.9158706665039
Distill50_1.0,3,366,8.85391235351563
CE_control_1.0,3,366,9.59205627441406
Distill25_0.5,3,366,15.5389308929443
Current,3,366,0.763893127441406
Distill25_0.25,3,366,15.5510902404785
Current,3,312,0.718116760253906
Distill25_0.1,3,312,17.3358917236328
Distill25_0.5,3,312,17.2779560089111
CE_control_0.25,3,312,17.1031951904297
CE_control_0.5,3,312,17.7710056304932
Distill25_0.25,3,312,18.4938907623291
Distill50_1.0,3,312,11.099100112915
CE_control_0.1,3,312,18.3761119842529
CE_control_1.0,3,312,8.39400291442871
Distill50_0.5,3,312,18.1188583374023
Distill50_0.25,3,312,18.4330940246582
Distill25_1.0,3,312,7.7059268951416
Distill50_0.1,3,312,28.4459590911865
Distill25_0.1,3,211,17.3611640930176
Distill25_0.5,3,211,17.0869827270508
Current,3,211,0.757217407226563
Distill25_1.0,3,211,9.39798355102539
Distill50_0.1,3,211,15.8720016479492
Distill50_0.5,3,211,16.1840915679932
Distill50_1.0,3,211,8.13412666320801
Distill50_0.25,3,211,17.3139572143555
CE_control_0.5,3,211,17.125129699707
CE_control_0.1,3,211,16.4239406585693
Distill25_0.25,3,211,17.3540115356445
CE_control_0.25,3,211,16.4461135864258
CE_control_1.0,3,211,9.18412208557129
CE_control_0.5,1,465,14.8458480834961
CE_control_1.0,1,465,7.88617134094238
Distill50_0.1,1,465,15.4290199279785
Distill50_1.0,1,465,9.17601585388184
CE_control_0.1,1,465,15.4421329498291
Distill25_0.1,1,465,15.6707763671875
Distill25_0.5,1,465,15.7577991485596
CE_control_0.25,1,465,16.8440341949463
Current,1,465,0.719070434570313
Distill50_0.25,1,465,15.7890319824219
Distill25_1.0,1,465,9.9329948425293
Distill50_0.5,1,465,16.0970687866211
Distill25_0.25,1,465,19.3870067596436
CE_control_0.1,2,82,18.0099010467529
CE_control_1.0,2,82,9.18292999267578
Distill50_0.1,2,82,19.251823425293
Current,2,82,1.0368824005127
Distill25_0.5,2,82,16.495943069458
Distill50_1.0,2,82,7.9798698425293
Distill25_0.1,2,82,17.2090530395508
Distill25_1.0,2,82,8.79883766174316
CE_control_0.25,2,82,17.1959400177002
Distill25_0.25,2,82,16.7450904846191
Distill50_0.5,2,82,16.9451236724854
CE_control_0.5,2,82,16.991138458252
Distill50_0.25,2,82,16.8190002441406
Distill25_0.1,3,437,15.6748294830322
CE_control_0.25,3,437,14.9059295654297
CE_control_1.0,3,437,9.56010818481445
CE_control_0.5,3,437,13.9830112457275
CE_control_0.1,3,437,15.2819156646729
Distill50_1.0,3,437,7.6899528503418
Distill50_0.5,3,437,16.2990093231201
Distill50_0.25,3,437,16.8590545654297
Distill25_0.5,3,437,15.5189037322998
Current,3,437,0.908136367797852
Distill50_0.1,3,437,16.4039134979248
Distill25_1.0,3,437,9.68599319458008
Distill25_0.25,3,437,15.0530338287354
CE_control_0.1,2,422,17.0149803161621
Distill25_1.0,2,422,9.11593437194824
Distill25_0.5,2,422,18.5658931732178
CE_control_1.0,2,422,9.04703140258789
Current,2,422,0.861883163452148
Distill50_0.25,2,422,18.0130004882813
Distill25_0.1,2,422,18.6769962310791
CE_control_0.5,2,422,17.805814743042
Distill50_0.5,2,422,18.524169921875
Distill25_0.25,2,422,17.8570747375488
CE_control_0.25,2,422,18.5520648956299
Distill50_1.0,2,422,9.06515121459961
Distill50_0.1,2,422,19.690990447998
CE_control_1.0,1,151,8.92400741577148
CE_control_0.5,1,151,17.1411037445068
Distill25_0.5,1,151,16.9491767883301
Distill50_0.1,1,151,17.4839496612549
Distill25_1.0,1,151,10.0791454315186
CE_control_0.25,1,151,16.4670944213867
Distill50_0.5,1,151,27.0018577575684
Current,1,151,1.3270378112793
Distill25_0.1,1,151,15.9459114074707
Distill50_0.25,1,151,14.9037837982178
Distill25_0.25,1,151,14.631986618042
Distill50_1.0,1,151,8.73303413391113
CE_control_0.1,1,151,15.8929824829102
Current,2,37,0.796079635620117
Distill25_0.25,2,37,18.8190937042236
Distill25_0.5,2,37,20.0099945068359
Distill25_0.1,2,37,18.3181762695313
CE_control_1.0,2,37,10.3509426116943
Distill50_0.25,2,37,19.8559761047363
Distill25_1.0,2,37,11.1179351806641
CE_control_0.25,2,37,20.9009647369385
Distill50_0.5,2,37,20.2288627624512
Distill50_0.1,2,37,19.981861114502
Distill50_1.0,2,37,11.0020637512207
CE_control_0.5,2,37,19.2370414733887
CE_control_0.1,2,37,18.7540054321289
CE_control_0.5,2,137,18.5790061950684
Distill25_1.0,2,137,12.2010707855225
Distill25_0.25,2,137,19.813060760498
Distill50_0.5,2,137,20.1730728149414
Distill50_0.1,2,137,20.7610130310059
Current,2,137,0.899076461791992
CE_control_0.1,2,137,18.8398361206055
Distill25_0.5,2,137,19.1469192504883
CE_control_1.0,2,137,14.4648551940918
Distill25_0.1,2,137,20.5721855163574
CE_control_0.25,2,137,18.6879634857178
Distill50_1.0,2,137,10.4780197143555
Distill50_0.25,2,137,18.1550979614258
Distill25_1.0,3,320,10.8411312103271
Distill25_0.25,3,320,18.333911895752
Distill50_1.0,3,320,9.68790054321289
CE_control_0.5,3,320,18.6841487884521
CE_control_0.1,3,320,19.679069519043
Distill50_0.1,3,320,18.9511775970459
CE_control_1.0,3,320,10.7722282409668
Distill50_0.5,3,320,20.1559066772461
Current,3,320,0.749111175537109
Distill25_0.1,3,320,19.5150375366211
Distill50_0.25,3,320,21.2218761444092
CE_control_0.25,3,320,20.0591087341309
Distill25_0.5,3,320,21.1820602416992
CE_control_0.5,3,523,21.9497680664063
Distill25_0.1,3,523,20.4339027404785
Distill25_0.5,3,523,18.8720226287842
CE_control_0.1,3,523,18.812894821167
Distill50_0.5,3,523,18.8090801239014
CE_control_0.25,3,523,19.1631317138672
Distill50_0.25,3,523,21.0418701171875
Distill25_0.25,3,523,20.1120376586914
CE_control_1.0,3,523,7.63583183288574
Distill50_1.0,3,523,9.64808464050293
Distill50_0.1,3,523,19.0169811248779
Distill25_1.0,3,523,8.00395011901856
Current,3,523,0.928878784179688
CE_control_1.0,3,351,8.67915153503418
CE_control_0.25,3,351,18.3391571044922
Distill25_0.5,3,351,30.8890342712402
CE_control_0.1,3,351,19.5498466491699
Distill50_0.5,3,351,18.0900096893311
Distill50_1.0,3,351,9.96899604797363
Distill50_0.1,3,351,17.0869827270508
Current,3,351,0.824213027954102
CE_control_0.5,3,351,17.7531242370605
Distill25_0.1,3,351,18.6691284179688
Distill50_0.25,3,351,17.4019336700439
Distill25_1.0,3,351,9.71388816833496
Distill25_0.25,3,351,16.556978225708
Distill25_0.25,1,378,18.8779830932617
Distill25_0.1,1,378,22.0398902893066
Distill50_0.1,1,378,20.7240581512451
Distill25_1.0,1,378,9.95612144470215
CE_control_1.0,1,378,11.0230445861816
Distill50_1.0,1,378,11.2860202789307
CE_control_0.5,1,378,20.6201076507568
CE_control_0.1,1,378,19.5407867431641
CE_control_0.25,1,378,22.1281051635742
Distill50_0.25,1,378,21.1710929870605
Distill50_0.5,1,378,19.5410251617432
Distill25_0.5,1,378,20.068883895874
Current,1,378,1.10793113708496
Distill50_0.1,1,325,18.6929702758789
Current,1,325,0.913858413696289
Distill50_0.5,1,325,17.7249908447266
Distill25_0.1,1,325,16.6270732879639
CE_control_0.25,1,325,18.0349349975586
Distill25_0.5,1,325,16.5870189666748
CE_control_1.0,1,325,7.904052734375
Distill25_0.25,1,325,18.643856048584
Distill50_1.0,1,325,8.47697257995606
Distill50_0.25,1,325,16.15309715271
CE_control_0.1,1,325,15.5818462371826
CE_control_0.5,1,325,15.7010555267334
Distill25_1.0,1,325,8.67390632629395
Distill25_1.0,2,210,8.72611999511719
CE_control_0.1,2,210,16.9060230255127
Distill50_1.0,2,210,10.3909969329834
Distill25_0.1,2,210,19.2329883575439
CE_control_0.25,2,210,18.3148384094238
CE_control_0.5,2,210,17.6358222961426
Distill25_0.5,2,210,17.6630020141602
Distill50_0.1,2,210,18.0490016937256
Distill50_0.25,2,210,17.1511173248291
CE_control_1.0,2,210,8.58211517333984
Distill50_0.5,2,210,19.0529823303223
Current,2,210,1.00398063659668
Distill25_0.25,2,210,18.1739330291748
CE_control_0.1,2,93,16.1089897155762
Distill50_0.1,2,93,16.1130428314209
Distill25_0.1,2,93,16.2489414215088
Distill50_0.5,2,93,16.6630744934082
Distill25_0.25,2,93,16.8309211730957
Distill25_1.0,2,93,8.17704200744629
Current,2,93,0.822782516479492
Distill50_1.0,2,93,10.2660655975342
Distill25_0.5,2,93,17.488956451416
Distill50_0.25,2,93,17.7850723266602
CE_control_1.0,2,93,9.65404510498047
CE_control_0.25,2,93,17.6069736480713
CE_control_0.5,2,93,17.8120136260986
Distill25_1.0,1,74,10.267972946167
Distill25_0.1,1,74,19.0699100494385
Distill50_1.0,1,74,9.85002517700195
CE_control_0.1,1,74,29.7210216522217
Distill25_0.25,1,74,16.5538787841797
CE_control_0.25,1,74,17.0900821685791
Distill50_0.25,1,74,18.0227756500244
Distill50_0.1,1,74,16.7610645294189
Distill50_0.5,1,74,18.3818340301514
CE_control_1.0,1,74,9.86385345458984
CE_control_0.5,1,74,15.8839225769043
Current,1,74,0.777006149291992
Distill25_0.5,1,74,16.6070461273193
CE_control_0.1,2,563,15.7129764556885
Distill50_0.5,2,563,16.0791873931885
CE_control_0.25,2,563,16.4058208465576
CE_control_0.5,2,563,16.9589519500732
Distill25_0.5,2,563,16.8049335479736
Current,2,563,0.710010528564453
Distill50_0.25,2,563,16.4477825164795
Distill50_0.1,2,563,16.4289474487305
Distill25_1.0,2,563,8.5899829864502
Distill50_1.0,2,563,9.63783264160156
Distill25_0.1,2,563,17.7810192108154
Distill25_0.25,2,563,18.9559459686279
CE_control_1.0,2,563,10.1900100708008
Distill50_0.5,1,408,18.2769298553467
Distill25_0.25,1,408,17.8971290588379
Distill25_1.0,1,408,8.77714157104492
CE_control_0.1,1,408,17.8980827331543
Distill25_0.1,1,408,17.7180767059326
Current,1,408,0.937938690185547
CE_control_1.0,1,408,8.70299339294434
Distill50_1.0,1,408,9.13500785827637
Distill25_0.5,1,408,18.1541442871094
CE_control_0.25,1,408,17.8320407867432
CE_control_0.5,1,408,18.3219909667969
Distill50_0.1,1,408,18.4640884399414
Distill50_0.25,1,408,16.8359279632568
Distill25_0.1,3,231,16.887903213501
Distill25_1.0,3,231,10.0879669189453
Distill25_0.5,3,231,14.808177947998
Distill50_0.25,3,231,15.8030986785889
Distill50_1.0,3,231,8.05115699768066
Current,3,231,1.17707252502441
Distill50_0.5,3,231,16.5128707885742
CE_control_0.5,3,231,16.0601139068604
CE_control_1.0,3,231,9.49406623840332
CE_control_0.1,3,231,15.211820602417
CE_control_0.25,3,231,16.0858631134033
Distill50_0.1,3,231,16.0961151123047
Distill25_0.25,3,231,15.8419609069824
Current,3,253,0.786066055297852
CE_control_0.5,3,253,18.3980464935303
Distill25_0.1,3,253,19.7548866271973
Distill50_0.25,3,253,18.596887588501
Distill25_0.5,3,253,17.1189308166504
CE_control_0.25,3,253,16.6630744934082
Distill50_0.1,3,253,17.1260833740234
CE_control_1.0,3,253,10.0429058074951
CE_control_0.1,3,253,20.9300518035889
Distill25_0.25,3,253,17.0350074768066
Distill50_1.0,3,253,10.0400447845459
Distill50_0.5,3,253,17.441987991333
Distill25_1.0,3,253,12.1660232543945
Distill50_1.0,3,473,8.67104530334473
Distill25_0.5,3,473,16.5779590606689
Distill50_0.1,3,473,16.8359279632568
CE_control_1.0,3,473,8.76593589782715
CE_control_0.25,3,473,15.5410766601563
Current,3,473,0.654935836791992
Distill25_1.0,3,473,10.5130672454834
Distill50_0.5,3,473,15.4380798339844
Distill25_0.25,3,473,15.8498287200928
Distill50_0.25,3,473,16.1991119384766
CE_control_0.1,3,473,15.5360698699951
Distill25_0.1,3,473,15.4130458831787
CE_control_0.5,3,473,14.8930549621582
Distill25_1.0,2,318,7.49802589416504
Distill25_0.1,2,318,16.1960124969482
Distill25_0.5,2,318,17.4190998077393
CE_control_0.25,2,318,16.8988704681396
Distill50_0.1,2,318,16.869068145752
CE_control_0.5,2,318,24.0879058837891
Distill50_0.25,2,318,16.3319110870361
Distill50_0.5,2,318,15.6540870666504
CE_control_0.1,2,318,16.6752338409424
Distill25_0.25,2,318,16.0140991210938
Current,2,318,0.751972198486328
CE_control_1.0,2,318,8.11100006103516
Distill50_1.0,2,318,9.05394554138184
Distill50_1.0,3,99,11.0199451446533
CE_control_1.0,3,99,11.1470222473145
Distill25_0.25,3,99,21.5699672698975
Distill50_0.25,3,99,21.0549831390381
CE_control_0.25,3,99,21.0978984832764
Distill25_0.5,3,99,21.9290256500244
Distill25_0.1,3,99,21.1360454559326
Distill50_0.5,3,99,20.8530426025391
Current,3,99,0.742912292480469
CE_control_0.5,3,99,21.7478275299072
Distill50_0.1,3,99,21.7161178588867
Distill25_1.0,3,99,44.5709228515625
CE_control_0.1,3,99,21.3851928710938
Current,2,431,1.07812881469727
Distill50_1.0,2,431,7.77602195739746
Distill50_0.5,2,431,15.4519081115723
Distill25_1.0,2,431,8.87489318847656
Distill50_0.1,2,431,15.6478881835938
CE_control_0.1,2,431,16.3860321044922
Distill25_0.25,2,431,16.0870552062988
Distill25_0.1,2,431,16.6971683502197
CE_control_0.25,2,431,15.6188011169434
CE_control_0.5,2,431,14.354944229126
Distill50_0.25,2,431,15.5749320983887
Distill25_0.5,2,431,15.733003616333
CE_control_1.0,2,431,9.07397270202637
CE_control_0.25,3,425,19.1709995269775
CE_control_0.5,3,425,20.1060771942139
CE_control_1.0,3,425,8.24689865112305
Distill25_0.25,3,425,18.8632011413574
Current,3,425,0.880002975463867
Distill50_0.5,3,425,18.2480812072754
Distill50_0.1,3,425,17.5879001617432
Distill25_0.1,3,425,18.1150436401367
Distill50_0.25,3,425,18.9290046691895
Distill25_1.0,3,425,8.0718994140625
Distill25_0.5,3,425,19.9148654937744
CE_control_0.1,3,425,19.7489261627197
Distill50_1.0,3,425,9.05299186706543
Distill25_0.25,3,420,22.2430229187012
CE_control_1.0,3,420,9.24515724182129
Current,3,420,1.28412246704102
Distill25_0.5,3,420,19.6969509124756
Distill25_0.1,3,420,19.4721221923828
CE_control_0.1,3,420,19.2360877990723
CE_control_0.25,3,420,18.1460380554199
Distill50_0.25,3,420,19.8109149932861
CE_control_0.5,3,420,30.0531387329102
Distill50_1.0,3,420,8.84699821472168
Distill50_0.5,3,420,17.6811218261719
Distill25_1.0,3,420,8.11481475830078
Distill50_0.1,3,420,18.0530548095703
Distill50_0.5,3,500,16.2830352783203
CE_control_0.1,3,500,15.8488750457764
CE_control_0.5,3,500,15.8829689025879
Distill50_0.25,3,500,15.2158737182617
CE_control_1.0,3,500,8.45003128051758
Distill25_1.0,3,500,7.67397880554199
Distill50_1.0,3,500,8.44001770019531
Distill50_0.1,3,500,13.9172077178955
Distill25_0.1,3,500,14.646053314209
CE_control_0.25,3,500,15.3019428253174
Distill25_0.25,3,500,15.7089233398438
Distill25_0.5,3,500,16.3938999176025
Current,3,500,1.13391876220703
CE_control_0.25,1,165,16.2801742553711
Distill25_0.5,1,165,15.9659385681152
Distill25_1.0,1,165,10.1649761199951
CE_control_0.1,1,165,16.4999961853027
Distill50_0.25,1,165,15.2761936187744
Distill50_1.0,1,165,8.44907760620117
CE_control_0.5,1,165,16.2239074707031
Distill25_0.25,1,165,16.1361694335938
Distill50_0.5,1,165,16.2858963012695
Distill50_0.1,1,165,16.6919231414795
Distill25_0.1,1,165,16.3400173187256
Current,1,165,0.944852828979492
CE_control_1.0,1,165,8.95190238952637
Current,3,164,0.778913497924805
Distill50_0.5,3,164,17.2507762908936
Distill50_0.1,3,164,17.7879333496094
CE_control_0.5,3,164,18.6219215393066
Distill25_1.0,3,164,10.3640556335449
CE_control_0.1,3,164,17.117977142334
Distill50_1.0,3,164,10.5650424957275
Distill50_0.25,3,164,19.2689895629883
Distill25_0.1,3,164,18.0811882019043
CE_control_0.25,3,164,16.6339874267578
Distill25_0.5,3,164,16.5958404541016
Distill25_0.25,3,164,16.2980556488037
CE_control_1.0,3,164,9.0019702911377
Distill50_0.25,3,273,13.8218402862549
CE_control_1.0,3,273,8.28814506530762
Distill50_1.0,3,273,9.95278358459473
Distill25_0.25,3,273,14.8580074310303
Distill25_0.5,3,273,14.2650604248047
Distill50_0.5,3,273,13.1149291992188
CE_control_0.1,3,273,12.9599571228027
CE_control_0.5,3,273,14.4078731536865
Distill50_0.1,3,273,15.2881145477295
Distill25_1.0,3,273,9.0329647064209
Current,3,273,0.807046890258789
CE_control_0.25,3,273,13.4868621826172
Distill25_0.1,3,273,13.5281085968018
Distill50_0.1,2,17,19.9840068817139
CE_control_1.0,2,17,8.45408439636231
Distill25_0.25,2,17,16.6780948638916
Distill50_0.5,2,17,17.5728797912598
Distill25_1.0,2,17,9.75894927978516
CE_control_0.5,2,17,14.9798393249512
Distill25_0.1,2,17,15.3241157531738
Distill50_0.25,2,17,16.1721706390381
Distill25_0.5,2,17,16.3249969482422
CE_control_0.25,2,17,15.8040523529053
Distill50_1.0,2,17,8.47506523132324
Current,2,17,0.762939453125
CE_control_0.1,2,17,16.779899597168
Distill25_0.1,2,525,18.1219577789307
CE_control_1.0,2,525,9.39702987670898
Distill50_0.1,2,525,27.9889106750488
Distill50_0.5,2,525,16.2200927734375
Distill25_1.0,2,525,8.21995735168457
CE_control_0.5,2,525,16.2069797515869
Distill50_0.25,2,525,18.341064453125
Current,2,525,0.746965408325195
Distill25_0.25,2,525,17.9240703582764
CE_control_0.1,2,525,16.5770053863525
Distill50_1.0,2,525,9.59491729736328
Distill25_0.5,2,525,17.27294921875
CE_control_0.25,2,525,17.0459747314453
Distill25_0.1,2,275,15.2750015258789
Distill25_0.5,2,275,14.1830444335938
Distill50_0.5,2,275,14.4040584564209
Distill50_0.1,2,275,14.1270160675049
Distill50_1.0,2,275,7.71689414978027
CE_control_0.5,2,275,15.8321857452393
Current,2,275,0.639200210571289
CE_control_1.0,2,275,8.49294662475586
CE_control_0.25,2,275,14.2478942871094
CE_control_0.1,2,275,14.7919654846191
Distill25_0.25,2,275,16.6189670562744
Distill50_0.25,2,275,15.7351493835449
Distill25_1.0,2,275,8.67414474487305
Distill50_0.25,2,15,16.8981552124023
Distill50_1.0,2,15,8.89086723327637
Distill50_0.1,2,15,17.0869827270508
Current,2,15,0.858068466186523
CE_control_0.25,2,15,16.4289474487305
Distill25_1.0,2,15,8.05497169494629
CE_control_1.0,2,15,9.71293449401855
Distill25_0.5,2,15,17.5149440765381
Distill25_0.25,2,15,17.7500247955322
CE_control_0.1,2,15,16.9219970703125
Distill50_0.5,2,15,16.8869495391846
Distill25_0.1,2,15,16.895055770874
CE_control_0.5,2,15,25.299072265625
Distill25_0.1,1,131,28.9552211761475
CE_control_0.25,1,131,16.5281295776367
Distill50_0.25,1,131,17.3449516296387
CE_control_1.0,1,131,8.40115547180176
Distill25_1.0,1,131,7.5380802154541
CE_control_0.5,1,131,17.117977142334
CE_control_0.1,1,131,17.611026763916
Distill25_0.25,1,131,16.4871215820313
Distill25_0.5,1,131,15.6199932098389
Current,1,131,1.01709365844727
Distill50_0.5,1,131,15.9940719604492
Distill50_1.0,1,131,8.35895538330078
Distill50_0.1,1,131,15.3489112854004
Distill50_0.25,2,420,18.3911323547363
Distill25_0.1,2,420,20.3540325164795
Distill25_0.25,2,420,20.7951068878174
CE_control_0.5,2,420,17.880916595459
Distill50_1.0,2,420,8.63814353942871
Distill25_0.5,2,420,20.9300518035889
Distill50_0.1,2,420,19.0138816833496
Distill50_0.5,2,420,18.5248851776123
Distill25_1.0,2,420,8.66198539733887
CE_control_0.1,2,420,19.629955291748
CE_control_1.0,2,420,8.68797302246094
Current,2,420,0.79798698425293
CE_control_0.25,2,420,18.1989669799805
Distill50_0.25,1,580,20.3409194946289
Distill25_1.0,1,580,9.75990295410156
Distill50_0.5,1,580,18.9459323883057
CE_control_0.25,1,580,18.5561180114746
CE_control_0.5,1,580,19.3331241607666
Current,1,580,1.00302696228027
CE_control_1.0,1,580,8.34107398986816
Distill25_0.1,1,580,18.5439586639404
CE_control_0.1,1,580,17.841100692749
Distill50_0.1,1,580,18.6681747436523
Distill25_0.5,1,580,19.9520587921143
Distill25_0.25,1,580,29.7341346740723
Distill50_1.0,1,580,9.37104225158691
CE_control_1.0,2,471,8.95190238952637
Current,2,471,0.931978225708008
Distill50_0.1,2,471,15.0289535522461
CE_control_0.25,2,471,15.2051448822021
Distill25_0.25,2,471,16.5400505065918
Distill50_0.25,2,471,15.8960819244385
Distill25_0.5,2,471,16.6988372802734
Distill50_0.5,2,471,16.0880088806152
Distill50_1.0,2,471,8.03089141845703
Distill25_1.0,2,471,8.79406929016113
CE_control_0.5,2,471,15.5839920043945
CE_control_0.1,2,471,16.1399841308594
Distill25_0.1,2,471,16.247034072876
Distill25_0.25,2,60,17.2219276428223
CE_control_0.5,2,60,17.7271366119385
CE_control_0.1,2,60,17.2629356384277
Distill50_0.25,2,60,17.592191696167
Distill25_1.0,2,60,9.87601280212402
Distill25_0.1,2,60,16.8259143829346
Distill25_0.5,2,60,16.6919231414795
CE_control_1.0,2,60,10.9109878540039
Distill50_0.5,2,60,18.9769268035889
CE_control_0.25,2,60,17.4100399017334
Current,2,60,0.735998153686523
Distill50_1.0,2,60,10.3669166564941
Distill50_0.1,2,60,18.1658267974854
CE_control_0.5,3,204,22.6209163665772
Distill50_0.5,3,204,20.5531120300293
Distill25_0.25,3,204,21.406888961792
Distill50_1.0,3,204,10.0657939910889
Distill25_0.1,3,204,21.8451023101807
Distill25_1.0,3,204,8.99791717529297
CE_control_1.0,3,204,9.46497917175293
CE_control_0.1,3,204,19.0000534057617
Distill25_0.5,3,204,19.2170143127441
CE_control_0.25,3,204,20.6708908081055
Distill50_0.25,3,204,22.0241546630859
Current,3,204,0.924110412597656
Distill50_0.1,3,204,19.0579891204834
Distill50_0.1,1,521,13.8731002807617
Distill50_1.0,1,521,7.89904594421387
Distill50_0.25,1,521,15.078067779541
CE_control_0.1,1,521,15.178918838501
Distill25_1.0,1,521,8.19301605224609
Distill25_0.25,1,521,15.038013458252
CE_control_0.5,1,521,14.9879455566406
CE_control_0.25,1,521,15.6471729278564
Distill25_0.1,1,521,15.4469013214111
Current,1,521,0.704050064086914
Distill50_0.5,1,521,16.1840915679932
Distill25_0.5,1,521,16.1478519439697
CE_control_1.0,1,521,9.3379020690918
CE_control_0.5,1,339,16.3769721984863
Distill50_0.1,1,339,16.6628360748291
Distill25_1.0,1,339,9.05489921569824
Distill25_0.5,1,339,17.2841548919678
CE_control_1.0,1,339,8.33988189697266
Distill50_0.5,1,339,17.8661346435547
CE_control_0.25,1,339,16.848087310791
CE_control_0.1,1,339,18.7549591064453
Current,1,339,0.767946243286133
Distill25_0.1,1,339,17.3459053039551
Distill25_0.25,1,339,16.9200897216797
Distill50_1.0,1,339,8.75282287597656
Distill50_0.25,1,339,16.510009765625
Distill25_0.25,3,287,18.0630683898926
Current,3,287,0.893115997314453
Distill50_0.1,3,287,16.7288780212402
Distill25_0.5,3,287,17.0180797576904
Distill25_0.1,3,287,16.7038440704346
CE_control_0.5,3,287,16.618013381958
Distill50_0.5,3,287,17.2929763793945
CE_control_0.25,3,287,17.4620151519775
CE_control_0.1,3,287,17.8389549255371
Distill25_1.0,3,287,9.47880744934082
CE_control_1.0,3,287,7.59410858154297
Distill50_1.0,3,287,10.7021331787109
Distill50_0.25,3,287,17.3780918121338
Current,2,434,0.85902214050293
CE_control_1.0,2,434,8.16702842712402
CE_control_0.1,2,434,14.8379802703857
Distill50_0.5,2,434,15.2111053466797
Distill25_1.0,2,434,9.35697555541992
CE_control_0.5,2,434,15.4860019683838
Distill25_0.25,2,434,15.5289173126221
CE_control_0.25,2,434,15.9409046173096
Distill25_0.5,2,434,15.9289836883545
Distill50_0.1,2,434,16.8099403381348
Distill50_1.0,2,434,9.01985168457031
Distill50_0.25,2,434,16.165018081665
Distill25_0.1,2,434,18.1379318237305
Distill25_1.0,2,149,9.19389724731445
Distill50_0.5,2,149,16.1359310150146
Distill50_1.0,2,149,9.39393043518066
Distill25_0.1,2,149,15.7260894775391
Current,2,149,0.87285041809082
CE_control_0.5,2,149,16.4809226989746
CE_control_0.1,2,149,15.2277946472168
CE_control_1.0,2,149,8.11600685119629
Distill50_0.1,2,149,16.4868831634521
Distill25_0.5,2,149,15.8629417419434
CE_control_0.25,2,149,16.3640975952148
Distill25_0.25,2,149,26.5669822692871
Distill50_0.25,2,149,15.7630443572998
Distill50_0.1,1,220,17.6310539245605
Current,1,220,0.775814056396484
Distill25_0.25,1,220,16.9880390167236
Distill50_0.25,1,220,17.2181129455566
CE_control_1.0,1,220,10.0820064544678
Distill25_0.5,1,220,17.7888870239258
Distill50_1.0,1,220,9.06586647033691
Distill25_0.1,1,220,18.4371471405029
CE_control_0.1,1,220,17.6529884338379
CE_control_0.25,1,220,17.4939632415771
Distill25_1.0,1,220,9.64593887329102
Distill50_0.5,1,220,17.3420906066895
CE_control_0.5,1,220,18.0439949035645
Distill50_0.25,1,523,20.9791660308838
Distill25_1.0,1,523,9.82093811035156
Distill50_0.1,1,523,19.6428298950195
Distill50_1.0,1,523,9.71198081970215
Distill50_0.5,1,523,19.2599296569824
CE_control_0.1,1,523,19.3178653717041
CE_control_1.0,1,523,10.2238655090332
Distill25_0.1,1,523,19.2279815673828
CE_control_0.5,1,523,19.258975982666
CE_control_0.25,1,523,20.7450389862061
Distill25_0.25,1,523,21.3840007781982
Current,1,523,0.738143920898438
Distill25_0.5,1,523,19.6700096130371
CE_control_0.5,3,479,18.455982208252
CE_control_1.0,3,479,9.01389122009277
Distill25_0.25,3,479,18.5220241546631
Distill50_0.5,3,479,19.2158222198486
Current,3,479,0.694990158081055
Distill50_0.25,3,479,17.8158283233643
Distill25_0.5,3,479,29.494047164917
CE_control_0.25,3,479,17.4210071563721
Distill25_1.0,3,479,7.86399841308594
Distill50_1.0,3,479,9.07993316650391
Distill50_0.1,3,479,16.732931137085
CE_control_0.1,3,479,17.6219940185547
Distill25_0.1,3,479,17.7280902862549
Distill50_1.0,2,247,8.56113433837891
Distill25_0.25,2,247,13.7879848480225
Distill50_0.25,2,247,14.1711235046387
Distill25_0.5,2,247,14.5690441131592
Distill50_0.1,2,247,15.6130790710449
Current,2,247,1.09100341796875
CE_control_0.1,2,247,16.1619186401367
Distill25_1.0,2,247,12.160062789917
CE_control_0.5,2,247,16.6430473327637
CE_control_0.25,2,247,16.2701606750488
CE_control_1.0,2,247,8.69488716125488
Distill25_0.1,2,247,14.6138668060303
Distill50_0.5,2,247,15.0749683380127
Distill50_0.5,3,560,16.340970993042
CE_control_0.1,3,560,16.0958766937256
Distill50_0.25,3,560,17.1921253204346
CE_control_0.5,3,560,17.4508094787598
CE_control_0.25,3,560,15.0580406188965
Distill25_1.0,3,560,9.0181827545166
Current,3,560,1.18207931518555
Distill25_0.5,3,560,17.3511505126953
Distill50_1.0,3,560,11.821985244751
Distill50_0.1,3,560,15.6769752502441
Distill25_0.1,3,560,16.9739723205566
Distill25_0.25,3,560,15.5467987060547
CE_control_1.0,3,560,8.29195976257324
