role,source,line_hash
calibration,blogs,f2505fd26d86165166ffe9cb989a10033e494d0aae7660179d0cc42b9228b89c
calibration,blogs,370516e7e1e94cf10152751403133ef0cb496c9d9f3ee0b383fc9add5fca574c
calibration,blogs,af5aa8b15bc0d2122f24eead30d322ea1f7b85fcae3ff23cd517a2af8f97cabc
calibration,blogs,8375ab10fbd5d21c9a11ea46d23df91161fbacea604ac299227bff4a647b8b4a
calibration,blogs,cfcd5a10812697b35947208f60d5daec61d0c90b549c03b5257b4234463bf068
calibration,blogs,46f8823fadc9e68792923b927a37ac8e708327e090c3efe6f57242e628a4be2e
calibration,blogs,4af282e7e0ac07cf889f744c0475f45999f673d224a73537b71a27fe3b65c3ec
calibration,blogs,eb3014f59c0d1a0010211c5b8e88bccb918a1d9e9a87f2ab3f6bdfdf0b7c3d7b
calibration,blogs,6cf0ea60f9169277d7a2cc84f534b0fb5016fee02192e3482ec9e341104f3143
calibration,blogs,2ad8be1f01f3c54484b35c34fcbaa7e370261cd490c7d973a1f0ccf97e01f6f9
calibration,blogs,069217bb626f2a70e82bf0e7c8405acea23b637269174082a74d87a5d350d13a
calibration,blogs,e24a4f54ebc7d7c233724dbefbc2840cc45fd7ce8964f20f442ac289e309eddc
calibration,blogs,6bb50477aa7e161d76a56d261c69751704f776514814d119f465beb74a301638
calibration,blogs,add3a492b2a59a7ee61efa6c72759072182308d766c665626268a6f8e0984ab3
calibration,blogs,6e5e4f90de0bb8485acabe933a0bdb26ff3aca0cf2e98c59b7d0e0ebfb1bbea4
calibration,blogs,2b62d6fdd8e4d79cd6cc15983497585c3e024fa084f40c6c49965ef3b4facf28
calibration,blogs,61e43829af27edd511cb896f5d662e422fda272d3185d3894aaf32db657ab41d
calibration,blogs,a774f26258e2756412168963851f0fbec7d2420f7aaa2f94156d969e0d72f9b9
calibration,blogs,d8ee4302be56bbe92ba457d139e9e2e752fd4f4a858efc46d7ac08c247c36426
calibration,blogs,06858f2160510766f0a594592880aa08c2298e1dad58f7cbeb7ccc8d277fdc7b
calibration,blogs,3bb952fd808c7d9137205e0de18b68b4311a082b03232204d9beaeb40f979be6
calibration,blogs,aea473133ee61750abd69aafa5091e03fc938666d5f9bf8a43a27e419465c163
calibration,blogs,bc6909aa6d8c69ebf2077bc2b57fcf170dcc8591705b37a87f85259e95b23e11
calibration,blogs,32043e3acf61f6b82ff16d2612fa9e6427680bfc21e989aabd0af7f8aba5e5fd
calibration,blogs,109c7e8fd8d9d763e035f21f1513812766965ef01a731f878f2ad4da92f5ca5c
calibration,blogs,d705d8deba2a977742273c2c42219b9b5b52a679d301e428137a7f1fb3d642e5
calibration,blogs,12d3a810b72350e0fe80265b9165d7606f9766e996af1dd343bf527f75e522cc
calibration,blogs,3c93f493f9e2985f3f37fd9ae9654a09556c53472df53de52686456f13770d0b
calibration,blogs,e7c5abefefa9df59ea6bb3f03f30e537cd9bdb43519e4c45f09128e36bb2bd07
calibration,blogs,ecc5d6633022e1baf381e8c523509a9ab991f9aefa741ddc541a093865bfd85f
calibration,blogs,e5b5c9a0f6868f4fe750a19f45e2aeb6d0a08923e6cdb7ae6b912956c1e71e71
calibration,blogs,3197628832a8b77330d05f9b1d05b61aad2f06877395d7ea66ccc4768889c999
calibration,blogs,5e1113b94990ced466341871a0c2a5d83162224c4d4ae7547ecf1e9aabe05ecd
calibration,blogs,2bcbcb2862236c27b3423d4e86476d4198cb715238d8cc43bf885c8770868cb2
calibration,blogs,4dbad9656eb63cdad707c9b806a8b5c505b001601a5e44965528bbc5bbcabac9
calibration,blogs,5b7cb5e6f68e4724b68dc91e56195ba4bd0cba4d06bfec4442b189651f0563a6
calibration,blogs,7bd025ec12e54a6f8b45e179c0e3151e8398ccbd5e75ed36d345372571622af7
calibration,blogs,14fd89346193fa70c917aae574f0884ac49fa4ef10ef11bb871b99e51765159f
calibration,blogs,297b9d087ae5684c22ea967966a33f528af68c78fec9d64f67886c07bc1157c4
calibration,blogs,475a135496987b312510d3c5097c8a7ec467a1023e7531b2bca9e562c8f6ef1a
calibration,blogs,ff3174c5c58fae13a06d24ecb8c2a98d76ce27490cd8bc173b5387546f875ab9
calibration,blogs,f999e4a797e506c629deabbab682483c2ee88691196ee0e3d80a6b7b9dca355b
calibration,blogs,f62b1bd592d206490bc001ff5e631d05fa34828865dccf5243e868c05581d664
calibration,blogs,a5ab9a2fe9ff8722e01611f78a199c29bad1a18d96b5af0faf4f9804f52c5187
calibration,blogs,cb1621e4b9b2a5c46d9e2c926717b155822918400aca14dae84a96ed02e4cc20
calibration,blogs,b03f6b8f4615db6635e6de07dcb0e87d089c47fc87069ec40229711e69a000e7
calibration,blogs,f276aa0105d1be3d1adf4b259b8bad8c4a12d1f1c82410eaaf7d8cf32eaffde1
calibration,blogs,47df0a5e0d0b90f2b7c36cee7abdb65d2eaf623b227582fced1f21967569433e
calibration,blogs,0042ba16d5102874cd0b8e9daf79d0c71b84a1ab97402f6cd13b9a456580d613
calibration,blogs,cf14fe2435a16174eed460f0f88ba8e12891d7fab56aa667dd252aab7aaf58af
calibration,blogs,e1cd5f9884a79102cf2cc7992698f2c6bd5df1bb7b3e117ba7de76b0da8784fe
calibration,blogs,da998fd687f110351a353ee6de0ee419dfdacb73cd7a424c3289e117db5e7e6f
calibration,blogs,acbe4f68d331def4178d2cfca786dbedd02e62031d84db3692a89f42692fa8e0
calibration,blogs,68ce0858aa44bb8bc6e000bca910060c7a7087f45af6bec0a17dfdc934b74667
calibration,blogs,d7ebb0275d64419ed98ca1d0bfe3e668d6978aa0d3e2b361abf92e4059680801
calibration,blogs,915d1fb9513710400011f1c7f6d84899c50a71c603819df0fd0c1adddf8743eb
calibration,blogs,870fe037e9cbbe968af7464c6660278748d96752b0563c411ab7f3639e0987a6
calibration,blogs,d61925645c633a2091d9809df9411948661c4908e77bfbd12f22939f2318045e
calibration,blogs,a99e0a2cb14eca3bd16f59f2f42056b59ed2105debdfbf772ea3fb2fe81a8474
calibration,blogs,5b8e20f6aff10b96229e3ec8a6ee4911c2ffbafc6e8eaa2e3242854f5df0c8c8
calibration,blogs,7ff066ad7a704a4aecd453c1b526fe97a40587e27e60c37b68ef25beb870d9a9
calibration,blogs,c7e60239ea689a3dc86422fec08538db59b73c2f241f20959fb18cce18bbee52
calibration,blogs,2f0c2672c3b8afcaf17bfb7a82fa2a3daef86b17f0decaafbb97de720d4537ce
calibration,blogs,0bd1dc35f8c8be9bc73a4cf7e0f446674b9096798aefbf2187677387a05f40f3
calibration,blogs,3b01fa44b710caaafbd36d3ffa88f230c4270fba4e012a806f12017778040251
calibration,blogs,d9508dc1d24e3954bd78128c65e880f1a461338f6ba008b8d7ecdbcdf7b48b05
calibration,blogs,27301d52aaf08ca5d9460e0b3f8514ffdd9bbf12e6a41d1c36e6db60bfb04c91
calibration,blogs,19e74f7e1f2f46b95615f3f91656b89c904f58eb13d465785b15622572210aa6
calibration,blogs,0104a7147e414b960f885c55da22a1d30e06595bbbbd8ff31749fba95547fce7
calibration,blogs,4326c87f30c4e70b151b1119a079785e4963370b1aa13b201c64a4bfdbccdeb8
calibration,blogs,7b6d75e54d98754bdc52ec499b2bf0c39eb0563ec98915d637ec0e9e2e435b56
calibration,blogs,ecb23f1cf73e9ffd22eb2490d1e7fc051027be35d8dc8cdd2d187976fa4a63c8
calibration,blogs,9b1bcbf53d40c9b738dfd17105a4cab43ca2638f6e34d8bcefb714b2a3936645
calibration,blogs,9d08b515455e197daa67f92f2dfdcb2c3e03d8e1d069ed1bbdc6acb5d89e3253
calibration,blogs,0e9fceb43cd5f9f5bb84851107dba3b329b5a5b06878f9a95c024db232870760
calibration,blogs,8d5b8413607d721a68529aa539da650ef5dfdcd26ed35f8eb4dcb6a4b39d3e83
calibration,blogs,69e4a8052ce95bc676486a806e27db0793bddde342fc2211e13e853af60683c6
calibration,blogs,e183c9959b2f1caf2c863f8d2977a34e9301536d94e17b2c25608cdf4a0f8861
calibration,blogs,5403a397a9f3ee941b9828bc2c48efb8f9e132157deaa4839a39f6b04994a207
calibration,blogs,8e10514aa6607c49e83f87a7d3b5b51b8bf0a2ecf5ecf02758fc89503437a315
calibration,blogs,f09f03fbe11a6bfaa1ccc157e42b916807e0cc25893a1c3124f0cde8bd41c1b7
calibration,blogs,f7fb5a49b87cd09ee28f7b2d7fe19be92121b6cd4c23a55b0224933bac69b578
calibration,blogs,f8f6f1882b5ac68d54a75763b3a795fca4dffdb9218ff7c0e86c7678b37feafe
calibration,blogs,788c8ae435307e8d053bd3d23b600b1707f1576e7d4111cedeb96a664ce1db4a
calibration,blogs,13bd949be5f6ea4f676ad12855d1756ec287ea1887dfbcb27ca2f83ce0c012bc
calibration,blogs,ca31c3468aa67f43903cd154f2d3970046127a140a5513b8126abe9b29b3e6f9
calibration,blogs,567e4478d3383b080fcac3972aef510be3f1a0812fd6be67296d31dc4b9a3720
calibration,blogs,e8685d6b87748a76b56a9103ad5511dc2f32340ec67df0f3e7d77293c3e36193
calibration,blogs,b238ff90ada54d1ece41936eefe0bd73d6edaf6328ea82bf8d3eb722c68fa4a5
calibration,blogs,c795d55509d4bb51fe5c72995d7842b520fc9629d4298b4fe9e4ceec3d201591
calibration,blogs,528cfc9a20f2e0eb6a69b823e2a08cd2e234f9fb4fd261f20b009c0cd555f19e
calibration,blogs,47cd42548873489bf7b285637aad8076e8bc441465d452792e98035ab1308980
calibration,blogs,5b9a673536df2287712bd0e0401ccec5c0495b32de0c154ebeb7f2a93221028b
calibration,blogs,b6a211950d74030da8453676e13afba91ea62efac077abf55e2829d17cd50570
calibration,blogs,ba1d2dc26aabcab4b5abf56c7ed2a67da6317b5741d694800699952f63469b43
calibration,blogs,3bf818adc908fc19ef7df6640fd62e15f8c7eca852d4a45b9426dc5c26d1a6bc
calibration,blogs,203df78c66e3d3eff0977549640466b26776b275ab0640d81333fb0508598c5d
calibration,blogs,72ef1fe7f1cc31adb2ce9aa69d41a74f21644d64c1557e5b144645052d8eefc7
calibration,blogs,ccbf0ab072a7cc5c5c26c05dddfea7afd69e57b67d85c385c91464e4eb00cb1e
calibration,blogs,6509c714ea241610fddd00742fadf71f923b1b58e4905d605c6556abf1990616
calibration,blogs,3ff525ec4dc78a4d4107bd44dcf5b98b87fa8463a2398ffbdf001e9bdc745fa3
calibration,blogs,a7e7ceae19798f0d659843909496e627b4759229fc5d1d6e1344e8b57276ef33
calibration,blogs,33135af635a857bc9cc216d1f255e00e81948bec7287665377d8a6245a231784
calibration,blogs,3c3b53c2b5b34ac2152c16c2326ff18140bb104dbfcf88a52a4862f96968d3fd
calibration,blogs,e22fdbe0d0e87390cecd02741ae6726314cd180eaaaa2a0ab4f42ff527b76df9
calibration,blogs,cb5b3f461a7c099121a391b5d2f112e40b475d6684e5aa537126c89ed7e3c826
calibration,blogs,5f152a9b6a076d3db47204d970dcd4adc0254ba7a999594bd8b116d5e5fc59ee
calibration,blogs,5491b4cde8e317a8515f41cfa08f76407a738d34b53f78db0a88e7a7bbcdaa07
calibration,blogs,10c32091a8b1b09a785a24d19794ba796edecaeb6c588e901258b620139acb61
calibration,blogs,d6d01cd16da550cd99f2a61a17a757eb6636c053080d71136c2c9b5ce9bf85db
calibration,blogs,0f8782d9da24f11b877255257734ff02b09508fe9a4e025d3c75ed5af88f72b6
calibration,blogs,04444fe252f857069de8aa83c18f410f70e474c2b253d2b3c0277cd1048b9883
calibration,blogs,de0737d8e5ff7d75d8798bcba9649ff7acc0b8ab56f7dd237b1b73a74f89ea47
calibration,blogs,dd49e9b72ade32e6c2824b0b42b55aaa0d4f07c5a19033be3153f5afed5ed5e2
calibration,blogs,c89edfd67181add9c1f23a7971fd039c02c9b5bf0824d611e0fc4878353c290b
calibration,blogs,3664af1b8efc3fc2c2fa7d603ab1f03712247b7611abee27a3834c4415f1f16e
calibration,blogs,d5142857e0925ae0c1bf6742017e15a439c5cf5d13a05be0f9c522a00cf29868
calibration,blogs,d05239a27a196feeda0f47aea991493b316b91abcb71c42264856e4654892727
calibration,blogs,a29372b78b0ad3e0b94548ac45d09af4d92f9060c37202ea99027ac7f996be49
calibration,blogs,536508417786f663548e206344eebd2ad65d0b767241a4421e520a76f0e54cbf
calibration,blogs,457c9ecfc6746eb867b6ee4d5c641681be32da4b6071875c699c1ef9b271c2a8
calibration,blogs,a6e954cfe3fe7d114448faad99dbdeda502d9ba4b38032d9bad866fcdd1c9ced
calibration,blogs,f2bc34c10ed975b3c29d9d9c3d1eeb84323bc29774373ad3b5cb70000a3fb5a3
calibration,blogs,096a88921efde18a2846bdefb8b52f2221e27e437dbfa2db4ffd8c08304b83de
calibration,blogs,1cde4b36b06584bfa837d72b37c422047076dc6c8fbc23203b8b932b5828d860
calibration,blogs,9121b5f7a5622cf0afa9d5657a61e538ece0c735a2a483d1822e37701dd80f10
calibration,blogs,5eaa966280508d3c64f72404be3b5c0996ed878083cf6b754b51ac42bd45bbcf
calibration,blogs,972d78184e4e3e24b7ee66058fd4f951fc71d3bfed1f7d0ee9ccd34065e90f73
calibration,blogs,2b00d7b87ac1432a280ced7c2e7323f8965f473b6967ebc9bc0d498f06a1049e
calibration,blogs,f4c8aee5e0a1b99ec6e29f1fa8179c67c28167bdd5c2b9e67600516a10fba86c
calibration,blogs,25c5336941a30def6667929c821732b2e28a6e13fcd07b3c5413275b67bacfdf
calibration,blogs,981e67175493d5e44dfd640bb30ca5c6dd4febc9f56b6a83af18419056d242db
calibration,blogs,1b61c05b53a717dbfef78dbdcbdbb7ca61c57aeb2e22b69c33d36038365c9cd3
calibration,blogs,3c6623125cbda18d8dbfbcba69530613e4f926dd2c5e572035f67299eedb2f08
calibration,blogs,37c1f51115e70587a50c601689a0dd735c1ad4e725e27234062d2c9195163a13
calibration,blogs,cd94aa3ef1595a6aee9b89a9f8628bba98fdc9c5cdf3f3a5c76f668d31519e85
calibration,blogs,d1d7b59bf8e90e76007c069a5e2d46ad25950aa4326a2548b3274ee7ce17a8b9
calibration,blogs,08bf1c7aa72e52495f46455dccd8e0ff5e4bc150e45d66c77a6bdec0e7e1106b
calibration,blogs,013e27f4314e5d572afcb6f8f8822141d1dfa9c4f6cfb8fb42baaf3889641694
calibration,blogs,6c54dcab26a1e8533591f1a44a2cfb9f5d1efb5152eaf179cc957349f2ad5ea4
calibration,blogs,e7f8ed6759ee60fe03c86df2d5404e9f0628b55428a5d1861eec053b33b4a9d5
calibration,blogs,5ca55075ce4f1235578d45575f0faca32f9c977fa3f3c6a438c9e32847a9ce15
calibration,blogs,b35ce26b41e701933c8c044615a9df86bd1d57cea08d359e68c08dddcabe81d4
calibration,blogs,71783e0f90165e54a2579c019f8befdf8ddecc74bf41baaa0b26c7546e71a524
calibration,blogs,f1e8c6f943c283a6826c14503cb4248b855b56ff938dad02667b9694f05489d0
calibration,blogs,db9d24f3c951d83d3cbd0527902e29585e519233306f980bddc76e4dc6aee204
calibration,blogs,420f460f9f2ca0e4db914c576156240d4bf7ae858bbd8b5dac2db7ff5574acac
calibration,blogs,4490f4159ae5c98e15fcfe20808b473d978dd54894d72b3c132172364dfd4f10
calibration,blogs,48e2e272795db192ccf45cb573340813ddd0b42dad2a90d9347f69d062316157
calibration,blogs,e84a491a4e4c3d28015aaf8bff5172b292954b2b879366d82141ee9f5bddf19c
calibration,blogs,c4e83c7913f2678889d53536680b1c0ef812fc0e9e96a3626507fcd05b576542
calibration,blogs,7bc6ad39ed3c103e888b52c16291d1628d5217704264ecf87f2ed75860930d9e
calibration,blogs,8901de1db4a47f14256cfffe005988ac2a2ca891941df5468c271cc44b31b3f5
calibration,blogs,0caa0c10bc7e6a62c8e0fcf569a1d0778d75b35400c89b4fec6ee897a80ba411
calibration,blogs,de3f9586362d498187fdde82087980e169421631dbd7af90528bd53cfddfabe1
calibration,blogs,401ff594599add0bb3a1f1f5b1e47b0c6efe6cd35c73bbcbe620c11a59ae80ec
calibration,blogs,eedd136bad26e1e7303637c7c4323d0aa7988c48451ba7f27419ea81c80f19e0
calibration,blogs,b21e2961d858bf587baabf9cb5a4040295111432f4b8e3cf25fdee7addc7e072
calibration,blogs,ffe60f968d3e4892badabc7aed97386a61ff8eb2060ba7308855e8b3e49d4d33
calibration,blogs,5f5630a8e3857b68828dc0c84768f856155ba1fb2cb254757e5bd80364a547ac
calibration,blogs,03d93c28da347a6021d61d7563f8abec4eb111da5dd521de7a52c0e133b71f23
calibration,blogs,f2c8d1c92678fc2bfe2a9a9538787fd4524e31a04d6e56d3dd577c7ac4b3e8b1
calibration,blogs,5920379508caf4b87daacc5f8c01a7940f09185316a68bcf4cb2e026efc18b24
calibration,blogs,15293428ab4db83d2bb0813bf2f9f434faa4e2c08cf5aca5f6af9c13c437bdf7
calibration,blogs,b0dfb3b3efef6a764d1a61200c5756b1960aa3fc736402b623fa4580209072cd
calibration,blogs,42b86a146a4a4811ab5f781d22e046f7c3b5667ba25b4f69417fffd2f85a3a38
calibration,blogs,f45a9d29fb9e995a353e13cd02753f5e89b18868e91b4c49217cff489d19c8e4
calibration,blogs,981325884f1eed77dc98e75d402fcbaf51850c24785d79f317e71e372348a8ba
calibration,blogs,89baa82c09d28caf88d4033bb89d265b522f9af3ad4f42fa095d82b7f28e835d
calibration,blogs,ad82e05f568de64d16bb3abf2115e7f4d215ae795b59c3c32396667a90e72287
calibration,blogs,55432e804d0402cd31f77524f01000f9bce3c149e9493fea6b382eb654be0a79
calibration,blogs,1c99e9cf7e2e114c406d3510f25188ad3fdc23feff055f016213656d75e7a0a4
calibration,blogs,bf4164d7c7b0e3e5e5e68cdf0c7ed3cabd0e710039563af9538b4e05dca318d1
calibration,blogs,ee30c1171d86a3818f9abe312fe65143f34a79f1fe67a495c616be0b0a4a3cc3
calibration,blogs,0ee1e7dc079d73f779f2b984b8b984ed1d82a1bd2b8d51c82c5882574e206d68
calibration,blogs,07d0dc6b8560eab58c87612b5a2f83137a174297d9dd78ac4a9ca2878a144f68
calibration,blogs,3cceb1bb9ddd439f094d5889f8748e18c2bacc168be6e9e093440b76021dc2c1
calibration,blogs,c8875d4b5a26f2b84955f7dcb53cb81d406019f280d7567a84eb45cf54e5e388
calibration,blogs,365f0039d2e540a99a677dc32da90ae6fc392b2409991338905152c757a88b30
calibration,blogs,7c43d6197b4171388ce288a041fccb7e968c22c5dfb5af87e6df9aef0200177c
calibration,blogs,b19b30f27153d3c0602cb1294b1197e6303b2ce153dbbf55ca5e0c50118eafad
calibration,blogs,52322842f4ac9d59a696e090ded8720acb451d5044711c2463500670624dde14
calibration,blogs,48941590b2fc3380e30bd4e4fe4d538c3d706f5f84f714fdbf4482d9eaa42835
calibration,blogs,a47998eacbbe5271d3a29cdd366805ec81f3e4411b18f4241e62ee0ab0deb37f
calibration,blogs,30e70b3757906327ce001ea60ae13c3002c3669487c714ce15efc85b2e402708
calibration,blogs,70d486447762f9422fe6ab75e7f2755efc2bdeb34543d747e7b7bc0d2123f8b6
calibration,blogs,ef6ca407584330674097872380d5d456eedb51c5efc4ca5154767512ce616db3
calibration,blogs,695aa6c6d087abf9e7dce74572f74cbe21235e91c6f240531b1da987b9a4b9f5
calibration,blogs,4112a3dd23b3f73af8484316a371395aa7e9b449b6c121251753ac7b5362a9be
calibration,blogs,40dc2beb4f6b563187fc640bdaf16831da06d9ff35034b469d7abaf2e181a939
calibration,blogs,8c2024db2c93028faf298127d71d16db2e87e1840ae3db04367b20127d3a2cea
calibration,blogs,639bc87d3229b697ad0895c8c7678aca769e9134aed24dad6baab04b6c71aaa0
calibration,blogs,0861d469c87fe622e7252ba166d2e79a83a5ceb4843c2825f307f6879655cd2c
calibration,blogs,0846e3e017c97b57b1feacdec0469d823e8a4c3398635ef5a9d773989fca56d8
calibration,blogs,233c06786bff749ccb28b7cdb9e24c8da43da1ad909f8a0e804d4d274d9fa1a1
calibration,blogs,e33ebf3fa0a6d6bf19c249ba7e08e0247e7c1d05ff18d15d2205178739ebc87f
calibration,blogs,f4c13bceb9396efbf95790426edaf3e049a032f2296cee3423d079371f4e1c7d
calibration,blogs,65db2eb6f607ea4117f2be8b6ed5f03fe5bab851ecc678766f3364a53214dd79
calibration,blogs,b97c7ebce0c8a1767da76261b96d829ee1146f9318dfc8c164acc8fd36d5f90a
calibration,blogs,7356eda953b70d6bcd48b319469e96bc48cb93035ead311d1f915b00b4c52b85
calibration,blogs,a60b84414d5f6aded513edf7b1a3e59080bb2c9b34340a3a5fe3dae987335128
calibration,blogs,fb51a45950a68c840a3d56a6ccbd78db0d7eb09d3d6cdc18761ff03d9b12a07e
calibration,blogs,729c7f2e533c47bee2b1c01befca73a07c2260c63a16e6cd6e01273b3c6b62f2
calibration,blogs,a3aca77f9458acb240897bd6d97b03de8a14cd2780422626c5e3dbbcc4e8e8e5
calibration,blogs,00480a02b7beeaca4985062af5aa3a8ab797b1a0a7834e04d721a065f23b9e21
calibration,blogs,98457a4e19f3a40a092683349e2146f69793bb7f45efbfeea3817dcfc209ee75
calibration,blogs,5d5c25c7c4fe0a5502c38eaf561b9cafc59029111e08def27e771c6a5679f92a
calibration,blogs,9e50db9e460a57cbc642776ffd4750eea7ff6379df3a9151d2c52ad97b0aa446
calibration,blogs,aed3890b9c7b3bbdaf8da6d62068a6c8158e87a5b4122f98927b47c9e69ac386
calibration,blogs,d19770678ffffd676dca36f73010ddb777cd4c768368c41fc1d8134ded5eef8a
calibration,blogs,01dbf9acba38df4fa23f05a45618dd50136617e9cf1b1820926d15516d3ed7ec
calibration,blogs,5d2baa1fbf4b12466d17d9eb62c1711f4aae56e9bfec7f38c72817471ce7ced2
calibration,blogs,3c1ea94cc4cee2217806d933396baa1ed56c86085051e3dc104be086e2c7a282
calibration,blogs,ab981f83040ed9aef6442c4c58a0f9a4417866b8ca2f7882d4d936b60f38f44e
calibration,blogs,4e3fdad0fbbdffe00936e8c4a97f2360b643104be87b7200b8b2c0a084c42257
calibration,blogs,7805c6fae7557f7b6abca331447de1e76339e54b4f6045dda07066f46f76d7a4
calibration,blogs,897b8297c0fbbf7bf14cbed93797018c58816e89d4756c51cb6effd09141349a
calibration,blogs,7027f835acba6ba99c890c730192a93aa87eb31d0e69e760b805f58fd7d22572
calibration,blogs,dd95cc2606490d03675a754519473f10a488b1771091e15e7438a44a3d1d06d1
calibration,blogs,4426fe56b08971d18bdde865e3d4993bd348939f6bda7accc8b539803338cdf0
calibration,blogs,048f038fc5923edb362407f86d00656a101e0528a6ae1142b2bb70317f522633
calibration,blogs,91f1e0524e5323155e29a3949c2501864a06b50b9d74fea9f1c9e4c82c417b9c
calibration,blogs,9c2d53f8f33027a8ef4cf0a10b8b075db6355e88896c16d56bf8e711b68dd22f
calibration,blogs,53289e5664657e84e7f95e2cacde188770d5dea71da57a8dc41634c6a4ba401a
calibration,blogs,129dfefc9bdcc89258a5b9b34c1308924192599cde51f72415a43897b82655a8
calibration,blogs,66b8222b9af5cf889e16bfcf29374704e9433e5953d96f2145d28d810e57ce7c
calibration,blogs,c6a603188be473b250ec8d2a95e79687482dcbc9c17fd845838d923be591dde5
calibration,blogs,9ce85e434d9794ad707172a361bae863bef5292c3b26501303325084e9a9a7f6
calibration,blogs,30975895dc0eeb1019e4a6566264ed947f11db1c204fb858c58534a752e50271
calibration,blogs,7d5814fe2b845165203971cde83bb7d41fac34643218e69e43668d4ed872afb1
calibration,blogs,54ba6f579dbf8e52e5ba0c3dd753b979b232b9ea8bb863972ad502f5916f4d49
calibration,blogs,041785a13db3d4ec922739e61a4d71cab9d8ba706979b5736d953032813e5c02
calibration,blogs,50c636626ee856b4c3eaed1b636aee494af40f14e489c7e45ba26b0aa3068a80
calibration,blogs,2854389f9da84596ff33c7d6e3a8b9f3cddaeacc808ade3e63b96d68ec1675c5
calibration,blogs,2ae0135f16d57597c625ba57d109f8356922e2e5c121a83de50e22fec0ba79f1
calibration,blogs,59d7f86c23fdbc93a190c30f8a7650f10a3857cc79db5ce851bf04db3cb10594
calibration,blogs,50b9380473c2539a216ef8ef3a28ec7b331b680c868f2bed2c62dab4b4ec06e2
calibration,blogs,0d1b8e9c6605c092707529c48c376b55eee768aa26b90ccfb6cedb21feeaf807
calibration,blogs,a88c9236f5ebbcb02ad583fcbdfe76cfc214f20deb334d26b830e7de32d17613
calibration,blogs,e4603c1c8fa707cf7289cca2f2f071d27618e077e1c6ab411e966ad5636bc978
calibration,blogs,b662febfdc6d336d805800fcb324fe411e41041ec11832209b37a05dcd6976f4
calibration,blogs,1d4a5602c14cabada6bbbd9c6c47b72920eaafd33e66995afa09f6bc59c91055
calibration,blogs,2cc3602b9ffb6c53bca14048d46e5bf239601b38947b63d0d51a914fd3522cfb
calibration,blogs,57f6a0344ec502336bdbd558c35c19e0b1e6bf909f9302b61e6db3336ab742c3
calibration,blogs,b4143b5e3ade22b75cbd70723ab7f173e931c669da9346647c4e7240f497a531
calibration,blogs,6ab451ef41ac9ad6e3726a82a3fdf0dd280b9455f00b75e9214251d92c598ff1
calibration,blogs,e316f116991c657aa2d03d3b446dda0ee64db471dfb2e04b743617d9a9c5bab9
calibration,blogs,200c2b9ac429c7b10113b0b2a9caf330967132012fbad88c23f935e314abbff0
calibration,blogs,3862aab9d5328fb51ae3239186d33558662927b2680e812447e8cea7c35c0d29
calibration,blogs,da9613766257639b60dd6455a7c1182e75dfc14b563b97f5f996e04d09184e6f
calibration,blogs,c9a390b5dbeeeaaf5a664c6fe5b5b8e21094b2d2a55166d84f297d8ad5a87e4c
calibration,blogs,d3ab258f471acb261945db0d595187a1669f89d9415f99734c0eb2a2876370ff
calibration,blogs,b7d9983962b31d354de383b374855ae3b37218012df7947c318a677d0c21d214
calibration,blogs,6a192050d21483e4548ba1ca5f1e082798489dc434091c0bc0f782a07930152f
calibration,blogs,60835e196112ddca58f8d95ce91428f315053932c0fc45f2d29108321f162144
calibration,blogs,9dd573ef9164c38e22728e6263956c20358b709ff78024192f46ce5db77e895e
calibration,blogs,1e8216eb5614a52ce95cf11495ecdf621ccfb7f80ce84bc6cb737330f8cfe025
calibration,blogs,68d5cf9c7835188735064a99f45099fa6ac985e7f7574d462e2e1063a7d1e37b
calibration,blogs,59bed4342c739eb1a6befadd1f80ad99f7e4cdcfbe1a185c5f531f6d4a533fda
calibration,blogs,7f60cf41a934c8a8d2395a7fb6c24e00f91ecb282f594133241f7ecb98d9cfd8
calibration,blogs,c9772286bff36d30e07e998276d681e2551fff798d15335b71f8f6d816835819
calibration,blogs,674589051b401be917252ab59d565dba53041e9290afdbd4773e16936e9a4f92
calibration,blogs,cbd163588de6a5f439b4c618dff94a18f12362db001bbf00f69cada2c54e40ba
calibration,blogs,1aa0f51cfb7f24f1c770146f5059259158e65aa1fc20385c12f2203121b6db29
calibration,blogs,7f3cc11195d10e77e28a06d929406a6cc865438daf0a686809cb6efc3714f573
calibration,blogs,e923639fd54dbd390d8807bd7acf8a897ccc577e9c2445117acb3636de4eab44
calibration,blogs,e0b5f4fa11b4c99b625dc93ab58f9976929fc1c9d15937f2c826e403979694c7
calibration,blogs,c5f8a94087cebc9517f7a44aceb23f3704d2e67896d697eaa606356dc89fbc0b
calibration,blogs,b29937454c146da370b59853fcf5207418810f1f981ac2a9e8602dba3665b913
calibration,blogs,5e9673939c79b5eee8ad21acb6dcbbc92d129e3a739e120fbe1111268c03d4a3
calibration,blogs,24b447fe1b9c391ab6597f6450c4c52648ed4b46fc3b3adc81287d304d61e4f0
calibration,blogs,ed80cfd56a2ee983d00853b327a6b10e37b1cdba08b40f974f0490810c5cb63d
calibration,blogs,a6a33d0813fd3984febfe9240bfb7e690532b5dff3e147ac04f2f706baee417d
calibration,blogs,ed1ce7940e79334571dc836b30dc52effb44f8cd948ec79deae443822294c941
calibration,blogs,86cf707920612e47b779b56d52e4eed60eb2f7f217ce96e2b258d88a2e25564e
calibration,blogs,8ef3390fd96e2434e751334fd4e1d7e714da4abb95a3545986c14fbe98dd609c
calibration,blogs,083626b9c7c763c6697d26ef4561173a258fe8c7ae5946802d6cba2222c9716c
calibration,blogs,01a8a0c25c0bf70a7efe0c0384af30ebc430bb9a995a491872644c2f2a05f7b1
calibration,blogs,4d039c3f751f01a01fdfbb0368f0e94ffe55951c189ce62910eaf7868f4580e4
calibration,blogs,9e14290691e96f837f84b632fa95c648a59978b1e113ff351d20eff32ee69b67
calibration,blogs,b7bf4d45222db7be8281086f6360e7308c87e7eda93b57c099d5ce4f074c758f
calibration,blogs,a2d2a09249af6a3cc4880f98e652e6453278e3af296d299389fd6371b6b82a88
calibration,blogs,1090e5e6d901b84fda139f4285d49e5c7a46791463419688cab517a992ef254b
calibration,blogs,7fb045a3eb0ae86627eb948120796efe7bee6107f3593af39d1b676392fff208
calibration,blogs,b1d090c6fe10258aaf5c3defe52dd5a2ec4f1e76acc030050e27717afce538e7
calibration,blogs,a61a8d3e97bf9d5f62cc8fb2e630a36ec95ab824479d33974c76c483dc0e1b79
calibration,blogs,7e5456a94339879f93b865ac499e1b328faf7c1f619206fcf7f3da4ef0270e12
calibration,blogs,d5c9dd78676383c37c2bfcc97f5e9d19cd807bf929ec1af801fb39c7b4dce5a4
calibration,blogs,63b8546006af0ecbea45340a6d693587152375eef191ea6522c78011a987983b
calibration,blogs,ddbe84acc380cba0fd404160a68a0a7efad7aa12c7e60fee357194b2ed518dbb
calibration,blogs,030c4103f092fd0ce493b5720b88c1496a2a3b8334b6a4cca8032213dc4fed03
calibration,blogs,e2bf3a03e4befacbf7271835c0fa188f90ae8e3eabebfdb8de2fda266c80573f
calibration,blogs,274616aeaf87ca245ed5d844a95d3a4b2960750182b9474abcf55ab37107d164
calibration,blogs,f28674ba59c2773d1522a6839481028f9f0a89aded88d76794d13ca2e5b3ea4d
calibration,blogs,ff4ac9e148e1686461300458b9ae796145aac21747561f5f45c5feec70ce62aa
calibration,blogs,b09b1ed8d35552de9e675cc8b806ed043d237b813c120c12c21ab7463aec649f
calibration,blogs,95590a19b87b3bd74cac248a4af3dac8c3e6ba1ebc9c79895ba76973aaea92e2
calibration,blogs,0a46156b4efb8dd91ae407570aca1795a737dc4d160e6a6b0f52cd9a5ce50b3e
calibration,blogs,e3e661d9777c1be25184e00d189d4fa1ca12ba0d442600f9e67e96af4616770d
calibration,blogs,4473bd531bf88225929951d91b4c2488a4555a4cd459c6244152b3eadb3c1feb
calibration,news,a6b8dfbbffc542d6a274260180bd667b4d68f4529b7cccdb6511806223462f36
calibration,news,0e5e204fb69433fa31ab5859587c6952cfb5e8819ca71262136dda5da02ff509
calibration,news,eca9b2ffaa94b7f8b3b9712194be4711866ac827b956af8f2a3b512cf840832f
calibration,news,5f74bd493108e8a2fb321d0647c41517542c65a6049768e86e12fccc3949b421
calibration,news,e276a6b5b592049c07630114a234aab4279c6c02f7093b727a6bd8393fdb5194
calibration,news,0a63a8ca56cf457f59c475f9011d3cfad83aa6abb8642a5622ba9aedc61123ab
calibration,news,f1dbeec3c3e2e11602849e34917c953a5d6e7e99a8d0312439744629cd6e7c62
calibration,news,2016b4ec524aac127592d551321610fbaeb05768d3011f86eb1f85dfe5d80284
calibration,news,9e1a38004f87ed5240294d2d5d9ffc526f08e172c2f302f6e51f2f1af5ac7222
calibration,news,55b4d452cb9b930e24e02723bab94bb89de2ec3de43d690a0721de9bc934ad3f
calibration,news,954eb616c39064571e80c9661f42404ec511f4961571d9f4053b86fe0eb507a6
calibration,news,cca084f9e4649e56be7fa36518790ec0e9f89a3c5dc0d65f84a9baf6e42f845c
calibration,news,19ecb11bbc45619532b38e98db8cf877f0a263018bdaed342c58fb1a1a18f029
calibration,news,8cf54b68e9b76e030b754dc66b879e7c399cb17efa27fa4ae090a4e224c54c05
calibration,news,8b960169151a0d0d6fd1650c67e9f0eacfee835936aaf89b86d9944954891c94
calibration,news,b6b48db467c7c81653d3fd80a2e641a554b8e0c7d2fed4f0721fe89525d945c1
calibration,news,968b27aa572b60e33f9cec9a25bd15f2a372f89ef7c7c84676c0e8adaeac0417
calibration,news,0ff534a2e61c506ad1ea6f507ad72d0030eff1ed263dd05190928ef6eb30cf04
calibration,news,cab6dce557fd5328ed29b03255b0b06fa59ba44f70901c67a275e47775da231b
calibration,news,72f68f8e605a0788a1fbeeb37eec0de09b8f2153553ecf88ce95798e10905665
calibration,news,bbadf3a5a15700aee556b3e3ce30d14cc7b52f01a1db693094b25429f62a2fd1
calibration,news,ad37e26a4177cda3d94d6531fa08c38f4a4a7f5ef71f6ae2783919278a63f4c2
calibration,news,fcc1b3540fcde65c9c0270a1f81a14cf929da8512b4ef89cef9524772ea35d83
calibration,news,80a0f2bb049e44582f6e6accdbede12f15f35913af708a1f430aa430217b1650
calibration,news,81842f6ae7a664fa6fd67b872c9196785c20c24a366c38d448cceb02e3dfcbec
calibration,news,e6c4a17557c4897c9bd5aa5cfadcee2707c4c9aaffa14cfbe1877e4846a91088
calibration,news,86fa215ccdf9e0c8df47c262d27bace716d04c76473325879722413532e57c5b
calibration,news,572c78d489c921831709b4fe7c497802b9c179d718190b445d940c4817aacc33
calibration,news,d22a5558b61ba635229c8842cdf30fd31131005982aa5e655290467851c368a6
calibration,news,4a3692742485e73e52c5113b7a0f046d4083007a5bbf4c3b6d881d19d69f07ba
calibration,news,d39d7726cc63f79e79397a4ce77994a477439239f7be258b825b87eb9326b516
calibration,news,c19ef4cdff5097935a724f4f3440eb71b6bfeb518b4f0ea8f3f17e6c8c4a5b03
calibration,news,bf3ea2cdedd560845dce8ef93f3e3b7b9e23bb732f246dc7451b3702f45c6fe9
calibration,news,530d5fbb86759be05bcd3b7f09851afe95d7e1e3b288cab17b55cf57080024e9
calibration,news,816758f378e183560208c418551cc84e1c72da6bc8f570aadb69ba08b38bea70
calibration,news,3d54143f9df53a13a562817ea55d0e0972925f435051ad46a5e3249b74e8e8d3
calibration,news,c610b140f677f457a2fb93d30ce8cc3b18e51fef51607ae34fc28829cd128fda
calibration,news,4d33f1f9c86489b4204e0ba8dfe44fd0cebe4d0544260df3511b454c8dbecf9e
calibration,news,0f6a6fceb9bf146be3e0fa038397f737e9e9232219da768fdf6cde212f3633ff
calibration,news,1807358b8fa2ea29946fcf352de8c61e829c2c375b5007c01e4610eb5ac9af60
calibration,news,d21b7885c385b1914092b98c43aede1efe3854cfe503c9482b263413c031e823
calibration,news,8801e684772f348a318d915a56657f284f856a357cd8201eabff20ec03f53327
calibration,news,e63d51f2dc0b4cb85d1e852f2cef3fe376602ead67363417d3d7c34e11ec79eb
calibration,news,655b55b712d3461bb69f41b32d00e1cd65298e7cf3e0d889300dffec41e2f373
calibration,news,4128dd8e12c931ae465a1e2c9aa6bf1d8477a16a12cda2cf8915dcd0744ff555
calibration,news,4f1027fbfaa0c6f0d34b53f8355ae663058c5ad62e109f4e93658231cfbefa4a
calibration,news,951b6708e736dcd22bc4e7adad4feefba6187f519fde71e3f2c094f28fe99254
calibration,news,0028dae293c229f1819d65d8d48d4040074b0691750f1b5f352a374a2b390f17
calibration,news,4360a194e434a4e88f903d56b43aa8fc34170ff9d46bb46c25bd5af609e4b2e9
calibration,news,4cfa9f208770906296b4bd4ff08e79721902f689a958395197c4114d98d8aa97
calibration,news,9a25eb0c8fd7d260fe89e3934108e8098c24c71c8dd297b1c661b908e78231bc
calibration,news,d8247a9a93421366a74139d4da8efd65ef054274b38f050599c83698abb0fa59
calibration,news,683891090a9c418df53f7608dd65b840e73020a8022a2eed6f033e7458684617
calibration,news,aa78a519929eea3d5141fc7f7d74557c44fc635fcec523cbcc43237175fa32dc
calibration,news,ab41c018af5e003f83a4fee43e02bb5080b6df84a5184118814ebb28d9ae2be7
calibration,news,579b68ce4c1209a66f6f12dcf0ded0b5c1f4e69dea7a27a4712b29562813f447
calibration,news,2e2e70763aa86b93ec9aec61fbf8b9f00c7d34664cc40f0d8d2fbc03b3094e16
calibration,news,d9af53d18b6e2c813e55994a7669231acb5b916bc79003344f38e3ef1507c300
calibration,news,70cfe402671d4ecea96556f485253a737f340f06cb55dd0bcd865c609a6ba41b
calibration,news,fdcd2887e46d728e9d01f463f8adb60cded98386d5a8d697e9a572e9261dbd43
calibration,news,307c6b5fc2c018dae06ad90b5b6feb71dcf44400d2969b9dfc55ba628deaa606
calibration,news,3acbe3896480a6937588c5d5b1c095cda3b5a979e1408bf56e4d4a171559ff36
calibration,news,7ef27954e372688f7d90fd6c861abf77174ed6ec63fe464428c36aa3fbae1571
calibration,news,ea5b07b04dbde44534ad4d103abd2492363752ade10c743934769fc3bda67acc
calibration,news,340c27ec596fee63eaa6c1efe3276941c0b21710803058812b02c336adf55a30
calibration,news,2debc5662c26e336b5ff62b50bffc86db7de23d7eb89981c886ad30f75a082cc
calibration,news,479799f8bbe803b4bb82750d9049a766ee64e10706d94a19f02996e3fe4c8b01
calibration,news,baf9bc20560b8b169a33d6543e326385aafae108b0d9a409df0e4a1746ee5453
calibration,news,0cf1c4a3cad3850ed438c6c1582483ae026c00e4ac382b05b00a99790ce4ada1
calibration,news,f9a85a68c2d82a070e479667c8e5c9bdbda1dc39670a58d7ca39492792a9d836
calibration,news,8155dd2bd5e33adb2926386977562b89c44480ec53149e4e34e86c8e9a115752
calibration,news,46019df04d033c9363168b19b11cbf15c81396e9306ba94024719d14bd5d0367
calibration,news,92ee6358374818e1d9635ba52dffcb8cf4f585c1cb3e2b3602f7a5cae60f2008
calibration,news,5c2bed56224e49f7dfbd4a8f84e32fb1eafb8bc03bb4f2eff54eba03880cb5ce
calibration,news,4310812e3c0116a6cb5dced70759c106dcf0d380671f98abd788649d0efacd8c
calibration,news,bcbbb88984da7a1502140dd49e9aa895dfdae3342732de43d69b1e6d7fe0bc64
calibration,news,f0d29ce842a26a233bad9287c397c2f7e8e4af588625ed10116869efff2e3e89
calibration,news,7c1c31da018d24bafb72c5f1025f412eb680f22db4f85e80d5bf58eff5ebb68a
calibration,news,e8ac4abe649347e5cba62afa00f73b4eab11e522570bcabb39b6f99949bb1fac
calibration,news,4a0c785051756f4f3b736237221e13e1e640952bd012d9d3001bfebf95e36943
calibration,news,9e64d9aca4514177baf4bc6e19ad750eb4092b049960be7d022f7ec026db5944
calibration,news,a55a8b16d9d65d4ff37127f02b5ee5eb86cd93b688fa78884acd4d7267490957
calibration,news,cdeba21a4dd8005a53031dcc51d96eb718df3286bdf9e8bda0292194dc7ad4fd
calibration,news,67c544370c2d77fd05003638a2a7b9f9a16396347cd75c30a99559968c69a566
calibration,news,280f500e8d882645a71e7ad3e37118393331940f124d76a521b7b9b9fa6aa06d
calibration,news,23a420f7f5577748362175ec3191329f1e4d1ea722f62f45cb807dc18228199f
calibration,news,8f06335fafbcb2989f71090f096f821d8d5ab373616a848767dbd63e138e2acd
calibration,news,bfc662323f54d25f89f94e299c4689bc6059e53ac70c6c95b0e228f3da672a73
calibration,news,aa93b8bf9ebe026d302436e64131228e6d8d1ffc56d01791810be6a4196351f0
calibration,news,8543a57cbf268f59216e15128ffa6b9ec571729e08c47b2d5db31a89e7132882
calibration,news,c8c2a806cf914ff15b7abec51731666bbf895e3744cd2582137e8c4506c5399a
calibration,news,9ec643533ea43b9101f1e1b15d1180a823beff3c0f82fa095ef903e349c0ded5
calibration,news,5189e273e2fa758ea0086c05412c7e84c76085805a46c2824aadeda1ddb51731
calibration,news,40e617440578a7c491477e5d23b76aacdced8448826171a7d2eb550f495f3175
calibration,news,19e0f1fd78862163b35b9e34f4cbd62c2bfd1083145f716378e80b3a62c010b9
calibration,news,3311214c4c5bad4d40cd999aa7240d20449b3bd2cbb4452c260345b6d0154fcd
calibration,news,3aa4c89ce6e319998e76ff74e8a0d9c50613fa05c0b43765390a9c49e2ea5d9a
calibration,news,6dc843a8fa407791f6c3637c116af59dae35d3b158164e3fb9541681bf0f6523
calibration,news,c2587614c27af4ec6338cf2bda0780c93bff3bed964eb03efd4b191508079c2f
calibration,news,72821a353a9b5c05794cf677af0493a34d5926314b8e69b123fba54863358ce2
calibration,news,046ac3491d4f33d44b489e1e2d3cf761ad5d1d21ce53b2947c481f8d6731153e
calibration,news,2da0ee8d4f8447ac38d4f4534e8fea4001063cd1bb259be7bbca3fccdd3507cf
calibration,news,584fd601b45a3368b7703e52a04746bb372970bf69f5fe2244e4c5a3e5c2fb39
calibration,news,18eb99fd77b7573a34215713302fe94c97ae079448f3a0a4f54007b9fc16568f
calibration,news,b12f89e6981a7c74cf17f7b80fed5ccfa809ff0343a267a0131a9a72250e6025
calibration,news,795db01af4973893730d5506a4121fc546d5d7dea39d57c21be2d02873017a2a
calibration,news,36e0b260ca4a55caaec546977e3e46dfaafff443c5e09a090ee0e585f54c79ed
calibration,news,f14deb6518694b42e78c0248f0671a979422c05a85b51bbb512c2f7abdcca01b
calibration,news,e7194efe1cf761b11690b1acf5bf9d3a8cf462c63b7bdaa957aabfc3cdff20c5
calibration,news,47aa5a54f10e14463830cab9f02ed078da645607959d07b6f382c5fe22065eaa
calibration,news,904ad0f5e4a71f49df01472a944937fa15aa1568fc85d6175b703d2c0376ce6c
calibration,news,1d2310e763817eb17f85601925ff7e288bda60979517d028d113d8a5220335af
calibration,news,3134dc521d14b43117a80bab381da76653e1f11bd916fbdd5965d4287da2eaf3
calibration,news,bb324db029dac694dee2d3ecf35df24ad9cbf7b12fb7a588894eb5979ed1ed2e
calibration,news,eb149b4865b043879cb23c1f0d9f40504191f0bb5c20f81529df8f01cf4962e6
calibration,news,de527924630f3ad8a7c31659af7c7754983700529b56730d12b6e0dabf8cb4cb
calibration,news,86ab2fa37229398e6dc4d4663d092c084bd2c842849248b15a0e573d575626d6
calibration,news,a6b9e4466d0f5c9af814d9283aaa275b7365150a66cd5562104a403acba6df91
calibration,news,507abf9da80174b26ee08ef5366aeb793dc867b79d9c6fabc389d300fee00c93
calibration,news,2c5e5bd06dae0a6c8d5c38499a5d0f086e310809ba7e2025e6ff0c1f37f4f0a1
calibration,news,a67f79252b03d64b14556273661881ad950130014a5792da57af98bbcefbb0b7
calibration,news,1820ebf6584a6a8087656a9f622b92eb2db74337d3812c152ba3fb518cccae21
calibration,news,00608434f3abae025ddbbe5f74eae7b4ded74e82137fcc24ef585050b3fbacab
calibration,news,4b4cce3c2060c533b49c5202a45e907180157baf06430cf8f3547f6926b8b4e5
calibration,news,2e9e48e0cfaaf2e68dd0480dfdc4c950d6ccc31c371368b7d017eab587737860
calibration,news,bfe2aae5a69d559217b32c13b2f7975e70476d2fae83fe08c0d1f18a574ef79c
calibration,news,e1bebf712de4ff20d31086732b7c5552f847c143fe17570dc176667cf4598e88
calibration,news,21ae94a5c807260130e95ec48c6f97d220e2c9b8da05a56d4b3b0d078f905cae
calibration,news,5849468bdeaf7ddf31ef19243eb656692d91a98edf51b0d3da449b7d0e98b148
calibration,news,6bc25ff31a52018fcdde55bcf331087461934985e6216de01f528db7aae531ca
calibration,news,b49c9524d470ded767ad25d35a5b3fa30ec6166afdacd8c449736a8b2bbc8569
calibration,news,7f5011685204bcaba8af0a65073a27c62621a32d50e4bc5bf46613d3522b8bc3
calibration,news,b7d234b418d278d4b54c91b2c1f4613892775c23f56843d7f21cf5f463cc8573
calibration,news,f62b0302afb541801dd361a90350451ad84bdd6f445f902356bb8dfe9443bac6
calibration,news,df2b7ebe3b1f987c9066fdfcb8bfba677f814b14ac952278baa78fe6e3c5ce29
calibration,news,33752c4deb90052b10f2e4451743a33715836f9a6a099740d17fa017cbe220e7
calibration,news,5ddad9e00c87a96281b43b90242f67ff5375b2ace73aef5f4d36e14a3977e132
calibration,news,07133f878a38be6cf7ceb803826536cee21090fa0f64f2745f81baea44d688de
calibration,news,fca83198545b8b4f837fefab228057ff573f3a2d595be1b9d536be96595c473f
calibration,news,6e115cd9efa220f884095675b7f1e9e7b4cf3774b45587e20127ca8449dae9e5
calibration,news,62b3c3bf63b56aac6d6915284d5928ecc448e0cc92ff671d784649a4442189ae
calibration,news,24247f69a28a7233496fe80ac3ab3b5797ea9db06b2f4a6e49b74abd71451b39
calibration,news,0d561b2bd2333a47cf6c8bb8f9f500924565fa6d360de106eddd0524e85ffc1d
calibration,news,43458e6f8dc405a573910586e4dbb35bde5e6a9d7d9b64e9a04e1d112ac1f779
calibration,news,335a6418996593fab45a526842e94ff5b9332db67abf2f830a9e8c97bd64d59d
calibration,news,7599280816ef7243c041f0a57716b022a7ebbac935305cee175f557016128844
calibration,news,aff891982d7995542cbc289143408fbe0d78bbdc9428da515d99b2c7d02bf5e3
calibration,news,1847832098e1db779095f01884feb3b9b7f7b2a6e31aad7284b0617873eb1474
calibration,news,69db3003def1e333c209018094bcf53376a266ee63352f338d333015c3105d83
calibration,news,5acda274b428350527c718e3933d05a675f9c8ffd52f8a65abdb65e26906297a
calibration,news,4ca84d170af3320be6d9d54403f3c7659c55ef81f9847ccbaa09d5ec3d5d6daa
calibration,news,1fd216c7458caad0034d62dbfab98e9b5883457c56876bf93ff103445dc1b84b
calibration,news,9ce4f417aece346c3aa64ad9d2df1b7e68d705922251bace0bde967aece69c5e
calibration,news,9376e21f11bcd070d7a49fe4fcb1d54fd145c505e716397705ad6d7fd1849233
calibration,news,43032efa54711055b85494c93eec822bdb312cf0fa8e3575409417dfb0923dfe
calibration,news,6bc68d67010eaa6bbfc310113132f727bb07ea03894e6b214471f24c14db57ab
calibration,news,111219d3e35d096bc12ecb4fd1daa7f6ece1d36c5028278d526592d99d0e336f
calibration,news,3ec391f7604e70e2975136fc95ddb2fe62800887a8e1966e43effab0ab38817f
calibration,news,47656d4ce182eb33fa13531310e911a8183049aa3140781ff47a36be4fcacec6
calibration,news,96a1785a3ef0fe5745a411be9e4af7e16e481636f357d1827a212c588cc427e4
calibration,news,b939c7ffac4589c3cb38dcbcebcef6fb80f2c21a690529890fff5e8b9bdff408
calibration,news,3ef3155b06dc90ff558764d2fb35f0c7606661143032fae20a286c07cf0d501b
calibration,news,9d71d748ad59b135723f09a7e9b42f2e654898ce478a9d6e9c9a66db0113e7fe
calibration,news,3504706bbf796a8d73a4dd7c8160bfe0ac762c431d5c03366a6ed320435131dc
calibration,news,58ec4e6a3ce77e693429b397c7eb43e36f5f9dc6b1b80849bd026b33bd9ce343
calibration,news,50863364b594b1feb84f8e0e2c502b9896e248551475e937b5ac7717cbf7df98
calibration,news,174a994f7838de657282ff847812f1d41d8e5b7493f1bd787ca06e33f8f80128
calibration,news,05c8a8d71be90837ca92fb10707554e8b18b405762da4c6983079c21a45f7a7a
calibration,news,85ddd2654d9d642f7fc90a965f1cd794eb324e1cf06b4f855857c28dde9a0117
calibration,news,86a868d1618d95d7d66cbc05bf8772c16ce38ed08622c307f0ac1a53fe83a646
calibration,news,9da8a762604ea9e4195182c90a88b7710b7754e5ed0727c72dcbc4d74bf76013
calibration,news,733556ca3baed4be535cc810b3d71ae0585f84ba33d9ec2060f76afd5ecf169f
calibration,news,375b4d07416ad747629626584d3ad51cc4a927ac45b2b7402a8c0e2fd0c3ca35
calibration,news,e6df5fde47951c7f252ba57b459fb87ad44998278ea8b5e112ac30985d913ce3
calibration,news,9c2ddf67940ad1b13032f9dd55636e51877021f58bf43d44dbe53ffa483dc4fa
calibration,news,f05e10440b56952a48303cd5a12d12e617ab597e415219fe2708768fe4bf93ea
calibration,news,e20d840824fe799005e565cb28f5fc0415c9d2e854d30af99022f425d03a517f
calibration,news,d4f56e2260da8ae1f4465cb6d324091cd04c5dd4044afcfb9e259408da9bb8ee
calibration,news,26c74b38002545e71f132b27f83ad534ce0e33629b01ee92562b24c6615a8f28
calibration,news,5168a6c777745ece76605014aafea482b22cddc327e63bb7080538c344963473
calibration,news,e5b9add50606d931413fe134cdca01b3fc5bdb7a8463a28d498a365de22345bb
calibration,news,0d771f6041bbe10d99f3e711ef6e1e9fd29b658a1ace338fcfff275101733890
calibration,news,5228526c27dae20cab882c22e014f76941d806f73d4a48ff25634da6a2dd0fa1
calibration,news,910b31d838f63301549479ecb726dead3d00835a2a0a5553782f7fb1b26110f7
calibration,news,d60b62dd4a738904b9ab53211a4fcc3a4619c5db3ca5086f2e20bca08c162c0f
calibration,news,f107e9517b30534a4c44b86167cea57fb8b43d0e406bd0803643caac2eb31065
calibration,news,afbcbf4f87335ad12fa5e6ac5286d530ce7889a2f0620793e31ceb5b78f19718
calibration,news,616180ff168e43cc770538c1d10f4469280bff63b498a5838095b70185372675
calibration,news,6ea421cebd8f75b5f79ffd132ba530fa4becfa5ab434951b5525511a61241bbd
calibration,news,545ebea835f17d27d57ee4d47275cb5b6d4df30dd28507abc0653f29d9d408e9
calibration,news,40d8c99e7a789b1daacde9325873d02a763af50629dc814492dd3bd892a37c16
calibration,news,6b499f2608795f4e76bfd9a19da3f1385827c46d5efa9f07842b6036362f7591
calibration,news,5258a60eec1e3565a12a24ef2361298bf85e4193a24803c1a6a4b9fa3a4de1d5
calibration,news,4615ab6a0130019e3a713f75be2e6bd837b29832cee8587ae19b722f590140e0
calibration,news,c9a04032b8b3372d5b45b2830c74d303ad95285826a0bf620454233569c4623e
calibration,news,cab54df3446b48155a0e71a1a3a7231ae118777cf0f7ccf709a559414ec952f6
calibration,news,611dda87a933ee1e774505612c54e959c5aa075d5f68846b0ec0407ea848d9a0
calibration,news,91f54642c4aa891be5b68031aa3da570ef8c8532308f58eb9c9aff4080113809
calibration,news,4f0412b5dfef65b7f31bff10cddfb3f02b5e5d1bdf8c9b5d8e1a314166fd02f7
calibration,news,864d5a19c547df49958dd382dcd2cd5085f2051e3d63bed32b3bfd392f645ff1
calibration,news,d86ccdda576ab3243b72b965f19cf5feb69382c62a2321a48b464d3b74c5e83d
calibration,news,ce3a5e5fe6c7aaa3937fceaacd6d1999d4c54379978327dce3554fe7647acf56
calibration,news,b93d7e6d0f60abfa848977db52cff6b5591302753a237d1d98dad1fe59ed092b
calibration,news,a2e56deee7793f2ab3a410322c2cae0f27d76d2b5c757c1e8737b6a6ac64952a
calibration,news,6198c4c6ed862a9a01b673198ba2128b4890f19c5c15790412e0c5257590966b
calibration,news,01fb7cb51a46d04e8867f181da51d54e95c42776c2c1b36cd779c4444d4cb61d
calibration,news,3a862e7cf0fd457cb8b77dc879d3463e64e4af2f2669b8abb20dbc141480b300
calibration,news,db291d818537f072bfd5a6eac6dbb6c2e7b7cb9dbb69a9f7ab9eb4613afc8efd
calibration,news,d485e8c91a95ac1aea7c1ce183d5945af47a962fca10a786882074ea3037a839
calibration,news,3e437418ccd266f0192d29ecf9a83bd72b06a70d11adb76649b1799325581d57
calibration,news,87ac25ffd1fc25749cba69fb4c1e91b04710ab5ddb8696e011264f1934144bdc
calibration,news,d4fd69e959bbada6d0096ecaa7b2142bb71df059f030814bb40f4aab8a7d2ee5
calibration,news,a80da114efc9f914c7f824c4b02814fc7fc103eb733dfa4342f8fd2f293adb74
calibration,news,d8c39106a74802c654bad5e8eaf44d1775d0aaca40c2459c2ad659b81b6f186a
calibration,news,3f056295e8abb293818f28cd5d14edc0a67d8792b2a7e798139810195d17d832
calibration,news,2b88b7db5233cdfcbf5d1cb8ca64661a4ffa82604eca3efd28512a42d9429dd8
calibration,news,cebc2b4ac8c3ec376d8d7d1d75a9e4e6a19b1d0afa8b879b3c221d9732f90add
calibration,news,d2f14e72b866ba9f78b6f02764ff5ab96e3537ea5a88cfbe3a6acc33027d615d
calibration,news,451201f98d2ecd2075849df69303b84fc1a40e540ae8866d756698ce64516dbf
calibration,news,961d061d40b13b93b71de30297666a6167295a6844fc63469ec20d07acb0333d
calibration,news,ea4fefcd8e6b7da8101931042fdba3d6d7bdf1ec0b60a4265c41f2eda788c291
calibration,news,57b181d56c011d55baac314e720cbc74f3f6225d39b43e9de395ceb40a5c2d75
calibration,news,4068a7a3643fc562eee838c92620b263ef5bc1dda190902855b135afbaf26026
calibration,news,25af2858e2654733172c248f6ca567ce3b805bf7c1b2616fb72982e5880fdaed
calibration,news,355bed9bd46b1021b34e49b40f04431dbe18bc173876e6d7ba67b191097c3cf2
calibration,news,26a45da3eb6a0b75992a09128c888b35bc8c7a14e97f71bc2d4d1e15836d7094
calibration,news,974c6b6d946e8a9a06f1c21feb22d785a5af899afd4f29c52a48b2bfeb1323ca
calibration,news,093e069928eca8f5f1327e4ea90783aac0cc9721dfa5cdb5c4114d8ab8f1dc18
calibration,news,e4deef890710bdcb2d99dce8a85d51e23290e1c9dff2ab3e2b77aa2471e260b3
calibration,news,f610839f11b918b01a3a704f9f36eae994d7882b7acacddd4b98d087b6f311fa
calibration,news,5c3417ec4b7de8a92921bb302f91e328cdd6c847ef8db916ad515ba5f7a18ea8
calibration,news,656dfbf1c779ff5642e0b740fb3ee0f848a75ef9790896e7fbdc5d461272e1f3
calibration,news,bc79f0af9387ade061c80e20b72282b2347e031657a4057e86d833ed6adafea9
calibration,news,0d8fc6540b1a6bc9093b2d5327b6cbcc5c740874876df6f5d4f909889d0f8502
calibration,news,26aadc17bd3ebcecddfef5788083f4666292fcc9e5f84c0ca771a75a2f5ac92f
calibration,news,7a8d064b666af68a8ddfbca048b7c2470facf61d778c4d3c3488232c1f1ac83c
calibration,news,d21171baf1e9967b2f993fe8424161d5d12bd2689ab86ca948d78cf7b86608e6
calibration,news,8b3e9840008b6816c343ebb83f8b06910dbfa7e4c1a951f4621f0f671ea83d66
calibration,news,706938c81afabf772ee4146b61cb836605f122695321ffce721e3d54e4f4234b
calibration,news,958326a76eea9d88974292ea27586167f274eea4aae68325bce8dd5378f1b48e
calibration,news,dc5ec9f3c2b45342f1eaf214578c6aa4ec2e9147d75234ec2d4a72c20193dbab
calibration,news,f2380fbcd0ffabfef33bac81821c57401d67d06904b8c0c24f2d1cf3355730dd
calibration,news,afb33153fcaef545b4234e4bb8fd0c3ecf73cff02760a85265c53f012e6c7d44
calibration,news,d12762b4ee4299693899320fcd3085d9655a664ffd6f8dcfe5f5430c40362426
calibration,news,61a57d898fbad00672f9b89ed28678351eb39bfa8731f8b4a3299277a8bb795f
calibration,news,84e3e19242eb23d7f83dda34530c49f2193091c37e08a851473e71764b733ec5
calibration,news,0c07ddf35429d69de69f4d928c2404a05b4c360d98c7138b136c7e6fa210fcd4
calibration,news,cefacd871e0494b500d687efa6f5ae2f5a32a8f483792c22a1a87005d2667611
calibration,news,78a54ef69d8b76d0a87a26ae0cb1363969fd67157014e6fd2ddb70732de960ad
calibration,news,29b784bcefd6358425b4b1065efc3c4b71baf661f6c326000834cf716d83fdd6
calibration,news,779503111c56d18b854aa849ca558bc222b9a3cc7aff359be2d3ba9153faea67
calibration,news,9b0bb9b24327ec57789672ead5d3ee722a262122e855f11fafd218fc4036292d
calibration,news,f9bb4a25fab217e1fd82f8cb39a0bfabc385b78d586aef04fba07582d9a7c6c8
calibration,news,ae9299998af27b19601a98a90b788f8c78f66a423e50ac5c0b00b6009526f3e9
calibration,news,b2a50dff1460ce896ca44484a63188a1dabb986380eaf085c4b7097f3c77a232
calibration,news,e3f967df61cb4eafa425c8cd7d95dfbea9c12863b271b398c23871ea95ad9a53
calibration,news,4f2d0ffcef8faa8c6f5bb6ea59f6cb5f88b73a04c1679a8c846e9134a041b868
calibration,news,d898817b776d957de6beaf93b81ad2d1f0ca5b7fd67faeda260d9daabd9ed38a
calibration,news,47306609557cc947dbf1cbf1bc6adcf0e3e23ecf70b88aa2a09a4c0fa0709767
calibration,news,cbe863e217b9ca2183c6c7b9bc26e03ede4d5974137bfd453774b151ff3c43f1
calibration,news,9ad52c84c981e6249ed428b420f92c08f4e48adc01da50bdf181b1753d1f6622
calibration,news,0241c67f4f8270cb5e3741ccf694ab1e0d84a5066dd8da2b229a43812f6bc695
calibration,news,b215b27796ab2b6f82915e491c782eb942d8eaa85c728f2fadae814ce35a9260
calibration,news,3eebd7c958c30350a038409180f426494ed5c767498f254dc3c6e42a38100c5c
calibration,news,866f7be231a827471c3a08a6e726f2dfe5ec340347723415a8055c45eb427156
calibration,news,f7843802297480a8a2c79494babe61d2503d7026f0baf98e20925b4f0aa9cc6c
calibration,news,88737c8ff2945d26a9469bbbccad054262829fd7809dedd2e2d201e75f00e190
calibration,news,d75b852d556b7e47665414c7ce84f67838dc665a2e50498388212468ff567b26
calibration,news,0b66e69108e0f6bbfb35ddd5e6df8f7607d9741ac9051df592872244970b6271
calibration,news,f39d42bbe7a2cc1ade4cbe1785b8ae9914529ebd4e7f1006cc2fa58198b44726
calibration,news,b61a50f8d2f79239b9c8e80ca4b7c67e6836347d966e88d894820d7fba482779
calibration,news,409d9d922a226c681b218ec5996ceac593e34069b9b66bbd95737357256c9424
calibration,news,190049c8fd0a5beb4c792a544d0915197fdded87d129b24a3aec765230f71447
calibration,news,6f578c36d56fc0caae3347db691ee6cd1bd0faa277905c1fa9abdc2af0cce7d5
calibration,news,f128ad05d608d9729a19c3a84b19797c4c13c3d26b46d81e0cd7bcec777d2a58
calibration,news,0b21ffda11e2901b2c6970a12002e8d5856776ec1777bbd4734e2f742838a193
calibration,news,59e899c127fa2447c2a4f4d5745be90ca5b072662ebf682688acfed5b5cb6819
calibration,news,ea577b816f5e86454227e342014a3ed5ad2877a8731c62a3b0bf3e21dbcea18c
calibration,news,9813e581f96158dab949b3a184263725015b0941120aad0219a6c5c59da45198
calibration,news,479483b9359cbb9eef2b13bfe0bbb74f26dc1f463a70d55377416709d4ab72b4
calibration,news,3d268c87d25a141bba3ba216c3e433e73d557ec71534e00ab1f0c7bbd2e50a01
calibration,news,fc800b2d2aaa33e3820285711566d3f231899c57c82d2a1ecaec63ae94ea2c5f
calibration,news,d33a0db5cc614be3ad5762679b7f93218d6ab97f4bea94f365f0426a1a9cb085
calibration,news,ea0337da864e05dcd7cc6470bdc35e58666cb572028e04bb41bcb0c182b988b7
calibration,news,663eed04cc7c46020b89a5fb80a6d682a11ada1298712cfaf11c111fba07ac82
calibration,news,4795647aa22cc16be0ec97d6b1fc08bff07b1d6232ca268f6371f5141cd7b48e
calibration,news,39d0a1c3159b49c6e04bc83be516e716077a76ecd6d73c25852dd9902f11037d
calibration,news,d5604c0f60db3051f231bf3784e56da56a9687912f659ffa3bd76424a5175441
calibration,news,578576616925bb24fca583c8d8ebd6f37ec229a08c49b241b772b1697352cace
calibration,news,1292735f09badceb829ba7d0446f89407185bd0989b9da09619d0ced89440ee7
calibration,news,d96c3964c12deb62a01b3eaf300e40b5c4d59e338a16a27f32f39739d54a88cb
calibration,news,cac7b25dda77904d27f37da5cf9762e6ed3309e183065527d123fc0eb6068c27
calibration,news,3d7483e2807e99ef4108f6a107feb55fcc82ccb14d311b0a96c539c87c78f1ce
calibration,news,ab728ff29cfef974853b2681fd73fec56567da1090a64c8f1941a55cd0219d05
calibration,news,ead8d3b3bb9c57d894148658c91b5fac4a59a705ec63df241c046b0d031709e1
calibration,news,f7b04ded0f085ab67f60c7a9a6e50b1adf5bec57c3bd9dc7651c7ab11c00a54c
calibration,news,d714dd312c23acc4491c8ad44640f0def439ff11f0a0c15df7da42ebcebf00b8
calibration,news,712529098baf8516dbcb07fe154112c587c2c5250c2654614cef79639ead4a5c
calibration,news,5543385db3d3942f80cfd2ea5f1e765d4b4ca0323e4acb9f3fe539e44b997e28
calibration,news,51bd9ce20d233c49aa5a006ad880c5846bf65e28a5df910c83b018ee1b02e997
calibration,twitter,501ef7d05936b2d37564a4fafc80926325f101908c277c59c3f76de10590665f
calibration,twitter,b1059afaadc3103792d6048a8f6e79979cd1288f2d02c9128ea1e3fa196d38a1
calibration,twitter,d94e42c92d6684b2f45bf34cbcf6bb48ca6b6cc3c6dc2f2252547de3208e26c9
calibration,twitter,e374603cd0d5add24fc0a8b167bd65796283406d6186109d3cf55123817caa86
calibration,twitter,0f02c6a6cfde2cc57c1cdd75e7757895dc85f77e8d7d60defb19d3074bd122ac
calibration,twitter,174ca6a6893c3471ddbe8232da4a1499815f6a8d3ee0a46713ff8c28a35b7c4f
calibration,twitter,ea7911abd638178fe999d9daa062ca6f805313d2f5c7099803eb8be9f0ef017f
calibration,twitter,41411f67464d622b77eff650308cec1a130196d59e09f9583b27f3ac40f63506
calibration,twitter,fc4b8cda907db71428a35e481b3f3b41fc8085ea2b0ee6ba7b7e62ed4c6e9f24
calibration,twitter,48e22d871cb1fdee5ae5045cc55ba1ad08750f3ad56602c1ae3c04bbce3ae4dc
calibration,twitter,bb043f801b3c86f9ac31c92c4b1159465d077137cbb696d77a03758fb8330581
calibration,twitter,b70bd217dc4b50a4bef114f3609593ae23dbf91730b9fc0e4b34a35fad3b23c2
calibration,twitter,ee69b2e3cbe864b7e8a9f560f4d8b8de52094ff3ab489ec62251c4e29f27e096
calibration,twitter,682446086e9b3ae67be455eec4b622aa165276f75d4082443834a07983f8b0e3
calibration,twitter,a7e816cfff6a93515ac7154aa1f34e3b5087bbc2fb70b04302153b39f6ab26ff
calibration,twitter,07fffc65c63cc5ce9bad0a0829525a6980acdfccdf274a7d0db3dd113418a98a
calibration,twitter,712e5ef7c91809fa4ae096a62c3a74fe5105f7f5b415420ce6c2c1b2a9ed24b4
calibration,twitter,37858d4d6156e421c28340839f65449b285553bc86e0ce651a0266ac272351a7
calibration,twitter,3d8e42f32c9d31e6b4b3a10baed165c7b8c60a71b746eb6407af062029501877
calibration,twitter,efb193d609912c354f277b9ab67fffc415c04c2b89b51f9a568994d33ce05462
calibration,twitter,7358cff3290d2ad691bb741e4650fbb70efbd402906d758424bc0a62cedd161a
calibration,twitter,847290c94f7303a79ab1e8a2e211c660a819f5625690b5e958a4385d73afca5c
calibration,twitter,e341493def6f5bf50d1831f1c347a61b1f42090f7d5e64597d0e0b28ba3b7263
calibration,twitter,b65eee00beaaeaa8c39bcb337504bf39762a7027ca88f29d423012ae4648bcbe
calibration,twitter,ec3ef76a3ee9187a43749a0f73f488a12816bcef150e6013af4ad93dd2cff450
calibration,twitter,aaa9e6c4f4b4289809b372872364caa36c2e30b36a991c13d0500a8963d7058e
calibration,twitter,cc28cc76b054b7cb57b3317fd61ec4675136a4b0f8de671b89e53a0c6825d9f5
calibration,twitter,291589353d33945073cb069a4dd383a2b7e0629513bbb69ae01b5aea61a59eff
calibration,twitter,870145aa1d8a506b712c6417783b521351a65a8f98cc82cd2ea13d0f19424c18
calibration,twitter,b0d67a7ffc3a48c1125ecf1cf1c5e18ec0d8d7a6e069dad3be650f11e34b22fc
calibration,twitter,31e8efe5f73e59372d1c8a793cf6c2eb7518714f7ad5a6e63ac9f35a73157447
calibration,twitter,bc7d103a4a974065412a93b2cd66a3c2572e3f4dc0885a11d14d069af04e18c9
calibration,twitter,93c363afbc49f341a16a1a7db7e06f145d2bf23ae5117a616242bcbcceec2a44
calibration,twitter,9ac17df39c4b963359152d19a93d734b27f790441e0faa832c9628e88d3d3fa0
calibration,twitter,5d38a7bfb10dadf2429ac6710937f63a790a4c1897dfcf0410377fbcc22a55f1
calibration,twitter,4e46fec416c3b72467ebe2892a1cde5d1ee25270f3ea01b89e0db0735b41c1ed
calibration,twitter,9310db1489abcacb530119b89c99c66524539ccfd7efc28e46b3888bd1d2401c
calibration,twitter,dbc07ea55cc27e35a67732ac0ec378b9da1261c614b63fa4471bb11a4364105b
calibration,twitter,ad7975232188ed1b981c7f9b0aa285c5d8346332ee31221b2d564aff81fb590a
calibration,twitter,4cae5b8baf6c0d665ba442a6bae2fd69e5ea08988ba540745d352e77ae63c016
calibration,twitter,35e97c3747d2d219a9e53cf97d5e29abcb8924f1e002dd1452f0db46540c395b
calibration,twitter,8353fe59421199304cbf787e0575170c9c47cf2b2981a4a62bdd681e5364d307
calibration,twitter,0cead0e2d70833092266a5fb7a8b2a3af428887ed4fbf15bc2612ffda9cd044d
calibration,twitter,38fa29781506b7fc2dccf19b7d3b67ffd8a167731c8b73724ae03639e8c1b16b
calibration,twitter,752f0cab898ebe45e8c413e1129cd2e091bbd3974d9b887e702094fd52a47fe5
calibration,twitter,b85b87db0f8d2fb1a22cda33cec4522d7c96822bd034d8f0bcee65d682e5348c
calibration,twitter,82587d1f440106e5654581886590f22655ab0ecbf6af9a83d51b8d2e6fb17cc6
calibration,twitter,c8df3af6b1a173b6984e296302150e4671c8261284c5eb0f713ba1f4583d57bb
calibration,twitter,6d3a2b104f3d173300ce44590a6f5be3a7a0a91267f12a59a7a134b01625a125
calibration,twitter,a1a1316c61e7a781361f29484c84abd459b36d26c270063b09827c6bc6f379ff
calibration,twitter,2e126f344a04d079a430b996ba9f724df38138b1493369d49aea2b085c574b0c
calibration,twitter,603b4f12f5a183e392b6eb671a55d9dd3d96fbb1e195b30323a4b056f1185997
calibration,twitter,e9c3e2f66fd3d3995e13be7f3ebea3af1cd22a21f127563c394f0c6afd30012a
calibration,twitter,666a3f51a0c13117e68417dd1a78effda2383446e878331dd2713b379b09b27d
calibration,twitter,648288f9e9837833b5d54b6cfbe15072b523ba7a4a34eb67b2bce80be0548a8c
calibration,twitter,06c220ed1da8c81fcf35d24f19496ed9cd2d920177d59eaa42b0a689aea23d41
calibration,twitter,7c3e50f7cef7ddf74fd50ff26cfd8aeb8f853ebac4e1e20d05382387996316e0
calibration,twitter,3734724a85475e6f6da70a50151ab8c77bb6eaae6788c4f76fa43c588ee2a61d
calibration,twitter,71e1ecc5d094ef53e65b11132f8ad1ea984f0441b3ee0dc9f8a9823ca1f5b7a4
calibration,twitter,0b0b7f6b0e0f36a1b10b8a79cf85955508fc458f35853dd503fc6175b8f702ff
calibration,twitter,2052b681815eac407412295713ca92892d3ffc682ce125e9d7accce95cbf4ce2
calibration,twitter,9edf46fff1a218c73e9af27f0d97adabb22b50c0a192ae1c655fdd2707a78acf
calibration,twitter,6e32cf1e588605a62dd6160fab9619be22b682dd0e8fc70c79178169ba4bee80
calibration,twitter,cac01d3a4fcbc36647140a9f7b87849cf079e1810c36c67e3c7767790b9edd70
calibration,twitter,a2648681f62accde8b05deed5d06596743d03bcf6779189d7692f6b29ea34f02
calibration,twitter,6c515f3fa54501afb0f9a24e9a36e9a134e723d6fbcf870a96119ca1480839e2
calibration,twitter,a76c3068fbd027bd2d5f70ea444035d68a2ba1bb9f4c31eabc19e6f2acaf7818
calibration,twitter,e88edbde8fa76c4d81763a187d3aa536bf1d039e955c32e4c91b98e3a8ef839e
calibration,twitter,e39736c5601cd6b722390511dac549ff61bb99d127e9d6c1ce107114c54fd84e
calibration,twitter,3a8a2d55d92dae4dd433a47bffeed7a811a44e9a28d578f05ef806de89b1d9e7
calibration,twitter,93e194845d710c30fb605bc54eb6f9b1033de6d1fb8b0a445e7033b3e26d2a1b
calibration,twitter,fd1f762e42490f86770500f14eeabb529d65b036c3692aebcf939693f126e868
calibration,twitter,884869cce6e0d319a9dd8baddf994e2304ef7e854d96941d8c5b3e1be048981d
calibration,twitter,62208a850aa3821b095e7f6f977a4b8c7659fa7f0db117fe3f052a833fe44e01
calibration,twitter,8b7492d6c9f3ad58a7a4f78afe04e0e736fe1f768fcc1cb47668d7f70a2c3124
calibration,twitter,2a67f12fb249953e967366a045132912876fef2f38d66bc8127b0c6f010294cd
calibration,twitter,df4b7f47207d907c23b212ebe2b5d9c7064d1cae1748fec7e52aa3be4d38e99c
calibration,twitter,8768b9aba84e06948566ca0d6e6749014b26a8af339280b4bc3e1ba4b1bacc7e
calibration,twitter,54565b53e815acc30ea855b981eceeacd52517f2af04c8a0786531538d4ad5df
calibration,twitter,a0da9b8654aaf0bb8b480d0c392fd8c15193d5023d11cf92fee812dd1927ee0d
calibration,twitter,01d3eabedc6163d78ed97ce08e39f95bedd502bad4290a887e574915d83384ee
calibration,twitter,cbd23b6339598a86c06df5e91c8e0e2b0400e825e59abe922e85fb70f0340cfc
calibration,twitter,1fa82aba4343738ae377c9342932c093c997edf2e1594a8de95700e06bfa5402
calibration,twitter,7a942404250bcfd6d75866cb497e5509b2e2d80494ac01bf02263910ab5001c0
calibration,twitter,1ce3f73a4ed95220aaf356ceb1090f5b4b091a9dbbbe86ba368c4b4a2ca01487
calibration,twitter,37889d72808521325741fea6477409a9f22aff99d9e49ee9e2a27352dee5f215
calibration,twitter,7e4fb4db10c0199e19b581d2b69922d84e3b6a04c017f3e190a697506dc1a80b
calibration,twitter,2ed883dccce46c8d832a6ce75c38a31569b719471c578cd3d0d2b1a1d00aa443
calibration,twitter,e66e7c0d3e1f586f220f1844b0fba02208893cc8bed8009993a7444b1c834c95
calibration,twitter,b7ca0ba690216432096d32ad846a4393141a237eafff68da10abdfa506143d85
calibration,twitter,d44ae23c4d342de092d44baeab4d03dc21d07f61232954f3c74e9f6288eb98b2
calibration,twitter,1f1762d39dff3559fcb52c9d29fa14acd4e63f20f6a3a6832cf544a16b89b830
calibration,twitter,1b6e1005f63340ea89faa55e7061d1dbb063cc7bd0d975b79cc902bcca80047c
calibration,twitter,5a5312cc69a4d19c33dcb6f2816829c93d09c5a27f6317a62fc2ae6a780777c3
calibration,twitter,1fdff2ccc5665b339cbb06c977c4b2330ceee1249ac37ca71a1308cac03f24bc
calibration,twitter,0926590b298c2c1938708245d8fc9e0973f9a62c1ea1761a0cfa6c79747fb1fc
calibration,twitter,3bc9011f2e7607625837f0bdc4131cccd31041b2fd1605da2d838957b33899f7
calibration,twitter,4a57127ccad707afd9d9fb3a4e56dd807b747cd4b4125bd85fc7f12c7677dcb7
calibration,twitter,dfd6e6ea7a134f43c039268ef44847f5950eae1b79deef821d5c5f802125b15f
calibration,twitter,e717f0b3cfb68dad69f475d263c1e8ef7b7c3272bcb47434af4121f58c80eb9a
calibration,twitter,3b1c80fb47ffdf6af0fbc27b850a2018b0fdb917ee79951a7b0580227373c0fa
calibration,twitter,2a5c09835721bdb22fdeb3a76cbccfd8b72e472e62bad3ffcb76ae1ac4b532bc
calibration,twitter,416fff28af512f9454e819c60f463d64437020de717af5c76d47b42bbe3d91e4
calibration,twitter,af0e0b00afeeda682fa5d56e8d7ec04fb904ebb75fe3a6721ec194d8c62147a6
calibration,twitter,a72b8005644b34d3fde9bbe21547d49d0ff5855cb683b3a1c1ed266d40a99309
calibration,twitter,59987bfc1ec456362aefa91dafe0c1f644a4fd28971273205b4a763314af29c7
calibration,twitter,582dd580d29a96c42451ccdcc9a4bf27af95d80cd41cb8a079a4fa9a11933a46
calibration,twitter,3d4dde42dc5886dc201a17b25788dadd1cfb725ed1dbb5f3176dc388623fccad
calibration,twitter,227f0d265da3b35f869d58e9754ae959b523681e894406394399baf630d51849
calibration,twitter,a9de474af9094889ce1aaf2fe3514eba55e1bcfd2ad22af22a811ebea25eeeb3
calibration,twitter,322c3ac6c01e709024dc7a9ebfde4bef8360792b1d212cbb1149917d655dceb3
calibration,twitter,2a2a3dc8f51c65291f810a5685c9ffdea8e71a23459bdaf4a0be432e9bb08c06
calibration,twitter,05a02404512791d273290640f7d08a92a5f52a5a83bd2834cfc6585ccb950874
calibration,twitter,818c747662c07f18a27be56ea3758f24a222578bb20d276ace0e4a66d524363d
calibration,twitter,10a3b9c1833b541ee4185b38d3302b72c495f97ebd2c5fc9c0c6f8b22af552ad
calibration,twitter,4e6f1d26b6462a1016adb97508aa49e41e531d0f84becd67f62f99fee623d10f
calibration,twitter,ac40812b0cc792bfceadd292de60095cbf2ecd07afc885cced88030dbe01d0d9
calibration,twitter,02dd264b294c5e9d2d14442a18294bb5ee1f14e6da154883893c4820040bafd2
calibration,twitter,aca9dc0ffd1c92788bd6b6b8d0cbe0a78389799ec34eaf7f8e018b7ac8dc695f
calibration,twitter,46c8eeaa8a17dfd940dd8257c942dc7d0f849cce701270e101bb50dc1976049f
calibration,twitter,b4d4debb01becaca2b61ce22b690779cae70a90905c4c2138b4115441b7dd893
calibration,twitter,34ccb6f535b6fe66d3e88056df5a0286d6e864643eb218b053df99911bbfd11d
calibration,twitter,e1e9c8103b0ae06db27ae2e64d89aa445833b3000814680e92ad2ec4e591187c
calibration,twitter,e971d48115fc9242fa1d075b321e7f5c632b61b9db35c60acdb51c23f98d4dbe
calibration,twitter,e69f359b38d7e3adb722e344846f4f728509c83d305436448908b81cba168ac1
calibration,twitter,e0623bb0798cd6aaeee0ff917fae2235caf9fc9ad0bdaf09f6ff04d067dd690e
calibration,twitter,3c6cf85ce0459d5a5b5496706b6909d5f109f9bc5662805e262a1d9640b35858
calibration,twitter,654ab83eda30aa5def19d61c0fb70249642eecaa6b113d58c3c6234bd1feba4d
calibration,twitter,ef0afc47b133a132ba3ece0aa49a46ab83e8c1424d8747bb9a1a939832743266
calibration,twitter,b6621db8004c54a8bb4e1bd39e21214fc0a7202dc4d77f813785e51ca0ec4366
calibration,twitter,bcd967f6ce28752f117248fee001e0f331ac5521e19e758be9f8c12cd5aa186a
calibration,twitter,bf9839a3679f99267d8f6d32d27c6419f70a71334ff6593c941d2d07b4e0eec0
calibration,twitter,a8d5f34d52398d9d9600b456ea1c425254dc73f654b2f7cc9d3233e5a9cfe414
calibration,twitter,077e5026f1f86e3cb3603343b281f36d52efe8ddc0eed84f7422a01ebe2b81b9
calibration,twitter,56a0831772278865f6a247c284a0ee31ec06ed14b144f4d3fff101afc714f68b
calibration,twitter,541a3f45eefd28d568e1afae71d1b5cbca453c7ca471a7f99f1b5c9548f88a82
calibration,twitter,40299c0568e55bdb2db7f9d85c36cd9f062643f2dad0650e37af6e538ff7b8e0
calibration,twitter,46f0cc3e812527e32228f526b85eb5d1274e0ae3b0049228964d573ecdeb6560
calibration,twitter,4f8cbcbd76a6012c735d16200f55654b6f0f25e96ddffa6bcb88508d061e363c
calibration,twitter,19e4eeb5774a9898afa861a5782419845373eac347c738e80d4c2a30268da1a4
calibration,twitter,0f2a61e4c8ecee1726ea7294d4975a57d8fd3c6fd1d245465ed72b0cb0e3ab56
calibration,twitter,4e3944c8db1f4d6585f88134a366cb3621bfc87fdd69036d2f37a031b7cf9575
calibration,twitter,4943c7601abe6cb6ab909c74d3910f4dc623af7ed3493210523dc05255aa7a55
calibration,twitter,213047d43862a84375b49339843498beaa06dcdb29de13a47d2be16fe361cae7
calibration,twitter,54db25ef422aadba810767fd63c627ddfdd26c89fc2719c390e3642996d17cc2
calibration,twitter,c5c9caccd2d51c8563e8afc699405933d0d08ba03e7eef7f2be8c15f9691e749
calibration,twitter,e227048c47184b7d425b880738e7e28f2755b95587cb22521c0a07d98c236e81
calibration,twitter,7a39670084231a7412a72d72c8370a3dae02307640e4e8ff64eccfc942493069
calibration,twitter,ca878daf0a4db2dc3d0659a6f69efebbfea0ca697814cd019b43e2f0490ad866
calibration,twitter,c12bfd881aecb5cc332fe811f193dbccfbeb132d28c886c1a48587a7e93662a8
calibration,twitter,a4628c5cdeb6e149952d13edf1ae1a4dcdd08bb7d959aa59f39b9f125f862f44
calibration,twitter,38b953bfe41b1d36a518d2607181720d2c4ed881598a9b5ff99b6261a375fc96
calibration,twitter,6b6ee087d79856f4b28d7478e41383f37e5af9d196c70838e01842a8a28fe61a
calibration,twitter,2e2cf1337cd25c919ee67ad6d080c1d1420714139161270fe4587851223f5b3d
calibration,twitter,ee117d2c18d1677fc2fd0176c172ad76fba476859dd7dec35816adb7d44affa7
calibration,twitter,378bb3e4c44113046f79c7b4a1750c92c148330b75a511166dcb047c76844a6f
calibration,twitter,66c981f0fc64ae73aef15fefacb77f8fd1ede59f28beffcada0bedfc962a6486
calibration,twitter,b0378cfe6795dd5f2851fd279569cd070fe2037a9511468ba20c8e962531b07d
calibration,twitter,a3eaa6724435b4e73bb9833da2b661f47552357fdab949deb3463af1a427972d
calibration,twitter,f756ce6195575c23d9b3222e05851ef6dd6f74656ed096a49e0ab9f585f6e816
calibration,twitter,a53ff5173173196d393030c9860cadc41e3b5a084fc41425f42697001ca1cff7
calibration,twitter,f5050726a31bed325f9772a8c156b7925458e1a4637f624264594a6077db9a2d
calibration,twitter,b32ed7d332a861170cf18cc3f5018c514024e78d148c06366d79552ab3e802ec
calibration,twitter,49506a3df6733281eac5e439e0be942972fdd9a1c4e04ba8d4df1e5ede3a04af
calibration,twitter,b66bfa27cfefcfc8d0f51faf9d3f892a17a61adc51c4b7fcfed60bae57a14549
calibration,twitter,d0899331a6593dcf34456443945d5c07cda7d8278c2b7b8a36ebc9856939c72a
calibration,twitter,a3aca7829bd1565da6a2f522fdf89a2206f65b490ad4478b4b9041c5cba45a79
calibration,twitter,3eddb2ebba78bba31030bb2a19044e252b2a3d0b0bf56eb6aed6313751e747fc
calibration,twitter,c2394839bd3064add52ac78a671b1a6c2dc0e7d6607ea27516beddfbacbc462e
calibration,twitter,afaffab72193abfa54b0304fec736021d03698a4133f7530002636265c7ba9cb
calibration,twitter,78a575475fc82ce040eed835db2e7325b6a38164ccc4ec0e1aece486256f28fb
calibration,twitter,227ffaecd7f32e598881fb5403c9595b550198826fd86c82e7e530827e65c617
calibration,twitter,fa85e5f78b50670d7a82ef5ffff91cebf26acd0023c4b72f818726ac20ba4f73
calibration,twitter,40b3bfe54f15192d873a67ac3995789c1cb8ef9b249b9daef9b38ec7a86c1bb4
calibration,twitter,bd040d329c7fac55293596a617c068d46750376e965a335b6a811b779c94d97f
calibration,twitter,5296b5436a4b6570d7a5ea1dadd3472906a56d80c94d3307304c87051d2e6e6a
calibration,twitter,38ed7019b771a208b3e966ce7282aadffc75c1596a54a5d21a8f9bfedacf35ba
calibration,twitter,b4c3b2bc6d5eacad625e277eb81a062e24045b6748eecc87fac1024c76246b40
calibration,twitter,e8d36fcf054cb69101a856f585410de5f19145b0b19a1e9af163bd6668c2308b
calibration,twitter,44dfcfe8730358e2c5db0301d12460cf42c3e2ba05797e3214afddc3d80cc112
calibration,twitter,f692aaae51e509cb3c33cce74768854d1f7f38788c8711b8bd46de499143cb03
calibration,twitter,3cf5ed64043af6e015bb6a8c56b21027f2eef5c67ae5cdce09faef23567052be
calibration,twitter,abdb38f2873e37a2837d11eadd76499c3381ab918088d0b1f0eb383009b7d59d
calibration,twitter,4b9b28d99e098038f09af819f17c17144458601a38c42814cba2a7b83ba6973a
calibration,twitter,1b567277dc00de37aa58608bdf4a3952ab9c2699ad873869eae8c5c73d9099f4
calibration,twitter,5006d4d8ba1c9100af68bad992cbe3b02d9318554c78515c62fba5bc1cc35356
calibration,twitter,b7317a4ec105b6a382b827a138005d8a840cb9346f8e0bcc818be92068dc828a
calibration,twitter,955b98dc1d4db2618eee7af7c24903dfc5e144a6413d04a61c65b84f7e8a50d1
calibration,twitter,f3ef1a23c396702f9bf6a29ab81c077005220292556c5150850ef68febeb95b7
calibration,twitter,350e9aa4cdfbaec9dd38a012700715f237ef5012d0b07ff0db0817c3a23d1ed4
calibration,twitter,3e428314da2d3c66c4e4dae90d3e2ca1aad44d9759abaf207059ee24f957722d
calibration,twitter,9b9c3f5c70b586620c4dc9bfe2588ca33f0928bdf35a5ad2ce148843d840bf8c
calibration,twitter,614a001f8afcc8f0e54b4856ce36e915c79b128b08ba6d4103a3baac5243fa7b
calibration,twitter,35f5e552aa15a72555d067434fb4fb4979070af33c1d24577c27b833fb991a2b
calibration,twitter,8111eea59ca1f26a872b34b593965d34b85a21b894ae232f6fd631af0ae991d1
calibration,twitter,f860cd4dbaa852438321c0c9e3113efee59fb580a3ab3080f7865fe9d1e2c55a
calibration,twitter,88287587071cd921ab807c9f11d3ee1f445865ba186e5f4b0d3a79d1703a8a9d
calibration,twitter,bd62daa9a678d1277253fd6f5e71964d406766d01372b12d25541f95c9c06ed8
calibration,twitter,92073e6292f5e5cc2a017cf7622d32836ec5683758050193389dde1b456dde8c
calibration,twitter,62852e6aad4d7dac5d7e12a652dc57ab734b5947ae1dda5a0730df1fda1ad5e8
calibration,twitter,fbd1964a70c38d644639cccf5ce5f3148492948bcfcff5a6808a8accbbc5ab78
calibration,twitter,99abbbd79cde297ecda0d13d89141a83806cbeb1d0f97087d86657760a98755f
calibration,twitter,6c063e4f06f7544f09d2a3a525b415249693b200d3ac1d88ce6e14256644470a
calibration,twitter,7f8484ba94d67fd503fd35da0284f68d7f1399d1ad963d7de61901118dfde342
calibration,twitter,920c5a41d7db2e23c321f5910dee41fbf0ae64763a4b0f2411aa63764f130b04
calibration,twitter,5dc5c84712629a07b9e16832d9b8c1236c395b5fb0f1a2e0cf079cdc8196a72f
calibration,twitter,f8308a2f7003590ca6c0bc2bf75439573eb01293edc5282ee56f91a75c5892da
calibration,twitter,026db3a3c318c7e22c1b1cf2cd896bbd902134e99f02a656fc693430c23b015a
calibration,twitter,072132a39664dda13e06866cbc98f86a5e9cda454dbbf39673f288a783ec44f3
calibration,twitter,50fdc3709c7710ee9244e6ccd3797e897af1096baa8d23f3e6cb2e910974c17c
calibration,twitter,bccd206de321e348937d29b94f47de0ad5d1d6691eecc4d4895761b65239364c
calibration,twitter,9bc55a15ade0d7ec82f37579a6a4ee1f6931ef9dddcbeab3eb6f0593f0c49f36
calibration,twitter,9aef1311683a904aa161932f5b0384ef712af9d7c70cb2557985fdb8fe881c02
calibration,twitter,725fae007f5d1e8da62419a1e43acc8e0a14635bf57c11a3d77da221a09604da
calibration,twitter,bba55aeef6d58b8a20ea433b8892d4bc180c6e9816cc55d72acacda57d136d36
calibration,twitter,dbe7f2a04e51356768020a02e03e5f01b938de42a13833e57aa88754c38ae453
calibration,twitter,26c1b9c82f16f8932e5077ee7e17aa4a55ae317692dd036c4f0ddee66c91b637
calibration,twitter,5bbd28219b303a501257fba71904bb051f5617ec5be918574ea3cc4d64ee1f66
calibration,twitter,cb1d279d783aa37123b67b8a1d13dd1c0628df11ca08a2bbbe1951818b136a52
calibration,twitter,ffabf2fd276ca5c72ee6e10c72ce9ffdf0c50e58fc26f258c3a5cc026ccf9a5b
calibration,twitter,4fbedfbe15682b6a09e636e063014e6261ccc784b1bf260f933619c31e291eaa
calibration,twitter,81b4824b7b82a489922c465fa907850ae4d16e89adf42d5e9c0cc46fa2c12e3c
calibration,twitter,0b2370e46bf34c3f07bfac643a22dd0f8bfdd9757270e9ca927adcf716292d71
calibration,twitter,292d39b38df27f4743901361f3d53493f5b8a0546d703bc04a005cf97a8eb238
calibration,twitter,e8066ba422723337950ddb858bd3ce123dfa2d993ddab83ffd6917277e720c6e
calibration,twitter,6e752280a90b3cdb352b1c6591221aa2ee4e7ae8dcc37800570fc0e4535884a4
calibration,twitter,6a56d91b8fd5b14b008af692fef8e12df62facef980daf4fd110475fe6aefae9
calibration,twitter,689a330d2bd24171fa6161e2deab575b6d8f6ae2ebbfddbdea11259c7e09c53a
calibration,twitter,deb724e80f3fa790b7286b5ef43175a6ed8a528e59f5dd8b5fcded9c19807202
calibration,twitter,6b9a0759f14112b3a55acfd5e9476a1138d7f81b5d5bedc3bf930b9a0aeefecb
calibration,twitter,6368cbef870c281fe8cce7708519e5daa06f92cb38ce317114f961032d9af866
calibration,twitter,221428cec00426f88b81313705c6b652712173a7c6e40aaa29bef66847eccbdf
calibration,twitter,81c1bbd28b6692e35907679871f88d612458cdce94f3c8ac32f72e3b5bd5e41c
calibration,twitter,f89432ef77d7e04f6123d09c0346e974fd23564b0817eb24c455dd846c8381fa
calibration,twitter,f81cfad5fce17796fd3636f717289ccd723f4027f30025f001ebd4b463dca205
calibration,twitter,98601706f3c0ab040486518bc21222b83f5479dc6fa7021402984bc11b569882
calibration,twitter,4b5eadc5fb50df64c233c0cc8436d1987bbddfb27ea73b00b33ac8dd135b2254
calibration,twitter,8497fa2380655f45f7d9bb1337b267721727e2c9db1a6c13a6d5a96170582b02
calibration,twitter,ad7a79383b00ce8e60f533050f767cb9a07a1361fa7460956a50b6216a39f7b6
calibration,twitter,f3b4cf7ef7f818e1195bd647d1c1add20696ee70b6d815dbd59d59696b295020
calibration,twitter,26bcb5279073a2331dc73b8a254a49d4d27d96a4ec8e5ec187db3aa6e9d50640
calibration,twitter,bf3818fe762ff440cbb6067d4e00f7b303eccdab6f47a2f65477a49276aee465
calibration,twitter,369faa0ed38b68075e653a8069ad39b6e760e0d1fee2ef5e1c54fb86555ca6b0
calibration,twitter,fc7505b0e165b8812f49a5638957da7fd3dab442dd747766d2bae282613c13f3
calibration,twitter,67bf6e7d473d24664a11307bbd4fdd7768c131edd59777acf398f9d1e2f95432
calibration,twitter,39038a6eff03e68ab42ab69647943906e8fdcbef022c9322fdaf734bdb3bc9c0
calibration,twitter,56efaffd34a3ae09e9ed8580e3357ec266aa8757e35c93f727763d18d06b0187
calibration,twitter,73540353a4d0e53f62e2c8ad4fd9da775022cd4dba97aff4dd8de425ba08fa6f
calibration,twitter,5ca2170246aa0d29c018f719c04a658f4f9788effbe2595907bf3d366757e9fe
calibration,twitter,0e0beaf86b2f6c206b0cd11a132274291e0a818dbd29cdffe2d1bfb1c901ca90
calibration,twitter,d42fa88362dc49c28ee6b93a7638ddc578814d151121c759347f0e63432a3b14
calibration,twitter,e1f127bbb7e7465284824daf0a736ee9b356bf0eb5de23053d0e24a4406de395
calibration,twitter,b17444b73a382635cd2a52b5812bb7a9992a3b84c2991ef78344cd95d7b1060c
calibration,twitter,2c10db4b569906d23b950640d94628c015b93cefed25c2f4d8bb7562cb737c7d
calibration,twitter,cb72f8df68ccbf2110d6f57b387396b6340b09c8227ec9715ef52d7101bb3bbc
calibration,twitter,6c6b0f1ba0fac315603b183b84b76ea0659373f7c4aa3d0437849b0ff5754f3e
calibration,twitter,97d91e6a50e7a9bbc5602750b9063c9841429decc95a3fde3a50a09ae76f76b6
calibration,twitter,a129269964cf4353a3f48d5ffb5e4235f0a763853ee209629ffa94f2874e47d4
calibration,twitter,a37f98126cf195d9044f3cf63da72b15756683725c6637854e3ac419fab1b317
calibration,twitter,959f826697a71a10a8b791d0915cc46343bf1fa741d78b6315481b898fbadd85
calibration,twitter,b7ed218d75bcb89d0064fb7fd48c805af88974e0f5f2967acca69e083c2ea839
calibration,twitter,47fca3433819174192d7d5273c485fb66731ed63fe3785c7c31bfd2140f3e646
calibration,twitter,8dfb8c6a88ecb3fe733daa9078eb6aa58f24faf353abf5776bc76437c9063b49
calibration,twitter,f3d5c1eb6423ba871c972f3a8b4c2f6c3003bdd29b9d747a2be3b5744779f7ac
calibration,twitter,a14fd98b6bf0c570da285ad33c9bd7adbcb2baa856b6fbde56f36746156eed39
calibration,twitter,b08f95033d70a775b0c550986f91108328bc6686a65bf985a69b632159b5f46c
calibration,twitter,525044c7caa557ae46bf1f3ee600d08d5d4dc4a6f0578a525a3312bfe193522a
calibration,twitter,af5df13c508fe7f6937da15b28bb748562942e5be32101f6cca6c38a3a2da808
calibration,twitter,f6c0c7d0ab5685487b908679207328e13eb0f8b6f7320037641b3b6a32f1e47c
calibration,twitter,1cc4bbddc91156126a975546fa49e4aa1910229e4ff73d8f3fafcc35a73caa17
calibration,twitter,0eaa83674d53bf76f676fd466a22884d7191237a47588994c5340a0a85207ed1
calibration,twitter,356cc18af1844e778023dfcfb91d55971533287186cdbb34995ddcb6fa1ee0c6
calibration,twitter,df08139537fc7db3865946717238752c42f75c44a77f7e5ec263ce07296da0b7
calibration,twitter,7fbd1e4ac639e5aea36ca830133fb8e57f496043d01663e56f0af8e7d08b56c4
calibration,twitter,409b151f70c1d62f69ae5f306c8433554ae6e7ccc499325c50e6211b2b9f7392
calibration,twitter,c52e15232532b23506a782289c8fdd01d4c772ecd7af1c6ce29d0b3d52f4be6e
calibration,twitter,610599425723f158920e0a7ae8cd69672f779b02b0753f33f2087ebc22c88b72
calibration,twitter,be08241f348950ec2bed7463a3705c8af034d51e9e58026c1c99712ad7ce0adf
calibration,twitter,a008da058d6f3b5f66cb0ff7fbb79186d946544cf23fc2646967ba66d44f3990
calibration,twitter,dd04ffc3ccd99eac7a1d0de8b9d16c662a74275beadcd5769f974f120087b53c
calibration,twitter,e136d4d007761631f20c0acc305c5641391d2ba1250c798921f66d7d3565ca03
calibration,twitter,8328fb3330c5e9eb0289f3a66a104591626a453e00c6ac034ecf18cc88a24ff4
calibration,twitter,8c0085a10bad2de3e6659e9aefa2918d57ecf04db4f0767d5679e0a8ebc26804
calibration,twitter,c3e240d225149b7cd3ebbeeb646426b74c5d6cf0962533d0baebbf6af2cb3efb
calibration,twitter,d0f2bc6ec7d965434cb880d7640aadb187a53afdd265d1af8faaab75bc87ff07
calibration,twitter,086bcac530d299b8b8090e6f7b3e2dc7258dda224a15e79f68b6bd1bb7cbb515
calibration,twitter,e5a7ab9b1f8061db224692502c83b37e8c0d6025c5d9504421ee241366b4a638
calibration,twitter,2158ec58ae52c821b6ef6454385160adda7bb931c5d47a8002365185c1a42fcb
calibration,twitter,8755fe574307551ebe3509268168bcb73145cdf766353114d9b3f2b4a747c364
calibration,twitter,53081b6cfd220afcf8cc31f48d3fb511d6af5a8a13bba3e9084c79f236f1ce17
calibration,twitter,fd0bd20553658b5a81335af7d5e9ed0277143f5aff83d4cdacbfbd1b343e48c0
calibration,twitter,da17ce2c092b51487f77f15b110f0488ffded402c0ec4ad9b447e66b3fdd82da
calibration,twitter,8c1429f2d0c3fa053daca862f6505d7bee9caed436bea6c307a23943fb39b201
calibration,twitter,b9511be418d3cd5aac209a3a87c557bd849709b222d0f4f03725667d479abc61
calibration,twitter,2e80073acfcc4f4ba897d48a747140cb69312ee0c0d4daabcd8013ae1756e0f8
calibration,twitter,cfbeec2e14a50e8c74d645af702c5506210d8b9a0bbb980f05d1f0e34c3d6d0c
calibration,twitter,315a49ff7128965b672d7b5282e45c29f951daf7e3d8b8eef6fbf9c58b449db8
calibration,twitter,b34ea3b364301757cfa891904ca4b6d9d24b62d45b42fc62fe15d21088484b93
calibration,twitter,3a31d51d675dfbed5c48d89d5a29808c0d31d2a5fd28756a8cfd97057f84e833
calibration,twitter,32441af9e9f549c6fd76742ad5f02356462f15b265945b8e7db7d2b8db2badec
final,blogs,3db89fb28ea319f0f662bfe9e65936e49aec55de5ead6faaca922d79c214b743
final,blogs,7c951f22b432cc88c7b244292ec88242b6f4d2ff85cbfa5ed73b001e5f4920dc
final,blogs,aa2c1edbe6aacd2e6bb22c7c0ca8d321e60145143b9d13dfe1b48962b925d75a
final,blogs,586af00e3f93a0dcef7b6682a95245fa6fd7a127979654c60bb7c94f6f98e8ef
final,blogs,9d79a23829b225eb4bd79b04ac8c2af25349b5b6414a0d599965e7bde418c96d
final,blogs,23a166dc86ee395cfc2e526cd2434e2f311108df6a712694d69fedb1cf4830d9
final,blogs,d8c9e2adaed5b8f542d02ff6b4bb749b282460ca58214a618fc4313bed21ff07
final,blogs,46376e08b10e48ed41083cdeeef386064d03a50c24690c18dbb48ab551dcfee5
final,blogs,9fa29148ee7390a9cb784c1de1cca0cc7122b025d1e48995c53b848efb85558c
final,blogs,8e8be39af3f33d58fd49c75680c61dbb85626abfc2b5da73b00e5562b32efc3b
final,blogs,a63f0a4b2c41f7581773b1a601b1f29ea1e612a5a3707117a408115cb93fd9d1
final,blogs,918972b1cd90e15e7da640cda52da89d547221055625f7830992444c78cd82d2
final,blogs,6c86e3a5fe7c47f99880b40aa6b6b52fe8736b47e691e2a32b6c2f45188106ad
final,blogs,2a392843d5bcc7cae4c616bdb002a39574c0fc50cb6ab0c6ce16e5b8d0bc287e
final,blogs,aec9b348316353f54f1064bbb13f8ee3a6150bc5f6f6b693405f62a2488a544f
final,blogs,f263d0fa5d35f563d4fc8bd77f4bc044a98ffb4792604b36e99d2e280f65b41c
final,blogs,efc89ef66d0c1b71569dcc267c85aded4538c3b38c3bf241d6d53a7401672e65
final,blogs,9b999f3dd982de37ebab18920b50418510a4b46acec18090155b9dddc1a684d1
final,blogs,b20e92d5ad21ce30a1f960934ec2b98d647842ac3c18e9726d098c27f6db945e
final,blogs,7b2cea39f0c84c3766fa6e40805058a1ce71fb16ea09083bd19929dbbe91cb25
final,blogs,6e2e3b09e1b9a7cb034c2fb76a1b4de4819aece663fc8f10f02514c504d3c30b
final,blogs,9d1fa4b82da0dad092cf64bb64ca3bdbb054e80e12d6ebba443c1e972f097bd8
final,blogs,5266f5cb788b38cfde11fff9ea676c0fa7e0803e8dcbac6cecd619366a272723
final,blogs,eb34bf6699aaa1217567eb7fd0c0de82f1f07b67f971791392355c4bedcd8d8f
final,blogs,7111ae51981579a72971859f7533d6f02cb6f5adbad28f8c3771c2ddb84fdeb9
final,blogs,6355683db501b6b1779e60883734d3d2dd5eeef43d5988f9134e61b024c321c3
final,blogs,79e89d54610ef94dd450acaddef6352f1d16e81d32c3f44c5e3f0286a2f60d3e
final,blogs,30a98c8a607827a4608cc19e4c721cf272941a302765f21484b6eaeee8532bf9
final,blogs,6703c2d3452a07049e23d987a63039f067f48278176c81e3b647da3914d5f797
final,blogs,fb433cc7c93e992170a9f46ca2c2260734f2f1fe956d0b68d3d6b2e4b5ddcd9e
final,blogs,83b22b7ca08213bd33f99b683e97d0c9f99221196ac6b1c4923ce4843b3da789
final,blogs,a900232a35443279d1887ef90ab13e3043eb6c5ed7e40c53a0c72bdf980ecd1d
final,blogs,49956ad59f7668270e5edbe7fe507e330f2ab55122e8ce06dd935531a8371140
final,blogs,8295ddaba3a01a2a835a4ab2c002155ce43dbdd3e7df69d04eee5d1072ef7d5b
final,blogs,45566593b1c1dcc12fdb86abbaf28ede465fba2cee85b958df68ef1c5a60139b
final,blogs,11c8194f110c147d7e54207d63c7bf015043a852a15c1c54a3796a83727c46cb
final,blogs,7916ada21ccabeca77c17ba427738086eff5c30c7237c4d7fcda20fa907abc1d
final,blogs,9608b7af0af1c6f4c061c2d4f20c6c22476c2f26dbff5f1c7a129280b2e8689c
final,blogs,a336b59835da07938e70e5d6170fd592ec0d855b47ca94a04c87ab849c88a470
final,blogs,73305c344de246fbb1d80f89a411292102f07503631757877eea090aea12f1db
final,blogs,a441214aec29f2d3d46bd722915cba2c9970ce2ac71b931d55267a1703fb0528
final,blogs,98b82c9eed8c4f6a648303afdf3133b7a7d6b6e74e4e38308fcdf779f947498e
final,blogs,e9e973346932087fba1618bce49c0df38f3cb03f462da495c39679812748ef79
final,blogs,f9946819f403927349fc881271f2c6c83383472f3ddb0d445328e6cc430df486
final,blogs,8c6ed08530d53a41b4f4fffdb61b7d563baa860369429b883ee9458d54d450d7
final,blogs,ebe58ce7a1082c3feece92de4e9b9e61cc645952c3d4c5c317fd27d1066c30ce
final,blogs,74ef96e102d541fa54131499f3b9db11ced78cd9e3c3814184ff0ea32625aed5
final,blogs,0c30eb7c9e4c599e905c22a2fe74c008436195ec86564ae0ecb29df01e964874
final,blogs,84e79b46304c4b86e3719f4568bb1de9c718bc4bda43ad2101820b50b79a1f15
final,blogs,2e28545ab626f0ed31695b52768260299a6cccf6f70342700757735211d67127
final,blogs,bc12e53912c5506bd8fba74afc31773e680b6c1cb3daa7ee7f350282652c3a30
final,blogs,e0dfb97e3a677545fa4dfffbabb6f7ef7ca56d909d1c3fa1a6f40cc0e1cc57b8
final,blogs,31e7b1c6cff5e67e8026f188e0c19b4301367bf6776578f8fe1c0fc445e3a1c6
final,blogs,8a751befdd413105a3e11e4d05ca347c25a7e70627a60fb48907e8de248aa830
final,blogs,b4b260175a578126b4247719d362565801ed97034261d7420caa8ee78eff075f
final,blogs,0e5c82238f3d415b65c89074390caac10a4ad60901493659589db1a211a5bb8e
final,blogs,cecfc731ff2dc82e0464553dab65ea06563ca5b955750415a66f56575d754746
final,blogs,3563f4b2cebc5cb87351bcc26fda065af301b824d3f6f928fda200c4a187656e
final,blogs,15feeed522fff391fca9d2728ddfd45b5adff5f769702eaf4be1ac58ad4ab3ac
final,blogs,215422d4e3256de09dfe6b6f6122644f61ad89bee91aeeffba0332a3f3025335
final,blogs,19c6afbf2a41cc79c3af9e75439eec81cd537a6be8e10f133aa94d2d4b4d70ef
final,blogs,a75ce9ed867ce41f5d2ecc7584e5a94c8cdcec6be9ec459806e69ca222cb9f27
final,blogs,b33262b829d992bc261f910a85887b3b5ae2f64795419a177c720766fe84352a
final,blogs,be217839162c1e6d01558a006a5eff1f0b92835ce1c8d814c4487c421fac3484
final,blogs,1a87f5d62a3d9decd763d029e59781663f0b822f443c6bd4c6f9ca01f46ee901
final,blogs,458b35c837cc76c17b326759b499958c0f4cfa59ea7c9896ad2f756ce9c1b267
final,blogs,f6fa59a44e545a38bf4a93abe0ca4e7aca454f5aab637c67949e709e8285ea3b
final,blogs,0e3ef918e529c048c69592d60af97d89e6730055ff8f046be96596593d6d2435
final,blogs,1afdb7bd2b2c2811fa621c0bc78e0d01895d22d5ad1c86d43e7558094e53a6a1
final,blogs,376e215d8c6cd470415aebb4cf199e1bf3762acc7dd6cc231548d18496762b53
final,blogs,2b97691c0156503cd2855c642ad4539cfa84f6e7a0a182897b5ed08870e20b2e
final,blogs,231e1fc688cf4221fdb4f14e4a41f8d48c71274beba89926262686902d46884d
final,blogs,cfecbe4b420d81bc21699214c480457c6a7d389037033399654bd7c3f4699dc3
final,blogs,d5f6455ec2b2962c52b8c397cacc3b3c22ff23a70e39deaed92e2a95651c6200
final,blogs,ff0c411b3a2bde6c4a942c68c2df8f52412488df2659f23e6a40acb6d14103f3
final,blogs,245399e44755b4da8c042adbbecde528171106ed6fe950efa2a75677b688f6b7
final,blogs,7f768a27d9e4842cbc393b042746c0b069b1867235183bda5fc74b0c3a36c816
final,blogs,89e83c571d42e92f66a88eecd7ea780195e5bb47a66325c9407edf67885a6e6c
final,blogs,a602ce286ce9232b6867b0e8b849f7f935bd8b30ef6361e56239cea18b67fcaf
final,blogs,886bd8e3f21fd9b044f69642340b0fb07350a7c4b7fdaa5aa3523ab7de019994
final,blogs,c7d0e001a67a95234480af9b2daeb4a2e86c2fbecf4895b622e5ec940d056e41
final,blogs,5f1b2d51b52a9e815550856036c5ce72458bb9f5f4b4e4d389cb801ae66ce71b
final,blogs,7a02abc5359ec58ab97a0d1a3bd9f3d7d83a4815d8d710261da96827e27d23ab
final,blogs,a534bdcf6903d5e8d93092bd929caae3b435371ebfc3d61511e28611ec553836
final,blogs,ebf7d339b598e8c762e07551aefdcca5828e610c8101107eca538c79b3796dca
final,blogs,d50bd1c4fc37752571361a4528226c7885c101ef5bf71d57223b2cad829082eb
final,blogs,a3c43ccb1758d339e15d11f8fefdbe3c1d03aa5568d2dcf6560d9f6cc64b2502
final,blogs,b236b470409c80fdeb4f072a6279d1d37e54d82fde155e9527ba95fb8a5bfa6f
final,blogs,e8ddfacfe1d325ec0821a409d5c0c3064025f2e93edc58a34c1271a86925fe08
final,blogs,ba26f9c15a2bd865cdb727f4b9a0e49f89255cb567e643d440597bf0f5500ef4
final,blogs,8083bb0263d5b72eb70343327fb2a97c28158a908e402f15722509a7d75119b0
final,blogs,b558b593a7ea02c5b3371cb04bf5bdce3734942654e6f3fb636525ed36254e0f
final,blogs,4903dea881abc7a0b49b562ba8d8ad5136077490023af7d2b54197152c337734
final,blogs,9d00e9ada0d20242d5574dae78fcef2279098319f1cbbd40d5678a981007a12d
final,blogs,0e134a47f0444ae0840ea5f921dade499a4153e40e8652644b2596ff642fc026
final,blogs,3f36bff78d9538e20b299e1f7fd399d7e964ad42408205d75669fd7c403b24d3
final,blogs,8063789606dc30d447522265beeacf038d4b5b475ded0ea2180506045508406c
final,blogs,a566332bd7a5cb5cb8febfc0e6ddf910242f26a9f266325bbbecae6449a604a8
final,blogs,f8ec57719293c08378a494717f06d3d60b05c2f1a3715a3030d2fe5f32f3aa7e
final,blogs,481413a31f972b22810b46ae6f14f1d7b6e4bdd236ca13364f921c4a5a077ea1
final,blogs,417f3863c86c61d91caf9c746951f0508df0da70f412361862177ec9aace985c
final,blogs,8fa0c888321e7078108c520e72f472f2f9f8fd5cd0bebf54e4cec102e60b1b2b
final,blogs,6ddc3e9e547882f60db4a147f6e5a6e1cabb36c187dd571c45e8202fc656bf95
final,blogs,2afbeac58687d6438f5134013d644d4a68ec945a7e0d85dacb57f449cfa1b85f
final,blogs,67d3834ba06c4f2cfd83ad396a116667ebfb660af44e1603dfd84b153ed4f71a
final,blogs,e2cc0e4cf1aa4d2bbdaf6f2b2a9859878980c2c1c0e4cbabe5613f8b71cb399f
final,blogs,b523a19a81b29090db337ed54a417b31e855e90ed571b85612a6067184de0d19
final,blogs,5d0d31da8453292f69c3aedc33b1f03471e2c64564d82707c277254d907ade62
final,blogs,23577174790271f64495bbe6ef8e29e4a7632f5ac1d726726417aa7b7b97c7a2
final,blogs,2fcbbd5803e985e9b603fb530b05caeb09e28bc4d8b7bd5caaae36d7fa2929d4
final,blogs,5861c76e5845665e751093b4da060a380c6f285fe1f17ec688034931d515664f
final,blogs,7728493d12198e4c0233a9eeb9116c5770af86d31d028a14ed52a16d043802bc
final,blogs,936a243f201e494bb01a675b21203815716cad594e8353dd84c852c94638bd93
final,blogs,61832ca2585d7cce13cd8642a6716d597dafb488b65a4235d48dd2e170720a89
final,blogs,24fb67bc4ac7e3b72db8ee0ddc79e42f3dc4173b6de1a83d2731a30207fdfd58
final,blogs,5176ff7fd32b9dd1b7643c951aeadb9ea6f0720722ef496f6c1eb4b5a180c4c3
final,blogs,d3712feb632ee8c1b8f1bf2c0f0a62330ed936de7ad6b0951de813022d71ee99
final,blogs,c8f72479059282e21ce49953388b752abb14461a114c1dcf77974bf019153497
final,blogs,fec99da2fb2c1801a5ed637014cc7181483d79121bc12c185eaa5f5989f7c394
final,blogs,c48c1b5f138887be78b58b12e6f05487306b482ea14ad5f91476344ba8a5ac2b
final,blogs,485884539d5e1b67c9a6598437f9e2db069502ef0330e16a3630511681af96d4
final,blogs,c1f8f40a232d99101c88c0d1e2e1b69b39079a812f37478a6e2fe40526ae193a
final,blogs,da61e0430b0244a865f83d705f1961e84581b07478d368897cd13aeee9076075
final,blogs,98b2beb4dc349bc93b5416f116dcd4cbe261af0435062f9a250bd5efc2831668
final,blogs,116804cc52bcadcabbbf44086ec03f867f1e229de4c44bec679dcdbb22d1fa4b
final,blogs,6d995384401113048225cdd129a2d3ad8d6a8ac662bab49e3fa1304f58fff897
final,blogs,faf28dbc01431f75ecb75660a669dbdb90de0697e2e713c650ebe80336628cd5
final,blogs,4b8ebbfa7c5c94a6417c06fea8d2032439d48d2c5e9875c2a5214df449902f50
final,blogs,4d7047a4a2c6097b0ed90d8f5f9aa22bf87a9b12428f9320127a196f7caf5062
final,blogs,461c17ae99d313854b8fdf82e113b7c5a240cae2c30f9243aac7598fe19550a2
final,blogs,c9aa9ce7e2dff8c20fba73f862de7ab4730a3605f9648bc731025d0e6d7c960b
final,blogs,f97a9d38892767ec3370bcce2610c393714ebc6f57cb5e40a00ff6a3448c3ed2
final,blogs,245712229c5caa1f9c09e4280b4c4ef72cd7420b12479aba79edb3afb7ad6a31
final,blogs,3af174b0ed34f2345698058e821efc8a1b0f5d4a1aaa879f70f0731063c3e7b2
final,blogs,bb96a182e9ac5dd48708307d3756652c8da282362b5e7cb91f2afe058601be44
final,blogs,d13f272d884063d362d08e2acf8ee9527d02a45c6cb3b2cc4eddf0274f2126b6
final,blogs,7d61826baaf7042473281bf9c75e298b1cf83ed5c6655b7b101a81bda9d7e3ca
final,blogs,6c2b305fe08337014b8afe19b3ac0bfa868b6d89c74949d05eedea3ceaf9118d
final,blogs,07714b3bd38ad7925c447e4253077d96428873d501fef5ace87f0b0a2e56bddd
final,blogs,f0e2258ebecf1b4536136bbb4649d4e74b4a16bbbf6e3ca9c25a01f6ea1fa7a3
final,blogs,e03385234bd3dd5cd80aa44e9a8548bae2bdb7602a34950edb910ef9845cf851
final,blogs,60a598ba23b367bb619bef98a1f52dafcd6f010d56ff69647a0af633ce37cc8c
final,blogs,002a0b60a758460816dd7c0fd2d8d780788613ce9ef430760a9fab77319cd2f5
final,blogs,8b87b6831d108be4326a59b231efa825be99a69415f27251cd5ad2cb407ec564
final,blogs,d71f8a82194d7c32c749099b36c456a55b75175aff841dc96e898d58abaf135b
final,blogs,e2f4f75d7513f0e46088b0e1320f721714760caea030a6c459f244b657d5e2d4
final,blogs,f27fcd733d02768d5cdee2f3001e0bd861cf5b70633dba8e59a2de4be6eec27d
final,blogs,0ba5b2877e48ed8b34e7a1227a40982b0c0f4268d6f718ef938d8850cd7f3159
final,blogs,3ef2746a38a7e16cfa087f1593b978be6268d5fbcb698a6c0ce492ceb3c1bce3
final,blogs,0f1a45d164eaa788e7a1c4f5cf30aa1f10fcf872418062624c2f28ec5d8e3da2
final,blogs,5127566befca81f20be7832ab3d4d12608169af39718942af3b52559cfe6598d
final,blogs,493c2b35fd083e252f77828d9140a6aa09002bcc234676026822c06731553162
final,blogs,b6383e523dd583f67095fc8bb321074d8c96845c10c08ab282f814117b9ef1fe
final,blogs,77f5eafff5696ee3bbf2a75929b6db4c4d936908d26c3923e7f8d6bdb7ca4bd3
final,blogs,95c993ac8a19329007bb41c8010f625f8ece398da3d1aaa4cff243a2647f4a28
final,blogs,551822ec2f020357735a593adaf92a46ee8a2e3a1f2fdc37c3c14c13107b54cb
final,blogs,f8e9ef977c5750d6936ba206da92192b12c281c3c3894d01980578318c8b01de
final,blogs,852be94ecce1eecd567f6dc1a2a4993fffbad7ab82eb339bcb994f3a49a8669b
final,blogs,b6ab9306796afc9ce9a22cae6a262e4052ba75db50fcd4b590ddde6a195ecedb
final,blogs,c08a756c6246ffaab0ff4e4b0fd8b1994f89c04bae28ab8459df130e3a4be3f2
final,blogs,b97f18d7955cf4477f4d5acb60312959e61dcebc2beda70158cd5a76d16a183d
final,blogs,0ee1c15e110c2aa78f1dc6530dcb791385a8fde487020d2aa707f755adcd730a
final,blogs,f617292b773bc12780d8d948326b3162c2a8d57f90a69b648cbb9cf44596b6ce
final,blogs,cccbbc81a926a9af0277de33e6505d50fa2aab37c79fdd0aa9d597b7c5e4230b
final,blogs,3b6c7358b6a525007f9cd384edc88a7bcb73ddf95fdf29f8cd89e9158ddcf083
final,blogs,d2f91f0aa30aaca36dcbff211ea21f6493d14f1ef5c7ee9a924d0c040a726f3f
final,blogs,030cc88494a372ec903b9d8dbc4d82321be9d1abe5a3590c1ff39f2e07659057
final,blogs,e5e611c3874c92ee2d5336ce3cae4e71ed38279b1036eb0de947115f94e8a9e7
final,blogs,f22887a79045711e6619473fb6ab36200c34df510256b747b53d56b121c6cdda
final,blogs,32d51d29bb5982c1c5cf9bd11da4a5aefa0e457e0b871fef2c77b8e52b03cb06
final,blogs,c79566649093c6997456067f51102e7a3b88a8b6e3be841ee592c56ee0120ab5
final,blogs,e8b62f2c7df82807527f878f6e7378f673c92405a6e58f435563091f53414b16
final,blogs,3f29f2895a54c4f947df9b75235f5ff6141e45d3c579f7d1aa876c3e4346d690
final,blogs,da4e8b2025f1322e53f98531382c1dc9c262ed0218f1f727e910cd8943c11633
final,blogs,608a2d91765b25d0424e22e5d550ce075e3d2693c4bbc2f54d68b48307c2f47f
final,blogs,e0f06c22c40951b0212550d225e11a10c362df6ed7dcfb4050cf2bd0fef69cbb
final,blogs,416c1fd615a42410857a5c5cd31afb0575849bc946f521f3a8a22e3ba18d10da
final,blogs,1bdb320129d6b48219da3d606a99b7aced74c7f0afe459c656a4d020a993b28c
final,blogs,c704e10720c44d82fc9f4cc799a8bc6ab29001f53a44e1f116dc7de595e93c55
final,blogs,60f00474f1f5b6b9d857174f4d3c9ef54042ae11a0b56997f39b8021494ae3e3
final,blogs,f1931e0a1a09ad9f7fe9b7f85d33a616fccce53aca1594e707ad8d2a88009e30
final,blogs,f605ab48eb9f6e75ed25305618f4ac142251bf4585a98c2f0c49c4997fe1162e
final,blogs,c6caf9143ba70430760bbd9e4b8e064555d35187d01b60e5cbb043a8fd20680a
final,blogs,e6c096c4da2459efa9391f41fe861a15b45465f233dcb1e5febe67518108427c
final,blogs,8e7d36c8818406a2976bcb88c39facfadedee8909c345f93babbf3eb4c532ecd
final,blogs,dbba2b8c329525b83cab08be961931198dee618a5c28a85cede98c7243f30491
final,blogs,ff832cddd1c78f82a182e70d0738b8ae3422cbb83d77c1be2915a64de4175444
final,blogs,033ac800743c2f1a2d301e324f794603a725fcb1e241d8c6c3837c85af861800
final,blogs,23ca519ac027d359b3ca758980692b6a044644086125e29b664a7e91b7e19c1c
final,blogs,0dba3d5fd1ee8bca1e84bbeb85fdb2bcc0c0cf41fc18aeb79c6d80cb8ba31e31
final,blogs,97bb5822d129fb3eb7adce42c0c895349ca7017bb11f454f7724b47d10af3ed2
final,blogs,389ad9e2a63a2d01a216546c0764f94d57246d2d809b282f089150f6a1adfd8a
final,blogs,9095b537064dc4f88baac7eaf6789dc5836c96c92020ed352c6746682cda5fd6
final,blogs,6f6ee0bd2bd91f5b1b850d9634f90c2998586c857792e9b6bf77e33348191795
final,blogs,9a0fff88100ce8e7e0a6271718f50f653fdeb450e876e1ef1d6eccff3eacb879
final,blogs,8ee6baaebd550b56f0349bffffd704f503cb1586fa811135d6adb34400742d9c
final,blogs,0c7d5a940479be26588ca6920df666245a3a3b448e983b0900b59370d4c8d8a7
final,blogs,e5134920708487ac87bd0e58c810776274e6ceb19a374b8d65b110fb70b20c33
final,blogs,85199273b8e1dc9d46a7c9c4d6dc2fb9963537d0900f890b536097e48d8c5af9
final,blogs,a629b01ea97c59cc7a98b2a1cf2f67f3ac8bf54e4b08686266e551fa5996ab35
final,blogs,5570bd4bca515da2f2356726628382c784226a467383a6d56da3135af30f532a
final,blogs,2ea360c297fdd1aa898d17f1a626aa9ad50640249b962ab0edc70ff49e3e450b
final,blogs,0dd444ea8484834e006c8b88682df708b4772064da0f64c7a608fb4ca2e8f9fb
final,blogs,9a731965cee0ce3c1a6782dfd6d059fc106be4940749a59599ab590b6213245d
final,blogs,d028c6f58f19f76f23cd334eda3176765b0a44de833fcfa1a609cc8795fb4143
final,blogs,5962d5916b022f9377803117a728b15ca7c1c4c00fdd27220ab53009c907e531
final,blogs,114d8046ba091f4f1d654bc1276e25a86447d9bdb0a3ab95196900731f024979
final,blogs,c2a6b4b88842045a089011b9b3f7809902554f2155233940383070c3de974004
final,blogs,8f17f93370ec805da5d4f08104034d9d61c141aef657162482a097a518b5af73
final,blogs,30b112979ce36bf0a51039eb96f2c8bd541a76200a07a4fdb3c0ab4ff31b457f
final,blogs,0171905125a83f19a1de528c847d6aaa4ee6c8ed5df0b582bf9f5551828ea6bc
final,blogs,b3a05cd9a504ca8469047aea6c01f1a0018389df8276b1e9b87e10cae8385823
final,blogs,571f41701cd47937e75899a1fe09e0bd615336ce939c76da1553cd8af565a275
final,blogs,5cc7828c47162190818d0cd0468408ac713e9043d6a90d988937ae7f7f511508
final,blogs,220b0dcb3c68d3fd85e7eca886d962a2919bee4a0d653cadca4a0e76e2747679
final,blogs,b94b765fe46307b3237edeb9e52fe5e3bd26129919988b85ed6d1f8d5b6c2fa4
final,blogs,265f809aa96c5b088c5fbb924fbf9166f54f16ea0ed53165a90d79bc73422ebf
final,blogs,a19de5f194d1999ad8ec6ed845338fa1a71382deea6db1071696b3dacc9152d7
final,blogs,96591a44bc0310c0f302500380ac5f92491cf865e13f02b8477ba4f82026dd59
final,blogs,90422b00d50b4d297a4961eb5257358a0c454e8ae00455462d86e409b5ce3dfb
final,blogs,d66341c14c9691990e32f19a4ae134036cc3a6e85053008e637ef46b0ce9c689
final,blogs,33892377b298ef285af57b2abb7756872742f4afb3e0397ee7689c26e00b7a05
final,blogs,80d4a9c1baa4d6c78ba7fc5a0bd249c5a1600c9266491ec7c587ce18340a7e2f
final,blogs,e62679c84b60b1d710055495f0224990906fe9b488e3b79d1a2c7b6f74a1e173
final,blogs,912a9bcd9e13a088a4782f6a68339ea20a0b7e53003792461db691024f010379
final,blogs,7b1eafae75a4662528e82d20d4d9f5fbddcafdf8ed62706b245aef8cf1fecbfd
final,blogs,e58b6c39c2875f523c79c89c5e3f2094c57ee94338dd92137570a6415788ef9c
final,blogs,fc28c3c2e18347b795a37366a0947c60f078fc55a0987063d4aeb0ebd0208937
final,blogs,64498c88f86a0eb22eb5c649e919abb3217fbe85d06a6930833893bd92b9ab39
final,blogs,5c81403ef4577db0e2664186718b9e3bfaca53621f604079962818740d6c4a2c
final,blogs,3c504cc725df1ed1758359b18c6d439899cc3d755fbc981d173032f0b25818f9
final,blogs,8c9ad7375c58c53c874bdb7a6d570383cc82035c6d24e41d4335ff31beac30a1
final,blogs,efcf096e9de8f0d3f48aceb3278b6ad7b63b7e9a80a645697e6d110edf860b3a
final,blogs,793e677174f2ea84689368bc8057624f5a6ea85b1fc940ab8ab4ed7ccdc81c48
final,blogs,a8f3b530be570a812fe4116e8f8d2cb4fbf210673eb88091e9338279f2345913
final,blogs,8681564a4bdae7af0dddf65cbd86b5fd2627b8b7847527244d99d030d632a5dd
final,blogs,f0cc91b16c744c2f1990fd318f765ba5510106cac1d9e2dbf4d923d060430a0f
final,blogs,ef0283df78f917113e65181b534324b3af7e4e0a9f867cb8565e3be5952c26ed
final,blogs,9a5588c723b618b7464f23fff008c3a5786dce9d8d0e905907f95072a6557a3f
final,blogs,0d3c480d1a7a66fb7a77442e178908206ff94d518916d5dc00f21f65e502dab1
final,blogs,b52040e2461293178ed30e48d467604137a6e702eb2e2d82b17246f385b4fea0
final,blogs,3d8afb78552a9f33529100cfc87e4e444c045098b23e8c4b5138828c5eb15aa9
final,blogs,6b6e15b297f56bd22c19141a7ea18144b0eec15afc47eecb98b271a06ce42b77
final,blogs,766e5605d78614dd2cfb6715df8eb37245f69f25842f7d9eb460351fcb87c457
final,blogs,cf966ee7eb7ddf40ea06f1d9b88fce4ff2a765cd21a8cbfc6d5e40677b210fd1
final,blogs,380151331d5651a80766596d8af701bbbce0100376a4413059e8355d598be4df
final,blogs,132653be9b820f450a6af61da4bfb35a479aee77221617b80cf4f985ddd16e33
final,blogs,dcf7a9856128e198845f68bebe511c4c961c254d936d3bcbabcbce7f6d7b16fe
final,blogs,8678aa57de80814f75191543e22808491dc4793aea56d0db772e8480ab3c992e
final,blogs,a37c6710f406b1d6459104b35eb787af124fea6b37a62c72bd1161654aa4a87f
final,blogs,3915816b47f242a5edb835a3c12b5bf148f8f91cc7ee1df1b0fec0147e1ec696
final,blogs,011276a82531e9c2ce93e480d15bd67139e494969cb6aae6df36325510128050
final,blogs,09ff6be2d3f5fb7063cb5d8611721a0f4d2e7a9f82eb1b9172625e9060932cab
final,blogs,9ea0778d59e1a7a2ce876886ea9f36db597eac0b4a3d24be48009a157a24e962
final,blogs,6a35d1fc81ca50b2541207e32254a44b126a8afcf9ca2ad9c2323bd7f6aba4a0
final,blogs,42482e6b8213044866c70a631e8a99340a8e47709a90799d482e055719b4834f
final,blogs,76d1b2f692ad4cb44105dd11b60e54c48ab3a8d1e706031d93a101978d8e9cac
final,blogs,aebf4b8ab3e941deb8cb9c5df1be0c10cc0f045a9615bc61a3852481d39c5958
final,blogs,1228d024113c72920b5be338cac620bc0f0fce92d7ed3b0247a655f28d30d376
final,blogs,54b592e2f1b03b980bf268ad69bb5efc0e9a0a66256143093b0d61e3e479f4a4
final,blogs,d04ddc62623b3ffa828978a2e7d7cb7cf80d3c3bcae40988ed4a3ea44fa41c89
final,blogs,841fb6b472290dda0b8570ef16d33763867f818fa99d3fdba8bf8847f2a576cf
final,blogs,259fdfda25226b5f77a77e8f5fff396fcf88d89696e7c7727f7d1b0ff8b72576
final,blogs,60feb01e209df25301b2890633e2d92b5b6eb48b9b8510b74f3bead9a40a8dac
final,blogs,e23c6f709e4d6af4e83f1f442280b8a75d0430e0c70b11eb68c02d4b6769de37
final,blogs,266fede518a214fc22383ba8521f00eea7e696c3cf3abff87e2b884bda55c2a4
final,blogs,0a7629b21b5a8181f60c476eaedf3b7a34c00cbf96ce10f05f0cd771229479ae
final,blogs,7fb0f3152c72c6bd491f2ae9084e66f57da9f6a79ff370ed31df5d0222a7902f
final,blogs,e473b767990803debb5fde80e72e2eed33c25ee5830c1d5b26f1275a50d7bddb
final,blogs,c368c94dbb5617fc54293adb2c21997ccf1838f2925a0eace07d0cf4bb43cec5
final,blogs,88fe4b5d32593e719eefc745c092482f37e283ab823913a652ab579225bfa0c2
final,blogs,1e59a84d15df239dae120f2f6afee030050c2ccccfc450c762c72bba8edcca77
final,blogs,6bdd04102e965920edcd5ba9cedc950f346ba7fccdc69ccd9403791e269038e1
final,blogs,399070798737101e2439c58cfa441385daa6e73f19157007ed21a54918a92533
final,blogs,2e6b271fa481bd8dbe88f941e01f12ed6ec31109e3c66cff293c2282e5f2731a
final,blogs,d915abeb076b8b2c1d1ea955087f3b880a6ff1aa38b263d491c992bcfdef69b3
final,blogs,33b74ef57ea7f2bf4fbc317109dbf8681e6c1946bfa1346144d45537cd92d3ba
final,blogs,29c181356897e4a269e86000201212346f6f487b6190a18f6fe775b2fbcd2c9b
final,blogs,e4eee6c45a6be8cecd8017d721fdadc7353007fd87945c31e4f03179af9c4ccb
final,blogs,cc7633834185af7a7d7d0303efa487f76ef9bc846ebaeaed22711c62ae1c25b6
final,blogs,3562d90b1dfd2fbef92bc465910705cbf75fd71329f37aa85d8fd79b365b455b
final,blogs,2623f807463a9a0bdfa4a32fbc56e544887109db7081b7088a35fddbccf75a82
final,blogs,437192c3d3332892174c55a1a6f0722b16ba736aab517b0e74a402063b383cf5
final,blogs,3dc3ae7ce366d8ad00b3e6231235fc0208240a5f990b3d5da3d9141fe1d69e06
final,blogs,fac64ad62b903d31edde065fa6c5838d7d05877a4c1d2400a7d01397e7d6fe4f
final,blogs,444ca887e0de8d2491d86796fb00c7ac00ca1b0438d2d5dfeb3ca26d49fc2fb9
final,blogs,059d17a473c8eb9770ee17470af140bae59b44914119b94cf5876384d5223a48
final,blogs,12e07e0228069a6f9ee4057ab089930dd699844331494ba4ad688f844895d7d8
final,blogs,4f0c405e6c2da1f9796882288a2bd2a31e7f030bd916871a069b012f0eb52596
final,blogs,83192e1b18622b1d3a5496266e8bffaf468c61d3d69047dc847e5f52609a0af8
final,blogs,f619954d93b5a63d18f67ef8e79ac4c3e80faeb234ba7118875125648f9db9ff
final,blogs,d96b8c49a6a95c8285af5a016292abd52e6bd696865800e990c2f26eeb46b706
final,blogs,eed4781c96a2b36eadad1d50dd68ad56023fef00cafbddf6155c68ae281c5bad
final,blogs,e9526a4b5ac4c32f1b60e0f46114928b0a0945b7718f1e4e540dadaf17c35052
final,blogs,6ac52741fd5ba122f4c85946a25a4b0e9121b0d1af4d2e07ae7c8e93dfcb7de8
final,blogs,ec86d5ee0b6b36e856d721b33059abd923ac7e7655d1104a0288f9ac0ba0af12
final,blogs,f8b46e89b363d0785de429dc825f6fcab03c103d4e43b2b9f8ce8f7162c15d11
final,blogs,0824841e4ac5cdda2319e379919706db03756596a8e7b92c08a5fccff6a28b65
final,blogs,9e9b387fd2b987d80f80c38490b1d574649363acbf335bdea15cb11d0ee5f9ff
final,blogs,268dd24058a42a54059f344197ddb342fd1b0c2ea8934fa2e224653c3425748d
final,news,13d63f35df9aa8b41a4456b3e692515b73a3d250a43f7343edc8804ce58e5004
final,news,6c9bd39cf42dd1648189c944a0752d6f6eab92f83fcf33c40a7ab545b929b8ae
final,news,91ae3be86668ce9f9d64307a0d984a6b757b5150faa3700ff24276210c83398c
final,news,2ef1c0d7890e1ea26b75378daa86d8e162b6b0efb5d6500ee630c843bf0b661d
final,news,bc8f9d8bbf8afbce37bd53428c578ec833fe4bb9213433c37429852d6e9c5954
final,news,976921b63702ec9eb74280c808f485ff87aa95c291904b06da401d9571076f33
final,news,64a7bcafb7cf7a4710591b9bd3d49f2e17e49e23b42e2efc4993d90028338740
final,news,c8a8c96098742cdf54009291deb4abc9df803d2e1588daa582b8e1fee6d1a180
final,news,9e2c30ae5112e53cc432c79a7e84530858a5353497525ceeb02a4526da2af011
final,news,75f77bd8bc5a05962b83c1733dc49850d23fe01a51580f7e13cc0960c55ff108
final,news,fa8f9574f082316638df027b60cf2a6e4945c8d0f4baecf46e51cf346d874567
final,news,e0be954e76f16980b32c677f72dc0f3921bad6779c0cec7e310369c12b33340f
final,news,69e7540725ba812e1a69c2e893806824c5da6081a0b7611e4a8dfb4b3911a32d
final,news,90b14eef6a1040bbcf1b7ded6758e98c2ab65fa8ba06072f064883d8f46cf5ae
final,news,8453f08ed1eeed24ae24309065c643d84da79f0a9fa6c8d6ddcfb56e65f67539
final,news,5a94fdef97c4a5a5e2515517dbbc6ae1d5d8b384aab1a0cc6c8ce62eacb1cef0
final,news,9a6c5c2c80387c834b32e725f834bfc998145475f2290d6fb6cbf465acae7e32
final,news,1b4f9e6e6ff2f1421d590f22344e0f35ac6d2b1380b79d5ed94bb15c6d6935d8
final,news,fc64fa981dd8fa35ce46ff13ebe8497706cd003d293fb3ddd8e24193d5260751
final,news,c745673b2a61e5bef3b94f97e357f2992b18de7386c96b633210e302a6772d79
final,news,ff6f38afeb05c97e9b09cd73f6069f64cb0009ff28b24eed4c34d2dea789c094
final,news,afd65beccdd13930de3882eb504f6d7147343352d7b2984315370d300ac7354c
final,news,2f169f7eabf246bd93b0166eb8f6af85340ba8637932c878752e1581f901eca5
final,news,e8d064f5e54f3ea82b6b61e3b5709a27ad55535adda3f8920d3c1287163ddc19
final,news,4ff4642e0d1000f67d3050fb86f9766748b6489e2702544d2351aa42afa34d9b
final,news,32b4e5167c4f01573332403c6798c204ad2bf374f3c37145b77886e3e3cd6258
final,news,bf149ae80f8b1f9c5c2d60fc2965be28cdcceeee20423dbac7cf591e472b9b24
final,news,c00d2070fb63872c0339782bf05e8f91fc63a28cb508b90c4a548ac72851c4e5
final,news,15a24f07ad28f98a3aafa38c6c99bd9fe2b2b80f6bcc0829a43371817f70874b
final,news,9bf889ddee92514878cf6394402c04837746dfec70a4a9000fadbdd0a86c7b1f
final,news,fca222f8e24fa90fd3f3c049233458fd006949e5640f178eafcf2ee06cd9a3fa
final,news,5efe8f133adf5b152f9a5a75066183e97b7fa5c3bbca90a0e922abf1a2c6864f
final,news,55d4015270ce8ce70a03cc7165091372cf888f9c2fda2398f214f44a8a71312c
final,news,bd64b456e8cdc997c49e638cac97415ac0442c078d030010c86c62bd8e0b4e0f
final,news,acd60344c87423c8647a61ed37a17fb088e41dd18887de51b6560ded8bc3ed6d
final,news,28c5864ceed00194031fc85234db2fc2e439a47e8c926a07867b3d78e4990313
final,news,c3dcb8f81c0c3f20a1caab24b2fadfb3e46054436ea52e27ab64e0d1921fb8e4
final,news,281e96e078f5b3d12c4f2982276230e8f0d64a3725db154bc66c25d86a538d16
final,news,3ac02a3c7236c2db51115479aab4db8f0de48ab209ecb008308b573a75314e46
final,news,44e48b78ab15a85e46017ac4fbb733e71527d5051df9c9b01b359ed99d93b755
final,news,4896e823910e37fe40e6312bafbbb1ecc269b259ab55edf6a531ec83fa96e3e1
final,news,43400da3e060edaa599288a546d0adf04e53a613bea40547d7d91d050f584b40
final,news,073d53bb7c08d7bec16be395231ed0a55a88c4b48127dd85842030d2a01ae436
final,news,878d6dd052416089e5cd493b336ae184be12588a6eb4f936d0fd689517d1d4bd
final,news,540daf6ae4c2e4fb1fc4b214afd452b6f1fc3ae9d901ce1163385ae00ea6a707
final,news,4c1abe1c8f8e985b167eacf8b052237f5af23e2e9cb193c1c9a0ddbc7b99a283
final,news,983e4ccc0b9beced15358c5eaec0482650f76ec9ae7a615a8e7fe36d02f63015
final,news,159c94d061253ccf16f8111e57f69db8f1ee6f7410e9389915e8ce433d431023
final,news,314f39b2a4636599c4db947f700e37a78d923c67c545ef4fd1424ff4c983228f
final,news,12897e576fd714893c2fcb2073137599476b5b163907d37e76a9325a0c5ceff4
final,news,a966ab2be010e281be52d0fd118f4dd22ad13db49878cabd2f3436187de206b4
final,news,2d14fc8d2e63896febe25547f1b335baf16130bf4e146c269431d7985e4f4d83
final,news,9e78af2b64aa9a8c1f710355a563c434326f54280177c653f5ba34e3587a855b
final,news,5810dd0b292c8aa10dc0f112407ac42936a1478404409f2b17eeb570efa7ebf6
final,news,8f17bbcac68914531180cdd50fa0030eb1628a82a21e7eff154b82782b1578ca
final,news,448489042ea18670ca935664df605697abbc620d0706a5623d992e45334aa7ba
final,news,60a1a9beecb02f4f6b42006be9a3377589dc81f9c47d3ba08c28da4c9cee0ae4
final,news,d5bbdc7e613b65f4ba6be7f61139ad642dcb04e561349612b43d3d13e898c56f
final,news,b3d0b81f4f3882e57c8659c811c74954bfd9d98e990fa41719cc38afeb8048d1
final,news,c2fbe1373a58c030b800cad1ace414a684b789d277a85379ff7e5412ae3ce68a
final,news,cd689e2af3e19c3e32c0368e94619db6397f15f09f05a06095d1bac7be883e0c
final,news,a413c3e3a5ce88c00d1ccd6626926d0dd70827fa0551b2c4eb70c0bcb541e4a5
final,news,b0fd7914fa11f36c4f7e4cdfa33105ff894998c52eb9927e81dfaaca43164522
final,news,da55e1d37e02050f8213ce09d41e61189d133508a456d2a162d45d06ec3820a5
final,news,2da344d55440b76b8ded71b677e1aad3060def0a931912d1d93061da7c4d79f4
final,news,eeb6e29328676cd016a7d1f2a5e2c69a26848e2fd16d5cdf2fc7a6b94c0c1a7e
final,news,af1888e3de3e98046bacfe903be9e6df274811f55387b6bbfe5c083e8d8aee53
final,news,8448a3b6e4c75e568d3a8b4afc12d2a3d4cc446e95b87331660a8b6ded5d5035
final,news,9580309d8071696618d796ebec7263e6239ccc5d4a7f4d0867c4c36aab4545d0
final,news,c9ad751229189d9a4b3aa5e3e3e7cfd0166b32eb3f25951085d2a10aaae167d9
final,news,f65ab0fb7e0db5fe774e18006ff6348b691ba3d1030f2a0dfe48a37bac9d6b64
final,news,eee3e299f05c0e7f92b0836d0b0e045bc5927942e1ddec08795df3d4522cd589
final,news,7f874ae572a585009b9230595deaa182d1c8fe5f177c5bebd438b9dbaa8b52be
final,news,5ebdbeef4d728c939da6fff3d1567d9cf4d19d450b174bb03880e5f373197dab
final,news,c762a8909722deb30b02b3347551719241b74e708b71120b1951b6518cfc0cd5
final,news,46d30702937a5fd31117d2cf8166f100290a6293c7732e2b155624b8549b0f63
final,news,0f58c7805c4a6937fcd3b7da5df3fdba68624f04163826c66480ff1a14c82bb9
final,news,1c25caf5bc356c7ae7eb91ea84f12b583d3389fcf65048198e1791811d3c7d83
final,news,a35371855a446b2e03525f300e50b2a263ce4830ea72498791b965083bfa9fa4
final,news,c1836d4e4f81fa0124ac23212115246bedd8fc376bd60d623f0f06ee7a88d3e4
final,news,2a4384398dd5542b3455ce54bd07385da4d8b7c44cee178374d382a628f98e4d
final,news,d8701b96aa32e4e7b5035c546994de3b5b865b697dc4f1e966ccc79254189d4e
final,news,729fd99e47f61f2c01a84b46f2935111ef2828f161a55975f666e52be2f95cfa
final,news,0ac7bad2879bbe7d2d4a02c27abf9665a7b7088e372f9a1b4d89729a907cb70a
final,news,6d4e03221d7272ad8e764c17a4cea0b1c3a39b1ce45a948b437c9da1f704ebd1
final,news,ae6cd13921ab90aa101606457c19e5ad9789362998399ef65792c6431b2decd0
final,news,c0bce37a1774baa32f84102b036c982c6f333b5aec30f1aaa15db549f578278a
final,news,bf63cad914f4281c4ecf413e73a76a077a759e36156516d3c116f20b99afc2d5
final,news,13d83c8b533ec5f7f04b4bdaed789af75e92b17b62a6fe3e6c78fb04d3d7ed02
final,news,4fd7a12ad257cee35884bd3a327ef77e3b1daa0aa914efa464fea674583535e2
final,news,ca6d12972b97c7c4e73cdad7c35d3284f8c0e6252deb9520b478fee6142bd41e
final,news,830dbfd08ff4850d5d1f245bc6a9fcb0276c1729b9f98c0143e77db4169ea2b7
final,news,f4df584fb9fec68ebb856c57cb40cac85eb7283cdcba7a9cda987d24eb24424d
final,news,2e9b0b83427508ccab4803b530a3e1682bc9863629fa5a76da0f05e63c6a8820
final,news,76a61cfe1343bb7929b2ee4e039a263d4b0cfd8d872ddce7b6e1796a857fec6f
final,news,97f7d2f4f953c45a1b368d5005bc0ff82351f072d573f08af26bd810011f0592
final,news,670898fe20044e8904ef99f5cac7da18f7458d8c6cfbb7938ab4e0c3117a0eeb
final,news,cf4cf414c00c9ee6c8e0282d977046c30debbb0faf460e5c697fd656116e14cc
final,news,2e9088fc9526f0b57d560c72c6b7d13a733d06266dea68fb80898b3f43752b6e
final,news,609ea241be22cebfa6089f1e02171b000083b4260f710a6fc46906ebf4ee54f7
final,news,e8dbc9de7564c46df73d4d17d7e55baf34456a60da7434712aa897d4cfae3b44
final,news,22b33e37264a3cca33562c89b877a318d36fa32f7885b89958577e4f100867fd
final,news,889e290cdc0c1f79abd99a86ccf5209c49cf6e9b71108592158d1a58f82ef08d
final,news,413f9c098c8d3b99411e073b186525e8ba83d442c5feb050158dee275ea98700
final,news,757ff1ab450adb3f2771223ed934df56c5e3b29f5ef7db8d25b7d7b3982ee74c
final,news,4a7c35777a40b84bf2f81971e8d9f3017c02d7267d882ed05816e547baf7cb4c
final,news,cb5ce65efc68c693adb9faf27d58c909542ea14358ff7b63259e0f155336d0b4
final,news,c1ad38f4668adb9914aeef110876bc9d6878ca87a7ba3934643cb87aa24d5dff
final,news,d749b16bb0dcf99fa739af93a6019c318b277b5b3311aba407248efbc5864ae4
final,news,c02d52eba550a73d89d320240f29fc12ac0316b03515d1c6b6fd49e0bac5a50e
final,news,855b966f03764ef7f679911361ecf0f4af26b9c2f9ba0d4d9c497e0d82a46c0e
final,news,9c182cf347315ac2e88340b84c267541112c3fa673e3a99d692f4fddae7193c0
final,news,47a5de54545ceea50ebc3fc2bfbdbc76618fb2e4f2a6ea39af92902a969a03ac
final,news,e916268962fda3da5808339e5e6521382fbfffe5f918abfcf295e6ac9c28a8cc
final,news,87ac66a0d50ec6bdffb88436b37daea46f1fd9be758653d6fb0283e9c1ed7b82
final,news,09ab7668d4762205539d1411c8c8e2553bdce5e6e07159d30b0327190760fcf3
final,news,2f7e28a252b4f2192d8b52271e0c6c70b92637b09387c23df2b80db91bbdfcca
final,news,0889ed146a8e2521560f304a26dff9d7c80f759f8e445ac1e289b675dc5a8053
final,news,0d9d688a55546235687f287d4d4fe89702c447ac08069fd6f919aecb3803857c
final,news,45120c0d001baa94f24245ba2309b6f145d4d9946015f30c551bb2f60b35aef1
final,news,1ea27895c10b56108125ed21cc2acd0c54aae47c81d4828a971adfe7e0407c8a
final,news,f2cc622daa52f9f89330dea5be66b659000e7e4015c9a944ef50a6b7312440a2
final,news,e873e40bdb0636e11e5ef2c81ecc375759b5bf4256f12b74fecd766e67a565c7
final,news,a7b3a80f4c940476280eb08c7786e9594955616e4721a88d3c915a6b33b65a27
final,news,fdf2c75b86133caa27eb8cbf0b2b19460ad35a5af6eb4ee740dacec46c2da7ba
final,news,623ff18678778a5e9e7e464b7d81a79f14e43758a8eb760db47fe06032d2f566
final,news,63adae9e44dceb20c4da7ad4c62e884073a3dfbb2dcb83370cfcbcb3b805a7be
final,news,471c42c4dea2eb0246eade7f40b63e4cb78c8f9e5fd0072f868ee1da204d1f28
final,news,5a9da55868401cdedc2b74c76ea9ba97fbd64161cdb4f378d918beb71c71687a
final,news,7a3b723a26b20b314610aafe93407578ee0c91b41d21c53ed5b1bf17f9ad1d59
final,news,696c80a76e86baa4857deb969165df543589c248e1352209d48c19a1b9c88479
final,news,2d838615dbd6935615bbe39e96aebfafa6d6fe7200de949f84489213b2251eb6
final,news,f54d7a65363dac9361169dcd34181f8e1d4ba0635a017c28e48eb2bfdfd2e5e6
final,news,e4d6f3e2df24c4b2f687a1690aa6b2f0c82d8dbd071cca199fd26bae1615891e
final,news,f9b83a84eb91a1987223d5075525ff24ddde7884346e423123f13201693fcc92
final,news,a6d010cabbb7704287d8dfafc80cb833c93d644494fa67760865562329a1ff54
final,news,304c123fe9c7cc72d0ef5df6480ed2edbe78acb743e44acb398315be6735226f
final,news,ed77e737454dd7c942878c45cf211c73ca28ec78696519462d88a224809f1129
final,news,e459e6992c8536605830df73fd0fac1b55dfabadf038b76a45a2ba7152a8ab7d
final,news,db311909f5ce8bcfc65a77c78cf86f32ad1447917b0bb7ffa71da2f549f51d77
final,news,ff83a2cdd9fe8843d49f014da601b0818a65cab44d746db99deeae185c56f558
final,news,e5436ab5faf3eb1913beff8c88baa1b3cb753cb6851613471ea44822e747ded6
final,news,dafdb08618e2b7a337ccb66341b5deec31936f3ea1b562715e61a28491b215ca
final,news,af7e21cba8e0bee9e38c76909f1d77cc2ad2e14c663070e51f8e6c7ea19db433
final,news,91a9b13c36c5f4adde75f13218f036919ad0e75aa5322edcc40188276aa2cc74
final,news,92f6939ca5f99c6b80ee4f0281daec12cf537958af85efe24d0b67121213b44e
final,news,449d20ad0834bc73225020f92ba2e17a793958076d2ace1cabadf0d4f1bc5dea
final,news,4193ab182635ac6afac326f49812d94fe32ca2c675801d22c277742ff967bdd9
final,news,cf5ed287f097c5643cee9ff908730e16867fd00917c57ba9da838996b2fb0da3
final,news,e812b9f7c75be4bae252eecfe212d2453c8a23fdd350be30f48f8eadb28a2b64
final,news,8c77b08cc6a5485d978a1c47ec623260b42730cb1c4b2701de07e6fffdf0c3f5
final,news,548ffc0742f92e10df5a735e9453c868139ff609b1b29581215b6360b2722ace
final,news,8d98f1814cc0be0866f65f43c3dc73d8ca0aea6d5a9f88363813f08c679f7241
final,news,32c50564652a55511d56ac972ceda5932ebbe3e4cc4ae445bc5237307c789a8c
final,news,ada5176e6bd3c546b99b0944520ee08ea2c1cf98d9663a7111d206fc71583d51
final,news,2d1a1370f4e93485c195ee999f40e303f05772ef2e3e62026a68291a7358628e
final,news,727af85ebcbc8e026f03116aa03c378a54c2969a33a7c2d554b08da61aeef794
final,news,c4d94d38d094b6e4e878963aa2cc1a1462717c4cda044153df2399c96466d1ea
final,news,b104e06f283a7546dda2a7bc70f0fdffad85f7fd9533587a1d0786de7dee7123
final,news,932762d21461dff23e57a4ffad070a14828ee5be0afafe2937db7f036b69e746
final,news,3ea44da93ff49bc60bcfdafaa176a7fceccd38b92bbd9eb8d373423e6dedd88e
final,news,4b162ad92b70540763e47b731668815b83d891419e1f3937bec6698dd319a0ce
final,news,d29ce078d8bba63288fea66081d2d3b55e14d171525411d7a750310dec50b6e5
final,news,fc8dfe4e0fc7cf83e90743a8679d1ff1221bbb7403ba35b0b8b356e93ab7a8d8
final,news,1f809cb9a2c079c01838ef5b1608654d1d9801e6f3b384bb511620067caf6887
final,news,e92f3fedc203418bb2a087cd8410d8b85b9aaa89eb1b2ae3c846d66fb4aac89d
final,news,22c08163ddc561d9947812c20725e2ddd27929a0f3ebc9f301dece18721c3490
final,news,4b30a772cbf500d98f067089b0a4caf0b4d67d47da58406947abd8d31d8b8ca3
final,news,d6dd4cedef9d9d40d5d37f75d6f49c3cc8ccab30a519bf866fabad0b7cd77fdd
final,news,fc2adc55e3fd26d7806aba8772804af80e5543f1f25149aed51db0629efb8339
final,news,f27654a3685056ab58934eb363e8ef5c279c2789dcd85aae2ec54ce432501f7d
final,news,02aed1ded53332219aeeb590b6268aabe7b965f94181c1f48e6376f6b62b7fb5
final,news,a9aeb566e8e2da5377efc4b8148e46e242434075e3ae3859c66ba59a276cb312
final,news,0e159c1866c5e8f09a272ce765d2b1939ae3c40bdcaeb14a714360bb321dcfdf
final,news,ed85ff1fef33ef95eb864ab53d40ec314abe289568a57bd06f3a9bb035541170
final,news,3163c777e9c664bd36cb383e44c7ec7e2e4935a6d287c2e8a4e76108b84b9f92
final,news,76eab2e745794885b1223df7b56648971eda6adfd44b5a4e334d46fe0413c4c8
final,news,eb763126d9042fdb40a7deaf8a56bbd604d91d8eb26c8a37b7e12a66be2a340c
final,news,a6346cc7338b53759c95dd184bf2bf5b00e3d2292a7dc9245524705aa9693cfb
final,news,728e62577223344489c915d4cf87ca1030e382a4b988c7b720bfb2af8e9f2900
final,news,7073d881dff3d3ddb33552f806e9a941524e4d11974bf7804301840ab12cb6ce
final,news,584fb66258262aec257b987fa6c89e872f0d7f46cd087e4acdc45b235fbeb7bf
final,news,decafe47e0ed88aa660fd0273a62866a3806b1c252b265abc8a50b1cbe01ace3
final,news,872d823279e95d97a910a8f7d9b4c653404525116a11fad06c5ea1b70e535582
final,news,44d3c91d245923c13fc99af5c9aa45e291cee41f458b7cd1fb7f63ba44d54b88
final,news,2c7ae302381a7ef46fb3c86c4730f837bef64ff8964d5c5dff7e78a43e56a7bb
final,news,b03a2032b0e1b4cc5d746728142860c24b92e85221d8ccc83c630c939d18d978
final,news,c40a50f3042e93ac3d52ab98be550628c86ee166faa9162f6ae1fe317aa343fe
final,news,9c6043ba3fab10526958fa6f550c7944ed2e3897fa2bb8b89fe0904fbac5c180
final,news,2409df8d567d1946eb60922e53d0435b665132d62a2b6614c255d8e2c4988346
final,news,d767e613d5623da95db9da60945c85331d3813fe1c455e33b0b88cbb9aa02c09
final,news,a498a5b53fff81ec65eb04d1753ffd462047b03528db1abc435f02b35cf1831b
final,news,b1744a4cfac67de3829c711aff0f4c7751acdaa3db53982202677009c2b21596
final,news,c2cbc86826b9e3393442a141e0d9f17be5cac7fc5353f60a80d8d0efa5805621
final,news,e5f57379902df0248d3e0ccfcbfd47703e063a55c38baef575e83e2fee861cfd
final,news,53fcb8c5858bdc5e3cacac3d90c435fd44a53e4e634603bab3339ea07b8e92b3
final,news,f50e40e161dfb12abc5f5ea7efa67aaf80bbac7be2385b777e479762496b42d7
final,news,e2cecf11dca5df9b735964a590aa5944dd065c9ba6ee36a255b9eb3a9396866a
final,news,1e941cad073d7e57ad3d645b427565f1d29024b0e097ada4142f1bfa9a21d2fa
final,news,bef64b2d00babc29effd485a86ea8b7a657beb16d39bdb0203b74a6d3ac52716
final,news,d4f2998d13300b8a34439f4bc41ae916f0b0cef076d081e3b3f91c7ab70d0c0d
final,news,f7d1885d28708b1a5540e4091b26a1cce73b272882a1485c220607eab99f3f12
final,news,9f24c619daba70f455fd082253edda422fbf0c4b847f177bcf208620fab45acf
final,news,4bd1ad65840258b47fd2c0a382adcd642c098a63dd60aa0a97503efe4b6d1573
final,news,7ae7ed8c04a788e2c11f880257b7b0f93c8fee3157a2a9a5abc418627874fc3b
final,news,a2fbe1ddedb57710c186dcbfc2efb1dcef29376bd4dc0910967c0ff0c4028a80
final,news,d27875ad59b0682d68b622ba5b5efdaa0842fc67198c3b34675a52c39adcfb51
final,news,e38dae536f5c7ea889e3c86c3c8d05292034078ea42e9488a5a841479d142499
final,news,08ebe3567ee2408d6af3f883b24cbeeef182057c6058b9346f07f8f3d7722262
final,news,1b27e245bd908d68f1f150d40f51be698c316a81ab7c94e401d0cd28c2342ad1
final,news,77ee4ea81099196aca34c5f51589bb0473085d006e5c33f0c916337b25acfc8d
final,news,5c4cc665eff7d0878359ec59541e9d270abe33de59be3d1dc105dee0682ee91d
final,news,96c05144fc8d394726321f66cfa346d3af3575b4fbb5e8b3a6a5f78130f58641
final,news,445adc2b50df3cf24017d4cab8a763560964089957d004ca2ecceffdbd0e9030
final,news,15365bb04842559966ea86a85f131ea24ee8585af16b2cb7a31a2040fea2d5e8
final,news,807cdbf8710b48d01b718a26c42bb1170d90c87257d2f13130da9333848f66d4
final,news,9b8c86aaa7bd35716076383a6007b80b3a681954360279ce07f17d65e4101cb4
final,news,45337a57306916978c0c3483927d6124df84e063dd78c4075ec1e677d925a638
final,news,574ca99c1c17d01a024eafecacc51c0248af038c10a1b19e4080e500cfed2efe
final,news,eedfe21e142408dea8b0374972281ace9b0d45aa7db11c70cf6943ef1d1233d5
final,news,fb6e776fa2edc969a64700e3ffb6f3f84f7e9ea190536e6204759d06bddb7f69
final,news,807bd99dd0466eed612abe9198daec83ef19dbd9203757d91587deff3add880b
final,news,c80ad7983eb187c698acbab797bcdb5bc323a1773f3e417c35de3471598c8411
final,news,1b60611e463b77f54d8abaea53835ae7f629318b6a760dd7bdfffdab87fdd9dd
final,news,9f610e8786c22a83be81bdfe56a0e6700c40590dbd20fbd2c3420ee9190a8487
final,news,1a6176fec639eb8cd452b785325aae2a37f690d4566b9045d3a196f3fca071c9
final,news,4eccf4264cada34289371b4632e01211596807a84e55c2c441b3bd903405671b
final,news,7182c4122beb661a7f552963e97e96debaa0ff3075b333fca622dfdf0f1c0d33
final,news,b78bc73349538440f0b321d6bfc556d1d4cfa275f3367b444ab79e55658d794c
final,news,45cf0a304d8d7445ae84609516177d577f4d058a599873c67f29d36c05093790
final,news,d78dcb25259146239644b989e736e4a7b2b059b25b91fb690f71a71fc463797e
final,news,2cd7d3b32146738ada2b797e16e272d6538dc8776811b2120722b10ad2520e02
final,news,84235422da29968cfc3ee34cd90568075a51509ffb7ecc6cf4eeee6bb7d89ae5
final,news,58328827527a863ca5c853256ec93d02408167dc6f3c469cec74bf6489388e89
final,news,f9ffda5f42b0c5b5c3a6024edfd9662e66f7bac3cfb8cb8f3cc56afb84c6dabc
final,news,0c1b7543bff10ae3c29b51f2ff2f980a29bf3f27267a151dfb9f5067bcc66edd
final,news,9717d0edcdfd96728654f8cbdd05e4673b60538d1e95f29552a6aa84c138f351
final,news,048794bf3e80d387fc24dcb0be6f0be26ed12d7bed3764d94736840845d53806
final,news,3dde4446684c340574ab2cc57cdf14ba10d6d78332aafca20fa252dba18b0f67
final,news,14fe936100e3e2a45d205320208579afa8d2cde3b12e7bed9507996180107e3c
final,news,2106182c051e5e8e8d3bb9696507af64cc483c643a5858884f68d3867d1cb03d
final,news,56c06ddb9bdb3caacadd6349de8df74a642703f7a16b691a91e3b696076cfa4d
final,news,1e4ee016a9ae8efbb7f873c900d7fad4b073628d543b2f3ff33e02c8d4aa2f60
final,news,d9a3dfd7c4bee3fae7132bb8309aace534afe080b1531376c28deff1b1707c33
final,news,82328d88c899cfee3e54d40e86e35ee9a3d26f5541e17a07ee00d8c180390ea8
final,news,da7df5ec314594a1dca449d3dd5a1b99b0b96ece283c1478d116e4e49638c778
final,news,e29ffe2f314c732ea5662bb06933d3a57bea10dde1a9dc003b80373b03a8095e
final,news,860ecc5a173754fd7d000c1c6ee73f49adf9e30322be61d06378de511ca49847
final,news,82473fa5d3be96b351d98586bfec248296a80aa4f40cf2e4529682e52ca525fa
final,news,6a79e201f6128ad18f2ff20ef29449ffad60c6dd2a3e6dba647022ff29d510e8
final,news,586dc40f9bc96e871accc4d25412c6a36e2494610b897f21a939d72cee3933d2
final,news,125f03bc328e941f4db6cd8dc8867de8fff4cbea70b3634fc9221eb698dea945
final,news,9a4964e64e16718c3a5f689e03478efb03b772c7c3bebf9ae409ac79c4aa4d0d
final,news,eed9dd44146550e445e2edcdc2d3292308f2c10ae63b405a5eff2e9724849e95
final,news,8d3ab7e4cc049a9f487e2f5b5611fa3c42fccdc9d625c56a3cc8c9f2804a7b6d
final,news,ae821169cf004a3af90921a2ac48056da0138c3e1800cd3474cd2df98ce0688b
final,news,5a69b2edd515468f221619e44bc53f4e7f23815c51c3d7b5248903388007665d
final,news,4a44e00e4931aadf582f1fb077a66760536631b0fc8e98024382ef6d25c5feec
final,news,8a4257085ea6ce5aade72d257d963c084f643e43addd9a8c2ca84b55201b8e8d
final,news,8f2a21b4f7c06b5e9b6c447d736019f74c4f2391d93d9a47063012e3e38801e7
final,news,bc65d21c5d7a6f9ca5344267fef3b009d215bdd2a4fd1ec0484d9502718c9327
final,news,5333e647e856db307e6b12850a79489e0774ebe3d24847ceb021adcba5f45a18
final,news,8e2c2d11fd535b1a4925dca52e350259f00c32e31f6811db8f478e3759a82c37
final,news,cc514a7e71a86eda18604aee96ff22791c802bd296250ac1ade30f52f32cc75f
final,news,62cfabc58137d956f558bdd8cca9d62b4a20bd62bfe4f7c206f47893b72e98c0
final,news,3fda6e1f4aaaadd23355b0dd4015c305d579ae515847da4cfc4660c44fecc830
final,news,e12e7b3b976ec7d984d9298670e83e00240cca6589a235f8947e30351c7b30de
final,news,e34e3276416a4d1380bbc9990350a72164e1277ad69aeb421de3d8b613d88c52
final,news,dc0ef87d46c845893d3441b4c7a40db2629427d09ebe66d9d68f270a77c6e388
final,news,934f6bdebdb56f18abbb9f79205562d4b962b5024ec2c33982380d798bc7d106
final,news,5ecafc9519e31659ace8c699738594f0909d0e7803e6d938bd111366bd9303de
final,news,e164461741903181ba484e4c3aee9ea5163103657b0afd24405d2a760d7a7324
final,news,455b52299a9ab8fb2dc536503e2e9c93b2798bc0dceeb631613533be38f97b7d
final,news,ad9152b391e834c2f88dfd56e59d7b6010289d7d31727ee168b42ea1d01cc63f
final,news,357377ad8a1d4f265ad55dff9253734d188546fffd9e3ee48c1bdabfb766296e
final,news,a3281f9b5c3bf1df2729a3d2fbf6b11d21163a74543de5310fe6b5e28aae270b
final,news,e13f6d3034d00c5ef8a71d7ed52e110cba72cc231a53b232654b3610d3702427
final,news,59809b6e046c370a959fb7de1d39fe10e8ecb83a14b9c10c09fda54519654d9e
final,news,c12810cf79470485c86289eefbe0ba2aad91787b27f6198a07ce60df1f3f21f3
final,news,0123342e657ec8cd27f010cd2319176229fe3ae51a4ca0024237af6cebe98991
final,news,145ed9af4da543ad876b1174dc5a1fed420a93a00e5bea80d24cca5097b90426
final,news,b2565c860075e9a084d6db8a921f9f6eaf2cf7da4100aff97186e6467be34a2a
final,news,bcea6e00576a8e1c107957264ace8aacce88d6d5f6a600f6bdc46685cc5c1cf1
final,news,dbccc856dec037b474895bc920f8587336834e55c1b3fcb5a6a892894fed5116
final,news,5fe7b58727f8a246acbd5df24128591fd631e065308a9927bf367dbea5054463
final,news,4c3700122f128ac40216e35cc74cef8885e8a02ca5fde66d69fadedabb1e78a4
final,news,42b0268a6c0cbf0c21ba56248b317dc88cb2f4378df3b42e2daaa2808b9aa028
final,news,256dce433efe642b249731aac433e1e4292b15b0899dd3d22f62433bca1b6ae2
final,news,942a6c61f6f67ed366bc6c7560d43eb7e110b27f2eeba9ec1ed172b04753ebf8
final,news,3c012bf5b57bee543dd69d6c52e9a13666dc137c62933486facc3871108b80b9
final,news,7fd753f35312d03d164b96f9a4d908292b9258849047490e77cf08e5d6c17608
final,news,288f83641e63648a016006e6142f629bccb2eafb5267de91082e6af0b092216a
final,news,16a689e338e9081a306c6922f7640e079b0959e34c69ccd8345a86f031da8796
final,news,d898f2b5d4a63bdba797d06d40c92e17afd731ed41d1e1176cf81cd1878a7e45
final,news,f4169ee21b54791bab80692ccec930ea2b61e9ae2fc977ce842555cfa6e6667c
final,news,21233369eb6bae5c8ca7eda91e4107cb766c540aa5f04d2fa98d50779203b9e8
final,news,915341d76842a64e1ecd3edadd7adc2b25a2a72e8102cc1d5d4d46db5eb39ea7
final,news,736a1d52c0911e2923d2b9ab3f480d6316829b7606974313afee09938cfd5b8e
final,news,de244dc48d09816c494c5fbe07f57099de807dd482d5766c225d89308e278561
final,news,077c0590600e86d42347c0b7c7778663dc200d0f117abf3458129038df5f01dd
final,twitter,376b10595ebae76fe3d5129e8f7554c108b1fef0f6219a5ca20e127d77ac7509
final,twitter,29274b297b293ccb04a7fc82372a309a749cccd52f5b31be4ead0cf9f40f9bda
final,twitter,698d1efd18281d750728590db879d5e28087e0968337ebeaa47a585e703631c7
final,twitter,28b845b8cf6767bc34535a7ec5b42047878118737373f39a25f767b3b8b33f98
final,twitter,646789707a56cdbb2626e65f277fa312ea303447ff353d68b74af79fdd7e6ee9
final,twitter,f9570f69fffa5793bf29cff4e3fa8b1205d859dd8523b6db3e71fb495d91055a
final,twitter,0e7f4b9ffd31a71cd94b5d564c5b924a94b3773ae2cddbe3b300f1fdb0d019e2
final,twitter,73bb8f85b5e07c5d5c3ab15de640d3d59b72e01d90e6cb223d5d1db10eb45fdc
final,twitter,00a76f93e45ae3091051abe2b15b462c6cf8a541b444c34fe0910f73853bb9e3
final,twitter,eae904a4c21f0cc9ba257747184157909d40d489efea9dba906e5ee86f309436
final,twitter,f50e590d1a0d2dcd689204d2e23b05341cc54fa3a378df6cb0c24e6db80f5f80
final,twitter,d5998cb038b954d3b9a3c3a93e851ed0001e042172d8e0707ef5a9027161f3f5
final,twitter,d48a28e8a12f5cee2534b9cdec300e3148240c1b0e1beeac86b1406f7c6f4c09
final,twitter,f88e423186b06601d31f811f5a74f08911bf1245e280d8c8e30b4f053f822c5a
final,twitter,5047c53d4df4a02716537df5bc9aca7b08165229a734a5dbe624e78324d62d6a
final,twitter,2de81ee18fc4cafb6c93a7e2ee995155e5d09de34fbbfc77d04362eb3a5b0615
final,twitter,efb49ea0c1c2208e5b9bb9eed8349cb8c69fe4d188a26a3222877a337c3601c3
final,twitter,7d0d372a9ba6196f4233e3efe46ec86437c5b28418325a7c1e10d26fca0a6b31
final,twitter,e3d4a75a22494649f1fa5e5ff4378000d3808d5548a9a765877deffc7a74370b
final,twitter,0c22869b988686d3e909ceb65a6178fd40735ea3f0c249458b8907e448353758
final,twitter,406c168c75d40e1dee1c9faa5afdfee849485ab6d55e9775860afb3fa042a044
final,twitter,6ee4f5eebf9b6430b6785bb9a9df033e93fd54a7e35eb4612db14875768f3860
final,twitter,1f57ff20c15d747d5d7f9780a1cc93dbe55479bf56100971aafcda725951995c
final,twitter,b8643a2544dee1ed125d26578b747a53d38cca7f874b3312641205e6504f5230
final,twitter,001014c52f2c1bc238c7433e98824ba8557d9a5ba02dfed09248c73ec9a1afc1
final,twitter,9c24faa66d33b43ed80f9d58e6be966a35cc9542b98ebd8c59c29982c2f8dd90
final,twitter,c9cb98949656c8e2f4c0f529a8f9af9584068beb5675c6849d5dced54e492325
final,twitter,e587432d069bcb3145e63cbdea0cb211666754677bfc254fab36bf7e6f2d8e70
final,twitter,b9a246f673947f7381a58fc60048d3411d6462b4a780c0e177f1356da52b9aa9
final,twitter,8c1563a640a530f9ead1e7b3340a9cb8f400440a668a929512a1db8f9e0aceca
final,twitter,acbf223812901ea7cc1dae5759638bf7fe78af047c772dc11d59f5e3b23b5505
final,twitter,3ac4300d2397c0497e9e954ba0c55dfabf18a9206e1fad5045ef28c0683ba936
final,twitter,87e7909eba14d5734143ebd7751d08ecc9dd5cce12deaaf517d851ed575dc59e
final,twitter,6abdae8f5a046e6c173a9d9db1146115e96af9d8c35004260db570bdf12b544c
final,twitter,f4a1b467fc533db65bb3aaf38e9607cfa1f73b6dfd57da0a99c22a442a44f29e
final,twitter,1ed2304017068a078adc8a380d6c0d0d2f71512acb479f29b664f0e3c6b4fc80
final,twitter,93cfe0469cc92a17f15af7d5817b6ade7d0a2155ac7209a2a139fe503288b9d2
final,twitter,f8021560495a13f1629ad5c6d0ec7fe67ad248fbd83f6a66c23a5566155630e8
final,twitter,5bcbe5ea28b69fb985c8525a8e6a7e9be8e11642ed7d8e26c7c8a273a3175ada
final,twitter,79fdfdeb327b0d042961c6b0703dfa384834af9991fd00d96794d22ae78d5300
final,twitter,6015806b398ab59fa46c660dad0cb1396856e72111026a54b4e7d71d42f5a979
final,twitter,fec9d27ce443c1d2490d00d0b3b9baae977e7e011c942f63e16c6de6fa2adc2e
final,twitter,489d0f9a7bcb48fa842d708bacae60915df131748f47158cd311d7cf2e032ca1
final,twitter,8603908a3bd44979f2f780826cb09e22a09d97b77785e0c39d53575aa95a7049
final,twitter,aa5c6592f3af5845eca3001ca9dddea5882daddc93c789d6a653d783603799e2
final,twitter,aca9bebc1c571eab395015dfe1404003a21c9ee30ce04f75c9284b48c4c4cacd
final,twitter,4e2f4a0b619443e0e239bf0bc13b2560804608856237aec7e99fe2648e3c5c05
final,twitter,863d9204a23fa85bfa2d9b314ae676e65ac99970f1d4e937fae18c4d1314ceaf
final,twitter,f43a6a17a0eeada118e96fcc52f8d534bc1fa75dc738293d6c621a704cdefc5f
final,twitter,d482ce04fc513d7b080848160c0486946912cf383aa81f9cd6f0cebb8602add0
final,twitter,281bf527cd0df886fd540d696be94c18a9aba2d6ab0a27836e7b8bd9d9d34cc5
final,twitter,2ca8d5d6ca1e0460ec87e10c743c0aece2239ab8136608af500b44fcd546b598
final,twitter,1647627164e447b32592cb952a352302d29ce1f322775333272a6646e2365032
final,twitter,9153b84c90c9049a200b755514cf518b5d8c20cb6bc9fd34cb16cd65dd3f38b2
final,twitter,76ba653addb8c5857ce6406520f0d6be52c7a34be8c68d9175f53c25787ba1e8
final,twitter,a39977f8972da7fae3659fc4a27c4210a2a9418d2e7f3d0ef0fca89f476be334
final,twitter,6ef96dc21df96dc697f6dca36f2551534829f753e848f4ef57d41886b2216585
final,twitter,ffd7a20502578ec50ebaa7adf48dd02b2bc883116fa151c175ee9b82c1d4753a
final,twitter,a8e4f335c7018ea60364f322f9f8ebbcb481af5c6336237680ca8077b3d3afbe
final,twitter,71f2a484ee3650d11e5ead337eea7a69682eb9af81c2915ff936f9495b0c2dcb
final,twitter,620019b2c07fed9466ba23fbf8a06e2722231bd8d871e290e39083043285b4a1
final,twitter,47d52e198ca4f55c8de69f20e7ba2becf035a1c459f2cbfd6a1b5962f11b94cd
final,twitter,60865a6d5068d12e5cc46323499cd2a780b114af5da447c12a90541ef0bdf66f
final,twitter,c9c1f19bd8b4121ce4a9c3f156ad8dc1cdd9175655fb8c14460807917d74c478
final,twitter,7a63dc69ffa2ed5ea15907c85aa72846a1840d3b8d824d47a467553723630ecc
final,twitter,aa613ed6432b2081cc52bf7622d8a22638c5694f7d5936ed3b4660c6dd205d0e
final,twitter,c3413d3ce95a5c25f064abc159b6ea1b2af1545935d28ec928ebb23f4594c72d
final,twitter,a919fb4aaa5d829deea9d5f052e41ce4553d2d500e2e5ccabab756d1a5d7c1f6
final,twitter,e9c16d71dce4d30d8ea2b644e2d1ebeb05ce6bbf968627894ccee24ce8a0c675
final,twitter,ef9dd8339ec3bd72d4c7d656d1ef8e078eaf4ca0a37c29d6de72c54df2ea954e
final,twitter,46b90ab783cb3671d18e17e9f829de98bed21812eaa95a4abc2c4d6b6e43d07e
final,twitter,0a9817e99fbee0e9faad0a6b43a9860b41edfe98ba95cc2b932aece600e09c1e
final,twitter,331370fcf2a66c83b1c37f0e27752957d17173b7be43b68faec12bd7e3412524
final,twitter,76bbd652c3c9e7da866d6ada6bd2076c01353d6e5abfc87d7418cd6bd02b43be
final,twitter,b510f38968fdef99f3aee714944ed9e2ef945d49a54f59b681920304f1b2047f
final,twitter,696eab276e321e2e206575409072b46f0aa6cf395bc77d57e7c273d7043a447d
final,twitter,8f95e4d15c839a88e8bdbd6610c5c973bb18608404275d276315b83999507a35
final,twitter,efb8866245b33b415a9f83b268f810f3433268d136fc12b04abb347c9755f418
final,twitter,11903cb18060c32c0f989801e85d00382d834c0312b2ca0383203da6a8909465
final,twitter,9ad44c8c6d259829a0f37f218f6e96cdb9c85affa665d17f3c966a5423c1ba07
final,twitter,284b3a4e79c4503cc0ed195fce0f8574f132704fc3e3f7da3b0a3f3a737ba64a
final,twitter,01cb940d6a774367a6fd2598fcea858a7432a8310f40e8aba90516b263ef52ea
final,twitter,1fa877682879f5ce2936f77ae56537ba5df1e6a28447bf2d4677c63970311312
final,twitter,a5083c32c7130be0d7953902448d5673cadc7304ad57d1dad9bc3da6c226de2c
final,twitter,3b102d476d6fd905cec1f062d90fc89c3661226e5250f4ec6a786dde2b5ea8a7
final,twitter,08953f561f84926c8c10ec687ba23b15ebde6745b19eebbcbfff3131c6f25f83
final,twitter,7293ded21f9e6d64f5b3fabfc0fe67a30c1ad23c0414ab53a77a4929be17af10
final,twitter,44badede68b7111a629a1044dcfa8ab1e8c10743e1db1a9474cfad32e9915259
final,twitter,38d86eea5a0a7e2010948e89467670592fead640901d13a188aedceff6ff1b5d
final,twitter,e9ec8cc0e609e827097eb09fcb65790e701eeb83e26eb06591e2948749bbcf63
final,twitter,6e04be72f8b81cf2fd4011fff43e9f90e8355d4479481d26a829c269daacb449
final,twitter,caf7ad344fbcf32aa29bb42ce450481840868f1a00379670906105358dda1361
final,twitter,145e8d29d92257d54e507a22995bc82f8f9704ea332b26013be43e9f620fa23d
final,twitter,a3b7ad5c2ba82dc15c539706a439b28b910f29536eda4e10f17346d6d524da28
final,twitter,32ff3d1ef3ceb5693813eadf8104e023ca132ab02ec339a8f7119dc7982d85ab
final,twitter,f9b027eaca431013ba9d2d3776347253da7b2c3a273ebca96c1a2bf37b371df8
final,twitter,1dd3a63b3a9efcd93b53e0ecc0dfda89d4c98961cbd59b96b948c3773cfe0dae
final,twitter,cfe36efe8b9895cdfa709179bea9fba64090283ea1065b60a22cbba81c5f24b4
final,twitter,e392456eedcb1985a72b29ff347504347b395a089683611931e2de3712f9a8b4
final,twitter,2a6b84248eaea47a4b89d3041277890f4be95ed41bef4b5ecfbf1367c2711b71
final,twitter,6cb92c2a48c41613ddb1c64319719af2888ffc5d03137ce977c8a4fb1a93c995
final,twitter,4fbcf2f9396db26aefcd164af9b46fa977bd4d129d300af35996eb445059c3a7
final,twitter,870a72b8fa84c351119ebd0ecd2bc911a9144305919aaf4f44a7a7595ffd0958
final,twitter,e920ef53a00f6bca746a4e827f5815cbd9bbcdc33507212c1797ba0d4a83ba21
final,twitter,5371f44dbae7e111c40a17625f2c0debcedbae197db6640adf2954fe1eef59ff
final,twitter,b7867f728769de8e884b84b82fd626bcde3b10f346bfe9441c43cf1dde174073
final,twitter,02bd7fdea30eceb63a6442098c958868b12bb7ea8d9a3c15a319e659cffe1e38
final,twitter,ca9769b38458c726181cfbc98045bf62d13a181e3b7a1741f92df09ee7bfee82
final,twitter,113175fd3abb03f949f583679c1dc2391c0b271c1294c0307b526bb85a18991d
final,twitter,833d8e0051b737515a0fa4a650cb33fcdf0543e3d4e1f8033887e46ed76adf5f
final,twitter,52aca3907114db17f153e0a4fa536394343dd03ff618eb1f6cc9da01a70322ce
final,twitter,8d829430ed28c216cf1f5ce86c4a91d9626f1f23f3a03a62a31dba080706f0be
final,twitter,0b5bbca10997b9de6ba1867aa4966ff833eae9862bfdba2d549172e38e6a529a
final,twitter,601524c233cbd258a1c65b7809415ba4aa42ebb90342589790e25ef63083aba2
final,twitter,86ff5f007efc3a3ff3cddcf331ad686641e0b083d94825c4720cb9d2e713a04a
final,twitter,8b09fe0397d76bef6db474205d719483b788d79abda545d38cb347fff2378893
final,twitter,b706e9d339ac0a3a88bd10d9277ac7cc74dd1392f5d91987b602c43b05e1f2b3
final,twitter,05caa87cf9ba3528194711bc000293647a31e7018e7fcb8a78a88d0f6439fbba
final,twitter,22635f11a80c2952f2ef227aa5a6d884bc40fea17975f988f7a86b05cc79373c
final,twitter,f59f3662fe5cdea174b8770dd34ab777c69e8b5fde6cc84cbb54b398c45a3482
final,twitter,ec0bf367491ac4a847496060902f9c0434039f44a4cfa665c3a1ceb0c55ab698
final,twitter,f5ad35e2f9c593936f50e005d3847cb44d366eb2d0495d1c1a492d2751a78e47
final,twitter,52368dd592cc63922dca743e160232cb1f6e06a0957b88f5c2fd4df5bee3c647
final,twitter,32fcc4bfa8701c85ddaa312bd280bab98ecc3689d29133c8c836869179846c13
final,twitter,cb54d0e8800f18cd5652005222e86762b755707202129d82db6f3fe0185a4c76
final,twitter,4b983c6051764750cb04cd7a4d0628cb1e5203b01eda028f58434b7aeecf126e
final,twitter,32d29883bcc498e6a429774582b6b193e282effd7c0aee3decfee39b19318aaf
final,twitter,9b6da7b09265cf566e3c5604036a8b0d02968ef96c6b309f56e9aee82ea59344
final,twitter,eb5594dd05a9cf7861acd24a825f81d341e3fec2dd7c3c850cfeb5935da583e7
final,twitter,f8fc8864663569f1d13abde94898fedfdba30958072a9d4fabb7bcb914395f26
final,twitter,394245bdfe12547e043e6c94ae5e606abe032e1caf26eec819cdf68b734bce1d
final,twitter,9dafc81b3a2fb967a4aedc7ccf7b2c501c32ebe40e98983fd3c4417b70224829
final,twitter,98dde4b948c107c362f4ef94369a40a8816d0bf0b99a38ab1393071d8df59601
final,twitter,3f5c61bf35a51993022463db28833aa31e80d2fdb392165e5b50fd6b7df9e69a
final,twitter,77df8d09cffe59533aa77d5156beec39b7d8942bc6d0c9705c7c4003b869b09e
final,twitter,42068dc4d0dc44278f80bfba533a707db866884cbea4cc26b6652ef39e8eb967
final,twitter,287e26e0f68b27bdacb4b8d08638a525720aa06b57be037fc629afd055f2e451
final,twitter,c7ea2dc8964a688b886f7cb2dbb6a8a2702badc91eec018cd9e22e0719b105e3
final,twitter,e95c9f503d505bf27a23b6818abb7044bfa8114c7bddc8a9f4ddc05b255cb155
final,twitter,818eefcbad1314d67242d2f523a67780b8804895961802dfd646237b62b384de
final,twitter,87c01cf9d013e8b8d77620f8a9d31ec69ab7143c78b6046fd3e30ae8884a6241
final,twitter,55a1dc171a3d525ad8696f3b557bfdee11e14969a0e2be190ee40046893e542d
final,twitter,8e9f23afb703fe47c49e187c35767c2bdb2c0471d7d26acddf1b203aa3988217
final,twitter,d5844f00639bbe1b15f109f242b8966280464018ab8cb69b1596892fd43403ea
final,twitter,58c69034d6cc8a4ec6a51bb0f3528d17e5d4c79ec600daa278fee50d07032a8b
final,twitter,0f166c9335e6b8217dc34f1e63bfc13ebd32f3364a0d800ac412a600bbed98f2
final,twitter,a9f1871b0cd1610cb72a3f87ae72506063de0df5093c29efc1d01ec44ee28df0
final,twitter,cc56a40a9e0a8aaa6ad2a9f5b8205802384e5fcc724f0d21807132264d18e5f0
final,twitter,0618804855643f90634c5b85fcc4e6d104ffb680e06e751f89195723c9be4350
final,twitter,5f1cbc0fb7982469f57b79e551bd7535bae280311b1c3ff421296c844d31e9e1
final,twitter,c4b7401c566a41f68d85bbf17c935592922d57b0088ade1e2f6f8ce7e070fb16
final,twitter,74b8290da588d46bef12cc60124d1b287366b66396f71c083eeca58d09e9e364
final,twitter,73961ba86b2f7ef1eae37eda3b4ba3d46c6f498b53b19fa7ce7ece2d6aad1a71
final,twitter,c6925417df76485ff60ee2de0083baca5fef10cd7ee44993c86db2dea4f155ee
final,twitter,27d0848589c931630a2f27cea421ba306eb65a158c8797dab0e8c4aac037355f
final,twitter,cefa44db540ec46672bd844093de058614f1912d5f8d4d6b3f56420cd4cb16c2
final,twitter,2c04d59801a7831c9aa5b6e2197002536feb2440acc6223b35575d45c30c79b3
final,twitter,d932661b49f57abf8468cc6457c971ebe3341584359ba879a4efc7fe75e34b09
final,twitter,69a0c9ae943c3d75ab74efb22d563c7824037f0bcd58378ac65dc6ca860c99b1
final,twitter,d88e4b4863d0622fcbcae81cd8b3ada0e656bd47e0899450c23ac21938030820
final,twitter,62e4b9658cd38858480a67802dd55f246a6c887f99bf7b704548946f5ddd36cc
final,twitter,1fadd099f8843a6c02ceafe8fb99b09e45badc5d7ea6a7259b5ebc449c1d31a5
final,twitter,af14c551d33ea70b83be621def56fde80fec21aa7ca59a56f9d78988e412d71a
final,twitter,24a272ffd43346a4ec50eac380e76744f63c8e066c95514500cfd71b6db32ea9
final,twitter,f7b033bc7c9ad127cee9a1cfff6dd199bab0f690639ab809948e93fd18547b01
final,twitter,c2b25cc0ea92ad684026392459f6e343c98ef5834c769392ca2c4c9267f9a912
final,twitter,4777a4746a022f83c48676f96d047ea6ece8e63f707fcddd3e3f918dc2fdee92
final,twitter,29b0aa37df951720862953e7639f3d2da668c3672c934948215246c5cfacf330
final,twitter,b5a40a8c355a3eb554688f1659c4e2c4ca4ac487868587945278ac18cf70b3c9
final,twitter,771313672cb6d66cbee574a7527af795ebe0f943413154c49b2a40aa9f1e256f
final,twitter,a3b989e562abd4efce1e4e82d1ed6fd91edf762ba0652399adccb45a4bfc6440
final,twitter,94f2af6e77d09f3fa6ea1d3110ba26b33eaef80c061f415477641288aaa13f26
final,twitter,d1c47cccf649f65b794d1f2969cdb86fb302f120bb59f9138899cd2ac425027a
final,twitter,4dba87cf02fc4235807eadc7078d386fa973532324e23f1d6571032c0d8e715e
final,twitter,23a63480774d8a10fdf576b684d83aa0f743186994fbf7ef903559fd69527856
final,twitter,4aa5ffdb6ae4856d5afc9bbec467fca4fc718328d6bf001e3b5c4775a8557f07
final,twitter,857c94d1e16f3c85c3e3cb7e9a883e1cb89fbd6e7bf77a78cd85eb325d953e8a
final,twitter,e6e6a12f81547cb4fcafaf5f4ae0065b04b55a5da2e71e70ad4d8e3ca2905898
final,twitter,87a5eef75cede4ce569e45fded358935696253055e66855e5e44f914b5d8f697
final,twitter,9f7a7d8c60feb4b68aa6913f72bfb0c12d4064b6f96b7a6e2587cbff39fcfcf1
final,twitter,b3d1f254410409b42ecc5d8c87777f4a50afc6cee5dd181c685d072c45e2758e
final,twitter,8389616dfb8c3f5553c69b43ac4ff00a35e8ee11025689cf01319ece14fed7fa
final,twitter,67b217b144594ac37bce5ba822cf1c86fc02c77e1fb6a8384e530b8177d392dd
final,twitter,76d2e4dbf23d635db25bc1836825a0273ad57dc4ec22f5398c3122e69e863a25
final,twitter,0069dda4882fd357ae5fd95466022264e8ea5bba0a243a5bdcae1ce6eeaa367b
final,twitter,28463329a3983c92b3daba888ac348f5abf2af55c88f49f0fe08ad9b5afd8b24
final,twitter,deb9583b82f645fb4f03aaf695220887874dca2230de29e8c681c9d18035c1e5
final,twitter,4ecc10e5e1d8f04f96fc748203240b76d8c117aa8f0cda46e8b81c0784ca39b2
final,twitter,8f3fbebfc846229e7856004e1532e4bf72a683240eda42fe8125828b2374003e
final,twitter,9e34cfd317d15e1f8dc820185cf4d6a3a9d2e66b13eca86b8bc61b2db8a07fd7
final,twitter,3e4598eae2d7ff6f61aecc9716e8cf0229398880f7de22e5380cf383ca664486
final,twitter,edc712c6a9371350163ee6a887a79c17df12f7e874b4943e0444d068905d3bc3
final,twitter,4326dc62faf514409171723a73784be61ab342b40ef02c2de3da9cab29b7fbfe
final,twitter,8944cf2de0f309d903c9eab8ad1a7c8118a9849aa617de9e9a78a487de794c9d
final,twitter,d80c0bd51eb2a911d7e52982a918ec15c16fd1083eb996fc43909d839c963df3
final,twitter,5a8d165b64edc95c62d7251049c9f2a170b23aef6460d1d8eea11f38280830f1
final,twitter,5a63d7673afe6c3a354e96c5129f4e8be31a827d55ddc4dae51c0a036a27ac4f
final,twitter,9b47b1d240800c615e863e7bfdd8433c836faf5f3a19154aabded96c8c0d8267
final,twitter,7fecbe1039015c4a4843c4c6db20ae3cd76b389769a6cbfdab5a683b4655dff7
final,twitter,248e6c52e9531d6f67886d42a3733bbf96ecc4ebe914695d027da915abd1d54e
final,twitter,7fb5114d9f92515aab23c157181d9a25ad3b423dcdb5b43804bcacf028db07b3
final,twitter,eb50e2b6ea3df395abfed02b4394345d7efe40c6906c040b98b71c317cdc836f
final,twitter,4d4c4bddba690d8a6ab579fcf849ed1c81d42b8cf6a7812802a3c03f30a32147
final,twitter,3b11cce20217950c0c93e826057106c3192555eaf8f9567e33ea2a8f87aba5f0
final,twitter,48a8df6a5518f6b65bc6d4faaf675e60f2403fb8f728f69e4247cef3d6d60023
final,twitter,856ea8b6cd64ac6e170d7a0fa8321d22b4475de0015a98478fa58dbc65a2ed43
final,twitter,24fe8284e40e36dbd152d06c950d98d1b06424d2ba3760093f62e525172ba7eb
final,twitter,6626838af67dcf9cc92ca4fb69d7f14214b0ede464c0628e02f780d5b537681b
final,twitter,4c9161176dd73012a1f061f94c122b956ae9ec59d693755331b419faf326e99e
final,twitter,7f5abaade6663ac5d1df026ee191501154c6246986dac676540233fbc60dea85
final,twitter,b4e5c3de17ba5bb6904e596ea5db8176dc9fcb88c613b63b590ce37c182e01bd
final,twitter,b3a41fb33e77af7a3048a8a3aff654349814a971cc7282418c3f08b4fd382b10
final,twitter,2c9f3c19b9a819bbed32e0883f69b80c22016c4ca883fd1429b8bb1260446abf
final,twitter,919017d2e5c79530c47ca8a9232163a1e0bfbde40bd2e70ef0fb205c77865a5c
final,twitter,cbdb599b36991886b9ca06644273034592e65e94c6be30437b8778a2965e8c1f
final,twitter,3fa422cbcb73e9fa13ebbbd723bf65f5946b3a87f5a58d9ca6d8fb57ebb9897b
final,twitter,5883548edc64be76b53b08e9e4a4791cb360fee7b00ac4079095dd9e1625ad45
final,twitter,f8d5d64b81e1547dc23ba22295cea3653d4eb5c07dc6288bbe94f78c487cf8ce
final,twitter,8c4c160eb8bdfd709d393babb5dbd09de1e57fc2ba5c0a0e1da89cf910c8b806
final,twitter,3db7a4548af5ba17872c6aba428ed7f38c06a671c9353a6adb4009a20eb26986
final,twitter,34e115e91436d2b07eaab77bacd12fa9172433be5620a34e067fdc39580e5a2f
final,twitter,f6dc435adc9dee1f85d7833dd0103e0289c0205a38521a341436871df859fff6
final,twitter,836259a5f46d0c3575bd5d94bb8f8006a4fc76d78ba3ed3e5e065c402b772243
final,twitter,e8cf72b2c16a94c9c6828a7c2420147492cd7e8155fa26471d6c75b2cb3a32db
final,twitter,64efc9178db06ea8ec83fbfe4b8aa7c61f4e98866ff537aac6c7cba22e5c7c99
final,twitter,6ba66f9cc6e573af53d7a9cdcf310356cac3281c09f8ee60e1fa6b70d7dfae65
final,twitter,d1b01b34864ae25a6be2ea5684321f581a186a1ac5aff51c36429344b114f93e
final,twitter,73db1d92532bcc933b81a96dbe5df3fefefdb475b56f4e8dd90260add3f2ebfd
final,twitter,655753d6a40cb1386788f891a8458c5af36d25368eb244230be7bc20cf5676bf
final,twitter,748e685964e9e184a9e0753c5e22e6d2ce3a68b43d49c3988a4b2332c0f7a760
final,twitter,e9b1039a734b7f1e1bcea8d0b210b3e73e7a0ff938e2f09a004fead356569517
final,twitter,1f090fbab4f0e9e8ebd3ab395601b6cde3f49ec5e0c28f58895d49c9d7df973e
final,twitter,0f7adf1905477e1ba8b58347e8fbbf58eecb59fcc250c32460fea79ef0dd11ec
final,twitter,c2e34d440ea9fe1d384e8b274f9ef1df978a3ea251c350c735d4a94f2805375d
final,twitter,e7a559ef103779ffc2e5548c2bcde922536c14565a5e9c55499db917007829ee
final,twitter,6f624296e2b500f0398e8cf866872e1b2579a035df97219be1d0db4b0f6df7b6
final,twitter,c311e763499e1d26a628d7db5d1b9a6d49d2de467bca9d15f59c61ed3ea4f68d
final,twitter,bf95c759c5c3b2ff41b837e718de08c7800bf1d2348c19945de0cb50bdd2b547
final,twitter,64e196b19a034ca3fcc7ae6a7cf082dfc142ce801c0feb0372f253d12b764130
final,twitter,9d1fb81a7c28e71bb5b4ee36ec7cd34e6356d9f2d74932a7a679b0d6b31f3617
final,twitter,2eab90b9fc6de0d349824e5196b3c34266ee3b031b0bd04b0ec2c7014482c461
final,twitter,e66ae491ddc3373945ce91ad09feb5b84ebfc1d36bc23779e12512321975b37c
final,twitter,d26b0137a80ee80f80183e0b87ddd138b8f2be2c41a50b52a16629411d25e7b4
final,twitter,e54ef59f0c9c5cdef2c2758044b8a5f9c7fd1e456045f47363ceb1b9a90295e2
final,twitter,2175065b41d066ec61c84f47f84fd694e5fe5b5e0ce0f99326edadbb76db153d
final,twitter,ea3726b94899a32218ce7635e06ee533fee70573f121291057e20381354d1c77
final,twitter,2d4f9cd0b93957a206864e64ac1d59d44d7b2121af64939338cc2a44c8f13761
final,twitter,fd92785b474636fc7a82f019838a44700b266ea084f90d5a5608490eca703192
final,twitter,8827de3d118075ce6a9730eb17f450907223336ed42d447f435f58b444f12688
final,twitter,bb9d007106390fbbb8b4ec9afc88bd5eaf89963dd0475071adebcf97a73eb7c9
final,twitter,febe31ad88045680fde5d6ad4595eecef835a5664526f6859df1268f89685951
final,twitter,fb023d76453551044b3e590dbf0067895e3670ae9b4b26f5afcc00cf0d233bc0
final,twitter,ea393cbc73e27da5245e71eabfad4790ee17082795245e61f5be2808785cedae
final,twitter,020401adb4907a5ccab14a82db559bc259a42ad2acb5edf919d5558c852aa49b
final,twitter,6df19d23d3752769ec169f0734c74d87078d7624c975e64e2f4d840fd1881672
final,twitter,645285bee314865d9150fa617a91393762a1d0825447a82b03b8b8662f7be4e8
final,twitter,7b5b8a543f9eb26bda8d261f6d7769c42d0252fd89e20540188ff09a1e10fc9e
final,twitter,cf6f021611ad351c1d7caaef68d8e3e72dcf39db379602fabac0fbaf6c6fd863
final,twitter,70dd91231f616b4a82c16c5f733c55d0f48ba4e6d3d5b0642c6e217a91adb0cc
final,twitter,c121ccc80e49ac49843ba093bf85905626cc0a8566e79559bc447a63ce5520b6
final,twitter,dfc14b602eb4f38f260e8aa9cf24d20c6c5bd159ab4605fd8472d6d87e02d1af
final,twitter,1377834ad2bf71382c8978ebfec46eef07e1738ad3ff9fbd95e2670080abab78
final,twitter,1eb54d3a548c6b8ddca471ab5af12b75d5c6b8281e5884e7b943d0d64e9f5495
final,twitter,1453774d194eaa8f6a42b18e2ad56cebbd488874d2d542f895c3985e8595a772
final,twitter,2790c7e03907ef9aa818c9d30a5bb49b1939b565563ed51ca4fc92b418f5088a
final,twitter,8d6d49b916dbe59d5a0484351d1a4f4ec22a6d0e14390bb3e430614812c14e29
final,twitter,f760524e252aa6821d7c0a9a311630c833792b9f1ab28170e22af9c1ad4a665d
final,twitter,5b45c36188ba7278c501a0ecb40516bc712165417af0e1fca2ce881cff890101
final,twitter,269d5082bc234f3b211533ef5d20b1913101eb3561bd9c9fe093f932527e57d0
final,twitter,8953c8275d529b9f647fb0a99f10cbee09020b283a2094c9ba91e89fa77dae1d
final,twitter,1163a9320bfd819b5e498a53d55e81f05d190583e0626675cc49ab7bcba971b8
final,twitter,6455895dc89e3ddc640f5721295c5db1fa4c44363ad639618ddff5da63b059b3
final,twitter,b50d1329334136def51881a616ad84e600bd6a416137e3e7e3c9eb2561c77ba2
final,twitter,ab04eee4e5f0ed3653dd11b1f79a9d91c4c7cb4ba17e67e368dd8ecb37b9a501
final,twitter,b5c35e2a67e986b60769ac94f4246e042915a63b4ab7e19e51567263ecd4efc3
final,twitter,467c7149c66688076395d6c9969496940a75b88b5348b4718eb165d90b6c1927
final,twitter,e0696e214891679ed13856b59f3251114b8d64e3d7fb77df8883a7e24a8b4540
final,twitter,9be1cd46a919dffb6c60d7ab31d4fcc9d81b557a71a2b92a2e4839c3746f471a
final,twitter,e371faacbfead918c907d6800cc148c5ed55f066d2a74a69f149c59396cbce5d
final,twitter,eb9ee06ad3dae8c47d6c3f095973c7edbb19efca77b992c770f9e8ea6e6b2376
final,twitter,0978b32315789fbd0512a782a12b4141fb97cd4a87a1d77585e01bb70115cdba
final,twitter,c741e76fe8363f51f7d7d2ae53e6cdaebecb3871fb32a09c8e476a9a229d2528
final,twitter,eec2a04eeedeec195464f7a4ba2cb9e9e4a6eb7bd560ed256a3f1cfacfd46a88
final,twitter,d00b4d59c3ce4e7ff4629a40ebe57f93573257d143d74fbfd193637695d23fb4
final,twitter,1a4a27bb2b6b2a2b5df422ebe6275414d1ccac811c9aae424fab6195fb782803
final,twitter,984bbf6b6fc7ff7d7ce1146c4cc087a82d491a3928841d3f7e75d22c2a60844f
final,twitter,562c9b4a99afee058425d7c4d9fd8a64fd851ab600eea785e60c721b066c6d5d
final,twitter,0d1475e0579793790865efbe809a56ba4cf07fee4e3db62251292eea7beb6b2a
final,twitter,d9b51ce4a9b5599458a92ce5a544f8ce0b8efe8492036f005daaa4ca06072f47
final,twitter,9d3083a9409f116452fb1177684ae6c9def1f311e7a91a5ce0f68f28d30a3aa1
final,twitter,79f16cc918b61e75eb13b98498d4932713de9d0e6fef35ab9ac91bf7c989a3e2
final,twitter,f7c84883c554c9b3b483accd11fc1c15cfa46182e00354f30e5ab66160d7ddf2
final,twitter,286009ee06e55ba5fc7c054e3a76eac4cf583c45fbe68f56471f9d1336304f2e
final,twitter,8e84e0f0aa3f064dc8856f94e0051ae2686437062f8cb6a0d195ce880ca3fec2
final,twitter,d2f85dbd2e16bd458c076ff5e157c1f5bab498d1465a29052dcc81ed5b57f189
final,twitter,4d3b68ceba753adcbb5fd549a4fbecb710cc6f3a89d9c436c34fdf2a505d8f91
final,twitter,e16470719ff21537ea4f22adff193047a423a564e6d4ac663aed1717303687f1
final,twitter,3574469c771f65c748a4112b3ffacc62b9256a7345bac16acc825e55c612a253
final,twitter,0eb1abc89e0f541f1ba464ec6729ee480b591d77c9028cae6f3a8479faf93d21
final,twitter,e240e648eeef09078933b07b471672a3c6a059c4815b684148aacf621ba58afe
