variant,source,line_hash,actual,first,second,third,correct_first,correct_top3,covered,raw_shortlist_share,calibrated_first_probability
baseline,blogs,3db89fb28ea319f0f662bfe9e65936e49aec55de5ead6faaca922d79c214b743,long,to,the,this,False,False,False,0.0572849095137798,0.050039831229331797
baseline,blogs,7c951f22b432cc88c7b244292ec88242b6f4d2ff85cbfa5ed73b001e5f4920dc,to,to,too,and,True,True,True,0.9609752707655571,0.9225770132196272
baseline,blogs,aa2c1edbe6aacd2e6bb22c7c0ca8d321e60145143b9d13dfe1b48962b925d75a,our,our,the,a,True,True,True,0.17451636290319847,0.13968870962820565
baseline,blogs,586af00e3f93a0dcef7b6682a95245fa6fd7a127979654c60bb7c94f6f98e8ef,based,a,an,well,False,False,True,0.34975751170265623,0.2739443022295155
baseline,blogs,9d79a23829b225eb4bd79b04ac8c2af25349b5b6414a0d599965e7bde418c96d,the,the,your,of,True,True,True,0.59050164519141,0.47893628795674204
baseline,blogs,23a166dc86ee395cfc2e526cd2434e2f311108df6a712694d69fedb1cf4830d9,gmt,and,today,if,False,False,False,0.16433224657004097,0.13201725451055313
baseline,blogs,d8c9e2adaed5b8f542d02ff6b4bb749b282460ca58214a618fc4313bed21ff07,juices,process,atmosphere,and,False,False,True,0.08091695676286847,0.06857252186931474
baseline,blogs,46376e08b10e48ed41083cdeeef386064d03a50c24690c18dbb48ab551dcfee5,or,and,or,etc,False,True,True,0.40756398762282253,0.32026977849970767
baseline,blogs,9fa29148ee7390a9cb784c1de1cca0cc7122b025d1e48995c53b848efb85558c,if,if,what,how,True,True,True,0.4445322993494837,0.35070059249922586
baseline,blogs,8e8be39af3f33d58fd49c75680c61dbb85626abfc2b5da73b00e5562b32efc3b,the,the,about,that,True,True,True,0.1752653017488553,0.1402528167432046
baseline,blogs,a63f0a4b2c41f7581773b1a601b1f29ea1e612a5a3707117a408115cb93fd9d1,delusion,we,then,what,False,False,False,0.14443051772212537,0.11701066386844004
baseline,blogs,918972b1cd90e15e7da640cda52da89d547221055625f7830992444c78cd82d2,it's,of,we,the,False,False,False,0.25399875007411804,0.19979202123099307
baseline,blogs,6c86e3a5fe7c47f99880b40aa6b6b52fe8736b47e691e2a32b6c2f45188106ad,we,to,if,for,False,False,True,0.6804854082451501,0.566551855548864
baseline,blogs,2a392843d5bcc7cae4c616bdb002a39574c0fc50cb6ab0c6ce16e5b8d0bc287e,these,the,us,these,False,True,True,0.3668955799659095,0.28753365876271497
baseline,blogs,aec9b348316353f54f1064bbb13f8ee3a6150bc5f6f6b693405f62a2488a544f,would,would,was,and,True,True,True,0.29819580564972586,0.2336873063676345
baseline,blogs,f263d0fa5d35f563d4fc8bd77f4bc044a98ffb4792604b36e99d2e280f65b41c,asking,asking,was,who,True,True,True,0.24090473073131558,0.18983322172151815
baseline,blogs,efc89ef66d0c1b71569dcc267c85aded4538c3b38c3bf241d6d53a7401672e65,it,it,you,that,True,True,True,0.7715598973137484,0.6646665725412528
baseline,blogs,9b999f3dd982de37ebab18920b50418510a4b46acec18090155b9dddc1a684d1,hard,that,you,then,False,False,False,0.1591236763951492,0.12809249604721698
baseline,blogs,b20e92d5ad21ce30a1f960934ec2b98d647842ac3c18e9726d098c27f6db945e,pattern,pattern,colors,and,True,True,True,0.0935223088124161,0.07830251034528024
baseline,blogs,7b2cea39f0c84c3766fa6e40805058a1ce71fb16ea09083bd19929dbbe91cb25,guilt,thing,things,plight,False,False,True,0.11559965583011775,0.09517545188619547
baseline,blogs,6e2e3b09e1b9a7cb034c2fb76a1b4de4819aece663fc8f10f02514c504d3c30b,in,for,in,at,False,True,True,0.17225127568568102,0.1379826152639773
baseline,blogs,9d1fa4b82da0dad092cf64bb64ca3bdbb054e80e12d6ebba443c1e972f097bd8,a,a,going,looking,True,True,True,0.20018200446071518,0.15902870633712413
baseline,blogs,5266f5cb788b38cfde11fff9ea676c0fa7e0803e8dcbac6cecd619366a272723,bible,world,war,media,False,False,True,0.1712824448821663,0.137252866508684
baseline,blogs,eb34bf6699aaa1217567eb7fd0c0de82f1f07b67f971791392355c4bedcd8d8f,to,to,and,than,True,True,True,0.6647722488285775,0.5506647167678727
baseline,blogs,7111ae51981579a72971859f7533d6f02cb6f5adbad28f8c3771c2ddb84fdeb9,minute,and,i,because,False,False,True,0.12689997628780966,0.10375354105724822
baseline,blogs,6355683db501b6b1779e60883734d3d2dd5eeef43d5988f9134e61b024c321c3,redeemed,to,the,a,False,False,False,0.22628339603345035,0.17874781452737715
baseline,blogs,79e89d54610ef94dd450acaddef6352f1d16e81d32c3f44c5e3f0286a2f60d3e,see,have,need,can,False,False,True,0.29484610094326086,0.2311008427092272
baseline,blogs,30a98c8a607827a4608cc19e4c721cf272941a302765f21484b6eaeee8532bf9,and,for,with,in,False,False,True,0.212870278962179,0.1686051500361754
baseline,blogs,6703c2d3452a07049e23d987a63039f067f48278176c81e3b647da3914d5f797,can,is,are,was,False,False,True,0.37930031514757495,0.29744309902978333
baseline,blogs,fb433cc7c93e992170a9f46ca2c2260734f2f1fe956d0b68d3d6b2e4b5ddcd9e,wait,believe,wait,even,False,True,True,0.17080322901498618,0.13689190436758392
baseline,blogs,83b22b7ca08213bd33f99b683e97d0c9f99221196ac6b1c4923ce4843b3da789,share,was,volunteer,started,False,False,True,0.14495695458811184,0.11740807322106826
baseline,blogs,a900232a35443279d1887ef90ab13e3043eb6c5ed7e40c53a0c72bdf980ecd1d,from,to,and,of,False,False,True,0.2957354811102489,0.23178726628212945
baseline,blogs,49956ad59f7668270e5edbe7fe507e330f2ab55122e8ce06dd935531a8371140,my,it,the,you,False,False,True,0.3508542068914638,0.27481052942919176
baseline,blogs,8295ddaba3a01a2a835a4ab2c002155ce43dbdd3e7df69d04eee5d1072ef7d5b,boat,boat,canoe,car,True,True,True,0.38350354092282335,0.30081543685177753
baseline,blogs,45566593b1c1dcc12fdb86abbaf28ede465fba2cee85b958df68ef1c5a60139b,last,of,was,in,False,False,True,0.6597307353270518,0.5456240906694599
baseline,blogs,11c8194f110c147d7e54207d63c7bf015043a852a15c1c54a3796a83727c46cb,he,he,and,at,True,True,True,0.15530746323095912,0.1252159502739981
baseline,blogs,7916ada21ccabeca77c17ba427738086eff5c30c7237c4d7fcda20fa907abc1d,s,of,in,you,False,False,False,0.5075320464572577,0.40429531944936875
baseline,blogs,9608b7af0af1c6f4c061c2d4f20c6c22476c2f26dbff5f1c7a129280b2e8689c,the,the,a,what,True,True,True,0.6119172146905162,0.49908997188850895
baseline,blogs,a336b59835da07938e70e5d6170fd592ec0d855b47ca94a04c87ab849c88a470,a,a,going,the,True,True,True,0.1747653767912647,0.13987626904104017
baseline,blogs,73305c344de246fbb1d80f89a411292102f07503631757877eea090aea12f1db,worth,worth,made,well,True,True,True,0.9629912939262446,0.9260590816100701
baseline,blogs,a441214aec29f2d3d46bd722915cba2c9970ce2ac71b931d55267a1703fb0528,is,is,of,turns,True,True,True,0.6534637899031465,0.5393955144090293
baseline,blogs,98b82c9eed8c4f6a648303afdf3133b7a7d6b6e74e4e38308fcdf779f947498e,pain,professional,press,pro,False,False,True,0.0804256653438423,0.06819148043688075
baseline,blogs,e9e973346932087fba1618bce49c0df38f3cb03f462da495c39679812748ef79,mean,love,wear,have,False,False,True,0.15765952493135918,0.12698897351217586
baseline,blogs,f9946819f403927349fc881271f2c6c83383472f3ddb0d445328e6cc430df486,difficult,delicious,beautiful,amazing,False,False,True,0.1683145550067485,0.1350172866931047
baseline,blogs,8c6ed08530d53a41b4f4fffdb61b7d563baa860369429b883ee9458d54d450d7,theme,song,album,single,False,False,True,0.23089230198157265,0.18223853528127143
baseline,blogs,ebe58ce7a1082c3feece92de4e9b9e61cc645952c3d4c5c317fd27d1066c30ce,role,role,part,roll,True,True,True,0.8079663308904832,0.7073477505835982
baseline,blogs,74ef96e102d541fa54131499f3b9db11ced78cd9e3c3814184ff0ea32625aed5,in,in,to,for,True,True,True,0.4690922599981613,0.3713162461856752
baseline,blogs,0c30eb7c9e4c599e905c22a2fe74c008436195ec86564ae0ecb29df01e964874,maybe,when,in,and,False,False,True,0.07857968224306973,0.06675839432585533
baseline,blogs,84e79b46304c4b86e3719f4568bb1de9c718bc4bda43ad2101820b50b79a1f15,the,being,a,the,False,True,True,0.17123922819151213,0.1372203143114548
baseline,blogs,2e28545ab626f0ed31695b52768260299a6cccf6f70342700757735211d67127,sure,sure,it,a,True,True,True,0.5351680722675154,0.4285963372224473
baseline,blogs,bc12e53912c5506bd8fba74afc31773e680b6c1cb3daa7ee7f350282652c3a30,walk,walk,run,ride,True,True,True,0.8069933700190001,0.7061765690988316
baseline,blogs,e0dfb97e3a677545fa4dfffbabb6f7ef7ca56d909d1c3fa1a6f40cc0e1cc57b8,of,of,work,out,True,True,True,0.9765666363407929,0.9504019175970162
baseline,blogs,31e7b1c6cff5e67e8026f188e0c19b4301367bf6776578f8fe1c0fc445e3a1c6,ten,new,state,organization,False,False,False,0.05029340518042778,0.044455287208948514
baseline,blogs,8a751befdd413105a3e11e4d05ca347c25a7e70627a60fb48907e8de248aa830,do,have,am,need,False,False,True,0.08894869562603068,0.07478190512644162
baseline,blogs,b4b260175a578126b4247719d362565801ed97034261d7420caa8ee78eff075f,as,as,of,fun,True,True,True,0.7350188059764949,0.6239563111842219
baseline,blogs,0e5c82238f3d415b65c89074390caac10a4ad60901493659589db1a211a5bb8e,be,be,have,change,True,True,True,0.8756545596982298,0.7937349126613704
baseline,blogs,cecfc731ff2dc82e0464553dab65ea06563ca5b955750415a66f56575d754746,his,his,a,the,True,True,True,0.1066467133262354,0.08835419160280117
baseline,blogs,3563f4b2cebc5cb87351bcc26fda065af301b824d3f6f928fda200c4a187656e,group,problem,bubble,debt,False,False,True,0.16594745815821146,0.13323411655683326
baseline,blogs,15feeed522fff391fca9d2728ddfd45b5adff5f769702eaf4be1ac58ad4ab3ac,am,am,was,always,True,True,True,0.9591077567601259,0.9193779033630642
baseline,blogs,215422d4e3256de09dfe6b6f6122644f61ad89bee91aeeffba0332a3f3025335,of,of,in,on,True,True,True,0.5107640992996051,0.40711071128101456
baseline,blogs,19c6afbf2a41cc79c3af9e75439eec81cd537a6be8e10f133aa94d2d4b4d70ef,more,the,more,a,False,True,True,0.4348767191237324,0.34268555014962576
baseline,blogs,a75ce9ed867ce41f5d2ecc7584e5a94c8cdcec6be9ec459806e69ca222cb9f27,blog,collection,volume,issue,False,False,True,0.15971343642310828,0.12853695944780966
baseline,blogs,b33262b829d992bc261f910a85887b3b5ae2f64795419a177c720766fe84352a,after,to,as,out,False,False,True,0.6660229914808578,0.5519194355709586
baseline,blogs,be217839162c1e6d01558a006a5eff1f0b92835ce1c8d814c4487c421fac3484,that,of,about,i,False,False,True,0.5208374861147067,0.4159300684814637
baseline,blogs,1a87f5d62a3d9decd763d029e59781663f0b822f443c6bd4c6f9ca01f46ee901,deep,of,and,is,False,False,False,0.16456817928231599,0.1321950063369951
baseline,blogs,458b35c837cc76c17b326759b499958c0f4cfa59ea7c9896ad2f756ce9c1b267,immigrant,to,his,for,False,False,False,0.858540532312456,0.7708887461680378
baseline,blogs,f6fa59a44e545a38bf4a93abe0ca4e7aca454f5aab637c67949e709e8285ea3b,big,the,i,clean,False,False,True,0.2201746087822396,0.17412569280950063
baseline,blogs,0e3ef918e529c048c69592d60af97d89e6730055ff8f046be96596593d6d2435,atlantis,of,and,in,False,False,False,0.3174990210880379,0.24865667784526865
baseline,blogs,1afdb7bd2b2c2811fa621c0bc78e0d01895d22d5ad1c86d43e7558094e53a6a1,photosynthesis,gravity,intelligence,life,False,False,False,0.482918629054493,0.3830742036086237
baseline,blogs,376e215d8c6cd470415aebb4cf199e1bf3762acc7dd6cc231548d18496762b53,film,the,film,cinema,False,True,True,0.3240053155443137,0.2537284011700494
baseline,blogs,2b97691c0156503cd2855c642ad4539cfa84f6e7a0a182897b5ed08870e20b2e,other,to,by,a,False,False,True,0.47740496300193724,0.3783717769445127
baseline,blogs,231e1fc688cf4221fdb4f14e4a41f8d48c71274beba89926262686902d46884d,purchases,their,the,goods,False,False,True,0.18469090693097187,0.14735275692789598
baseline,blogs,cfecbe4b420d81bc21699214c480457c6a7d389037033399654bd7c3f4699dc3,wound,character,member,series,False,False,False,0.12938566221210088,0.10563653192356616
baseline,blogs,d5f6455ec2b2962c52b8c397cacc3b3c22ff23a70e39deaed92e2a95651c6200,could,think,would,have,False,False,True,0.10369300803895871,0.08609792051011478
baseline,blogs,ff0c411b3a2bde6c4a942c68c2df8f52412488df2659f23e6a40acb6d14103f3,who,who,of,that,True,True,True,0.2152204007082825,0.17038066864517376
baseline,blogs,245399e44755b4da8c042adbbecde528171106ed6fe950efa2a75677b688f6b7,was,out,is,was,False,True,True,0.1733917386798027,0.13884163092455995
baseline,blogs,7f768a27d9e4842cbc393b042746c0b069b1867235183bda5fc74b0c3a36c816,two,two,new,councillors,True,True,True,0.175940704031704,0.1407615358722088
baseline,blogs,89e83c571d42e92f66a88eecd7ea780195e5bb47a66325c9407edf67885a6e6c,age,and,in,is,False,False,True,0.17981498956785172,0.14367974117358817
baseline,blogs,a602ce286ce9232b6867b0e8b849f7f935bd8b30ef6361e56239cea18b67fcaf,us,each,the,one,False,False,True,0.5409868703776053,0.43378074009438444
baseline,blogs,886bd8e3f21fd9b044f69642340b0fb07350a7c4b7fdaa5aa3523ab7de019994,am,was,first,say,False,False,True,0.25591080744921674,0.2012490374987708
baseline,blogs,c7d0e001a67a95234480af9b2daeb4a2e86c2fbecf4895b622e5ec940d056e41,the,men,the,their,False,True,True,0.29502989136719937,0.23124267399307857
baseline,blogs,5f1b2d51b52a9e815550856036c5ce72458bb9f5f4b4e4d389cb801ae66ce71b,started,was,had,went,False,False,True,0.1412286337974977,0.11459281160694057
baseline,blogs,7a02abc5359ec58ab97a0d1a3bd9f3d7d83a4815d8d710261da96827e27d23ab,pillowcase,bag,plastic,blanket,False,False,False,0.07421483058332269,0.06336087445086698
baseline,blogs,a534bdcf6903d5e8d93092bd929caae3b435371ebfc3d61511e28611ec553836,is,is,i,beats,True,True,True,0.36755833608831184,0.2880615019139571
baseline,blogs,ebf7d339b598e8c762e07551aefdcca5828e610c8101107eca538c79b3796dca,images,than,like,about,False,False,False,0.13460159860696108,0.10958395219893906
baseline,blogs,d50bd1c4fc37752571361a4528226c7885c101ef5bf71d57223b2cad829082eb,g,l,is,g,False,True,True,0.6216539215550899,0.5083881998844552
baseline,blogs,a3c43ccb1758d339e15d11f8fefdbe3c1d03aa5568d2dcf6560d9f6cc64b2502,sees,is,will,has,False,False,True,0.38919166381954384,0.3053912713859709
baseline,blogs,b236b470409c80fdeb4f072a6279d1d37e54d82fde155e9527ba95fb8a5bfa6f,of,a,christian,not,False,False,True,0.3682748311226292,0.2886323442313234
baseline,blogs,e8ddfacfe1d325ec0821a409d5c0c3064025f2e93edc58a34c1271a86925fe08,in,over,on,around,False,False,True,0.4065437379808875,0.3194394751429926
baseline,blogs,ba26f9c15a2bd865cdb727f4b9a0e49f89255cb567e643d440597bf0f5500ef4,a,a,an,the,True,True,True,0.42616658205830793,0.3354967935963023
baseline,blogs,8083bb0263d5b72eb70343327fb2a97c28158a908e402f15722509a7d75119b0,with,with,apartment,in,True,True,True,0.8454190006465024,0.7538658697868185
baseline,blogs,b558b593a7ea02c5b3371cb04bf5bdce3734942654e6f3fb636525ed36254e0f,what,what,where,who,True,True,True,0.42252749529809186,0.3325047030905599
baseline,blogs,4903dea881abc7a0b49b562ba8d8ad5136077490023af7d2b54197152c337734,realized,have,am,would,False,False,True,0.16293925704581097,0.13096773137322787
baseline,blogs,9d00e9ada0d20242d5574dae78fcef2279098319f1cbbd40d5678a981007a12d,in,in,not,afflicted,True,True,True,0.8202431624078417,0.7222810684559743
baseline,blogs,0e134a47f0444ae0840ea5f921dade499a4153e40e8652644b2596ff642fc026,october,day,week,thigh,False,False,False,0.610974616128505,0.4981944067367576
baseline,blogs,3f36bff78d9538e20b299e1f7fd399d7e964ad42408205d75669fd7c403b24d3,palette,is,and,books,False,False,False,0.12124438205358713,0.09946426655441748
baseline,blogs,8063789606dc30d447522265beeacf038d4b5b475ded0ea2180506045508406c,a,the,a,to,False,True,True,0.24467868374139218,0.1927002720213439
baseline,blogs,a566332bd7a5cb5cb8febfc0e6ddf910242f26a9f266325bbbecae6449a604a8,hamelia,is,family,and,False,False,False,0.1430403585591717,0.11596106627221513
baseline,blogs,f8ec57719293c08378a494717f06d3d60b05c2f1a3715a3030d2fe5f32f3aa7e,need,of,in,and,False,False,True,0.5561249523090442,0.4473844830719011
baseline,blogs,481413a31f972b22810b46ae6f14f1d7b6e4bdd236ca13364f921c4a5a077ea1,the,this,the,it,False,True,True,0.45933041258417084,0.36308179082884545
baseline,blogs,417f3863c86c61d91caf9c746951f0508df0da70f412361862177ec9aace985c,oil,is,the,and,False,False,True,0.21638335131504371,0.17125951124234678
baseline,blogs,8fa0c888321e7078108c520e72f472f2f9f8fd5cd0bebf54e4cec102e60b1b2b,servings,a,the,it,False,False,False,0.2652945822527579,0.20841076389997787
baseline,blogs,6ddc3e9e547882f60db4a147f6e5a6e1cabb36c187dd571c45e8202fc656bf95,nuclear,nuclear,recent,threat,True,True,True,0.45140689802767725,0.35643746665521725
baseline,blogs,2afbeac58687d6438f5134013d644d4a68ec945a7e0d85dacb57f449cfa1b85f,her,me,her,my,False,True,True,0.15007826029523672,0.12127257677051678
baseline,blogs,67d3834ba06c4f2cfd83ad396a116667ebfb660af44e1603dfd84b153ed4f71a,sin,mother,mom,parents,False,False,True,0.05096101874229522,0.04499109680308486
baseline,blogs,e2cc0e4cf1aa4d2bbdaf6f2b2a9859878980c2c1c0e4cbabe5613f8b71cb399f,using,then,using,and,False,True,True,0.14012796474222908,0.1137613484530966
baseline,blogs,b523a19a81b29090db337ed54a417b31e855e90ed571b85612a6067184de0d19,red,burgers,burger,and,False,False,True,0.14321645281136813,0.11609403409110929
baseline,blogs,5d0d31da8453292f69c3aedc33b1f03471e2c64564d82707c277254d907ade62,the,and,i,we,False,False,True,0.33732645447342474,0.26415652054985905
baseline,blogs,23577174790271f64495bbe6ef8e29e4a7632f5ac1d726726417aa7b7b97c7a2,back,tomorrow,next,all,False,False,True,0.3381817234065794,0.2648281444898882
baseline,blogs,2fcbbd5803e985e9b603fb530b05caeb09e28bc4d8b7bd5caaae36d7fa2929d4,different,like,a,different,False,True,True,0.21956711004729854,0.17366630589982884
baseline,blogs,5861c76e5845665e751093b4da060a380c6f285fe1f17ec688034931d515664f,i,for,but,to,False,False,True,0.17760974000735147,0.14201867714299274
baseline,blogs,7728493d12198e4c0233a9eeb9116c5770af86d31d028a14ed52a16d043802bc,purchased,in,and,i,False,False,False,0.0957928145790023,0.08004657701411266
baseline,blogs,936a243f201e494bb01a675b21203815716cad594e8353dd84c852c94638bd93,through,and,the,where,False,False,True,0.3858702453541454,0.30271763280958247
baseline,blogs,61832ca2585d7cce13cd8642a6716d597dafb488b65a4235d48dd2e170720a89,just,is,about,was,False,False,True,0.35585662550529806,0.27876746862476515
baseline,blogs,24fb67bc4ac7e3b72db8ee0ddc79e42f3dc4173b6de1a83d2731a30207fdfd58,for,for,until,about,True,True,True,0.6120405188370319,0.49920718271096937
baseline,blogs,5176ff7fd32b9dd1b7643c951aeadb9ea6f0720722ef496f6c1eb4b5a180c4c3,other,other,others,rest,True,True,True,0.2968211578830653,0.23262549294541066
baseline,blogs,d3712feb632ee8c1b8f1bf2c0f0a62330ed936de7ad6b0951de813022d71ee99,up,up,was,ups,True,True,True,0.8409307351404843,0.7481347768410349
baseline,blogs,c8f72479059282e21ce49953388b752abb14461a114c1dcf77974bf019153497,i'm,if,what,below,False,False,False,0.2573256842258156,0.2023276773244741
baseline,blogs,fec99da2fb2c1801a5ed637014cc7181483d79121bc12c185eaa5f5989f7c394,wonder,don't,have,was,False,False,True,0.07623948502253501,0.06493844504434838
baseline,blogs,c48c1b5f138887be78b58b12e6f05487306b482ea14ad5f91476344ba8a5ac2b,universities,country,society,party,False,False,True,0.48634032080326645,0.38600169178621563
baseline,blogs,485884539d5e1b67c9a6598437f9e2db069502ef0330e16a3630511681af96d4,am,hope,am,have,False,True,True,0.19436851987608814,0.15464539686756731
baseline,blogs,c1f8f40a232d99101c88c0d1e2e1b69b39079a812f37478a6e2fe40526ae193a,will,will,are,can,True,True,True,0.23701850630093863,0.18688346864287053
baseline,blogs,da61e0430b0244a865f83d705f1961e84581b07478d368897cd13aeee9076075,morning,i,we,was,False,False,True,0.29769591319796385,0.2333011143782868
baseline,blogs,98b2beb4dc349bc93b5416f116dcd4cbe261af0435062f9a250bd5efc2831668,to,to,a,it,True,True,True,0.6889069490091333,0.5751804899171423
baseline,blogs,116804cc52bcadcabbbf44086ec03f867f1e229de4c44bec679dcdbb22d1fa4b,to,to,and,the,True,True,True,0.5655414406314391,0.4559338308772831
baseline,blogs,6d995384401113048225cdd129a2d3ad8d6a8ac662bab49e3fa1304f58fff897,cookies,the,christmas,holiday,False,False,True,0.10747535714570516,0.08898662122174592
baseline,blogs,faf28dbc01431f75ecb75660a669dbdb90de0697e2e713c650ebe80336628cd5,have,were,fit,are,False,False,True,0.4330942387072066,0.3412112510359706
baseline,blogs,4b8ebbfa7c5c94a6417c06fea8d2032439d48d2c5e9875c2a5214df449902f50,to,to,them,people,True,True,True,0.8212954699113757,0.723574788974358
baseline,blogs,4d7047a4a2c6097b0ed90d8f5f9aa22bf87a9b12428f9320127a196f7caf5062,nervous,intimidated,nervous,of,False,True,True,0.28198900447442216,0.22120178570240334
baseline,blogs,461c17ae99d313854b8fdf82e113b7c5a240cae2c30f9243aac7598fe19550a2,or,a,or,the,False,True,True,0.3861635101324974,0.3029535080585668
baseline,blogs,c9aa9ce7e2dff8c20fba73f862de7ab4730a3605f9648bc731025d0e6d7c960b,doesn't,will,is,has,False,False,True,0.15920041329386528,0.128150328717159
baseline,blogs,f97a9d38892767ec3370bcce2610c393714ebc6f57cb5e40a00ff6a3448c3ed2,in,it,in,by,False,True,True,0.08009427704549493,0.06793437369504994
baseline,blogs,245712229c5caa1f9c09e4280b4c4ef72cd7420b12479aba79edb3afb7ad6a31,the,each,the,time,False,True,True,0.4224973073551923,0.33247990990335113
baseline,blogs,3af174b0ed34f2345698058e821efc8a1b0f5d4a1aaa879f70f0731063c3e7b2,watched,have,had,was,False,False,True,0.15495431532183646,0.12494970821514595
baseline,blogs,bb96a182e9ac5dd48708307d3756652c8da282362b5e7cb91f2afe058601be44,paid,was,have,had,False,False,True,0.35441419233792487,0.27762551911292277
baseline,blogs,d13f272d884063d362d08e2acf8ee9527d02a45c6cb3b2cc4eddf0274f2126b6,date,raise,date,divorce,False,True,True,0.3084408146231112,0.24161811591171156
baseline,blogs,7d61826baaf7042473281bf9c75e298b1cf83ed5c6655b7b101a81bda9d7e3ca,duties,tasks,routine,activities,False,False,True,0.28814869499058104,0.22593879416875437
baseline,blogs,6c2b305fe08337014b8afe19b3ac0bfa868b6d89c74949d05eedea3ceaf9118d,alignment,mood,mode,form,False,False,False,0.3288235211822817,0.25749323158147736
baseline,blogs,07714b3bd38ad7925c447e4253077d96428873d501fef5ace87f0b0a2e56bddd,miserable,miserable,so,crying,True,True,True,0.1243074153257303,0.10178820702355285
baseline,blogs,f0e2258ebecf1b4536136bbb4649d4e74b4a16bbbf6e3ca9c25a01f6ea1fa7a3,on,in,on,at,False,True,True,0.3475998559750464,0.2722413840774094
baseline,blogs,e03385234bd3dd5cd80aa44e9a8548bae2bdb7602a34950edb910ef9845cf851,exciting,programs,community,mediation,False,False,True,0.0992842868707316,0.08272409351325428
baseline,blogs,60a598ba23b367bb619bef98a1f52dafcd6f010d56ff69647a0af633ce37cc8c,links,cards,links,details,False,True,True,0.21999334662046388,0.1739886185682034
baseline,blogs,002a0b60a758460816dd7c0fd2d8d780788613ce9ef430760a9fab77319cd2f5,you,it,the,you,False,True,True,0.14106962200405415,0.11447270174160094
baseline,blogs,8b87b6831d108be4326a59b231efa825be99a69415f27251cd5ad2cb407ec564,to,a,the,life,False,False,True,0.14665895362100423,0.1186927009438837
baseline,blogs,d71f8a82194d7c32c749099b36c456a55b75175aff841dc96e898d58abaf135b,new,the,that,it,False,False,True,0.18549689846510525,0.14795996958972354
baseline,blogs,e2f4f75d7513f0e46088b0e1320f721714760caea030a6c459f244b657d5e2d4,awakened,experience,entirely,emotional,False,False,False,0.0901214699270596,0.0756856518394777
baseline,blogs,f27fcd733d02768d5cdee2f3001e0bd861cf5b70633dba8e59a2de4be6eec27d,beans,beans,salad,peas,True,True,True,0.592179452226051,0.48050091513685866
baseline,blogs,0ba5b2877e48ed8b34e7a1227a40982b0c0f4268d6f718ef938d8850cd7f3159,meet,win,get,be,False,False,True,0.19219245113834799,0.1530052105289577
baseline,blogs,3ef2746a38a7e16cfa087f1593b978be6268d5fbcb698a6c0ce492ceb3c1bce3,eiffel,other,rest,majority,False,False,False,0.1367413419003251,0.11120194960163268
baseline,blogs,0f1a45d164eaa788e7a1c4f5cf30aa1f10fcf872418062624c2f28ec5d8e3da2,from,he,the,and,False,False,True,0.08064805583512946,0.06836398313017968
baseline,blogs,5127566befca81f20be7832ab3d4d12608169af39718942af3b52559cfe6598d,the,the,its,it,True,True,True,0.34943604985382565,0.2736904802135344
baseline,blogs,493c2b35fd083e252f77828d9140a6aa09002bcc234676026822c06731553162,wears,i,you,loves,False,False,False,0.14640241645925758,0.11849909369057594
baseline,blogs,b6383e523dd583f67095fc8bb321074d8c96845c10c08ab282f814117b9ef1fe,hop,post,posts,is,False,False,True,0.15266777111683685,0.12322562687557298
baseline,blogs,77f5eafff5696ee3bbf2a75929b6db4c4d936908d26c3923e7f8d6bdb7ca4bd3,back,in,into,back,False,True,True,0.4206957945067754,0.3310011550748266
baseline,blogs,95c993ac8a19329007bb41c8010f625f8ece398da3d1aaa4cff243a2647f4a28,beer,brewery,beer,fair,False,True,True,0.2844454281292226,0.22308966985171522
baseline,blogs,551822ec2f020357735a593adaf92a46ee8a2e3a1f2fdc37c3c14c13107b54cb,you,a,the,it,False,False,True,0.12515291663402783,0.10242931447665875
baseline,blogs,f8e9ef977c5750d6936ba206da92192b12c281c3c3894d01980578318c8b01de,of,of,the,to,True,True,True,0.9963947626049403,0.990632701439476
baseline,blogs,852be94ecce1eecd567f6dc1a2a4993fffbad7ab82eb339bcb994f3a49a8669b,paint,pistols,the,a,False,False,False,0.11158101505650667,0.09211673632589946
baseline,blogs,b6ab9306796afc9ce9a22cae6a262e4052ba75db50fcd4b590ddde6a195ecedb,not,a,the,like,False,False,True,0.0354715766329306,0.032388623895513564
baseline,blogs,c08a756c6246ffaab0ff4e4b0fd8b1994f89c04bae28ab8459df130e3a4be3f2,choices,to,questions,question,False,False,True,0.5001127445766069,0.39785821022690177
baseline,blogs,b97f18d7955cf4477f4d5acb60312959e61dcebc2beda70158cd5a76d16a183d,was,was,is,would,True,True,True,0.5783351755211477,0.46766085714538136
baseline,blogs,0ee1c15e110c2aa78f1dc6530dcb791385a8fde487020d2aa707f755adcd730a,a,a,the,an,True,True,True,0.5971112930398236,0.4851139451071282
baseline,blogs,f617292b773bc12780d8d948326b3162c2a8d57f90a69b648cbb9cf44596b6ce,a,a,the,what,True,True,True,0.10599165901049196,0.08785407873930821
baseline,blogs,cccbbc81a926a9af0277de33e6505d50fa2aab37c79fdd0aa9d597b7c5e4230b,that,i,made,that,False,True,True,0.33459420615693963,0.2620126713774022
baseline,blogs,3b6c7358b6a525007f9cd384edc88a7bcb73ddf95fdf29f8cd89e9158ddcf083,gardener,of,is,magazine,False,False,False,0.3554259640771859,0.27842643789586247
baseline,blogs,d2f91f0aa30aaca36dcbff211ea21f6493d14f1ef5c7ee9a924d0c040a726f3f,she,the,a,an,False,False,False,0.28050464829296495,0.22006173402738993
baseline,blogs,030cc88494a372ec903b9d8dbc4d82321be9d1abe5a3590c1ff39f2e07659057,very,like,so,too,False,False,True,0.39995446723198175,0.31408865511571993
baseline,blogs,e5e611c3874c92ee2d5336ce3cae4e71ed38279b1036eb0de947115f94e8a9e7,in,with,in,and,False,True,True,0.6523751780769751,0.5383177208923204
baseline,blogs,f22887a79045711e6619473fb6ab36200c34df510256b747b53d56b121c6cdda,outsider,first,above,beginning,False,False,False,0.05690667080237313,0.049739139973847
baseline,blogs,32d51d29bb5982c1c5cf9bd11da4a5aefa0e457e0b871fef2c77b8e52b03cb06,planning,traveling,in,going,False,False,True,0.1619035203849275,0.13018732097029403
baseline,blogs,c79566649093c6997456067f51102e7a3b88a8b6e3be841ee592c56ee0120ab5,two,the,life,this,False,False,True,0.20889170789917097,0.16560069174023795
baseline,blogs,e8b62f2c7df82807527f878f6e7378f673c92405a6e58f435563091f53414b16,on,you,and,in,False,False,True,0.18044445612727225,0.14415388790353656
baseline,blogs,3f29f2895a54c4f947df9b75235f5ff6141e45d3c579f7d1aa876c3e4346d690,dh,face,hand,eyes,False,False,False,0.08059118828322594,0.06831987532798786
baseline,blogs,da4e8b2025f1322e53f98531382c1dc9c262ed0218f1f727e910cd8943c11633,me,the,a,and,False,False,True,0.1310949758965191,0.10693068839984252
baseline,blogs,608a2d91765b25d0424e22e5d550ce075e3d2693c4bbc2f54d68b48307c2f47f,attention,thanks,blessing,blessings,False,False,True,0.20708167983635425,0.16423435840744718
baseline,blogs,e0f06c22c40951b0212550d225e11a10c362df6ed7dcfb4050cf2bd0fef69cbb,a,a,this,my,True,True,True,0.3227932592086049,0.25278254465270295
baseline,blogs,416c1fd615a42410857a5c5cd31afb0575849bc946f521f3a8a22e3ba18d10da,and,long,and,then,False,True,True,0.46826189077237135,0.3706136758673792
baseline,blogs,1bdb320129d6b48219da3d606a99b7aced74c7f0afe459c656a4d020a993b28c,are,try,continue,are,False,True,True,0.07679103580100304,0.06536771106606733
baseline,blogs,c704e10720c44d82fc9f4cc799a8bc6ab29001f53a44e1f116dc7de595e93c55,a,a,is,an,True,True,True,0.5136574963233768,0.40963695712837883
baseline,blogs,60f00474f1f5b6b9d857174f4d3c9ef54042ae11a0b56997f39b8021494ae3e3,floating,floating,alive,in,True,True,True,0.11006575981190263,0.09096215487779674
baseline,blogs,f1931e0a1a09ad9f7fe9b7f85d33a616fccce53aca1594e707ad8d2a88009e30,for,is,of,and,False,False,True,0.06541033408854181,0.056464580370579644
baseline,blogs,f605ab48eb9f6e75ed25305618f4ac142251bf4585a98c2f0c49c4997fe1162e,my,him,her,my,False,True,True,0.16701460215191097,0.1340380314001968
baseline,blogs,c6caf9143ba70430760bbd9e4b8e064555d35187d01b60e5cbb043a8fd20680a,that,not,have,a,False,False,True,0.5538573552348987,0.44533583586711756
baseline,blogs,e6c096c4da2459efa9391f41fe861a15b45465f233dcb1e5febe67518108427c,complicated,hard,weird,easy,False,False,True,0.08728501738461915,0.07349864307501247
baseline,blogs,8e7d36c8818406a2976bcb88c39facfadedee8909c345f93babbf3eb4c532ecd,beautiful,the,nature,water,False,False,True,0.18362339692370513,0.14654855391420152
baseline,blogs,dbba2b8c329525b83cab08be961931198dee618a5c28a85cede98c7243f30491,can,can,could,many,True,True,True,0.19369129302836055,0.1541349161842602
baseline,blogs,ff832cddd1c78f82a182e70d0738b8ae3422cbb83d77c1be2915a64de4175444,tub,same,car,classroom,False,False,True,0.18941990374550727,0.150915797451537
baseline,blogs,033ac800743c2f1a2d301e324f794603a725fcb1e241d8c6c3837c85af861800,ms,the,a,her,False,False,False,0.5720878788061012,0.4619181420353891
baseline,blogs,23ca519ac027d359b3ca758980692b6a044644086125e29b664a7e91b7e19c1c,progress,and,in,race,False,False,False,0.5182384896162822,0.41364808619915017
baseline,blogs,0dba3d5fd1ee8bca1e84bbeb85fdb2bcc0c0cf41fc18aeb79c6d80cb8ba31e31,was,was,is,took,True,True,True,0.32124025648490906,0.2515713273286721
baseline,blogs,97bb5822d129fb3eb7adce42c0c895349ca7017bb11f454f7724b47d10af3ed2,ice,local,office,house,False,False,False,0.08104535206909094,0.06867207959701875
baseline,blogs,389ad9e2a63a2d01a216546c0764f94d57246d2d809b282f089150f6a1adfd8a,i,i,my,we,True,True,True,0.5154744397969261,0.41122619262156807
baseline,blogs,9095b537064dc4f88baac7eaf6789dc5836c96c92020ed352c6746682cda5fd6,up,up,me,a,True,True,True,0.40827246477355444,0.3208466423039528
baseline,blogs,6f6ee0bd2bd91f5b1b850d9634f90c2998586c857792e9b6bf77e33348191795,now,the,i,we,False,False,True,0.21023769172471632,0.16661694183956857
baseline,blogs,9a0fff88100ce8e7e0a6271718f50f653fdeb450e876e1ef1d6eccff3eacb879,an,a,the,an,False,True,True,0.4412069058263809,0.34793465126207485
baseline,blogs,8ee6baaebd550b56f0349bffffd704f503cb1586fa811135d6adb34400742d9c,and,of,and,in,False,True,True,0.19906140508923434,0.15818360299037126
baseline,blogs,0c7d5a940479be26588ca6920df666245a3a3b448e983b0900b59370d4c8d8a7,setting,number,following,sum,False,False,False,0.020842134599799948,0.020021170519071426
baseline,blogs,e5134920708487ac87bd0e58c810776274e6ceb19a374b8d65b110fb70b20c33,mike,i,my,mike,False,True,True,0.22172052795573163,0.17529492015738118
baseline,blogs,85199273b8e1dc9d46a7c9c4d6dc2fb9963537d0900f890b536097e48d8c5af9,poking,the,a,my,False,False,False,0.48474749935929545,0.38463803852465184
baseline,blogs,a629b01ea97c59cc7a98b2a1cf2f67f3ac8bf54e4b08686266e551fa5996ab35,cease,seem,are,feel,False,False,True,0.2625317165951802,0.20630015995520526
baseline,blogs,5570bd4bca515da2f2356726628382c784226a467383a6d56da3135af30f532a,i,in,and,i,False,True,True,0.23253074867870002,0.1834802377758104
baseline,blogs,2ea360c297fdd1aa898d17f1a626aa9ad50640249b962ab0edc70ff49e3e450b,asking,waiting,here,asking,False,True,True,0.05713346988605831,0.04991945864092148
baseline,blogs,0dd444ea8484834e006c8b88682df708b4772064da0f64c7a608fb4ca2e8f9fb,menu,first,model,company,False,False,False,0.04531667225334737,0.04044219955698566
baseline,blogs,9a731965cee0ce3c1a6782dfd6d059fc106be4940749a59599ab590b6213245d,in,there,in,around,False,True,True,0.0777743789800161,0.06613252825503856
baseline,blogs,d028c6f58f19f76f23cd334eda3176765b0a44de833fcfa1a609cc8795fb4143,water,the,a,water,False,True,True,0.14404150723135467,0.11671697704153178
baseline,blogs,5962d5916b022f9377803117a728b15ca7c1c4c00fdd27220ab53009c907e531,read,read,check,listen,True,True,True,0.33432689208032734,0.26180306459387415
baseline,blogs,114d8046ba091f4f1d654bc1276e25a86447d9bdb0a3ab95196900731f024979,new,is,and,the,False,False,True,0.12889449710513748,0.10526455630531306
baseline,blogs,c2a6b4b88842045a089011b9b3f7809902554f2155233940383070c3de974004,whoever,all,the,those,False,False,True,0.20285623081228224,0.1610458739096977
baseline,blogs,8f17f93370ec805da5d4f08104034d9d61c141aef657162482a097a518b5af73,you,around,of,and,False,False,True,0.1793959512192908,0.1433641033453804
baseline,blogs,30b112979ce36bf0a51039eb96f2c8bd541a76200a07a4fdb3c0ab4ff31b457f,dummy,ability,talent,skill,False,False,False,0.08349186086419881,0.07056720031666139
baseline,blogs,0171905125a83f19a1de528c847d6aaa4ee6c8ed5df0b582bf9f5551828ea6bc,to,to,you,that,True,True,True,0.4448068008954729,0.3509291763623508
baseline,blogs,b3a05cd9a504ca8469047aea6c01f1a0018389df8276b1e9b87e10cae8385823,help,get,help,make,False,True,True,0.10167028849598492,0.08455095151508898
baseline,blogs,571f41701cd47937e75899a1fe09e0bd615336ce939c76da1553cd8af565a275,jesus,you,it,i,False,False,False,0.3186967107586526,0.24958926014176488
baseline,blogs,5cc7828c47162190818d0cd0468408ac713e9043d6a90d988937ae7f7f511508,restless,like,a,lonely,False,False,False,0.33350331050684473,0.26115743257717766
baseline,blogs,220b0dcb3c68d3fd85e7eca886d962a2919bee4a0d653cadca4a0e76e2747679,that,not,the,more,False,False,True,0.2825221194377521,0.22161137902712416
baseline,blogs,b94b765fe46307b3237edeb9e52fe5e3bd26129919988b85ed6d1f8d5b6c2fa4,them,them,the,on,True,True,True,0.8436079376594106,0.751547851147702
baseline,blogs,265f809aa96c5b088c5fbb924fbf9166f54f16ea0ed53165a90d79bc73422ebf,and,the,and,against,False,True,True,0.21239123385082342,0.1682433060415535
baseline,blogs,a19de5f194d1999ad8ec6ed845338fa1a71382deea6db1071696b3dacc9152d7,if,in,up,if,False,True,True,0.4101102390289049,0.3223441206261387
baseline,blogs,96591a44bc0310c0f302500380ac5f92491cf865e13f02b8477ba4f82026dd59,growth,proportion,number,portion,False,False,True,0.4546338112092941,0.35913922112593205
baseline,blogs,90422b00d50b4d297a4961eb5257358a0c454e8ae00455462d86e409b5ce3dfb,last,last,past,decade,True,True,True,0.22706138035628112,0.1793368321397838
baseline,blogs,d66341c14c9691990e32f19a4ae134036cc3a6e85053008e637ef46b0ce9c689,that,who,and,i,False,False,True,0.2639584977363051,0.20738989333337982
baseline,blogs,33892377b298ef285af57b2abb7756872742f4afb3e0397ee7689c26e00b7a05,if,the,when,they,False,False,True,0.11796769397286518,0.09697568738193083
baseline,blogs,80d4a9c1baa4d6c78ba7fc5a0bd249c5a1600c9266491ec7c587ce18340a7e2f,failings,problems,injustice,institutions,False,False,False,0.1519392025784635,0.12267618852458866
baseline,blogs,e62679c84b60b1d710055495f0224990906fe9b488e3b79d1a2c7b6f74a1e173,providence,beings,powers,providence,False,True,True,0.15224794087289453,0.12290902408738745
baseline,blogs,912a9bcd9e13a088a4782f6a68339ea20a0b7e53003792461db691024f010379,i,i,it,it's,True,True,True,0.29257944439710126,0.22935243363401359
baseline,blogs,7b1eafae75a4662528e82d20d4d9f5fbddcafdf8ed62706b245aef8cf1fecbfd,it,association,and,society,False,False,True,0.0668188838730089,0.0575720823069715
baseline,blogs,e58b6c39c2875f523c79c89c5e3f2094c57ee94338dd92137570a6415788ef9c,in,in,on,at,True,True,True,0.2946268782738246,0.23093168066111078
baseline,blogs,fc28c3c2e18347b795a37366a0947c60f078fc55a0987063d4aeb0ebd0208937,some,the,that,a,False,False,True,0.36645013862343667,0.2871789924507147
baseline,blogs,64498c88f86a0eb22eb5c649e919abb3217fbe85d06a6930833893bd92b9ab39,our,a,the,an,False,False,True,0.3884029505840594,0.3047559446259673
baseline,blogs,5c81403ef4577db0e2664186718b9e3bfaca53621f604079962818740d6c4a2c,apply,install,apply,implement,False,True,True,0.6490269632024127,0.5350103948909971
baseline,blogs,3c504cc725df1ed1758359b18c6d439899cc3d755fbc981d173032f0b25818f9,eyes,case,own,opinion,False,False,True,0.3116324887735065,0.24409525659177178
baseline,blogs,8c9ad7375c58c53c874bdb7a6d570383cc82035c6d24e41d4335ff31beac30a1,jason's,and,we,in,False,False,False,0.4478541600551468,0.3534695026298514
baseline,blogs,efcf096e9de8f0d3f48aceb3278b6ad7b63b7e9a80a645697e6d110edf860b3a,that,for,and,to,False,False,True,0.2428801498550552,0.1913336197353948
baseline,blogs,793e677174f2ea84689368bc8057624f5a6ea85b1fc940ab8ab4ed7ccdc81c48,in,and,for,she,False,False,True,0.13218497395787362,0.10775566269679458
baseline,blogs,a8f3b530be570a812fe4116e8f8d2cb4fbf210673eb88091e9338279f2345913,exclusion,exclusion,point,detriment,True,True,True,0.6368183173443631,0.5230464599588457
baseline,blogs,8681564a4bdae7af0dddf65cbd86b5fd2627b8b7847527244d99d030d632a5dd,seven,this,the,a,False,False,False,0.1504233048351726,0.12153284969817595
baseline,blogs,f0cc91b16c744c2f1990fd318f765ba5510106cac1d9e2dbf4d923d060430a0f,single,star,bright,tiny,False,False,True,0.3387617367005999,0.26528376373762264
baseline,blogs,ef0283df78f917113e65181b534324b3af7e4e0a9f867cb8565e3be5952c26ed,state,state,county,park,True,True,True,0.1659231294108739,0.13321578850533242
baseline,blogs,9a5588c723b618b7464f23fff008c3a5786dce9d8d0e905907f95072a6557a3f,being,from,rose,he,False,False,True,0.2386453941118268,0.1881180103156023
baseline,blogs,0d3c480d1a7a66fb7a77442e178908206ff94d518916d5dc00f21f65e502dab1,coffee,night,black,of,False,False,False,0.21076730738840244,0.16701686486238781
baseline,blogs,b52040e2461293178ed30e48d467604137a6e702eb2e2d82b17246f385b4fea0,consuming,consuming,for,to,True,True,True,0.688168407628676,0.5744205230937911
baseline,blogs,3d8afb78552a9f33529100cfc87e4e444c045098b23e8c4b5138828c5eb15aa9,care,care,know,want,True,True,True,0.26379080888514933,0.20726179426567046
baseline,blogs,6b6e15b297f56bd22c19141a7ea18144b0eec15afc47eecb98b271a06ce42b77,future,future,term,distant,True,True,True,0.9959910362982126,0.9896964923968351
baseline,blogs,766e5605d78614dd2cfb6715df8eb37245f69f25842f7d9eb460351fcb87c457,the,a,the,my,False,True,True,0.2524294845315066,0.1985967684915677
baseline,blogs,cf966ee7eb7ddf40ea06f1d9b88fce4ff2a765cd21a8cbfc6d5e40677b210fd1,water,a,the,an,False,False,False,0.32320546289086416,0.25310416314905665
baseline,blogs,380151331d5651a80766596d8af701bbbce0100376a4413059e8355d598be4df,note,of,and,one,False,False,True,0.08188390559135875,0.06932204627887864
baseline,blogs,132653be9b820f450a6af61da4bfb35a479aee77221617b80cf4f985ddd16e33,people,water,bride,congregation,False,False,True,0.10943274956142182,0.09047960244167863
baseline,blogs,dcf7a9856128e198845f68bebe511c4c961c254d936d3bcbabcbce7f6d7b16fe,weeks,is,was,can,False,False,False,0.306332292229058,0.23998333682785453
baseline,blogs,8678aa57de80814f75191543e22808491dc4793aea56d0db772e8480ab3c992e,colour,foods,number,fruits,False,False,True,0.1680008482568461,0.13478097506291142
baseline,blogs,a37c6710f406b1d6459104b35eb787af124fea6b37a62c72bd1161654aa4a87f,psychological,wide,range,variety,False,False,True,0.24353319687482067,0.1918297833624355
baseline,blogs,3915816b47f242a5edb835a3c12b5bf148f8f91cc7ee1df1b0fec0147e1ec696,paypal,button,order,add,False,False,True,0.1494432069834792,0.12079351587373294
baseline,blogs,011276a82531e9c2ce93e480d15bd67139e494969cb6aae6df36325510128050,read,wait,see,watch,False,False,True,0.22075556429027418,0.17456505169953865
baseline,blogs,09ff6be2d3f5fb7063cb5d8611721a0f4d2e7a9f82eb1b9172625e9060932cab,my,he,i,the,False,False,True,0.29137291000312965,0.2284223389397057
baseline,blogs,9ea0778d59e1a7a2ce876886ea9f36db597eac0b4a3d24be48009a157a24e962,as,available,announced,added,False,False,True,0.2714207109350054,0.2130967862390112
baseline,blogs,6a35d1fc81ca50b2541207e32254a44b126a8afcf9ca2ad9c2323bd7f6aba4a0,i,i,that,you,True,True,True,0.2667540290339736,0.2095263498854421
baseline,blogs,42482e6b8213044866c70a631e8a99340a8e47709a90799d482e055719b4834f,though,and,to,back,False,False,False,0.11826693047715657,0.0972030660865314
baseline,blogs,76d1b2f692ad4cb44105dd11b60e54c48ab3a8d1e706031d93a101978d8e9cac,smell,it,the,she,False,False,True,0.22258474206793374,0.175948687971443
baseline,blogs,aebf4b8ab3e941deb8cb9c5df1be0c10cc0f045a9615bc61a3852481d39c5958,automobile,accident,he,i,False,False,True,0.30965734086544466,0.2425619255763246
baseline,blogs,1228d024113c72920b5be338cac620bc0f0fce92d7ed3b0247a655f28d30d376,and,and,in,i,True,True,True,0.42203293204231723,0.33209857806416326
baseline,blogs,54b592e2f1b03b980bf268ad69bb5efc0e9a0a66256143093b0d61e3e479f4a4,fell,had,owned,worked,False,False,True,0.32997754385921607,0.2583961172732021
baseline,blogs,d04ddc62623b3ffa828978a2e7d7cb7cf80d3c3bcae40988ed4a3ea44fa41c89,territory,territory,cities,soil,True,True,True,0.6133816041751652,0.5004828832863388
baseline,blogs,841fb6b472290dda0b8570ef16d33763867f818fa99d3fdba8bf8847f2a576cf,maono,is,was,has,False,False,False,0.22606521359860987,0.17858264242022356
baseline,blogs,259fdfda25226b5f77a77e8f5fff396fcf88d89696e7c7727f7d1b0ff8b72576,on,to,i,tomorrow,False,False,True,0.16074654909054883,0.12931550305485787
baseline,blogs,60feb01e209df25301b2890633e2d92b5b6eb48b9b8510b74f3bead9a40a8dac,weekend,day,easter,time,False,False,True,0.38467318082436597,0.30175521109432646
baseline,blogs,e23c6f709e4d6af4e83f1f442280b8a75d0430e0c70b11eb68c02d4b6769de37,love,one,serve,defend,False,False,True,0.15054456597153726,0.121624316391652
baseline,blogs,266fede518a214fc22383ba8521f00eea7e696c3cf3abff87e2b884bda55c2a4,like,like,love,rather,True,True,True,0.38379320234262987,0.3010481170606402
baseline,blogs,0a7629b21b5a8181f60c476eaedf3b7a34c00cbf96ce10f05f0cd771229479ae,bought,is,of,in,False,False,True,0.061764643255368845,0.0535898380472153
baseline,blogs,7fb0f3152c72c6bd491f2ae9084e66f57da9f6a79ff370ed31df5d0222a7902f,place,place,effect,force,True,True,True,0.8629011240140434,0.7766381541895667
baseline,blogs,e473b767990803debb5fde80e72e2eed33c25ee5830c1d5b26f1275a50d7bddb,of,of,and,are,True,True,True,0.5767851793985901,0.4662331153427029
baseline,blogs,c368c94dbb5617fc54293adb2c21997ccf1838f2925a0eace07d0cf4bb43cec5,today,is,t,and,False,False,False,0.12298056042402176,0.10078178415131538
baseline,blogs,88fe4b5d32593e719eefc745c092482f37e283ab823913a652ab579225bfa0c2,posts,by,of,from,False,False,False,0.16825571953443932,0.13497296679507986
baseline,blogs,1e59a84d15df239dae120f2f6afee030050c2ccccfc450c762c72bba8edcca77,for,for,and,that,True,True,True,0.6079894265402889,0.4953634350570431
baseline,blogs,6bdd04102e965920edcd5ba9cedc950f346ba7fccdc69ccd9403791e269038e1,a,and,the,she,False,False,True,0.14026138599491297,0.11386214590026324
baseline,blogs,399070798737101e2439c58cfa441385daa6e73f19157007ed21a54918a92533,view,up,look,view,False,True,True,0.4851992534519316,0.3850246388728123
baseline,blogs,2e6b271fa481bd8dbe88f941e01f12ed6ec31109e3c66cff293c2282e5f2731a,cup,more,desserts,a,False,False,False,0.07904792901770205,0.06712211262240693
baseline,blogs,d915abeb076b8b2c1d1ea955087f3b880a6ff1aa38b263d491c992bcfdef69b3,need,problem,need,matter,False,True,True,0.3539474800340525,0.27725620137275664
baseline,blogs,33b74ef57ea7f2bf4fbc317109dbf8681e6c1946bfa1346144d45537cd92d3ba,been,been,seen,had,True,True,True,0.30528115460143135,0.23916886797043707
baseline,blogs,29c181356897e4a269e86000201212346f6f487b6190a18f6fe775b2fbcd2c9b,stomach,about,you,that,False,False,False,0.10412766466091994,0.08643014352884355
baseline,blogs,e4eee6c45a6be8cecd8017d721fdadc7353007fd87945c31e4f03179af9c4ccb,simultaneous,the,a,and,False,False,False,0.185762243587804,0.14815987825247728
baseline,blogs,cc7633834185af7a7d7d0303efa487f76ef9bc846ebaeaed22711c62ae1c25b6,unusual,interesting,old,amazing,False,False,True,0.07415103337884282,0.0633111179308206
baseline,blogs,3562d90b1dfd2fbef92bc465910705cbf75fd71329f37aa85d8fd79b365b455b,one,of,to,at,False,False,True,0.5052348227218344,0.40229840067083045
baseline,blogs,2623f807463a9a0bdfa4a32fbc56e544887109db7081b7088a35fddbccf75a82,no,the,you,a,False,False,True,0.17552006492163466,0.14044470657510916
baseline,blogs,437192c3d3332892174c55a1a6f0722b16ba736aab517b0e74a402063b383cf5,saving,and,for,as,False,False,True,0.12475591619596424,0.1021283058328529
baseline,blogs,3dc3ae7ce366d8ad00b3e6231235fc0208240a5f990b3d5da3d9141fe1d69e06,came,sites,read,i,False,False,True,0.08301522030235257,0.07019826299109844
baseline,blogs,fac64ad62b903d31edde065fa6c5838d7d05877a4c1d2400a7d01397e7d6fe4f,keep,write,read,help,False,False,True,0.0824961574163111,0.06979633720143613
baseline,blogs,444ca887e0de8d2491d86796fb00c7ac00ca1b0438d2d5dfeb3ca26d49fc2fb9,she,i,the,we,False,False,True,0.15680002264017562,0.1263411095034051
baseline,blogs,059d17a473c8eb9770ee17470af140bae59b44914119b94cf5876384d5223a48,pretend,do,live,have,False,False,True,0.16437189014925896,0.13204712214787825
baseline,blogs,12e07e0228069a6f9ee4057ab089930dd699844331494ba4ad688f844895d7d8,on,a,your,the,False,False,True,0.12045626708347025,0.09886595651137353
baseline,blogs,4f0c405e6c2da1f9796882288a2bd2a31e7f030bd916871a069b012f0eb52596,of,of,but,and,True,True,True,0.6475185946429507,0.5335241776623815
baseline,blogs,83192e1b18622b1d3a5496266e8bffaf468c61d3d69047dc847e5f52609a0af8,award,awards,award,in,False,True,True,0.2664330188591003,0.20928093178657958
baseline,blogs,f619954d93b5a63d18f67ef8e79ac4c3e80faeb234ba7118875125648f9db9ff,josephine,movie,horror,film,False,False,False,0.1308531155263993,0.1067476046022638
baseline,blogs,d96b8c49a6a95c8285af5a016292abd52e6bd696865800e990c2f26eeb46b706,premise,idea,story,whole,False,False,True,0.10599483080865568,0.08785650066771276
baseline,blogs,eed4781c96a2b36eadad1d50dd68ad56023fef00cafbddf6155c68ae281c5bad,about,of,that,i,False,False,True,0.38891823580149987,0.3051709878391234
baseline,blogs,e9526a4b5ac4c32f1b60e0f46114928b0a0945b7718f1e4e540dadaf17c35052,words,that,about,of,False,False,True,0.10996711486774693,0.09088696498057941
baseline,blogs,6ac52741fd5ba122f4c85946a25a4b0e9121b0d1af4d2e07ae7c8e93dfcb7de8,a,a,gonna,so,True,True,True,0.14857020577208477,0.1201348917662805
baseline,blogs,ec86d5ee0b6b36e856d721b33059abd923ac7e7655d1104a0288f9ac0ba0af12,just,the,just,on,False,True,True,0.18622096290982604,0.14850547904807984
baseline,blogs,f8b46e89b363d0785de429dc825f6fcab03c103d4e43b2b9f8ce8f7162c15d11,would,know,can,have,False,False,True,0.31305566770931786,0.24520083417793984
baseline,blogs,0824841e4ac5cdda2319e379919706db03756596a8e7b92c08a5fccff6a28b65,believe,i,a,have,False,False,True,0.4077695630672696,0.3204371399541621
baseline,blogs,9e9b387fd2b987d80f80c38490b1d574649363acbf335bdea15cb11d0ee5f9ff,colette,of,in,is,False,False,False,0.1928817947474817,0.15352476644868157
baseline,blogs,268dd24058a42a54059f344197ddb342fd1b0c2ea8934fa2e224653c3425748d,prevented,in,to,dissolved,False,False,False,0.6461115756886828,0.5321398965956082
baseline,news,13d63f35df9aa8b41a4456b3e692515b73a3d250a43f7343edc8804ce58e5004,would,can,want,could,False,False,True,0.4221808111337984,0.3322200005723686
baseline,news,6c9bd39cf42dd1648189c944a0752d6f6eab92f83fcf33c40a7ab545b929b8ae,major,new,court,lawsuit,False,False,True,0.04724753344462121,0.042003282707861765
baseline,news,91ae3be86668ce9f9d64307a0d984a6b757b5150faa3700ff24276210c83398c,of,of,from,i,True,True,True,0.6898341406073709,0.5761354778385636
baseline,news,2ef1c0d7890e1ea26b75378daa86d8e162b6b0efb5d6500ee630c843bf0b661d,the,the,a,my,True,True,True,0.545411985391657,0.4377398128451155
baseline,news,bc8f9d8bbf8afbce37bd53428c578ec833fe4bb9213433c37429852d6e9c5954,mega,high,breaking,winning,False,False,False,0.09748302264840161,0.08134340222486916
baseline,news,976921b63702ec9eb74280c808f485ff87aa95c291904b06da401d9571076f33,network,and,program,project,False,False,True,0.11000456102775283,0.0909155078445696
baseline,news,64a7bcafb7cf7a4710591b9bd3d49f2e17e49e23b42e2efc4993d90028338740,there,with,in,when,False,False,True,0.13744469386729485,0.11173364040566602
baseline,news,c8a8c96098742cdf54009291deb4abc9df803d2e1588daa582b8e1fee6d1a180,evening,art,annual,artist,False,False,True,0.1521786945395658,0.12285680254468018
baseline,news,9e2c30ae5112e53cc432c79a7e84530858a5353497525ceeb02a4526da2af011,cantu,that,on,in,False,False,False,0.34152980672870886,0.2674598257980493
baseline,news,75f77bd8bc5a05962b83c1733dc49850d23fe01a51580f7e13cc0960c55ff108,good,good,new,lot,True,True,True,0.17226020675376158,0.1379893423331302
baseline,news,fa8f9574f082316638df027b60cf2a6e4945c8d0f4baecf46e51cf346d874567,huddle,back,air,neck,False,False,False,0.18034854382410512,0.14408164136814142
baseline,news,e0be954e76f16980b32c677f72dc0f3921bad6779c0cec7e310369c12b33340f,as,so,trying,in,False,False,True,0.07108139363372401,0.06091352523744385
baseline,news,69e7540725ba812e1a69c2e893806824c5da6081a0b7611e4a8dfb4b3911a32d,guts,a,been,no,False,False,False,0.11874785257425625,0.09756845166773068
baseline,news,90b14eef6a1040bbcf1b7ded6758e98c2ab65fa8ba06072f064883d8f46cf5ae,have,was,were,is,False,False,True,0.41718426440747636,0.3281233422429838
baseline,news,8453f08ed1eeed24ae24309065c643d84da79f0a9fa6c8d6ddcfb56e65f67539,one,to,that,the,False,False,True,0.39216934426699346,0.30779233584858806
baseline,news,5a94fdef97c4a5a5e2515517dbbc6ae1d5d8b384aab1a0cc6c8ce62eacb1cef0,hendershott,of,the,that,False,False,False,0.31708843743684323,0.2483370820292914
baseline,news,9a6c5c2c80387c834b32e725f834bfc998145475f2290d6fb6cbf465acae7e32,readers,readers,reading,reader,True,True,True,0.9393817659715017,0.8869267468201918
baseline,news,1b4f9e6e6ff2f1421d590f22344e0f35ac6d2b1380b79d5ed94bb15c6d6935d8,the,the,a,two,True,True,True,0.7421983910802173,0.6318015435048402
baseline,news,fc64fa981dd8fa35ce46ff13ebe8497706cd003d293fb3ddd8e24193d5260751,victims,the,they,soldiers,False,False,True,0.20173502955136657,0.16020008303496322
baseline,news,c745673b2a61e5bef3b94f97e357f2992b18de7386c96b633210e302a6772d79,products,techniques,skills,services,False,False,True,0.3166339479592782,0.24798337280726918
baseline,news,ff6f38afeb05c97e9b09cd73f6069f64cb0009ff28b24eed4c34d2dea789c094,why,it,he,that,False,False,True,0.2175570543595673,0.17214664089819406
baseline,news,afd65beccdd13930de3882eb504f6d7147343352d7b2984315370d300ac7354c,it,to,the,a,False,False,True,0.7493607618329,0.6397005736274889
baseline,news,2f169f7eabf246bd93b0166eb8f6af85340ba8637932c878752e1581f901eca5,township,on,in,from,False,False,True,0.09930231923194902,0.0827379087181622
baseline,news,e8d064f5e54f3ea82b6b61e3b5709a27ad55535adda3f8920d3c1287163ddc19,such,resolving,the,such,False,True,True,0.1640583665005671,0.13181091050762608
baseline,news,4ff4642e0d1000f67d3050fb86f9766748b6489e2702544d2351aa42afa34d9b,why,m,ember,the,False,False,False,0.17473183343625215,0.13985100390013455
baseline,news,32b4e5167c4f01573332403c6798c204ad2bf374f3c37145b77886e3e3cd6258,works,is,not,in,False,False,False,0.11502794199527842,0.09474058961088545
baseline,news,bf149ae80f8b1f9c5c2d60fc2965be28cdcceeee20423dbac7cf591e472b9b24,with,and,in,on,False,False,True,0.2875856517724077,0.2255053805068255
baseline,news,c00d2070fb63872c0339782bf05e8f91fc63a28cb508b90c4a548ac72851c4e5,count,be,get,handle,False,False,True,0.14310670469496117,0.1160111643375714
baseline,news,15a24f07ad28f98a3aafa38c6c99bd9fe2b2b80f6bcc0829a43371817f70874b,country,things,foods,food,False,False,True,0.0808851881726925,0.06854788693639124
baseline,news,9bf889ddee92514878cf6394402c04837746dfec70a4a9000fadbdd0a86c7b1f,local,local,tourism,organizations,True,True,True,0.2180805940329255,0.17254240555068992
baseline,news,fca222f8e24fa90fd3f3c049233458fd006949e5640f178eafcf2ee06cd9a3fa,for,for,that,of,True,True,True,0.26511732255368375,0.2082753010473197
baseline,news,5efe8f133adf5b152f9a5a75066183e97b7fa5c3bbca90a0e922abf1a2c6864f,month,year,week,month,False,True,True,0.12033380701762311,0.09877297520839971
baseline,news,55d4015270ce8ce70a03cc7165091372cf888f9c2fda2398f214f44a8a71312c,franchise,most,biggest,best,False,False,True,0.5275317179880984,0.4218290527336783
baseline,news,bd64b456e8cdc997c49e638cac97415ac0442c078d030010c86c62bd8e0b4e0f,bar,state,new,california,False,False,True,0.08182827983839264,0.06927894372094502
baseline,news,acd60344c87423c8647a61ed37a17fb088e41dd18887de51b6560ded8bc3ed6d,former,former,two,member,True,True,True,0.3276130461724362,0.25654666331960907
baseline,news,28c5864ceed00194031fc85234db2fc2e439a47e8c926a07867b3d78e4990313,cubdom,the,by,a,False,False,False,0.37148527482205157,0.2911927144390245
baseline,news,c3dcb8f81c0c3f20a1caab24b2fadfb3e46054436ea52e27ab64e0d1921fb8e4,you,the,you,i,False,True,True,0.3321387507076165,0.26008822745917937
baseline,news,281e96e078f5b3d12c4f2982276230e8f0d64a3725db154bc66c25d86a538d16,helped,of,was,that,False,False,False,0.4069966279665311,0.31980798736419347
baseline,news,3ac02a3c7236c2db51115479aab4db8f0de48ab209ecb008308b573a75314e46,have,be,have,want,False,True,True,0.24038009311761308,0.1894348564313928
baseline,news,44e48b78ab15a85e46017ac4fbb733e71527d5051df9c9b01b359ed99d93b755,against,against,and,but,True,True,True,0.3992278724046329,0.31349984973765993
baseline,news,4896e823910e37fe40e6312bafbbb1ecc269b259ab55edf6a531ec83fa96e3e1,knowing,during,in,after,False,False,False,0.2903476134657383,0.22763226969947112
baseline,news,43400da3e060edaa599288a546d0adf04e53a613bea40547d7d91d050f584b40,adjusted,own,price,chances,False,False,False,0.07041922104040464,0.06039539122316508
baseline,news,073d53bb7c08d7bec16be395231ed0a55a88c4b48127dd85842030d2a01ae436,in,up,please,i,False,False,True,0.3054589966177729,0.23930664479347588
baseline,news,878d6dd052416089e5cd493b336ae184be12588a6eb4f936d0fd689517d1d4bd,final,district,order,new,False,False,True,0.4805343580996706,0.38103849556113417
baseline,news,540daf6ae4c2e4fb1fc4b214afd452b6f1fc3ae9d901ce1163385ae00ea6a707,also,is,has,passed,False,False,True,0.1375786036114832,0.11183485930945591
baseline,news,4c1abe1c8f8e985b167eacf8b052237f5af23e2e9cb193c1c9a0ddbc7b99a283,available,are,on,were,False,False,True,0.35300174677463103,0.27650808017046297
baseline,news,983e4ccc0b9beced15358c5eaec0482650f76ec9ae7a615a8e7fe36d02f63015,s,early,late,mid,False,False,True,0.13311667964869237,0.10846066211458588
baseline,news,159c94d061253ccf16f8111e57f69db8f1ee6f7410e9389915e8ce433d431023,frequent,breaks,frequent,a,False,True,True,0.39799757848334033,0.31250341497355305
baseline,news,314f39b2a4636599c4db947f700e37a78d923c67c545ef4fd1424ff4c983228f,the,a,the,not,False,True,True,0.19904068284649135,0.1581679761215447
baseline,news,12897e576fd714893c2fcb2073137599476b5b163907d37e76a9325a0c5ceff4,is,is,are,was,True,True,True,0.5169135281869297,0.4124864973442763
baseline,news,a966ab2be010e281be52d0fd118f4dd22ad13db49878cabd2f3436187de206b4,kramer,chris,alex,and,False,False,False,0.07336856286787423,0.06270061721654017
baseline,news,2d14fc8d2e63896febe25547f1b335baf16130bf4e146c269431d7985e4f4d83,has,is,and,was,False,False,True,0.1651660752918542,0.13264545248851206
baseline,news,9e78af2b64aa9a8c1f710355a563c434326f54280177c653f5ba34e3587a855b,ventured,were,made,i,False,False,False,0.2793414691859898,0.2191687506872321
baseline,news,5810dd0b292c8aa10dc0f112407ac42936a1478404409f2b17eeb570efa7ebf6,society,ritual,practice,formula,False,False,True,0.41632539207591546,0.3274203860508635
baseline,news,8f17bbcac68914531180cdd50fa0030eb1628a82a21e7eff154b82782b1578ca,oh,what,oh,that,False,True,True,0.11771570830928309,0.09678419444314651
baseline,news,448489042ea18670ca935664df605697abbc620d0706a5623d992e45334aa7ba,had,was,started,had,False,True,True,0.3288760138587742,0.25753429105445275
baseline,news,60a1a9beecb02f4f6b42006be9a3377589dc81f9c47d3ba08c28da4c9cee0ae4,your,a,the,some,False,False,True,0.4222709171254643,0.3322939913016712
baseline,news,d5bbdc7e613b65f4ba6be7f61139ad642dcb04e561349612b43d3d13e898c56f,movie,look,brief,collection,False,False,False,0.07904725850994254,0.06712159189563564
baseline,news,b3d0b81f4f3882e57c8659c811c74954bfd9d98e990fa41719cc38afeb8048d1,are,and,for,are,False,True,True,0.3806002889810013,0.2984852910267007
baseline,news,c2fbe1373a58c030b800cad1ace414a684b789d277a85379ff7e5412ae3ce68a,way,way,thing,approach,True,True,True,0.5421197020939617,0.4347929053013584
baseline,news,cd689e2af3e19c3e32c0368e94619db6397f15f09f05a06095d1bac7be883e0c,huntington,trail,trails,mountains,False,False,False,0.12632074330897988,0.10331456969461197
baseline,news,a413c3e3a5ce88c00d1ccd6626926d0dd70827fa0551b2c4eb70c0bcb541e4a5,tighten,keep,get,help,False,False,True,0.10522989929605144,0.08727230930109037
baseline,news,b0fd7914fa11f36c4f7e4cdfa33105ff894998c52eb9927e81dfaaca43164522,campuses,most,best,biggest,False,False,False,0.20692406127389515,0.16411539193529556
baseline,news,da55e1d37e02050f8213ce09d41e61189d133508a456d2a162d45d06ec3820a5,par,final,last,first,False,False,True,0.26183848057207715,0.20577084772327187
baseline,news,2da344d55440b76b8ded71b677e1aad3060def0a931912d1d93061da7c4d79f4,the,the,it,you,True,True,True,0.580378285777214,0.46954580459930506
baseline,news,eeb6e29328676cd016a7d1f2a5e2c69a26848e2fd16d5cdf2fc7a6b94c0c1a7e,sponsored,weekend,that,the,False,False,False,0.1544689064222168,0.12458373809418768
baseline,news,af1888e3de3e98046bacfe903be9e6df274811f55387b6bbfe5c083e8d8aee53,for,of,a,the,False,False,True,0.20640318561294493,0.16372226478526936
baseline,news,8448a3b6e4c75e568d3a8b4afc12d2a3d4cc446e95b87331660a8b6ded5d5035,she,she,the,on,True,True,True,0.3129298850917791,0.24510309627775714
baseline,news,9580309d8071696618d796ebec7263e6239ccc5d4a7f4d0867c4c36aab4545d0,there,the,you,he,False,False,True,0.2180724264564842,0.17253623109625443
baseline,news,c9ad751229189d9a4b3aa5e3e3e7cfd0166b32eb3f25951085d2a10aaae167d9,a,in,a,of,False,True,True,0.1657409093320948,0.13307851248743446
baseline,news,f65ab0fb7e0db5fe774e18006ff6348b691ba3d1030f2a0dfe48a37bac9d6b64,scandal,scandal,scandals,allegations,True,True,True,0.9088152180826908,0.8404001217834207
baseline,news,eee3e299f05c0e7f92b0836d0b0e045bc5927942e1ddec08795df3d4522cd589,doesn't,said,has,is,False,False,True,0.1526712686931838,0.12322826440916225
baseline,news,7f874ae572a585009b9230595deaa182d1c8fe5f177c5bebd438b9dbaa8b52be,air,management,planning,plan,False,False,True,0.2079691787999295,0.16490426397935282
baseline,news,5ebdbeef4d728c939da6fff3d1567d9cf4d19d450b174bb03880e5f373197dab,carpenter,is,and,has,False,False,True,0.16986136009157612,0.1361824458478096
baseline,news,c762a8909722deb30b02b3347551719241b74e708b71120b1951b6518cfc0cd5,involved,its,there,the,False,False,True,0.21983174440712375,0.1738664150961751
baseline,news,46d30702937a5fd31117d2cf8166f100290a6293c7732e2b155624b8549b0f63,regular,team,national,mainstream,False,False,True,0.046308247723851136,0.04124455250626981
baseline,news,0f58c7805c4a6937fcd3b7da5df3fdba68624f04163826c66480ff1a14c82bb9,like,of,more,like,False,True,True,0.16698206753222847,0.13401352248387896
baseline,news,1c25caf5bc356c7ae7eb91ea84f12b583d3389fcf65048198e1791811d3c7d83,parkway,of,was,is,False,False,False,0.1277977082721029,0.10443374811568781
baseline,news,a35371855a446b2e03525f300e50b2a263ce4830ea72498791b965083bfa9fa4,stars,stars,pop,superstar,True,True,True,0.5026483059543205,0.4000541070007132
baseline,news,c1836d4e4f81fa0124ac23212115246bedd8fc376bd60d623f0f06ee7a88d3e4,pruning,pruning,trimming,watering,True,True,True,0.697495433397859,0.5840651267441126
baseline,news,2a4384398dd5542b3455ce54bd07385da4d8b7c44cee178374d382a628f98e4d,is,is,was,may,True,True,True,0.3650208090793522,0.28604147909703787
baseline,news,d8701b96aa32e4e7b5035c546994de3b5b865b697dc4f1e966ccc79254189d4e,his,in,still,on,False,False,True,0.08668975375803296,0.0730391352038754
baseline,news,729fd99e47f61f2c01a84b46f2935111ef2828f161a55975f666e52be2f95cfa,pitching,president,u,vice,False,False,False,0.1370190894702533,0.1114119188187127
baseline,news,0ac7bad2879bbe7d2d4a02c27abf9665a7b7088e372f9a1b4d89729a907cb70a,respectful,a,always,not,False,False,False,0.15625483884837774,0.12593014298602423
baseline,news,6d4e03221d7272ad8e764c17a4cea0b1c3a39b1ce45a948b437c9da1f704ebd1,republicans,he,the,his,False,False,False,0.6102613447168653,0.4975172573783746
baseline,news,ae6cd13921ab90aa101606457c19e5ad9789362998399ef65792c6431b2decd0,serves,said,has,is,False,False,True,0.13860775480046475,0.11261267782312209
baseline,news,c0bce37a1774baa32f84102b036c982c6f333b5aec30f1aaa15db549f578278a,d,said,on,has,False,False,True,0.15257809761281954,0.12315800344909247
baseline,news,bf63cad914f4281c4ecf413e73a76a077a759e36156516d3c116f20b99afc2d5,rutgers,all,the,any,False,False,False,0.608385365128718,0.49573846049631637
baseline,news,13d83c8b533ec5f7f04b4bdaed789af75e92b17b62a6fe3e6c78fb04d3d7ed02,hearing,in,a,to,False,False,True,0.05143268895377102,0.045369306115486216
baseline,news,4fd7a12ad257cee35884bd3a327ef77e3b1daa0aa914efa464fea674583535e2,new,lease,new,deal,False,True,True,0.34122813805854374,0.26722254172837384
baseline,news,ca6d12972b97c7c4e73cdad7c35d3284f8c0e6252deb9520b478fee6142bd41e,players,players,of,young,True,True,True,0.49786754814143824,0.39591721225291093
baseline,news,830dbfd08ff4850d5d1f245bc6a9fcb0276c1729b9f98c0143e77db4169ea2b7,vehicles,is,and,in,False,False,True,0.13331757018388432,0.10861265110169789
baseline,news,f4df584fb9fec68ebb856c57cb40cac85eb7283cdcba7a9cda987d24eb24424d,reminding,to,the,warning,False,False,True,0.3704510393260219,0.2903674391742998
baseline,news,2e9b0b83427508ccab4803b530a3e1682bc9863629fa5a76da0f05e63c6a8820,order,front,the,a,False,False,True,0.2597530780411739,0.20417918986593842
baseline,news,76a61cfe1343bb7929b2ee4e039a263d4b0cfd8d872ddce7b6e1796a857fec6f,and,and,about,who,True,True,True,0.18183118958664585,0.14519847308654515
baseline,news,97f7d2f4f953c45a1b368d5005bc0ff82351f072d573f08af26bd810011f0592,street's,street,st,street's,False,True,True,0.9747702788508832,0.9470788839121703
baseline,news,670898fe20044e8904ef99f5cac7da18f7458d8c6cfbb7938ab4e0c3117a0eeb,analysts,expectations,the,analysts,False,True,True,0.25980874685342886,0.20422166628273386
baseline,news,cf4cf414c00c9ee6c8e0282d977046c30debbb0faf460e5c697fd656116e14cc,gold,brown,yellow,in,False,False,True,0.11620040792326368,0.0956323025978339
baseline,news,2e9088fc9526f0b57d560c72c6b7d13a733d06266dea68fb80898b3f43752b6e,scored,touchdowns,yards,three,False,False,True,0.20371785773586545,0.16169592268267785
baseline,news,609ea241be22cebfa6089f1e02171b000083b4260f710a6fc46906ebf4ee54f7,equal,the,economic,education,False,False,True,0.17635100948350765,0.14107058229039307
baseline,news,e8dbc9de7564c46df73d4d17d7e55baf34456a60da7434712aa897d4cfae3b44,roman,united,state,philippines,False,False,True,0.24018682314886336,0.18928811562757533
baseline,news,22b33e37264a3cca33562c89b877a318d36fa32f7885b89958577e4f100867fd,it,the,and,but,False,False,True,0.11970189885376384,0.09829312114513153
baseline,news,889e290cdc0c1f79abd99a86ccf5209c49cf6e9b71108592158d1a58f82ef08d,can,of,is,should,False,False,True,0.3377159305363879,0.26446233546671205
baseline,news,413f9c098c8d3b99411e073b186525e8ba83d442c5feb050158dee275ea98700,as,as,and,to,True,True,True,0.650555914657353,0.5365192532068314
baseline,news,757ff1ab450adb3f2771223ed934df56c5e3b29f5ef7db8d25b7d7b3982ee74c,romney,how,the,his,False,False,False,0.4288535656585039,0.3377103251996084
baseline,news,4a7c35777a40b84bf2f81971e8d9f3017c02d7267d882ed05816e547baf7cb4c,institute,law,tax,dilemma,False,False,True,0.1316038216960896,0.10731583975145209
baseline,news,cb5ce65efc68c693adb9faf27d58c909542ea14358ff7b63259e0f155336d0b4,exciting,a,not,too,False,False,True,0.13439090960207103,0.10942459608275142
baseline,news,c1ad38f4668adb9914aeef110876bc9d6878ca87a7ba3934643cb87aa24d5dff,we,in,on,after,False,False,True,0.5560026887395065,0.4472739254350576
baseline,news,d749b16bb0dcf99fa739af93a6019c318b277b5b3311aba407248efbc5864ae4,will,are,need,have,False,False,True,0.31133975897116495,0.24386793114310873
baseline,news,c02d52eba550a73d89d320240f29fc12ac0316b03515d1c6b6fd49e0bac5a50e,thursday,at,on,by,False,False,True,0.22562813344858618,0.17825177685666554
baseline,news,855b966f03764ef7f679911361ecf0f4af26b9c2f9ba0d4d9c497e0d82a46c0e,to,to,another,again,True,True,True,0.893969127231216,0.8190819889326433
baseline,news,9c182cf347315ac2e88340b84c267541112c3fa673e3a99d692f4fddae7193c0,install,plant,install,use,False,True,True,0.28592806568895085,0.22422990949995514
baseline,news,47a5de54545ceea50ebc3fc2bfbdbc76618fb2e4f2a6ea39af92902a969a03ac,messier,more,needed,bigger,False,False,False,0.5234065573479124,0.41819029919637
baseline,news,e916268962fda3da5808339e5e6521382fbfffe5f918abfcf295e6ac9c28a8cc,workers,people,world,rest,False,False,True,0.0780068080358378,0.06631321126421935
baseline,news,87ac66a0d50ec6bdffb88436b37daea46f1fd9be758653d6fb0283e9c1ed7b82,by,in,online,by,False,True,True,0.320992470566028,0.2513781470641165
baseline,news,09ab7668d4762205539d1411c8c8e2553bdce5e6e07159d30b0327190760fcf3,season,book,story,poem,False,False,True,0.06942369826705698,0.05961577263604393
baseline,news,2f7e28a252b4f2192d8b52271e0c6c70b92637b09387c23df2b80db91bbdfcca,the,the,a,american,True,True,True,0.7199046668635751,0.6076702623718234
baseline,news,0889ed146a8e2521560f304a26dff9d7c80f759f8e445ac1e289b675dc5a8053,co,board,structure,management,False,False,True,0.25606706213945213,0.2013681389021508
baseline,news,0d9d688a55546235687f287d4d4fe89702c447ac08069fd6f919aecb3803857c,deliver,the,a,his,False,False,True,0.3970766236227779,0.3117579695375086
baseline,news,45120c0d001baa94f24245ba2309b6f145d4d9946015f30c551bb2f60b35aef1,he,he,the,his,True,True,True,0.6923991385936782,0.578782606121019
baseline,news,1ea27895c10b56108125ed21cc2acd0c54aae47c81d4828a971adfe7e0407c8a,said,said,and,has,True,True,True,0.32907234494560117,0.2576878683913282
baseline,news,f2cc622daa52f9f89330dea5be66b659000e7e4015c9a944ef50a6b7312440a2,perfect,highest,best,utmost,False,False,True,0.41630838006041326,0.3274064659501135
baseline,news,e873e40bdb0636e11e5ef2c81ecc375759b5bf4256f12b74fecd766e67a565c7,open,in,that,with,False,False,True,0.43694944415517417,0.34440198251117166
baseline,news,a7b3a80f4c940476280eb08c7786e9594955616e4721a88d3c915a6b33b65a27,mostly,been,spent,taken,False,False,True,0.623026900462359,0.5097063847980725
baseline,news,fdf2c75b86133caa27eb8cbf0b2b19460ad35a5af6eb4ee740dacec46c2da7ba,the,the,congress,presidents,True,True,True,0.28448746744822506,0.22312199276441433
baseline,news,623ff18678778a5e9e7e464b7d81a79f14e43758a8eb760db47fe06032d2f566,south,the,a,hope,False,False,False,0.31622526744671614,0.2476653707499285
baseline,news,63adae9e44dceb20c4da7ad4c62e884073a3dfbb2dcb83370cfcbcb3b805a7be,mine,the,and,in,False,False,False,0.45660355537823005,0.3607912297174934
baseline,news,471c42c4dea2eb0246eade7f40b63e4cb78c8f9e5fd0072f868ee1da204d1f28,i've,who,the,as,False,False,False,0.16954860963105706,0.13594686466882125
baseline,news,5a9da55868401cdedc2b74c76ea9ba97fbd64161cdb4f378d918beb71c71687a,seats,seats,seat,place,True,True,True,0.8409346730148255,0.7481397853445567
baseline,news,7a3b723a26b20b314610aafe93407578ee0c91b41d21c53ed5b1bf17f9ad1d59,the,that,the,it,False,True,True,0.12232126636998551,0.10028155624327188
baseline,news,696c80a76e86baa4857deb969165df543589c248e1352209d48c19a1b9c88479,not,not,going,the,True,True,True,0.1173662314808114,0.09651858642995736
baseline,news,2d838615dbd6935615bbe39e96aebfafa6d6fe7200de949f84489213b2251eb6,wish,want,wish,intend,False,True,True,0.36701503798359003,0.2876287864037466
baseline,news,f54d7a65363dac9361169dcd34181f8e1d4ba0635a017c28e48eb2bfdfd2e5e6,estuary,bay,natural,and,False,False,False,0.2964329740181271,0.23232574671438916
baseline,news,e4d6f3e2df24c4b2f687a1690aa6b2f0c82d8dbd071cca199fd26bae1615891e,and,he,and,i,False,True,True,0.16967202041268215,0.13603982479989113
baseline,news,f9b83a84eb91a1987223d5075525ff24ddde7884346e423123f13201693fcc92,during,in,on,the,False,False,True,0.3781657338214906,0.29653408747162846
baseline,news,a6d010cabbb7704287d8dfafc80cb833c93d644494fa67760865562329a1ff54,cleveland's,the,practice,a,False,False,False,0.46781255671683697,0.3702336633465437
baseline,news,304c123fe9c7cc72d0ef5df6480ed2edbe78acb743e44acb398315be6735226f,temperature,to,i,and,False,False,True,0.051776393456797035,0.04564473044368909
baseline,news,ed77e737454dd7c942878c45cf211c73ca28ec78696519462d88a224809f1129,only,the,that,we,False,False,True,0.3346123700926456,0.2620269150178109
baseline,news,e459e6992c8536605830df73fd0fac1b55dfabadf038b76a45a2ba7152a8ab7d,increase,are,and,in,False,False,True,0.11815329501788113,0.09711672150460866
baseline,news,db311909f5ce8bcfc65a77c78cf86f32ad1447917b0bb7ffa71da2f549f51d77,but,but,for,and,True,True,True,0.22240203909356232,0.17581046711124368
baseline,news,ff83a2cdd9fe8843d49f014da601b0818a65cab44d746db99deeae185c56f558,florida's,the,a,one,False,False,False,0.35755718162689104,0.2801147969126997
baseline,news,e5436ab5faf3eb1913beff8c88baa1b3cb753cb6851613471ea44822e747ded6,he,the,he,that,False,True,True,0.23395149417030198,0.18455729246905464
baseline,news,dafdb08618e2b7a337ccb66341b5deec31936f3ea1b562715e61a28491b215ca,newspapers,newspapers,the,blogs,True,True,True,0.34201402955084215,0.2678407703767175
baseline,news,af7e21cba8e0bee9e38c76909f1d77cc2ad2e14c663070e51f8e6c7ea19db433,were,in,are,and,False,False,True,0.1109728672433662,0.09165343178098384
baseline,news,91a9b13c36c5f4adde75f13218f036919ad0e75aa5322edcc40188276aa2cc74,fourth,play,one,end,False,False,True,0.1301767448832464,0.1062355461796002
baseline,news,92f6939ca5f99c6b80ee4f0281daec12cf537958af85efe24d0b67121213b44e,outsourced,been,begun,automated,False,False,False,0.20219339182189033,0.1605458414342157
baseline,news,449d20ad0834bc73225020f92ba2e17a793958076d2ace1cabadf0d4f1bc5dea,by,by,in,and,True,True,True,0.6695955363221605,0.5555126270659605
baseline,news,4193ab182635ac6afac326f49812d94fe32ca2c675801d22c277742ff967bdd9,hotel,villa,property,boutique,False,False,True,0.5361131955385717,0.42943676694812516
baseline,news,cf5ed287f097c5643cee9ff908730e16867fd00917c57ba9da838996b2fb0da3,adding,adding,using,attaching,True,True,True,0.3529818220192283,0.2764923223713839
baseline,news,e812b9f7c75be4bae252eecfe212d2453c8a23fdd350be30f48f8eadb28a2b64,haven't,actions,policy,interest,False,False,False,0.07387628965371039,0.06309680724586254
baseline,news,8c77b08cc6a5485d978a1c47ec623260b42730cb1c4b2701de07e6fffdf0c3f5,pointed,hughes,hood,h,False,False,False,0.9561154393436422,0.9143025012653037
baseline,news,548ffc0742f92e10df5a735e9453c868139ff609b1b29581215b6360b2722ace,to,to,and,out,True,True,True,0.6020719531049297,0.4897750736844727
baseline,news,8d98f1814cc0be0866f65f43c3dc73d8ca0aea6d5a9f88363813f08c679f7241,time,time,moment,place,True,True,True,0.773454746465612,0.6668329358897134
baseline,news,32c50564652a55511d56ac972ceda5932ebbe3e4cc4ae445bc5237307c789a8c,edward,david,ben,michael,False,False,False,0.16984447646598697,0.13616972819941756
baseline,news,ada5176e6bd3c546b99b0944520ee08ea2c1cf98d9663a7111d206fc71583d51,before,and,in,where,False,False,True,0.2606227447601912,0.20484283860853322
baseline,news,2d1a1370f4e93485c195ee999f40e303f05772ef2e3e62026a68291a7358628e,well,chance,major,boost,False,False,True,0.18203946868679902,0.1453553670228715
baseline,news,727af85ebcbc8e026f03116aa03c378a54c2969a33a7c2d554b08da61aeef794,last,first,second,third,False,False,True,0.18820062209904895,0.14999705123853058
baseline,news,c4d94d38d094b6e4e878963aa2cc1a1462717c4cda044153df2399c96466d1ea,system's,world,company,world's,False,False,False,0.16141156788506156,0.1298166256877201
baseline,news,b104e06f283a7546dda2a7bc70f0fdffad85f7fd9533587a1d0786de7dee7123,half,its,a,the,False,False,True,0.3918339738330238,0.3075217122375218
baseline,news,932762d21461dff23e57a4ffad070a14828ee5be0afafe2937db7f036b69e746,since,the,all,a,False,False,False,0.1878116999545221,0.14970400610044932
baseline,news,3ea44da93ff49bc60bcfdafaa176a7fceccd38b92bbd9eb8d373423e6dedd88e,going,the,his,her,False,False,True,0.5772458633892148,0.46665725994638674
baseline,news,4b162ad92b70540763e47b731668815b83d891419e1f3937bec6698dd319a0ce,it,the,it,how,False,True,True,0.507058891297575,0.403883736150597
baseline,news,d29ce078d8bba63288fea66081d2d3b55e14d171525411d7a750310dec50b6e5,last,or,that,and,False,False,True,0.1637077636319163,0.1315467585535049
baseline,news,fc8dfe4e0fc7cf83e90743a8679d1ff1221bbb7403ba35b0b8b356e93ab7a8d8,glendale,is,has,was,False,False,False,0.21689734448955392,0.1716479867519817
baseline,news,1f809cb9a2c079c01838ef5b1608654d1d9801e6f3b384bb511620067caf6887,a,is,and,or,False,False,True,0.20351567233027662,0.16154337960487938
baseline,news,e92f3fedc203418bb2a087cd8410d8b85b9aaa89eb1b2ae3c846d66fb4aac89d,was,canada,was,but,False,True,True,0.19130126663100025,0.15233356526052966
baseline,news,22c08163ddc561d9947812c20725e2ddd27929a0f3ebc9f301dece18721c3490,luis,the,jim,a,False,False,False,0.1283326331665879,0.1048389794264927
baseline,news,4b30a772cbf500d98f067089b0a4caf0b4d67d47da58406947abd8d31d8b8ca3,that,that,a,about,True,True,True,0.16317050468180544,0.1311419662398656
baseline,news,d6dd4cedef9d9d40d5d37f75d6f49c3cc8ccab30a519bf866fabad0b7cd77fdd,in,the,and,in,False,True,True,0.203639159863849,0.16163654698648486
baseline,news,fc2adc55e3fd26d7806aba8772804af80e5543f1f25149aed51db0629efb8339,available,awarded,available,announced,False,True,True,0.4470722706206669,0.35281723025494854
baseline,news,f27654a3685056ab58934eb363e8ef5c279c2789dcd85aae2ec54ce432501f7d,shooting,public,media,american,False,False,False,0.05883199662426966,0.05126814872200373
baseline,news,02aed1ded53332219aeeb590b6268aabe7b965f94181c1f48e6376f6b62b7fb5,in,for,to,and,False,False,True,0.16086574742461068,0.12940532617545272
baseline,news,a9aeb566e8e2da5377efc4b8148e46e242434075e3ae3859c66ba59a276cb312,her,the,her,his,False,True,True,0.5305958427075562,0.4245395327299335
baseline,news,0e159c1866c5e8f09a272ce765d2b1939ae3c40bdcaeb14a714360bb321dcfdf,documents,papers,documents,records,False,True,True,0.24751412983128215,0.1948560442111181
baseline,news,ed85ff1fef33ef95eb864ab53d40ec314abe289568a57bd06f3a9bb035541170,as,and,but,he,False,False,True,0.2018518880081019,0.16028823177416743
baseline,news,3163c777e9c664bd36cb383e44c7ec7e2e4935a6d287c2e8a4e76108b84b9f92,after,that,and,in,False,False,True,0.14683614798600453,0.1188264244022071
baseline,news,76eab2e745794885b1223df7b56648971eda6adfd44b5a4e334d46fe0413c4c8,high,other,of,others,False,False,True,0.38233550617248496,0.2998775399482179
baseline,news,eb763126d9042fdb40a7deaf8a56bbd604d91d8eb26c8a37b7e12a66be2a340c,historic,decline,scandal,failure,False,False,False,0.1294306868089567,0.10567062817338999
baseline,news,a6346cc7338b53759c95dd184bf2bf5b00e3d2292a7dc9245524705aa9693cfb,now,we,the,this,False,False,True,0.17080757335447908,0.13689517669010542
baseline,news,728e62577223344489c915d4cf87ca1030e382a4b988c7b720bfb2af8e9f2900,her,his,a,her,False,True,True,0.31146503937831443,0.24396521702333349
baseline,news,7073d881dff3d3ddb33552f806e9a941524e4d11974bf7804301840ab12cb6ce,chairman,chairman,board,bank,True,True,True,0.2129578297391753,0.16867128371195772
baseline,news,584fb66258262aec257b987fa6c89e872f0d7f46cd087e4acdc45b235fbeb7bf,the,the,shareholders,his,True,True,True,0.2701118956668521,0.21209491345371115
baseline,news,decafe47e0ed88aa660fd0273a62866a3806b1c252b265abc8a50b1cbe01ace3,for,for,in,to,True,True,True,0.4787965518936607,0.3795568983364953
baseline,news,872d823279e95d97a910a8f7d9b4c653404525116a11fad06c5ea1b70e535582,involved,was,is,meant,False,False,True,0.256806713879092,0.20193198904890525
baseline,news,44d3c91d245923c13fc99af5c9aa45e291cee41f458b7cd1fb7f63ba44d54b88,cheer,get,find,make,False,False,False,0.14532976150788474,0.11768948705974515
baseline,news,2c7ae302381a7ef46fb3c86c4730f837bef64ff8964d5c5dff7e78a43e56a7bb,to,a,the,his,False,False,True,0.31097530194828854,0.24358494137337167
baseline,news,b03a2032b0e1b4cc5d746728142860c24b92e85221d8ccc83c630c939d18d978,that,by,at,that,False,True,True,0.3716666515528957,0.2913374904234492
baseline,news,c40a50f3042e93ac3d52ab98be550628c86ee166faa9162f6ae1fe317aa343fe,that,that,he,at,True,True,True,0.27317444655629664,0.21443987127460012
baseline,news,9c6043ba3fab10526958fa6f550c7944ed2e3897fa2bb8b89fe0904fbac5c180,ago,later,ago,after,False,True,True,0.3799796102605139,0.29798760198565444
baseline,news,2409df8d567d1946eb60922e53d0435b665132d62a2b6614c255d8e2c4988346,said,be,i,not,False,False,False,0.38552128609173225,0.3024370107059836
baseline,news,d767e613d5623da95db9da60945c85331d3813fe1c455e33b0b88cbb9aa02c09,skills,potential,ability,production,False,False,True,0.22779460479969868,0.17989204100978642
baseline,news,a498a5b53fff81ec65eb04d1753ffd462047b03528db1abc435f02b35cf1831b,can,know,can,could,False,True,True,0.16521675363414973,0.13268363223786783
baseline,news,b1744a4cfac67de3829c711aff0f4c7751acdaa3db53982202677009c2b21596,she,than,and,it,False,False,True,0.45864039416528546,0.36250178183764037
baseline,news,c2cbc86826b9e3393442a141e0d9f17be5cac7fc5353f60a80d8d0efa5805621,day,day,military,modern,True,True,True,0.9278779901507516,0.8689502479156663
baseline,news,e5f57379902df0248d3e0ccfcbfd47703e063a55c38baef575e83e2fee861cfd,future,and,in,with,False,False,False,0.5696095707304405,0.4596486575011196
baseline,news,53fcb8c5858bdc5e3cacac3d90c435fd44a53e4e634603bab3339ea07b8e92b3,pretty,pretty,very,good,True,True,True,0.1631516597756542,0.13112776752073002
baseline,news,f50e40e161dfb12abc5f5ea7efa67aaf80bbac7be2385b777e479762496b42d7,what,the,what,all,False,True,True,0.25458228680763295,0.20023660617334957
baseline,news,e2cecf11dca5df9b735964a590aa5944dd065c9ba6ee36a255b9eb3a9396866a,pressure,pressure,burden,financial,True,True,True,0.12488555791650365,0.1022266049698077
baseline,news,1e941cad073d7e57ad3d645b427565f1d29024b0e097ada4142f1bfa9a21d2fa,the,you,it's,a,False,False,True,0.13662073487290735,0.11111077038859794
baseline,news,bef64b2d00babc29effd485a86ea8b7a657beb16d39bdb0203b74a6d3ac52716,the,the,and,to,True,True,True,0.8481946984014965,0.7574330849455745
baseline,news,d4f2998d13300b8a34439f4bc41ae916f0b0cef076d081e3b3f91c7ab70d0c0d,yr,is,of,was,False,False,True,0.14740976416669577,0.11925929270870025
baseline,news,f7d1885d28708b1a5540e4091b26a1cce73b272882a1485c220607eab99f3f12,included,is,has,includes,False,False,True,0.21722230296156003,0.17189360622624078
baseline,news,9f24c619daba70f455fd082253edda422fbf0c4b847f177bcf208620fab45acf,city,court,day,world,False,False,True,0.07906925611460824,0.06713867542746123
baseline,news,4bd1ad65840258b47fd2c0a382adcd642c098a63dd60aa0a97503efe4b6d1573,serves,is,has,serves,False,True,True,0.2982345553060192,0.23371724539600638
baseline,news,7ae7ed8c04a788e2c11f880257b7b0f93c8fee3157a2a9a5abc418627874fc3b,a,the,more,updates,False,False,True,0.1938333899756411,0.15424202393074815
baseline,news,a2fbe1ddedb57710c186dcbfc2efb1dcef29376bd4dc0910967c0ff0c4028a80,a,a,no,an,True,True,True,0.41297635314772835,0.3246827315623162
baseline,news,d27875ad59b0682d68b622ba5b5efdaa0842fc67198c3b34675a52c39adcfb51,the,the,universe,our,True,True,True,0.542781482663116,0.4353846263315252
baseline,news,e38dae536f5c7ea889e3c86c3c8d05292034078ea42e9488a5a841479d142499,felony,number,single,little,False,False,False,0.029797713544584395,0.027660601015835867
baseline,news,08ebe3567ee2408d6af3f883b24cbeeef182057c6058b9346f07f8f3d7722262,of,of,the,by,True,True,True,0.8474082359133673,0.756420555320372
baseline,news,1b27e245bd908d68f1f150d40f51be698c316a81ab7c94e401d0cd28c2342ad1,was,in,with,was,False,True,True,0.13562108129332387,0.11035494104488627
baseline,news,77ee4ea81099196aca34c5f51589bb0473085d006e5c33f0c916337b25acfc8d,nine,eight,nine,ten,False,True,True,0.7219443841461112,0.6098504376905081
baseline,news,5c4cc665eff7d0878359ec59541e9d270abe33de59be3d1dc105dee0682ee91d,jefferson,the,st,a,False,False,False,0.3938649970842605,0.3091613923972418
baseline,news,96c05144fc8d394726321f66cfa346d3af3575b4fbb5e8b3a6a5f78130f58641,referring,and,he,the,False,False,True,0.07505765619388416,0.06401793644870392
baseline,news,445adc2b50df3cf24017d4cab8a763560964089957d004ca2ecceffdbd0e9030,said,said,was,says,True,True,True,0.3528518242709414,0.27638951535095446
baseline,news,15365bb04842559966ea86a85f131ea24ee8585af16b2cb7a31a2040fea2d5e8,verge,verge,line,brink,True,True,True,0.42451603106833347,0.3341388752263557
baseline,news,807cdbf8710b48d01b718a26c42bb1170d90c87257d2f13130da9333848f66d4,it,it,the,and,True,True,True,0.1886008673533772,0.15029863469245264
baseline,news,9b8c86aaa7bd35716076383a6007b80b3a681954360279ce07f17d65e4101cb4,dozen,dozen,third,year,True,True,True,0.4796749826855866,0.3803055936766333
baseline,news,45337a57306916978c0c3483927d6124df84e063dd78c4075ec1e677d925a638,back,back,love,email,True,True,True,0.07812267423100173,0.06640326870940767
baseline,news,574ca99c1c17d01a024eafecacc51c0248af038c10a1b19e4080e500cfed2efe,erroneous,not,dangerous,a,False,False,True,0.18376362838588806,0.14665419466132876
baseline,news,eedfe21e142408dea8b0374972281ace9b0d45aa7db11c70cf6943ef1d1233d5,trading,the,a,it,False,False,True,0.2849192473491481,0.22345400350193392
baseline,news,fb6e776fa2edc969a64700e3ffb6f3f84f7e9ea190536e6204759d06bddb7f69,latest,new,first,latest,False,True,True,0.08436242647210877,0.07124070984167301
baseline,news,807bd99dd0466eed612abe9198daec83ef19dbd9203757d91587deff3add880b,new,the,a,his,False,False,True,0.37833965400689895,0.29667339475167004
baseline,news,c80ad7983eb187c698acbab797bcdb5bc323a1773f3e417c35de3471598c8411,when,a,because,to,False,False,True,0.08724782928941797,0.07346994167240775
baseline,news,1b60611e463b77f54d8abaea53835ae7f629318b6a760dd7bdfffdab87fdd9dd,older,their,families,staff,False,False,True,0.06410221949716152,0.055434488112604506
baseline,news,9f610e8786c22a83be81bdfe56a0e6700c40590dbd20fbd2c3420ee9190a8487,they,the,i,you,False,False,True,0.2233764406794956,0.17654768559097084
baseline,news,1a6176fec639eb8cd452b785325aae2a37f690d4566b9045d3a196f3fca071c9,mandate,federal,clear,state,False,False,True,0.26451858251139787,0.20781779246738832
baseline,news,4eccf4264cada34289371b4632e01211596807a84e55c2c441b3bd903405671b,laughable,that,a,the,False,False,False,0.47386348768732517,0.3753609311197446
baseline,news,7182c4122beb661a7f552963e97e96debaa0ff3075b333fca622dfdf0f1c0d33,others,of,players,other,False,False,True,0.4132321135475076,0.32489161082113827
baseline,news,b78bc73349538440f0b321d6bfc556d1d4cfa275f3367b444ab79e55658d794c,died,a,the,was,False,False,True,0.1390009128122965,0.11290977990466323
baseline,news,45cf0a304d8d7445ae84609516177d577f4d058a599873c67f29d36c05093790,that,of,i,in,False,False,True,0.15914869239280127,0.128111349360201
baseline,news,d78dcb25259146239644b989e736e4a7b2b059b25b91fb690f71a71fc463797e,persistence,and,teaching,learning,False,False,True,0.11391412082051748,0.09389311603416492
baseline,news,2cd7d3b32146738ada2b797e16e272d6538dc8776811b2120722b10ad2520e02,film,novel,time,book,False,False,True,0.21551734562933028,0.17060505521032543
baseline,news,84235422da29968cfc3ee34cd90568075a51509ffb7ecc6cf4eeee6bb7d89ae5,not,he,the,after,False,False,True,0.135032771231366,0.1099100495488538
baseline,news,58328827527a863ca5c853256ec93d02408167dc6f3c469cec74bf6489388e89,the,the,which,these,True,True,True,0.5007769694072645,0.3984330567468979
baseline,news,f9ffda5f42b0c5b5c3a6024edfd9662e66f7bac3cfb8cb8f3cc56afb84c6dabc,cereal,cups,filling,candy,False,False,True,0.3951568823117858,0.3102053139518167
baseline,news,0c1b7543bff10ae3c29b51f2ff2f980a29bf3f27267a151dfb9f5067bcc66edd,next,best,city,services,False,False,True,0.14499488887174927,0.1174367087081504
baseline,news,9717d0edcdfd96728654f8cbdd05e4673b60538d1e95f29552a6aa84c138f351,broadway,washington,sandy,foster,False,False,False,0.21647387880486205,0.17132792955964313
baseline,news,048794bf3e80d387fc24dcb0be6f0be26ed12d7bed3764d94736840845d53806,saw,from,in,and,False,False,True,0.19443274923644552,0.15469381314015102
baseline,news,3dde4446684c340574ab2cc57cdf14ba10d6d78332aafca20fa252dba18b0f67,drew,on,home,is,False,False,False,0.7410317973600795,0.6305218855436595
baseline,news,14fe936100e3e2a45d205320208579afa8d2cde3b12e7bed9507996180107e3c,they,in,and,where,False,False,True,0.21043676093948357,0.16676725946339896
baseline,news,2106182c051e5e8e8d3bb9696507af64cc483c643a5858884f68d3867d1cb03d,the,the,but,and,True,True,True,0.12504958195188823,0.1023509687142206
baseline,news,56c06ddb9bdb3caacadd6349de8df74a642703f7a16b691a91e3b696076cfa4d,ovation,in,the,and,False,False,True,0.07380764249483932,0.06304325132723695
baseline,news,1e4ee016a9ae8efbb7f873c900d7fad4b073628d543b2f3ff33e02c8d4aa2f60,offensive,offensive,outside,inside,True,True,True,0.2636428817142668,0.20714879649054183
baseline,news,d9a3dfd7c4bee3fae7132bb8309aace534afe080b1531376c28deff1b1707c33,rescheduled,the,scheduled,in,False,False,False,0.09152699923788378,0.07676785135591914
baseline,news,82328d88c899cfee3e54d40e86e35ee9a3d26f5541e17a07ee00d8c180390ea8,about,the,age,they,False,False,True,0.18662153273517615,0.14880727593225035
baseline,news,da7df5ec314594a1dca449d3dd5a1b99b0b96ece283c1478d116e4e49638c778,php,calendar,or,of,False,False,True,0.09994227349434517,0.08322811345201947
baseline,news,e29ffe2f314c732ea5662bb06933d3a57bea10dde1a9dc003b80373b03a8095e,to,to,as,on,True,True,True,0.5370842061666283,0.4303008807984923
baseline,news,860ecc5a173754fd7d000c1c6ee73f49adf9e30322be61d06378de511ca49847,lead,be,lead,have,False,True,True,0.11046254076063335,0.09126456080637994
baseline,news,82473fa5d3be96b351d98586bfec248296a80aa4f40cf2e4529682e52ca525fa,avenue,century,is,i,False,False,True,0.047970975997516416,0.04258681272509956
baseline,news,6a79e201f6128ad18f2ff20ef29449ffad60c6dd2a3e6dba647022ff29d510e8,minuscule,a,the,as,False,False,False,0.09299871531564509,0.07789998026404002
baseline,news,586dc40f9bc96e871accc4d25412c6a36e2494610b897f21a939d72cee3933d2,high,failing,a,the,False,False,True,0.12966064209177733,0.10584476266558038
baseline,news,125f03bc328e941f4db6cd8dc8867de8fff4cbea70b3634fc9221eb698dea945,and,and,training,programs,True,True,True,0.781888303413329,0.6765454976774445
baseline,news,9a4964e64e16718c3a5f689e03478efb03b772c7c3bebf9ae409ac79c4aa4d0d,ticket,trip,car,rail,False,False,True,0.11055299479009516,0.09133349317210789
baseline,news,eed9dd44146550e445e2edcdc2d3292308f2c10ae63b405a5eff2e9724849e95,your,to,and,in,False,False,True,0.20744917874036709,0.1645117463174778
baseline,news,8d3ab7e4cc049a9f487e2f5b5611fa3c42fccdc9d625c56a3cc8c9f2804a7b6d,might,the,it,she,False,False,True,0.4113517471196119,0.32335664970387545
baseline,news,ae821169cf004a3af90921a2ac48056da0138c3e1800cd3474cd2df98ce0688b,companies,that,for,and,False,False,True,0.3080363775711173,0.24130444378447538
baseline,news,5a69b2edd515468f221619e44bc53f4e7f23815c51c3d7b5248903388007665d,roughly,about,the,all,False,False,True,0.17280421145573352,0.13839909686401214
baseline,news,4a44e00e4931aadf582f1fb077a66760536631b0fc8e98024382ef6d25c5feec,not,the,it,i,False,False,True,0.2419628585165617,0.19063682024437437
baseline,news,8a4257085ea6ce5aade72d257d963c084f643e43addd9a8c2ca84b55201b8e8d,on,a,the,also,False,False,True,0.16506765371335885,0.13257130396990646
baseline,news,8f2a21b4f7c06b5e9b6c447d736019f74c4f2391d93d9a47063012e3e38801e7,uncomplicated,extensive,normal,complicated,False,False,False,0.14067163827434107,0.11417206894715173
baseline,news,bc65d21c5d7a6f9ca5344267fef3b009d215bdd2a4fd1ec0484d9502718c9327,am,he,the,i,False,False,True,0.22548786333653437,0.17814559937197727
baseline,news,5333e647e856db307e6b12850a79489e0774ebe3d24847ceb021adcba5f45a18,nut,apple,and,macchiato,False,False,True,0.06790466639810426,0.058424648315499546
baseline,news,8e2c2d11fd535b1a4925dca52e350259f00c32e31f6811db8f478e3759a82c37,tamaqua,his,the,new,False,False,False,0.21660902055716985,0.17143006797270305
baseline,news,cc514a7e71a86eda18604aee96ff22791c802bd296250ac1ade30f52f32cc75f,to,in,to,from,False,True,True,0.22259856866676264,0.17595914843215177
baseline,news,62cfabc58137d956f558bdd8cca9d62b4a20bd62bfe4f7c206f47893b72e98c0,is,is,has,will,True,True,True,0.2628650477481845,0.20655470841092402
baseline,news,3fda6e1f4aaaadd23355b0dd4015c305d579ae515847da4cfc4660c44fecc830,weekend,weekend,past,last,True,True,True,0.6051320056997419,0.4926610736459338
baseline,news,e12e7b3b976ec7d984d9298670e83e00240cca6589a235f8947e30351c7b30de,be,be,look,become,True,True,True,0.622179725403113,0.5088928117975914
baseline,news,e34e3276416a4d1380bbc9990350a72164e1277ad69aeb421de3d8b613d88c52,son,fault,own,first,False,False,True,0.14545863875952703,0.11778676650161517
baseline,news,dc0ef87d46c845893d3441b4c7a40db2629427d09ebe66d9d68f270a77c6e388,second,first,second,third,False,True,True,0.2979887055504765,0.2335273025145938
baseline,news,934f6bdebdb56f18abbb9f79205562d4b962b5024ec2c33982380d798bc7d106,are,are,have,were,True,True,True,0.5185588859396176,0.41392915448471673
baseline,news,5ecafc9519e31659ace8c699738594f0909d0e7803e6d938bd111366bd9303de,the,the,this,texas,True,True,True,0.782198624279457,0.6769051123719207
baseline,news,e164461741903181ba484e4c3aee9ea5163103657b0afd24405d2a760d7a7324,ex,is,and,was,False,False,False,0.16410738846691716,0.13184784436065197
baseline,news,455b52299a9ab8fb2dc536503e2e9c93b2798bc0dceeb631613533be38f97b7d,one,one,he,two,True,True,True,0.1589626286240075,0.12797112149381853
baseline,news,ad9152b391e834c2f88dfd56e59d7b6010289d7d31727ee168b42ea1d01cc63f,run,basketball,season,so,False,False,False,0.12808093187610256,0.10464831083778449
baseline,news,357377ad8a1d4f265ad55dff9253734d188546fffd9e3ee48c1bdabfb766296e,on,in,and,on,False,True,True,0.1396467807246015,0.11339780152638514
baseline,news,a3281f9b5c3bf1df2729a3d2fbf6b11d21163a74543de5310fe6b5e28aae270b,get,be,ever,get,False,True,True,0.19664720542755373,0.15636323243635747
baseline,news,e13f6d3034d00c5ef8a71d7ed52e110cba72cc231a53b232654b3610d3702427,indiana,casinos,and,where,False,False,False,0.21807063049791423,0.17253487340397777
baseline,news,59809b6e046c370a959fb7de1d39fe10e8ecb83a14b9c10c09fda54519654d9e,maes,the,a,action,False,False,False,0.1627563471258668,0.13082991522526236
baseline,news,c12810cf79470485c86289eefbe0ba2aad91787b27f6198a07ce60df1f3f21f3,transportation,security,association,institute,False,False,True,0.06984945464344569,0.05994928890186714
baseline,news,0123342e657ec8cd27f010cd2319176229fe3ae51a4ca0024237af6cebe98991,and,and,for,now,True,True,True,0.5310981349077596,0.4249844803479096
baseline,news,145ed9af4da543ad876b1174dc5a1fed420a93a00e5bea80d24cca5097b90426,manning,and,the,in,False,False,False,0.17216828750799248,0.1379201067795526
baseline,news,b2565c860075e9a084d6db8a921f9f6eaf2cf7da4100aff97186e6467be34a2a,workers,borders,citizens,border,False,False,True,0.17074273728556313,0.13684633965717993
baseline,news,bcea6e00576a8e1c107957264ace8aacce88d6d5f6a600f6bdc46685cc5c1cf1,provides,is,was,will,False,False,True,0.1302600763285155,0.1062986384197741
baseline,news,dbccc856dec037b474895bc920f8587336834e55c1b3fcb5a6a892894fed5116,didn't,was,don't,have,False,False,True,0.06456387789489607,0.05579820175561013
baseline,news,5fe7b58727f8a246acbd5df24128591fd631e065308a9927bf367dbea5054463,ranging,about,to,in,False,False,True,0.12158747318195005,0.09972468216450912
baseline,news,4c3700122f128ac40216e35cc74cef8885e8a02ca5fde66d69fadedabb1e78a4,treatment,treatment,hiring,employment,True,True,True,0.3402887553272996,0.26648385923403867
baseline,news,42b0268a6c0cbf0c21ba56248b317dc88cb2f4378df3b42e2daaa2808b9aa028,led,is,was,has,False,False,True,0.27827115837602867,0.21834736319355788
baseline,news,256dce433efe642b249731aac433e1e4292b15b0899dd3d22f62433bca1b6ae2,something,she,her,the,False,False,True,0.16062248422265965,0.12922201193926483
baseline,news,942a6c61f6f67ed366bc6c7560d43eb7e110b27f2eeba9ec1ed172b04753ebf8,stat,way,story,place,False,False,False,0.6968765572995053,0.5834219870725933
baseline,news,3c012bf5b57bee543dd69d6c52e9a13666dc137c62933486facc3871108b80b9,and,were,and,in,False,True,True,0.2627713472251056,0.20648315151385338
baseline,news,7fd753f35312d03d164b96f9a4d908292b9258849047490e77cf08e5d6c17608,to,to,the,a,True,True,True,0.9965560343851076,0.9910097691971146
baseline,news,288f83641e63648a016006e6142f629bccb2eafb5267de91082e6af0b092216a,contributed,said,is,of,False,False,True,0.09505480370330432,0.07947993773464794
baseline,news,16a689e338e9081a306c6922f7640e079b0959e34c69ccd8345a86f031da8796,been,been,become,led,True,True,True,0.2257387729030304,0.1783355273506066
baseline,news,d898f2b5d4a63bdba797d06d40c92e17afd731ed41d1e1176cf81cd1878a7e45,car,best,most,top,False,False,False,0.28806697654463437,0.22587588452973334
baseline,news,f4169ee21b54791bab80692ccec930ea2b61e9ae2fc977ce842555cfa6e6667c,fall,and,treats,chocolate,False,False,True,0.3118584878629888,0.24427077902638977
baseline,news,21233369eb6bae5c8ca7eda91e4107cb766c540aa5f04d2fa98d50779203b9e8,of,of,in,the,True,True,True,0.8878544008778414,0.8105087389941159
baseline,news,915341d76842a64e1ecd3edadd7adc2b25a2a72e8102cc1d5d4d46db5eb39ea7,closed,was,would,had,False,False,False,0.20812363727576577,0.16502086066840743
baseline,news,736a1d52c0911e2923d2b9ab3f480d6316829b7606974313afee09938cfd5b8e,fourth,time,season,game,False,False,True,0.21552255017314778,0.17060898811693098
baseline,news,de244dc48d09816c494c5fbe07f57099de807dd482d5766c225d89308e278561,lake,is,was,columbus,False,False,False,0.10375872183909503,0.086148152317594
baseline,news,077c0590600e86d42347c0b7c7778663dc200d0f117abf3458129038df5f01dd,on,and,i,in,False,False,True,0.10850241279078345,0.08977015658572648
baseline,twitter,376b10595ebae76fe3d5129e8f7554c108b1fef0f6219a5ca20e127d77ac7509,girly,girl,guy,boy,False,False,False,0.25380866006872543,0.19964721030121108
baseline,twitter,29274b297b293ccb04a7fc82372a309a749cccd52f5b31be4ead0cf9f40f9bda,today,com,in,and,False,False,True,0.08300678726411521,0.0701917343106179
baseline,twitter,698d1efd18281d750728590db879d5e28087e0968337ebeaa47a585e703631c7,happenin,able,a,the,False,False,False,0.19829126646296313,0.15760285385162182
baseline,twitter,28b845b8cf6767bc34535a7ec5b42047878118737373f39a25f767b3b8b33f98,fucking,shit,cow,crap,False,False,True,0.23516492382010656,0.185477436372114
baseline,twitter,646789707a56cdbb2626e65f277fa312ea303447ff353d68b74af79fdd7e6ee9,justice,way,doubt,better,False,False,True,0.12888936227681258,0.10526066727812883
baseline,twitter,f9570f69fffa5793bf29cff4e3fa8b1205d859dd8523b6db3e71fb495d91055a,for,to,for,in,False,True,True,0.5787089467826384,0.4680054395008479
baseline,twitter,0e7f4b9ffd31a71cd94b5d564c5b924a94b3773ae2cddbe3b300f1fdb0d019e2,it,i,you,i'm,False,False,True,0.3326229809095697,0.2604675739377408
baseline,twitter,73bb8f85b5e07c5d5c3ab15de640d3d59b72e01d90e6cb223d5d1db10eb45fdc,champ,chef,maker,king,False,False,True,0.14091807196581294,0.11435822494868837
baseline,twitter,00a76f93e45ae3091051abe2b15b462c6cf8a541b444c34fe0910f73853bb9e3,backwards,at,in,around,False,False,True,0.3048585413356108,0.23884150105246857
baseline,twitter,eae904a4c21f0cc9ba257747184157909d40d489efea9dba906e5ee86f309436,mubarak,happy,merry,greetings,False,False,False,0.19540652186930701,0.1554278763457619
baseline,twitter,f50e590d1a0d2dcd689204d2e23b05341cc54fa3a378df6cb0c24e6db80f5f80,so,i,still,not,False,False,True,0.10249561930221994,0.0851823498543888
baseline,twitter,d5998cb038b954d3b9a3c3a93e851ed0001e042172d8e0707ef5a9027161f3f5,wait,is,do,the,False,False,False,0.12604674478808547,0.10310689525079662
baseline,twitter,d48a28e8a12f5cee2534b9cdec300e3148240c1b0e1beeac86b1406f7c6f4c09,trina,in,but,i,False,False,False,0.05660768295204747,0.04950134178839569
baseline,twitter,f88e423186b06601d31f811f5a74f08911bf1245e280d8c8e30b4f053f822c5a,jovita's,the,noon,a,False,False,False,0.36575549732176127,0.286626068928174
baseline,twitter,5047c53d4df4a02716537df5bc9aca7b08165229a734a5dbe624e78324d62d6a,only,well,i,much,False,False,True,0.20817879492577254,0.1650624983045879
baseline,twitter,2de81ee18fc4cafb6c93a7e2ee995155e5d09de34fbbfc77d04362eb3a5b0615,a,a,some,your,True,True,True,0.1370002446084721,0.11139767302164151
baseline,twitter,efb49ea0c1c2208e5b9bb9eed8349cb8c69fe4d188a26a3222877a337c3601c3,anybody,know,have,want,False,False,False,0.3232199178280415,0.2531154425077825
baseline,twitter,7d0d372a9ba6196f4233e3efe46ec86437c5b28418325a7c1e10d26fca0a6b31,and,to,for,in,False,False,True,0.290917144630956,0.2280711016042626
baseline,twitter,e3d4a75a22494649f1fa5e5ff4378000d3808d5548a9a765877deffc7a74370b,oak,main,north,new,False,False,True,0.12000237998260084,0.09852131096110814
baseline,twitter,0c22869b988686d3e909ceb65a6178fd40735ea3f0c249458b8907e448353758,the,a,in,with,False,False,True,0.29524461886376885,0.2314083914206228
baseline,twitter,406c168c75d40e1dee1c9faa5afdfee849485ab6d55e9775860afb3fa042a044,mehh,to,a,me,False,False,False,0.6721422505650742,0.5580825303958641
baseline,twitter,6ee4f5eebf9b6430b6785bb9a9df033e93fd54a7e35eb4612db14875768f3860,you,you,the,there,True,True,True,0.10193307361721385,0.08475201710860511
baseline,twitter,1f57ff20c15d747d5d7f9780a1cc93dbe55479bf56100971aafcda725951995c,for,to,for,that,False,True,True,0.38777529890477525,0.3042505516866618
baseline,twitter,b8643a2544dee1ed125d26578b747a53d38cca7f874b3312641205e6504f5230,and,and,to,in,True,True,True,0.3087477813464671,0.24185622541673366
baseline,twitter,001014c52f2c1bc238c7433e98824ba8557d9a5ba02dfed09248c73ec9a1afc1,right,was,and,like,False,False,True,0.2642266286433223,0.20759473396060515
baseline,twitter,9c24faa66d33b43ed80f9d58e6be966a35cc9542b98ebd8c59c29982c2f8dd90,the,is,and,the,False,True,True,0.050983539865599344,0.04500916177363997
baseline,twitter,c9cb98949656c8e2f4c0f529a8f9af9584068beb5675c6849d5dced54e492325,be,be,have,hold,True,True,True,0.7150046758982029,0.6024548607325837
baseline,twitter,e587432d069bcb3145e63cbdea0cb211666754677bfc254fab36bf7e6f2d8e70,exit,have,am,need,False,False,False,0.08894869562603068,0.07478190512644162
baseline,twitter,b9a246f673947f7381a58fc60048d3411d6462b4a780c0e177f1356da52b9aa9,dont,are,have,love,False,False,True,0.13189919609308406,0.10753939027861155
baseline,twitter,8c1563a640a530f9ead1e7b3340a9cb8f400440a668a929512a1db8f9e0aceca,o,in,to,was,False,False,False,0.09186849074018705,0.07703063914977208
baseline,twitter,acbf223812901ea7cc1dae5759638bf7fe78af047c772dc11d59f5e3b23b5505,it,to,it,your,False,True,True,0.4101009450459281,0.3223365435565402
baseline,twitter,3ac4300d2397c0497e9e954ba0c55dfabf18a9206e1fad5045ef28c0683ba936,get,be,work,i,False,False,True,0.3872224824830622,0.3038055598212348
baseline,twitter,87e7909eba14d5734143ebd7751d08ecc9dd5cce12deaaf517d851ed575dc59e,here,and,today,but,False,False,True,0.2982981353824685,0.233766370004604
baseline,twitter,6abdae8f5a046e6c173a9d9db1146115e96af9d8c35004260db570bdf12b544c,be,be,come,soon,True,True,True,0.7657029891675428,0.6580063654574333
baseline,twitter,f4a1b467fc533db65bb3aaf38e9607cfa1f73b6dfd57da0a99c22a442a44f29e,do,i,why,it,False,False,True,0.10814028400810384,0.08949393092901618
baseline,twitter,1ed2304017068a078adc8a380d6c0d0d2f71512acb479f29b664f0e3c6b4fc80,for,for,i,is,True,True,True,0.12117986007290951,0.09941528939699965
baseline,twitter,93cfe0469cc92a17f15af7d5817b6ade7d0a2155ac7209a2a139fe503288b9d2,treat,friend,way,friends,False,False,True,0.10780727360911176,0.08923987745074069
baseline,twitter,f8021560495a13f1629ad5c6d0ec7fe67ad248fbd83f6a66c23a5566155630e8,week,week,year,level,True,True,True,0.1510015301666708,0.12196899017171392
baseline,twitter,5bcbe5ea28b69fb985c8525a8e6a7e9be8e11642ed7d8e26c7c8a273a3175ada,thing,thing,case,of,True,True,True,0.17043712647669867,0.1366161409477139
baseline,twitter,79fdfdeb327b0d042961c6b0703dfa384834af9991fd00d96794d22ae78d5300,buy,buy,be,make,True,True,True,0.5300149372319505,0.42402516767523624
baseline,twitter,6015806b398ab59fa46c660dad0cb1396856e72111026a54b4e7d71d42f5a979,mid,the,a,and,False,False,False,0.29311240779615566,0.22976341252552326
baseline,twitter,fec9d27ce443c1d2490d00d0b3b9baae977e7e011c942f63e16c6de6fa2adc2e,ass,asshole,ass,idiot,False,True,True,0.3495339511413786,0.2737677776828249
baseline,twitter,489d0f9a7bcb48fa842d708bacae60915df131748f47158cd311d7cf2e032ca1,want,ever,said,has,False,False,True,0.15016419384855983,0.1213373989441348
baseline,twitter,8603908a3bd44979f2f780826cb09e22a09d97b77785e0c39d53575aa95a7049,in,in,on,at,True,True,True,0.26639633903498133,0.20925289088162063
baseline,twitter,aa5c6592f3af5845eca3001ca9dddea5882daddc93c789d6a653d783603799e2,see,go,get,start,False,False,True,0.12314169639790978,0.10090402780291083
baseline,twitter,aca9bebc1c571eab395015dfe1404003a21c9ee30ce04f75c9284b48c4c4cacd,showed,are,have,were,False,False,True,0.23690795367478074,0.1867995932959626
baseline,twitter,4e2f4a0b619443e0e239bf0bc13b2560804608856237aec7e99fe2648e3c5c05,bikes,helmets,bikes,the,False,True,True,0.30026307094368293,0.23528513225187683
baseline,twitter,863d9204a23fa85bfa2d9b314ae676e65ac99970f1d4e937fae18c4d1314ceaf,moderation,the,life,this,False,False,True,0.24584115580824123,0.1935839125433496
baseline,twitter,f43a6a17a0eeada118e96fcc52f8d534bc1fa75dc738293d6c621a704cdefc5f,minus,is,i,was,False,False,True,0.06395634127466804,0.055319519137118724
baseline,twitter,d482ce04fc513d7b080848160c0486946912cf383aa81f9cd6f0cebb8602add0,iconiacz,people,guys,bands,False,False,False,0.11841422700898327,0.09731498259088764
baseline,twitter,281bf527cd0df886fd540d696be94c18a9aba2d6ab0a27836e7b8bd9d9d34cc5,until,until,to,of,True,True,True,0.31232928815266503,0.24463647736450822
baseline,twitter,2ca8d5d6ca1e0460ec87e10c743c0aece2239ab8136608af500b44fcd546b598,at,i,and,on,False,False,True,0.23721986259896796,0.18703624117304918
baseline,twitter,1647627164e447b32592cb952a352302d29ce1f322775333272a6646e2365032,be,be,go,let,True,True,True,0.18290879551226402,0.14601023059979087
baseline,twitter,9153b84c90c9049a200b755514cf518b5d8c20cb6bc9fd34cb16cd65dd3f38b2,you,to,much,i,False,False,True,0.3613884299915599,0.2831543592955641
baseline,twitter,76ba653addb8c5857ce6406520f0d6be52c7a34be8c68d9175f53c25787ba1e8,btw,win,get,i,False,False,False,0.06615607683479076,0.05705114971992493
baseline,twitter,a39977f8972da7fae3659fc4a27c4210a2a9418d2e7f3d0ef0fca89f476be334,did,to,many,do,False,False,True,0.2543305118934534,0.20004477547070829
baseline,twitter,6ef96dc21df96dc697f6dca36f2551534829f753e848f4ef57d41886b2216585,way,only,way,best,False,True,True,0.05754367140675353,0.05024545261025461
baseline,twitter,ffd7a20502578ec50ebaa7adf48dd02b2bc883116fa151c175ee9b82c1d4753a,d,a,back,that,False,False,True,0.11368221408626554,0.09371661971496138
baseline,twitter,a8e4f335c7018ea60364f322f9f8ebbcb481af5c6336237680ca8077b3d3afbe,noone,but,and,so,False,False,False,0.17469267152003667,0.13982150680973668
baseline,twitter,71f2a484ee3650d11e5ead337eea7a69682eb9af81c2915ff936f9495b0c2dcb,show,show,program,talk,True,True,True,0.5432433892606584,0.43579782220810315
baseline,twitter,620019b2c07fed9466ba23fbf8a06e2722231bd8d871e290e39083043285b4a1,the,the,you,it,True,True,True,0.9272516848563231,0.8679888188929514
baseline,twitter,47d52e198ca4f55c8de69f20e7ba2becf035a1c459f2cbfd6a1b5962f11b94cd,the,you,the,it,False,True,True,0.12065458125591247,0.09901652430377766
baseline,twitter,60865a6d5068d12e5cc46323499cd2a780b114af5da447c12a90541ef0bdf66f,this,this,the,it,True,True,True,0.42631605749303514,0.33561983547975616
baseline,twitter,c9c1f19bd8b4121ce4a9c3f156ad8dc1cdd9175655fb8c14460807917d74c478,dats,and,if,or,False,False,False,0.0660868094639341,0.05699668731643551
baseline,twitter,7a63dc69ffa2ed5ea15907c85aa72846a1840d3b8d824d47a467553723630ecc,i,i,i'm,you,True,True,True,0.6064308971770896,0.4938885819690398
baseline,twitter,aa613ed6432b2081cc52bf7622d8a22638c5694f7d5936ed3b4660c6dd205d0e,there,a,like,sure,False,False,True,0.08499269998319862,0.0717280478885898
baseline,twitter,c3413d3ce95a5c25f064abc159b6ea1b2af1545935d28ec928ebb23f4594c72d,ability,annual,goal,board,False,False,True,0.061765962847271066,0.05359088082672209
baseline,twitter,a919fb4aaa5d829deea9d5f052e41ce4553d2d500e2e5ccabab756d1a5d7c1f6,yes,is,of,and,False,False,False,0.07447389640798105,0.06356289437281128
baseline,twitter,e9c16d71dce4d30d8ea2b644e2d1ebeb05ce6bbf968627894ccee24ce8a0c675,swallows,the,a,my,False,False,False,0.21394324709897605,0.16941570157129973
baseline,twitter,ef9dd8339ec3bd72d4c7d656d1ef8e078eaf4ca0a37c29d6de72c54df2ea954e,say,say,tell,make,True,True,True,0.23040266478167917,0.18186754163415636
baseline,twitter,46b90ab783cb3671d18e17e9f829de98bed21812eaa95a4abc2c4d6b6e43d07e,you,you,the,your,True,True,True,0.4194436918015728,0.32997432222705847
baseline,twitter,0a9817e99fbee0e9faad0a6b43a9860b41edfe98ba95cc2b932aece600e09c1e,ferry,music,games,songs,False,False,False,0.18833768166019937,0.15010032439668666
baseline,twitter,331370fcf2a66c83b1c37f0e27752957d17173b7be43b68faec12bd7e3412524,needs,is,solving,lies,False,False,True,0.300665490114614,0.23559631230215783
baseline,twitter,76bbd652c3c9e7da866d6ada6bd2076c01353d6e5abfc87d7418cd6bd02b43be,or,show,dreams,shows,False,False,True,0.4855866334816992,0.38535624857903295
baseline,twitter,b510f38968fdef99f3aee714944ed9e2ef945d49a54f59b681920304f1b2047f,i,i,and,but,True,True,True,0.14946238121044245,0.12080798077333654
baseline,twitter,696eab276e321e2e206575409072b46f0aa6cf395bc77d57e7c273d7043a447d,want,want,need,are,True,True,True,0.3622216463783783,0.28381616196464643
baseline,twitter,8f95e4d15c839a88e8bdbd6610c5c973bb18608404275d276315b83999507a35,the,get,make,install,False,False,True,0.07964939108269488,0.06758910164511475
baseline,twitter,efb8866245b33b415a9f83b268f810f3433268d136fc12b04abb347c9755f418,rting,your,the,all,False,False,False,0.22985103052334335,0.181449616678033
baseline,twitter,11903cb18060c32c0f989801e85d00382d834c0312b2ca0383203da6a8909465,think,was,think,got,False,True,True,0.1356618401442929,0.11038576158941296
baseline,twitter,9ad44c8c6d259829a0f37f218f6e96cdb9c85affa665d17f3c966a5423c1ba07,this,i,you,is,False,False,True,0.15799437888650633,0.12724136246838755
baseline,twitter,284b3a4e79c4503cc0ed195fce0f8574f132704fc3e3f7da3b0a3f3a737ba64a,ah,on,day,the,False,False,False,0.054974906694812954,0.04820098184956349
baseline,twitter,01cb940d6a774367a6fd2598fcea858a7432a8310f40e8aba90516b263ef52ea,watch,get,go,know,False,False,True,0.13141774232197626,0.10717499963379674
baseline,twitter,1fa877682879f5ce2936f77ae56537ba5df1e6a28447bf2d4677c63970311312,you,you,i,we,True,True,True,0.3374415291426504,0.26424687110158535
baseline,twitter,a5083c32c7130be0d7953902448d5673cadc7304ad57d1dad9bc3da6c226de2c,album,day,gifts,and,False,False,False,0.0920105859147718,0.07713996893480272
baseline,twitter,3b102d476d6fd905cec1f062d90fc89c3661226e5250f4ec6a786dde2b5ea8a7,tix,tickets,seats,rooms,False,False,True,0.45902394471406016,0.3628241500624965
baseline,twitter,08953f561f84926c8c10ec687ba23b15ebde6745b19eebbcbfff3131c6f25f83,weekend,gift,review,post,False,False,True,0.03350266108346897,0.0307561363176757
baseline,twitter,7293ded21f9e6d64f5b3fabfc0fe67a30c1ad23c0414ab53a77a4929be17af10,shot,and,is,who,False,False,False,0.08069543785670694,0.06840073220251562
baseline,twitter,44badede68b7111a629a1044dcfa8ab1e8c10743e1db1a9474cfad32e9915259,didn't,don't,have,can't,False,False,True,0.14683423643057766,0.11882498182486652
baseline,twitter,38d86eea5a0a7e2010948e89467670592fead640901d13a188aedceff6ff1b5d,too,to,on,into,False,False,True,0.8054633195318293,0.7043383730996785
baseline,twitter,e9ec8cc0e609e827097eb09fcb65790e701eeb83e26eb06591e2948749bbcf63,good,the,it,his,False,False,True,0.10141728515616064,0.08435734490436597
baseline,twitter,6e04be72f8b81cf2fd4011fff43e9f90e8355d4479481d26a829c269daacb449,to,that,for,app,False,False,True,0.20312562168058196,0.16124910737570078
baseline,twitter,caf7ad344fbcf32aa29bb42ce450481840868f1a00379670906105358dda1361,shown,i,it,is,False,False,False,0.14680315378535552,0.1188015248926829
baseline,twitter,145e8d29d92257d54e507a22995bc82f8f9704ea332b26013be43e9f620fa23d,blood,juice,peel,and,False,False,True,0.6215686887510893,0.5083064265408804
baseline,twitter,a3b7ad5c2ba82dc15c539706a439b28b910f29536eda4e10f17346d6d524da28,wanna,have,am,need,False,False,True,0.08894869562603068,0.07478190512644162
baseline,twitter,32ff3d1ef3ceb5693813eadf8104e023ca132ab02ec339a8f7119dc7982d85ab,to,to,a,it,True,True,True,0.5654757446735807,0.45587394695279515
baseline,twitter,f9b027eaca431013ba9d2d3776347253da7b2c3a273ebca96c1a2bf37b371df8,grilled,good,number,valid,False,False,False,0.1167420624959989,0.09604412605015213
baseline,twitter,1dd3a63b3a9efcd93b53e0ecc0dfda89d4c98961cbd59b96b948c3773cfe0dae,slow,slow,bad,fast,True,True,True,0.7887610163657457,0.6845478542616805
baseline,twitter,cfe36efe8b9895cdfa709179bea9fba64090283ea1065b60a22cbba81c5f24b4,with,and,with,in,False,True,True,0.17217819229050085,0.137927567278689
baseline,twitter,e392456eedcb1985a72b29ff347504347b395a089683611931e2de3712f9a8b4,gets,will,can,is,False,False,True,0.4787263761343536,0.3794971067508481
baseline,twitter,2a6b84248eaea47a4b89d3041277890f4be95ed41bef4b5ecfbf1367c2711b71,it,it,that,the,True,True,True,0.4877263828562083,0.3871895969155618
baseline,twitter,6cb92c2a48c41613ddb1c64319719af2888ffc5d03137ce977c8a4fb1a93c995,violet,to,and,in,False,False,False,0.4122408762369892,0.3240822432461958
baseline,twitter,4fbcf2f9396db26aefcd164af9b46fa977bd4d129d300af35996eb445059c3a7,lmao,i,and,or,False,False,False,0.06922265428603998,0.05945823455873161
baseline,twitter,870a72b8fa84c351119ebd0ecd2bc911a9144305919aaf4f44a7a7595ffd0958,need,don't,know,was,False,False,True,0.07076088112720977,0.060662774399643064
baseline,twitter,e920ef53a00f6bca746a4e827f5815cbd9bbcdc33507212c1797ba0d4a83ba21,come,happy,day,and,False,False,True,0.08783253952364624,0.07392112987187309
baseline,twitter,5371f44dbae7e111c40a17625f2c0debcedbae197db6640adf2954fe1eef59ff,bad,you,not,a,False,False,True,0.38829132045745435,0.3046660460378718
baseline,twitter,b7867f728769de8e884b84b82fd626bcde3b10f346bfe9441c43cf1dde174073,so,should,are,think,False,False,True,0.13268302339071367,0.10813254397377385
baseline,twitter,02bd7fdea30eceb63a6442098c958868b12bb7ea8d9a3c15a319e659cffe1e38,knicks,team,league,new,False,False,False,0.3012696706352916,0.23606359720154546
baseline,twitter,ca9769b38458c726181cfbc98045bf62d13a181e3b7a1741f92df09ee7bfee82,know,believe,know,have,False,True,True,0.14526970149868798,0.11764415176379846
baseline,twitter,113175fd3abb03f949f583679c1dc2391c0b271c1294c0307b526bb85a18991d,is,is,was,has,True,True,True,0.97414151023247,0.9459239691407507
baseline,twitter,833d8e0051b737515a0fa4a650cb33fcdf0543e3d4e1f8033887e46ed76adf5f,awesome,not,the,a,False,False,True,0.07239002326586383,0.06193650919382547
baseline,twitter,52aca3907114db17f153e0a4fa536394343dd03ff618eb1f6cc9da01a70322ce,pm,the,th,i,False,False,False,0.1885516558355516,0.15026155361312288
baseline,twitter,8d829430ed28c216cf1f5ce86c4a91d9626f1f23f3a03a62a31dba080706f0be,arnold,with,man,i,False,False,False,0.18845409525832785,0.15018804162562346
baseline,twitter,0b5bbca10997b9de6ba1867aa4966ff833eae9862bfdba2d549172e38e6a529a,break,to,the,and,False,False,False,0.40462593534429764,0.3178800423805657
baseline,twitter,601524c233cbd258a1c65b7809415ba4aa42ebb90342589790e25ef63083aba2,you,you,us,me,True,True,True,0.8651144443094345,0.7795747394488571
baseline,twitter,86ff5f007efc3a3ff3cddcf331ad686641e0b083d94825c4720cb9d2e713a04a,developmental,mathematics,math,physics,False,False,True,0.2645323043941153,0.20782827672243734
baseline,twitter,8b09fe0397d76bef6db474205d719483b788d79abda545d38cb347fff2378893,wisconsin,that,the,how,False,False,False,0.3333390446199315,0.26102868743528496
baseline,twitter,b706e9d339ac0a3a88bd10d9277ac7cc74dd1392f5d91987b602c43b05e1f2b3,in,in,since,ever,True,True,True,0.4365214192596029,0.34404735018485505
baseline,twitter,05caa87cf9ba3528194711bc000293647a31e7018e7fcb8a78a88d0f6439fbba,get,get,make,have,True,True,True,0.5957721180997599,0.48385927968171855
baseline,twitter,22635f11a80c2952f2ef227aa5a6d884bc40fea17975f988f7a86b05cc79373c,what,to,and,a,False,False,True,0.0857624423690323,0.07232292257373633
baseline,twitter,f59f3662fe5cdea174b8770dd34ab777c69e8b5fde6cc84cbb54b398c45a3482,th,the,in,we,False,False,True,0.1215820296214376,0.09972055057497399
baseline,twitter,ec0bf367491ac4a847496060902f9c0434039f44a4cfa665c3a1ceb0c55ab698,vicious,that,what,i,False,False,False,0.09384627108401229,0.07855150308266157
baseline,twitter,f5ad35e2f9c593936f50e005d3847cb44d366eb2d0495d1c1a492d2751a78e47,text,ideas,plans,dreams,False,False,False,0.48131987950007116,0.3817088007828542
baseline,twitter,52368dd592cc63922dca743e160232cb1f6e06a0957b88f5c2fd4df5bee3c647,owner,i,java,a,False,False,False,0.053107795817743,0.04671026690201579
baseline,twitter,32fcc4bfa8701c85ddaa312bd280bab98ecc3689d29133c8c836869179846c13,it,you,it,the,False,True,True,0.4419763188904113,0.34857409832839753
baseline,twitter,cb54d0e8800f18cd5652005222e86762b755707202129d82db6f3fe0185a4c76,that,a,my,up,False,False,True,0.08567846030779491,0.07225803533659474
baseline,twitter,4b983c6051764750cb04cd7a4d0628cb1e5203b01eda028f58434b7aeecf126e,man,is,was,the,False,False,True,0.265900478017278,0.20887384605441733
baseline,twitter,32d29883bcc498e6a429774582b6b193e282effd7c0aee3decfee39b19318aaf,jlbt,show,the,i,False,False,False,0.6123480812745034,0.49949960616215333
baseline,twitter,9b6da7b09265cf566e3c5604036a8b0d02968ef96c6b309f56e9aee82ea59344,only,a,not,trying,False,False,True,0.0907170704628537,0.07614435916096275
baseline,twitter,eb5594dd05a9cf7861acd24a825f81d341e3fec2dd7c3c850cfeb5935da583e7,wordfeud,to,if,and,False,False,False,0.10290224364040304,0.08549333151460003
baseline,twitter,f8fc8864663569f1d13abde94898fedfdba30958072a9d4fabb7bcb914395f26,council,is,has,hall,False,False,True,0.16403995740972968,0.13179704081052435
baseline,twitter,394245bdfe12547e043e6c94ae5e606abe032e1caf26eec819cdf68b734bce1d,your,i,i'm,i'll,False,False,True,0.21243380244081908,0.16827545897790763
baseline,twitter,9dafc81b3a2fb967a4aedc7ccf7b2c501c32ebe40e98983fd3c4417b70224829,impressed,impressed,happy,on,True,True,True,0.21294236047508863,0.16865959855441012
baseline,twitter,98dde4b948c107c362f4ef94369a40a8816d0bf0b99a38ab1393071d8df59601,duke,be,the,have,False,False,False,0.1540896563657891,0.12429779317201411
baseline,twitter,3f5c61bf35a51993022463db28833aa31e80d2fdb392165e5b50fd6b7df9e69a,neighborhood,house,room,building,False,False,True,0.46437210157575637,0.36732783871510727
baseline,twitter,77df8d09cffe59533aa77d5156beec39b7d8942bc6d0c9705c7c4003b869b09e,my,my,the,our,True,True,True,0.45504455020070955,0.35948352704934833
baseline,twitter,42068dc4d0dc44278f80bfba533a707db866884cbea4cc26b6652ef39e8eb967,rich,and,are,in,False,False,False,0.08968915372811916,0.0753525878890732
baseline,twitter,287e26e0f68b27bdacb4b8d08638a525720aa06b57be037fc629afd055f2e451,reality,reality,currency,background,True,True,True,0.7155228193981575,0.6030048988959765
baseline,twitter,c7ea2dc8964a688b886f7cb2dbb6a8a2702badc91eec018cd9e22e0719b105e3,it's,i,but,it's,False,True,True,0.12249925975214251,0.10041661570978451
baseline,twitter,e95c9f503d505bf27a23b6818abb7044bfa8114c7bddc8a9f4ddc05b255cb155,followers,friends,contacts,facebook,False,False,True,0.5245002387221712,0.41915387742321747
baseline,twitter,818eefcbad1314d67242d2f523a67780b8804895961802dfd646237b62b384de,fattuesdayreloaded,the,noon,our,False,False,False,0.36655706402169014,0.287264120592686
baseline,twitter,87c01cf9d013e8b8d77620f8a9d31ec69ab7143c78b6046fd3e30ae8884a6241,seasons,of,questions,in,False,False,False,0.24055365305013782,0.18956663783490924
baseline,twitter,55a1dc171a3d525ad8696f3b557bfdee11e14969a0e2be190ee40046893e542d,live,be,have,come,False,False,True,0.5078554563206413,0.40457672809457207
baseline,twitter,8e9f23afb703fe47c49e187c35767c2bdb2c0471d7d26acddf1b203aa3988217,make,have,know,need,False,False,True,0.26218513337156457,0.20603551730908148
baseline,twitter,d5844f00639bbe1b15f109f242b8966280464018ab8cb69b1596892fd43403ea,i,of,the,my,False,False,True,0.7411835559104063,0.6306882437258524
baseline,twitter,58c69034d6cc8a4ec6a51bb0f3528d17e5d4c79ec600daa278fee50d07032a8b,like,like,they,that,True,True,True,0.2982598620849793,0.23373679832656852
baseline,twitter,0f166c9335e6b8217dc34f1e63bfc13ebd32f3364a0d800ac412a600bbed98f2,even,and,i,to,False,False,True,0.32672801620629144,0.25585489918689186
baseline,twitter,a9f1871b0cd1610cb72a3f87ae72506063de0df5093c29efc1d01ec44ee28df0,day,day,is,the,True,True,True,0.13121440375827076,0.10702108904884011
baseline,twitter,cc56a40a9e0a8aaa6ad2a9f5b8205802384e5fcc724f0d21807132264d18e5f0,could,could,expected,thought,True,True,True,0.13347738734337422,0.10873355993163263
baseline,twitter,0618804855643f90634c5b85fcc4e6d104ffb680e06e751f89195723c9be4350,tonight,on,today,est,False,False,True,0.0959236420663103,0.08014700006281515
baseline,twitter,5f1cbc0fb7982469f57b79e551bd7535bae280311b1c3ff421296c844d31e9e1,a,any,a,to,False,True,True,0.38517408801060227,0.30215785731598677
baseline,twitter,c4b7401c566a41f68d85bbf17c935592922d57b0088ade1e2f6f8ce7e070fb16,the,the,a,i,True,True,True,0.08546365141204929,0.07209204927409846
baseline,twitter,74b8290da588d46bef12cc60124d1b287366b66396f71c083eeca58d09e9e364,the,love,a,pain,False,False,True,0.2958064595093125,0.2318420569672086
baseline,twitter,73961ba86b2f7ef1eae37eda3b4ba3d46c6f498b53b19fa7ce7ece2d6aad1a71,does,is,do,the,False,False,True,0.12604674478808547,0.10310689525079662
baseline,twitter,c6925417df76485ff60ee2de0083baca5fef10cd7ee44993c86db2dea4f155ee,have,know,have,want,False,True,True,0.16643948689190652,0.1336047822607218
baseline,twitter,27d0848589c931630a2f27cea421ba306eb65a158c8797dab0e8c4aac037355f,you,you,i,we,True,True,True,0.3374415291426504,0.26424687110158535
baseline,twitter,cefa44db540ec46672bd844093de058614f1912d5f8d4d6b3f56420cd4cb16c2,so,to,morning,i,False,False,True,0.13759325912408246,0.11184593686557001
baseline,twitter,2c04d59801a7831c9aa5b6e2197002536feb2440acc6223b35575d45c30c79b3,see,be,let,the,False,False,True,0.09389472802681571,0.07858874220361732
baseline,twitter,d932661b49f57abf8468cc6457c971ebe3341584359ba879a4efc7fe75e34b09,bring,is,are,says,False,False,False,0.21838047101081368,0.1727691096178726
baseline,twitter,69a0c9ae943c3d75ab74efb22d563c7824037f0bcd58378ac65dc6ca860c99b1,kinda,a,busy,out,False,False,True,0.15597653912503498,0.12572034927933995
baseline,twitter,d88e4b4863d0622fcbcae81cd8b3ada0e656bd47e0899450c23ac21938030820,pimp,is,and,in,False,False,False,0.12814871871612957,0.10469966193908338
baseline,twitter,62e4b9658cd38858480a67802dd55f246a6c887f99bf7b704548946f5ddd36cc,apprehended,in,a,still,False,False,False,0.08929864506378003,0.07505165166382202
baseline,twitter,1fadd099f8843a6c02ceafe8fb99b09e45badc5d7ea6a7259b5ebc449c1d31a5,be,go,be,have,False,True,True,0.11573921546339946,0.09528159103566451
baseline,twitter,af14c551d33ea70b83be621def56fde80fec21aa7ca59a56f9d78988e412d71a,day,day,edition,eve,True,True,True,0.7027757166679199,0.5895711922582872
baseline,twitter,24a272ffd43346a4ec50eac380e76744f63c8e066c95514500cfd71b6db32ea9,the,i,yeah,it,False,False,True,0.15524018205006584,0.1251652269597119
baseline,twitter,f7b033bc7c9ad127cee9a1cfff6dd199bab0f690639ab809948e93fd18547b01,one,version,beta,release,False,False,True,0.24170167605441262,0.19043844613813712
baseline,twitter,c2b25cc0ea92ad684026392459f6e343c98ef5834c769392ca2c4c9267f9a912,day,i,it,that,False,False,True,0.23936940250071836,0.188667557613623
baseline,twitter,4777a4746a022f83c48676f96d047ea6ece8e63f707fcddd3e3f918dc2fdee92,live,to,i,in,False,False,False,0.050532219468837146,0.044647019005954476
baseline,twitter,29b0aa37df951720862953e7639f3d2da668c3672c934948215246c5cfacf330,tell,say,are,ask,False,False,True,0.10630416359897213,0.08809268465728308
baseline,twitter,b5a40a8c355a3eb554688f1659c4e2c4ca4ac487868587945278ac18cf70b3c9,a,is,music,by,False,False,True,0.09407920739438537,0.07873050451623227
baseline,twitter,771313672cb6d66cbee574a7527af795ebe0f943413154c49b2a40aa9f1e256f,am,have,am,need,False,True,True,0.08894869562603068,0.07478190512644162
baseline,twitter,a3b989e562abd4efce1e4e82d1ed6fd91edf762ba0652399adccb45a4bfc6440,the,of,for,and,False,False,True,0.39936289426524346,0.31360924815856617
baseline,twitter,94f2af6e77d09f3fa6ea1d3110ba26b33eaef80c061f415477641288aaa13f26,ur,on,to,you,False,False,True,0.4754116683702217,0.3766762304057467
baseline,twitter,d1c47cccf649f65b794d1f2969cdb86fb302f120bb59f9138899cd2ac425027a,its,the,this,a,False,False,True,0.2450454214906436,0.19297901700961248
baseline,twitter,4dba87cf02fc4235807eadc7078d386fa973532324e23f1d6571032c0d8e715e,don't,know,was,love,False,False,True,0.0639528661147732,0.05531678007191683
baseline,twitter,23a63480774d8a10fdf576b684d83aa0f743186994fbf7ef903559fd69527856,like,off,and,up,False,False,True,0.14977040899058155,0.12104034986532018
baseline,twitter,4aa5ffdb6ae4856d5afc9bbec467fca4fc718328d6bf001e3b5c4775a8557f07,with,and,with,at,False,True,True,0.17074569623677718,0.1368485684549141
baseline,twitter,857c94d1e16f3c85c3e3cb7e9a883e1cb89fbd6e7bf77a78cd85eb325d953e8a,einstein,bit,baby,one,False,False,False,0.07877004563710778,0.06690627927037311
baseline,twitter,e6e6a12f81547cb4fcafaf5f4ae0065b04b55a5da2e71e70ad4d8e3ca2905898,heart,talent,experience,money,False,False,True,0.13329744186975118,0.10859742281681348
baseline,twitter,87a5eef75cede4ce569e45fded358935696253055e66855e5e44f914b5d8f697,me,me,you,say,True,True,True,0.5060366947370427,0.40299505725250984
baseline,twitter,9f7a7d8c60feb4b68aa6913f72bfb0c12d4064b6f96b7a6e2587cbff39fcfcf1,is,was,would,is,False,True,True,0.21494994509337165,0.1701763075504232
baseline,twitter,b3d1f254410409b42ecc5d8c87777f4a50afc6cee5dd181c685d072c45e2758e,wait,wait,get,say,True,True,True,0.9638841828117132,0.9276110926971042
baseline,twitter,8389616dfb8c3f5553c69b43ac4ff00a35e8ee11025689cf01319ece14fed7fa,after,your,the,ready,False,False,True,0.09387804408602117,0.07857592073143262
baseline,twitter,67b217b144594ac37bce5ba822cf1c86fc02c77e1fb6a8384e530b8177d392dd,we,i,i'm,we,False,True,True,0.14353844388734133,0.11633715781268458
baseline,twitter,76d2e4dbf23d635db25bc1836825a0273ad57dc4ec22f5398c3122e69e863a25,copy,copy,news,rock,True,True,True,0.31065709389191326,0.2433378959682816
baseline,twitter,0069dda4882fd357ae5fd95466022264e8ea5bba0a243a5bdcae1ce6eeaa367b,i,i,you,the,True,True,True,0.07086187857112064,0.0607417976433613
baseline,twitter,28463329a3983c92b3daba888ac348f5abf2af55c88f49f0fe08ad9b5afd8b24,wolf,chef,chefs,culture,False,False,False,0.2270909432079759,0.17935921609253697
baseline,twitter,deb9583b82f645fb4f03aaf695220887874dca2230de29e8c681c9d18035c1e5,participants,of,from,gallery,False,False,False,0.2250109805902383,0.1777846433867922
baseline,twitter,4ecc10e5e1d8f04f96fc748203240b76d8c117aa8f0cda46e8b81c0784ca39b2,interested,or,and,who,False,False,True,0.2309550689101361,0.1822860958394718
baseline,twitter,8f3fbebfc846229e7856004e1532e4bf72a683240eda42fe8125828b2374003e,one,you,it,i,False,False,True,0.4706547481709323,0.37263934227381545
baseline,twitter,9e34cfd317d15e1f8dc820185cf4d6a3a9d2e66b13eca86b8bc61b2db8a07fd7,in,this,in,today,False,True,True,0.20995547929529698,0.16640384952751133
baseline,twitter,3e4598eae2d7ff6f61aecc9716e8cf0229398880f7de22e5380cf383ca664486,seckman,team,is,players,False,False,False,0.17500519396661643,0.1400569013630209
baseline,twitter,edc712c6a9371350163ee6a887a79c17df12f7e874b4943e0444d068905d3bc3,probably,be,have,do,False,False,True,0.16283431357402406,0.13088866035910454
baseline,twitter,4326dc62faf514409171723a73784be61ab342b40ef02c2de3da9cab29b7fbfe,legally,beer,the,a,False,False,False,0.061048818973185606,0.05302392546149929
baseline,twitter,8944cf2de0f309d903c9eab8ad1a7c8118a9849aa617de9e9a78a487de794c9d,i,you,i,he,False,True,True,0.3528369158536132,0.27637772563363083
baseline,twitter,d80c0bd51eb2a911d7e52982a918ec15c16fd1083eb996fc43909d839c963df3,it,you,the,they,False,False,True,0.33223456871688106,0.26016328498028074
baseline,twitter,5a8d165b64edc95c62d7251049c9f2a170b23aef6460d1d8eea11f38280830f1,like,have,am,need,False,False,True,0.08894869562603068,0.07478190512644162
baseline,twitter,5a63d7673afe6c3a354e96c5129f4e8be31a827d55ddc4dae51c0a036a27ac4f,white,one,person,thing,False,False,True,0.5849729715714483,0.47379731082523635
baseline,twitter,9b47b1d240800c615e863e7bfdd8433c836faf5f3a19154aabded96c8c0d8267,on,in,a,on,False,True,True,0.1446912759923456,0.11720751544933578
baseline,twitter,7fecbe1039015c4a4843c4c6db20ae3cd76b389769a6cbfdab5a683b4655dff7,animal,are,and,rugs,False,False,False,0.16200219977232366,0.13026167633823338
baseline,twitter,248e6c52e9531d6f67886d42a3733bbf96ecc4ebe914695d027da915abd1d54e,epitome,only,one,best,False,False,False,0.1372771525179782,0.11160699638212455
baseline,twitter,7fb5114d9f92515aab23c157181d9a25ad3b423dcdb5b43804bcacf028db07b3,be,be,kill,make,True,True,True,0.25771024383108254,0.20262092046465235
baseline,twitter,eb50e2b6ea3df395abfed02b4394345d7efe40c6906c040b98b71c317cdc836f,look,love,think,like,False,False,True,0.26449681735796493,0.20780116280765304
baseline,twitter,4d4c4bddba690d8a6ab579fcf849ed1c81d42b8cf6a7812802a3c03f30a32147,it's,and,is,for,False,False,False,0.09231171537110897,0.07737162951486992
baseline,twitter,3b11cce20217950c0c93e826057106c3192555eaf8f9567e33ea2a8f87aba5f0,world,a,not,car,False,False,False,0.030704911796626787,0.028421611364399427
baseline,twitter,48a8df6a5518f6b65bc6d4faaf675e60f2403fb8f728f69e4247cef3d6d60023,saw,have,am,need,False,False,True,0.08894869562603068,0.07478190512644162
baseline,twitter,856ea8b6cd64ac6e170d7a0fa8321d22b4475de0015a98478fa58dbc65a2ed43,will,have,are,can,False,False,True,0.1043399925243542,0.0865924077068139
baseline,twitter,24fe8284e40e36dbd152d06c950d98d1b06424d2ba3760093f62e525172ba7eb,center,center,plant,depot,True,True,True,0.39827242318595313,0.3127259562809566
baseline,twitter,6626838af67dcf9cc92ca4fb69d7f14214b0ede464c0628e02f780d5b537681b,who,the,what,who,False,True,True,0.5283071727858062,0.4225143890501706
baseline,twitter,4c9161176dd73012a1f061f94c122b956ae9ec59d693755331b419faf326e99e,have,have,are,can,True,True,True,0.1919231171356368,0.15280222135441449
baseline,twitter,7f5abaade6663ac5d1df026ee191501154c6246986dac676540233fbc60dea85,kent,the,which,a,False,False,False,0.4535026894738968,0.35819152939918436
baseline,twitter,b4e5c3de17ba5bb6904e596ea5db8176dc9fcb88c613b63b590ce37c182e01bd,of,the,of,latest,False,True,True,0.6021448189965686,0.48984369949330203
baseline,twitter,b3a41fb33e77af7a3048a8a3aff654349814a971cc7282418c3f08b4fd382b10,syracuse,the,for,out,False,False,False,0.2528327486852083,0.19890387326036427
baseline,twitter,2c9f3c19b9a819bbed32e0883f69b80c22016c4ca883fd1429b8bb1260446abf,feels,i,and,but,False,False,True,0.1906475436520435,0.1518409097129155
baseline,twitter,919017d2e5c79530c47ca8a9232163a1e0bfbde40bd2e70ef0fb205c77865a5c,had,have,i,we,False,False,True,0.14198588522862685,0.11516475666634503
baseline,twitter,cbdb599b36991886b9ca06644273034592e65e94c6be30437b8778a2965e8c1f,you,is,the,i,False,False,True,0.10019274146746329,0.08341992659760923
baseline,twitter,3fa422cbcb73e9fa13ebbbd723bf65f5946b3a87f5a58d9ca6d8fb57ebb9897b,battle,up,tape,it,False,False,True,0.2392113533226705,0.18854758523841425
baseline,twitter,5883548edc64be76b53b08e9e4a4791cb360fee7b00ac4079095dd9e1625ad45,available,available,through,thru,True,True,True,0.1828405951492873,0.14595885462179062
baseline,twitter,f8d5d64b81e1547dc23ba22295cea3653d4eb5c07dc6288bbe94f78c487cf8ce,billion,of,people,say,False,False,False,0.28583999749518413,0.2241621635311275
baseline,twitter,8c4c160eb8bdfd709d393babb5dbd09de1e57fc2ba5c0a0e1da89cf910c8b806,friday,is,week,weekend,False,False,True,0.2509773990481322,0.19749120269908982
baseline,twitter,3db7a4548af5ba17872c6aba428ed7f38c06a671c9353a6adb4009a20eb26986,a,a,not,the,True,True,True,0.1831799351933709,0.14621448386654956
baseline,twitter,34e115e91436d2b07eaab77bacd12fa9172433be5620a34e067fdc39580e5a2f,guys,want,have,don't,False,False,True,0.12656923665639203,0.1035028989150742
baseline,twitter,f6dc435adc9dee1f85d7833dd0103e0289c0205a38521a341436871df859fff6,is,is,else,to,True,True,True,0.06466808979626026,0.05588027771320928
baseline,twitter,836259a5f46d0c3575bd5d94bb8f8006a4fc76d78ba3ed3e5e065c402b772243,to,to,the,ready,True,True,True,0.8928457112792553,0.8174982107690281
baseline,twitter,e8cf72b2c16a94c9c6828a7c2420147492cd7e8155fa26471d6c75b2cb3a32db,rest,rights,copyright,world,False,False,True,0.3099035962218681,0.24275303122177994
baseline,twitter,64efc9178db06ea8ec83fbfe4b8aa7c61f4e98866ff537aac6c7cba22e5c7c99,semester,year,season,week,False,False,True,0.5004591249723136,0.398157946343107
baseline,twitter,6ba66f9cc6e573af53d7a9cdcf310356cac3281c09f8ee60e1fa6b70d7dfae65,great,a,very,really,False,False,True,0.25784699368749825,0.20272520552097448
baseline,twitter,d1b01b34864ae25a6be2ea5684321f581a186a1ac5aff51c36429344b114f93e,epa,the,a,this,False,False,False,0.5392384868097083,0.43222041476777645
baseline,twitter,73db1d92532bcc933b81a96dbe5df3fefefdb475b56f4e8dd90260add3f2ebfd,chicago,the,your,a,False,False,False,0.4839952376780802,0.3839945467492631
baseline,twitter,655753d6a40cb1386788f891a8458c5af36d25368eb244230be7bc20cf5676bf,follow,the,this,him,False,False,False,0.25729599099208794,0.20230503624647492
baseline,twitter,748e685964e9e184a9e0753c5e22e6d2ce3a68b43d49c3988a4b2332c0f7a760,bike,day,night,moment,False,False,False,0.2858136805731288,0.22414191978092582
baseline,twitter,e9b1039a734b7f1e1bcea8d0b210b3e73e7a0ff938e2f09a004fead356569517,kentucky,the,that,by,False,False,False,0.23380257973285395,0.1844443868140496
baseline,twitter,1f090fbab4f0e9e8ebd3ab395601b6cde3f49ec5e0c28f58895d49c9d7df973e,i,i,yeah,my,True,True,True,0.18133183359825195,0.1448223185711051
baseline,twitter,0f7adf1905477e1ba8b58347e8fbbf58eecb59fcc250c32460fea79ef0dd11ec,been,been,since,served,True,True,True,0.6843361866344175,0.5704872480796707
baseline,twitter,c2e34d440ea9fe1d384e8b274f9ef1df978a3ea251c350c735d4a94f2805375d,a,a,not,like,True,True,True,0.2563307669541309,0.20156915298916722
baseline,twitter,e7a559ef103779ffc2e5548c2bcde922536c14565a5e9c55499db917007829ee,yogurt,yogurt,pizza,custard,True,True,True,0.24199091306059373,0.19065812903255605
baseline,twitter,6f624296e2b500f0398e8cf866872e1b2579a035df97219be1d0db4b0f6df7b6,book,comic,book,script,False,True,True,0.704459579707021,0.5913341841953443
baseline,twitter,c311e763499e1d26a628d7db5d1b9a6d49d2de467bca9d15f59c61ed3ea4f68d,that's,it,the,i,False,False,True,0.0638490243784515,0.055234928611560756
baseline,twitter,bf95c759c5c3b2ff41b837e718de08c7800bf1d2348c19945de0cb50bdd2b547,words,words,them,in,True,True,True,0.3002155120112463,0.2352483592888384
baseline,twitter,64e196b19a034ca3fcc7ae6a7cf082dfc142ce801c0feb0372f253d12b764130,social,the,innovation,women,False,False,True,0.0843331346556413,0.07121805542795898
baseline,twitter,9d1fb81a7c28e71bb5b4ee36ec7cd34e6356d9f2d74932a7a679b0d6b31f3617,l,a,going,very,False,False,True,0.1057378726682482,0.08766028050354821
baseline,twitter,2eab90b9fc6de0d349824e5196b3c34266ee3b031b0bd04b0ec2c7014482c461,when,and,when,on,False,True,True,0.10578844688110144,0.08769890218270902
baseline,twitter,e66ae491ddc3373945ce91ad09feb5b84ebfc1d36bc23779e12512321975b37c,get,the,a,say,False,False,True,0.03902247113071619,0.035313072192184845
baseline,twitter,d26b0137a80ee80f80183e0b87ddd138b8f2be2c41a50b52a16629411d25e7b4,n,the,a,up,False,False,True,0.5739939101430689,0.4636669001327968
baseline,twitter,e54ef59f0c9c5cdef2c2758044b8a5f9c7fd1e456045f47363ceb1b9a90295e2,to,to,in,from,True,True,True,0.35139738656632546,0.27523972840712774
baseline,twitter,2175065b41d066ec61c84f47f84fd694e5fe5b5e0ce0f99326edadbb76db153d,the,worth,good,has,False,False,True,0.06566721701763405,0.056666688210228966
baseline,twitter,ea3726b94899a32218ce7635e06ee533fee70573f121291057e20381354d1c77,this,the,this,my,False,True,True,0.2059463333453582,0.16337747948632397
baseline,twitter,2d4f9cd0b93957a206864e64ac1d59d44d7b2121af64939338cc2a44c8f13761,episode,song,album,episode,False,True,True,0.2691955145329199,0.21139367964221029
baseline,twitter,fd92785b474636fc7a82f019838a44700b266ea084f90d5a5608490eca703192,got,lessons,business,shop,False,False,False,0.10734196631860551,0.08888483186757824
baseline,twitter,8827de3d118075ce6a9730eb17f450907223336ed42d447f435f58b444f12688,show,night,i,or,False,False,False,0.30526697222932825,0.23915788108426414
baseline,twitter,bb9d007106390fbbb8b4ec9afc88bd5eaf89963dd0475071adebcf97a73eb7c9,the,the,a,you,True,True,True,0.20122129978981626,0.15981257900686519
baseline,twitter,febe31ad88045680fde5d6ad4595eecef835a5664526f6859df1268f89685951,conference,learning,teaching,finding,False,False,False,0.41287341702436087,0.3245986726010948
baseline,twitter,fb023d76453551044b3e590dbf0067895e3670ae9b4b26f5afcc00cf0d233bc0,life,life,bed,arms,True,True,True,0.7580364824846358,0.6493687042679418
baseline,twitter,ea393cbc73e27da5245e71eabfad4790ee17082795245e61f5be2808785cedae,can't,can,have,know,False,False,True,0.10349082089293009,0.08594335803085248
baseline,twitter,020401adb4907a5ccab14a82db559bc259a42ad2acb5edf919d5558c852aa49b,i,i,the,you,True,True,True,0.062453044082202015,0.05413360663474667
baseline,twitter,6df19d23d3752769ec169f0734c74d87078d7624c975e64e2f4d840fd1881672,supreme,cat,father,name,False,False,False,0.04379542715746731,0.03920839427751588
baseline,twitter,645285bee314865d9150fa617a91393762a1d0825447a82b03b8b8662f7be4e8,map,work,running,reading,False,False,False,0.06613647552322156,0.057035738344965024
baseline,twitter,7b5b8a543f9eb26bda8d261f6d7769c42d0252fd89e20540188ff09a1e10fc9e,get,use,be,have,False,False,True,0.37829621873366975,0.2966386025992604
baseline,twitter,cf6f021611ad351c1d7caaef68d8e3e72dcf39db379602fabac0fbaf6c6fd863,for,the,a,my,False,False,True,0.4494480806300662,0.35480021758423974
baseline,twitter,70dd91231f616b4a82c16c5f733c55d0f48ba4e6d3d5b0642c6e217a91adb0cc,up,on,in,to,False,False,True,0.12955019378525362,0.1057611265594914
baseline,twitter,c121ccc80e49ac49843ba093bf85905626cc0a8566e79559bc447a63ce5520b6,dust,mind,breath,soul,False,False,True,0.4932570306690185,0.3919413734935398
baseline,twitter,dfc14b602eb4f38f260e8aa9cf24d20c6c5bd159ab4605fd8472d6d87e02d1af,jobs,a,to,the,False,False,True,0.19636178914983934,0.15614804720158912
baseline,twitter,1377834ad2bf71382c8978ebfec46eef07e1738ad3ff9fbd95e2670080abab78,disabled,disabled,injured,depressed,True,True,True,0.31075053895460486,0.24341044015710792
baseline,twitter,1eb54d3a548c6b8ddca471ab5af12b75d5c6b8281e5884e7b943d0d64e9f5495,i,to,again,for,False,False,True,0.3161445326096108,0.24760255571025552
baseline,twitter,1453774d194eaa8f6a42b18e2ad56cebbd488874d2d542f895c3985e8595a772,man,man,is,and,True,True,True,0.03264475005896333,0.03004218617703656
baseline,twitter,2790c7e03907ef9aa818c9d30a5bb49b1939b565563ed51ca4fc92b418f5088a,even,luther,scorsese,say,False,False,False,0.9340480808397743,0.8785150823170004
baseline,twitter,8d6d49b916dbe59d5a0484351d1a4f4ec22a6d0e14390bb3e430614812c14e29,hear,be,make,know,False,False,True,0.11207504627761468,0.09249301922200799
baseline,twitter,f760524e252aa6821d7c0a9a311630c833792b9f1ab28170e22af9c1ad4a665d,but,as,he,and,False,False,True,0.13829381728465842,0.11237542486512828
baseline,twitter,5b45c36188ba7278c501a0ecb40516bc712165417af0e1fca2ce881cff890101,list,other,dvd,tv,False,False,True,0.06436873318883514,0.05564448208828801
baseline,twitter,269d5082bc234f3b211533ef5d20b1913101eb3561bd9c9fe093f932527e57d0,affected,have,are,were,False,False,False,0.2456446481491916,0.193434521952453
baseline,twitter,8953c8275d529b9f647fb0a99f10cbee09020b283a2094c9ba91e89fa77dae1d,to,to,for,it,True,True,True,0.8188702326708164,0.7205964851381095
baseline,twitter,1163a9320bfd819b5e498a53d55e81f05d190583e0626675cc49ab7bcba971b8,moms,it,this,the,False,False,False,0.17851462848881025,0.1427002608588459
baseline,twitter,6455895dc89e3ddc640f5721295c5db1fa4c44363ad639618ddff5da63b059b3,friends,friends,school,college,True,True,True,0.30396257045547076,0.23814763477026438
baseline,twitter,b50d1329334136def51881a616ad84e600bd6a416137e3e7e3c9eb2561c77ba2,you,you,the,there,True,True,True,0.10193307361721385,0.08475201710860511
baseline,twitter,ab04eee4e5f0ed3653dd11b1f79a9d91c4c7cb4ba17e67e368dd8ecb37b9a501,rocks,is,and,in,False,False,False,0.2481064995041115,0.19530660859212418
baseline,twitter,b5c35e2a67e986b60769ac94f4246e042915a63b4ab7e19e51567263ecd4efc3,at,at,you,me,True,True,True,0.5170144786610681,0.4125749586016874
baseline,twitter,467c7149c66688076395d6c9969496940a75b88b5348b4718eb165d90b6c1927,how,if,what,how,False,True,True,0.34081621422778735,0.26689858691773877
baseline,twitter,e0696e214891679ed13856b59f3251114b8d64e3d7fb77df8883a7e24a8b4540,the,it,me,to,False,False,True,0.2383127386113264,0.18786554311305365
baseline,twitter,9be1cd46a919dffb6c60d7ab31d4fcc9d81b557a71a2b92a2e4839c3746f471a,when,he,when,since,False,True,True,0.11095263523154696,0.0916380164641566
baseline,twitter,e371faacbfead918c907d6800cc148c5ed55f066d2a74a69f149c59396cbce5d,pro,little,bit,student,False,False,True,0.11792020474810194,0.09693959990735004
baseline,twitter,eb9ee06ad3dae8c47d6c3f095973c7edbb19efca77b992c770f9e8ea6e6b2376,changed,have,am,need,False,False,False,0.08894869562603068,0.07478190512644162
baseline,twitter,0978b32315789fbd0512a782a12b4141fb97cd4a87a1d77585e01bb70115cdba,shows,in,is,files,False,False,True,0.12972377935262355,0.1058925717932923
baseline,twitter,c741e76fe8363f51f7d7d2ae53e6cdaebecb3871fb32a09c8e476a9a229d2528,for,for,i,a,True,True,True,0.434543763508649,0.3424100360672137
baseline,twitter,eec2a04eeedeec195464f7a4ba2cb9e9e4a6eb7bd560ed256a3f1cfacfd46a88,find,out,me,it,False,False,True,0.5744885165305651,0.4641211703509302
baseline,twitter,d00b4d59c3ce4e7ff4629a40ebe57f93573257d143d74fbfd193637695d23fb4,getting,to,for,until,False,False,True,0.6495625326121791,0.5355386549395195
baseline,twitter,1a4a27bb2b6b2a2b5df422ebe6275414d1ccac811c9aae424fab6195fb782803,you,you,i,we,True,True,True,0.3023087955628077,0.23686752508320438
baseline,twitter,984bbf6b6fc7ff7d7ce1146c4cc087a82d491a3928841d3f7e75d22c2a60844f,reading,reading,buying,using,True,True,True,0.3508906597245082,0.27483932953362256
baseline,twitter,562c9b4a99afee058425d7c4d9fd8a64fd851ab600eea785e60c721b066c6d5d,a,a,the,an,True,True,True,0.2676923742019629,0.21024386608452994
baseline,twitter,0d1475e0579793790865efbe809a56ba4cf07fee4e3db62251292eea7beb6b2a,mozart,the,john,robert,False,False,False,0.14690857471057955,0.11888108177328617
baseline,twitter,d9b51ce4a9b5599458a92ce5a544f8ce0b8efe8492036f005daaa4ca06072f47,writing,reading,listening,thinking,False,False,True,0.13491721638388363,0.10982265804594067
baseline,twitter,9d3083a9409f116452fb1177684ae6c9def1f311e7a91a5ce0f68f28d30a3aa1,much,far,i,many,False,False,True,0.1600219247405334,0.12876943917340378
baseline,twitter,79f16cc918b61e75eb13b98498d4932713de9d0e6fef35ab9ac91bf7c989a3e2,alive,not,trying,a,False,False,True,0.11771422370826368,0.09678306619155368
baseline,twitter,f7c84883c554c9b3b483accd11fc1c15cfa46182e00354f30e5ab66160d7ddf2,the,the,to,this,True,True,True,0.4357776703462117,0.3434313573090583
baseline,twitter,286009ee06e55ba5fc7c054e3a76eac4cf583c45fbe68f56471f9d1336304f2e,coach,family,wife,team,False,False,True,0.14050005506003968,0.11404245008445771
baseline,twitter,8e84e0f0aa3f064dc8856f94e0051ae2686437062f8cb6a0d195ce880ca3fec2,a,a,the,alot,True,True,True,0.7593691110239462,0.6508637118981976
baseline,twitter,d2f85dbd2e16bd458c076ff5e157c1f5bab498d1465a29052dcc81ed5b57f189,lmao,and,he,i,False,False,False,0.3316900092015902,0.2597367549515293
baseline,twitter,4d3b68ceba753adcbb5fd549a4fbecb710cc6f3a89d9c436c34fdf2a505d8f91,on,on,and,are,True,True,True,0.07766205326350469,0.06604519700576293
baseline,twitter,e16470719ff21537ea4f22adff193047a423a564e6d4ac663aed1717303687f1,just,i,that,you,False,False,True,0.14021159059268323,0.11382452662571603
baseline,twitter,3574469c771f65c748a4112b3ffacc62b9256a7345bac16acc825e55c612a253,belk,election,nfl,elections,False,False,False,0.13471266112919617,0.10966795212798698
baseline,twitter,0eb1abc89e0f541f1ba464ec6729ee480b591d77c9028cae6f3a8479faf93d21,i,i,in,i've,True,True,True,0.2895417866201619,0.2270115188236046
baseline,twitter,e240e648eeef09078933b07b471672a3c6a059c4815b684148aacf621ba58afe,to,i,is,in,False,False,True,0.08427030551528764,0.07116946145380319
