source,line_hash,target,arm,canonical_tokens,target_in_training_vocabulary,target_present,original_rank,diagnostic_rank,category,target_score,third_other_word,third_other_score,margin_to_top3,candidate_count,diagnostic_candidate_count,fp32_checked,fp32_diagnostic_rank,fp32_margin
blogs,f27ea2d29c7104c919b3db28c6665a75f06509e20abfce2a096f6bd7fdee17a5,back,baseline,1,True,True,5,5,covered_below_top3,-3.4468841552734375,out,-2.9973907470703125,-0.449493408203125,255,255,False,,
blogs,f27ea2d29c7104c919b3db28c6665a75f06509e20abfce2a096f6bd7fdee17a5,back,beam16,1,True,True,5,5,covered_below_top3,-3.4468841552734375,out,-2.9973907470703125,-0.449493408203125,383,383,False,,
blogs,2e33f63c7626dbc369773847be674268e62ff845811d0f1a707abb82d030fda8,movie,baseline,1,True,True,59,59,covered_below_top3,-7.215431213378906,and,-2.7764625549316406,-4.438968658447266,250,250,False,,
blogs,2e33f63c7626dbc369773847be674268e62ff845811d0f1a707abb82d030fda8,movie,beam16,1,True,True,65,65,covered_below_top3,-7.215431213378906,and,-2.7764625549316406,-4.438968658447266,378,378,False,,
blogs,3a5c23d72140c92c25f4fbd08b9ac0feecee320dc88c6ee630121fbb1dc7ba3f,you,baseline,1,True,True,1,1,already_top3,-0.5283241271972656,u,-3.7141456604003906,3.185821533203125,258,258,False,,
blogs,3a5c23d72140c92c25f4fbd08b9ac0feecee320dc88c6ee630121fbb1dc7ba3f,you,beam16,1,True,True,1,1,already_top3,-0.5283241271972656,u,-3.7141456604003906,3.185821533203125,383,383,False,,
blogs,150f418fb152be9cb918f6a5cddb03c13ba3de68e7a2ad474b9d73f9888b10db,this,baseline,1,True,True,5,5,covered_below_top3,-3.7588539123535156,the,-2.2272605895996094,-1.5315933227539062,259,259,False,,
blogs,150f418fb152be9cb918f6a5cddb03c13ba3de68e7a2ad474b9d73f9888b10db,this,beam16,1,True,True,5,5,covered_below_top3,-3.7588539123535156,the,-2.2272605895996094,-1.5315933227539062,386,386,False,,
blogs,379382c7ed6229fb6a69c6e7589b03d3240417a25dc4be8d5bfa25a7d0e6a114,with,baseline,1,True,True,1,1,already_top3,-0.27831268310546875,in,-4.029232025146484,3.7509193420410156,257,257,False,,
blogs,379382c7ed6229fb6a69c6e7589b03d3240417a25dc4be8d5bfa25a7d0e6a114,with,beam16,1,True,True,1,1,already_top3,-0.27831268310546875,in,-4.029232025146484,3.7509193420410156,385,385,False,,
blogs,1a3d0e172a1fcc90d98522daac9c53c1add1ae3f5e1b59bfafdbaf7f15ea7e13,or,baseline,1,True,True,4,4,covered_below_top3,-3.420330047607422,in,-3.138458251953125,-0.2818717956542969,257,257,False,,
blogs,1a3d0e172a1fcc90d98522daac9c53c1add1ae3f5e1b59bfafdbaf7f15ea7e13,or,beam16,1,True,True,4,4,covered_below_top3,-3.420330047607422,in,-3.138458251953125,-0.2818717956542969,385,385,False,,
blogs,b1bdb15784994402f4445749c82f4d5fa4972fe0ae3f775cd198f3db707ed5c7,vendor,baseline,1,True,True,212,212,covered_below_top3,-7.746305465698242,part,-3.8259639739990234,-3.9203414916992188,257,257,False,,
blogs,b1bdb15784994402f4445749c82f4d5fa4972fe0ae3f775cd198f3db707ed5c7,vendor,beam16,1,True,True,212,212,covered_below_top3,-7.746305465698242,part,-3.8259639739990234,-3.9203414916992188,385,385,False,,
blogs,75ec673b2b31cde02d81eb99e409f3c60f43ed1afdb8d3477a01196e43e64dc7,there,baseline,1,True,True,8,8,covered_below_top3,-3.585308074951172,i'm,-2.779376983642578,-0.8059310913085938,257,257,False,,
blogs,75ec673b2b31cde02d81eb99e409f3c60f43ed1afdb8d3477a01196e43e64dc7,there,beam16,1,True,True,9,9,covered_below_top3,-3.585308074951172,i'm,-2.779376983642578,-0.8059310913085938,383,383,False,,
blogs,640a825583d8a72a7cd2175016d14e07d28d2bdd55709dbc8634270dfaec9da5,checkmark,baseline,2,True,False,,256,missing_still_below_top3,-12.130979537963867,the,-2.8210926055908203,-9.309886932373047,258,259,False,,
blogs,640a825583d8a72a7cd2175016d14e07d28d2bdd55709dbc8634270dfaec9da5,checkmark,beam16,2,True,False,,266,missing_still_below_top3,-12.130979537963867,the,-2.8210926055908203,-9.309886932373047,386,387,False,,
blogs,91507145be5cf1fad2815adf342860b6bdac455d8db048b0374aa8c35cea72ae,recommend,baseline,1,True,True,1,1,already_top3,-1.3796615600585938,have,-3.0049209594726562,1.6252593994140625,256,256,False,,
blogs,91507145be5cf1fad2815adf342860b6bdac455d8db048b0374aa8c35cea72ae,recommend,beam16,1,True,True,1,1,already_top3,-1.3796615600585938,have,-3.0049209594726562,1.6252593994140625,384,384,False,,
blogs,b72474f50716169e9748a2eb8e76b7ab5e47c06dda75b8e74db7920d216f09bc,daisy,baseline,2,True,False,,213,missing_still_below_top3,-10.476831436157227,or,-3.8541107177734375,-6.622720718383789,257,258,False,,
blogs,b72474f50716169e9748a2eb8e76b7ab5e47c06dda75b8e74db7920d216f09bc,daisy,beam16,2,True,False,,279,missing_still_below_top3,-10.476831436157227,or,-3.8541107177734375,-6.622720718383789,385,386,False,,
blogs,4e8895ae50463f9bb1588854743dfddeff57c6d568879614efeb3e276882ab37,it,baseline,1,True,True,5,5,covered_below_top3,-3.7481250762939453,smart,-3.6075801849365234,-0.14054489135742188,258,258,False,,
blogs,4e8895ae50463f9bb1588854743dfddeff57c6d568879614efeb3e276882ab37,it,beam16,1,True,True,5,5,covered_below_top3,-3.7481250762939453,smart,-3.6075801849365234,-0.14054489135742188,386,386,False,,
blogs,8334b4540dfa719754aa0de65ed2e2986c1843ed87663872cd9a57a7753146d8,on,baseline,1,True,True,5,5,covered_below_top3,-3.188488006591797,is,-2.5935630798339844,-0.5949249267578125,258,258,False,,
blogs,8334b4540dfa719754aa0de65ed2e2986c1843ed87663872cd9a57a7753146d8,on,beam16,1,True,True,5,5,covered_below_top3,-3.188488006591797,is,-2.5935630798339844,-0.5949249267578125,386,386,False,,
blogs,c32c3e1300b8358f8bf7ec24bd106bbef01d3579e2c273272d5efc7b145fa792,a,baseline,1,True,True,4,4,covered_below_top3,-3.0756492614746094,it,-2.563518524169922,-0.5121307373046875,256,256,False,,
blogs,c32c3e1300b8358f8bf7ec24bd106bbef01d3579e2c273272d5efc7b145fa792,a,beam16,1,True,True,4,4,covered_below_top3,-3.0756492614746094,it,-2.563518524169922,-0.5121307373046875,384,384,False,,
blogs,41b8bc114e6a873a647502ff550d0b54a9f7fdb2fdb10bff657a8df21d400073,project,baseline,1,True,False,,254,missing_still_below_top3,-11.72119140625,to,-3.284860610961914,-8.436330795288086,261,262,False,,
blogs,41b8bc114e6a873a647502ff550d0b54a9f7fdb2fdb10bff657a8df21d400073,project,beam16,1,True,False,,293,missing_still_below_top3,-11.72119140625,to,-3.284860610961914,-8.436330795288086,389,390,False,,
blogs,b57186493fa3a2c547d996aa77e54272d923628b38b4516aea24441809f9338e,could,baseline,1,True,True,26,26,covered_below_top3,-5.935464859008789,will,-2.794218063354492,-3.141246795654297,256,256,False,,
blogs,b57186493fa3a2c547d996aa77e54272d923628b38b4516aea24441809f9338e,could,beam16,1,True,True,27,27,covered_below_top3,-5.935464859008789,will,-2.794218063354492,-3.141246795654297,384,384,False,,
blogs,6fda27b4519c3b1f949aa789fafd4633a2f4715428108f635f869b6f6abb47e4,jake's,baseline,3,True,False,,209,missing_still_below_top3,-10.576517105102539,the,-2.2490081787109375,-8.327508926391602,256,257,False,,
blogs,6fda27b4519c3b1f949aa789fafd4633a2f4715428108f635f869b6f6abb47e4,jake's,beam16,3,True,True,245,245,covered_below_top3,-10.567070007324219,the,-2.2490081787109375,-8.318061828613281,384,384,False,,
blogs,8e31aa2486bd2af28e15adf7c3e90c3c5b00791a9a32397ade5784dc34970532,were,baseline,1,True,True,2,2,already_top3,-2.1425914764404297,great,-4.232725143432617,2.0901336669921875,257,257,False,,
blogs,8e31aa2486bd2af28e15adf7c3e90c3c5b00791a9a32397ade5784dc34970532,were,beam16,1,True,True,2,2,already_top3,-2.1425914764404297,great,-4.232725143432617,2.0901336669921875,385,385,False,,
blogs,7d7f9e354d8330b014d1ef7c7cb1d9701045bc373464c2dff27577df2203228f,be,baseline,1,True,True,98,98,covered_below_top3,-7.016042709350586,courage,-3.177204132080078,-3.838838577270508,259,259,False,,
blogs,7d7f9e354d8330b014d1ef7c7cb1d9701045bc373464c2dff27577df2203228f,be,beam16,1,True,True,104,104,covered_below_top3,-7.016042709350586,courage,-3.177204132080078,-3.838838577270508,387,387,False,,
blogs,32cd52cb54a0a85df0b971cd8c0dec12b0e8fca77376c9ed9eed5d52992e76d9,espresso,baseline,1,True,False,,233,missing_still_below_top3,-9.157777786254883,and,-3.9184436798095703,-5.2393341064453125,255,256,False,,
blogs,32cd52cb54a0a85df0b971cd8c0dec12b0e8fca77376c9ed9eed5d52992e76d9,espresso,beam16,1,True,False,,243,missing_still_below_top3,-9.157777786254883,and,-3.9184436798095703,-5.2393341064453125,383,384,False,,
blogs,3f11bb930af28be6636d3b7d33c9d93c16b75c68d23c735cac8a5f410b6e3565,until,baseline,1,True,True,24,24,covered_below_top3,-5.139888763427734,the,-3.593463897705078,-1.5464248657226562,256,256,False,,
blogs,3f11bb930af28be6636d3b7d33c9d93c16b75c68d23c735cac8a5f410b6e3565,until,beam16,1,True,True,24,24,covered_below_top3,-5.139888763427734,the,-3.593463897705078,-1.5464248657226562,384,384,False,,
blogs,c3c80837aa0856c9606e04dcab979b22143dbe7815d5c469b05d365064138398,author,baseline,1,True,True,102,102,covered_below_top3,-7.469745635986328,said,-3.6724853515625,-3.797260284423828,258,258,False,,
blogs,c3c80837aa0856c9606e04dcab979b22143dbe7815d5c469b05d365064138398,author,beam16,1,True,True,103,103,covered_below_top3,-7.469745635986328,said,-3.6724853515625,-3.797260284423828,386,386,False,,
blogs,f9c18fac0730e3adf3d480213575a4cbb220eb2947050930de7197229981d9fd,wine,baseline,1,True,True,1,1,already_top3,-0.5122566223144531,beer,-4.012474060058594,3.5002174377441406,261,261,False,,
blogs,f9c18fac0730e3adf3d480213575a4cbb220eb2947050930de7197229981d9fd,wine,beam16,1,True,True,1,1,already_top3,-0.5122566223144531,beer,-4.012474060058594,3.5002174377441406,389,389,False,,
blogs,3de6e4df992e71eb825eca79e7a59069fc50a064448f89979e471bcc3c22ba75,man,baseline,1,True,True,3,3,already_top3,-4.777252197265625,knowledge,-5.058065414428711,0.28081321716308594,260,260,False,,
blogs,3de6e4df992e71eb825eca79e7a59069fc50a064448f89979e471bcc3c22ba75,man,beam16,1,True,True,3,3,already_top3,-4.777252197265625,knowledge,-5.058065414428711,0.28081321716308594,388,388,False,,
blogs,cd672f6d7025d9ad0026cbba9bb3fe3ed6e71093ac88175f8ac2bc4e94f32a5a,cream,baseline,1,True,True,1,1,already_top3,-0.05889129638671875,is,-7.4637451171875,7.404853820800781,254,254,False,,
blogs,cd672f6d7025d9ad0026cbba9bb3fe3ed6e71093ac88175f8ac2bc4e94f32a5a,cream,beam16,1,True,True,1,1,already_top3,-0.05889129638671875,is,-7.4637451171875,7.404853820800781,382,382,False,,
blogs,ffffbefc9a109669ff1a3ad2756ffb1b534daee5f90fa1162e36b37538116f43,queen,baseline,1,True,False,,247,missing_still_below_top3,-11.024499893188477,that,-3.1174182891845703,-7.907081604003906,259,260,False,,
blogs,ffffbefc9a109669ff1a3ad2756ffb1b534daee5f90fa1162e36b37538116f43,queen,beam16,1,True,False,,258,missing_still_below_top3,-11.024499893188477,that,-3.1174182891845703,-7.907081604003906,387,388,False,,
blogs,bf42c863d826b55a8070e1b8271fe6f2e04ddbc417207c1f1eb541701a91196f,that,baseline,1,True,True,1,1,already_top3,-0.9852371215820312,i,-2.964427947998047,1.9791908264160156,256,256,False,,
blogs,bf42c863d826b55a8070e1b8271fe6f2e04ddbc417207c1f1eb541701a91196f,that,beam16,1,True,True,1,1,already_top3,-0.9852371215820312,i,-2.964427947998047,1.9791908264160156,384,384,False,,
blogs,d67f3e27829d44de0441ec7eed10ea7e2c56c932e9f84f5bd174bd098965c994,license,baseline,1,True,False,,258,missing_still_below_top3,-12.784709930419922,hot,-3.176990509033203,-9.607719421386719,262,263,False,,
blogs,d67f3e27829d44de0441ec7eed10ea7e2c56c932e9f84f5bd174bd098965c994,license,beam16,1,True,False,,368,missing_still_below_top3,-12.784709930419922,hot,-3.176990509033203,-9.607719421386719,390,391,False,,
blogs,0989b5237eb48e59cad83dca5762b211d7ce5641230183f24ce883fe76205abd,our,baseline,1,True,True,1,1,already_top3,-0.4268836975097656,my,-3.1770553588867188,2.750171661376953,257,257,False,,
blogs,0989b5237eb48e59cad83dca5762b211d7ce5641230183f24ce883fe76205abd,our,beam16,1,True,True,1,1,already_top3,-0.4268836975097656,my,-3.1770553588867188,2.750171661376953,385,385,False,,
blogs,5cd9b83ec4ed2b0d02e2007d2c0408dba6b5ac9fc94263f469660eb274c34f1b,little,baseline,1,True,True,20,20,covered_below_top3,-5.270534515380859,sunday,-2.8504409790039062,-2.420093536376953,256,256,False,,
blogs,5cd9b83ec4ed2b0d02e2007d2c0408dba6b5ac9fc94263f469660eb274c34f1b,little,beam16,1,True,True,21,21,covered_below_top3,-5.270534515380859,sunday,-2.8504409790039062,-2.420093536376953,380,380,False,,
blogs,dce1fad10ecb15835e20e771fa9582bbfa84509f2029a76bc26617a09e82b6b4,be,baseline,1,True,True,1,1,already_top3,-0.050136566162109375,describe,-5.534515380859375,5.484378814697266,262,262,False,,
blogs,dce1fad10ecb15835e20e771fa9582bbfa84509f2029a76bc26617a09e82b6b4,be,beam16,1,True,True,1,1,already_top3,-0.050136566162109375,describe,-5.534515380859375,5.484378814697266,390,390,False,,
blogs,cf963c65aa4e6aec5caff27f73e21a65cd1c496deca38dead971f519caa4a10f,he,baseline,1,True,True,4,4,covered_below_top3,-3.3887672424316406,and,-3.091876983642578,-0.2968902587890625,256,256,False,,
blogs,cf963c65aa4e6aec5caff27f73e21a65cd1c496deca38dead971f519caa4a10f,he,beam16,1,True,True,4,4,covered_below_top3,-3.3887672424316406,and,-3.091876983642578,-0.2968902587890625,384,384,False,,
blogs,eb9f5bb77c9a3c3e31f269b25b42f96b69b7430186e38f0867f9015ccaa73417,benefit,baseline,1,True,False,,247,missing_still_below_top3,-8.909221649169922,essence,-3.237285614013672,-5.67193603515625,258,259,False,,
blogs,eb9f5bb77c9a3c3e31f269b25b42f96b69b7430186e38f0867f9015ccaa73417,benefit,beam16,1,True,False,,248,missing_still_below_top3,-8.909221649169922,essence,-3.237285614013672,-5.67193603515625,386,387,False,,
blogs,bd8985b74110ad26e2fc4ca3546ed2b4395d03a592c0585c2d7de7e26f1fab49,a,baseline,1,True,True,53,53,covered_below_top3,-6.881801605224609,through,-3.239124298095703,-3.6426773071289062,260,260,False,,
blogs,bd8985b74110ad26e2fc4ca3546ed2b4395d03a592c0585c2d7de7e26f1fab49,a,beam16,1,True,True,53,53,covered_below_top3,-6.881801605224609,through,-3.239124298095703,-3.6426773071289062,388,388,False,,
blogs,7cc50f2dcfa90fef70167174027dcc0a2745896138b6bca25927ca90a44949c9,got,baseline,1,True,True,14,14,covered_below_top3,-4.568286895751953,went,-3.6147842407226562,-0.9535026550292969,267,267,False,,
blogs,7cc50f2dcfa90fef70167174027dcc0a2745896138b6bca25927ca90a44949c9,got,beam16,1,True,True,16,16,covered_below_top3,-4.568286895751953,walked,-2.9271240234375,-1.6411628723144531,394,394,False,,
blogs,1c5951e89a7e0d1267c533d6451876a1334d82fe301be34c567c2f0ab8d99491,to,baseline,1,True,True,1,1,already_top3,-0.16351699829101562,the,-4.2423858642578125,4.078868865966797,256,256,False,,
blogs,1c5951e89a7e0d1267c533d6451876a1334d82fe301be34c567c2f0ab8d99491,to,beam16,1,True,True,1,1,already_top3,-0.16351699829101562,the,-4.2423858642578125,4.078868865966797,384,384,False,,
blogs,b25f994e529814b9fdf2bb21c64f49575041399a9bbcac0b4eea0554023236f1,coffee,baseline,1,True,False,,233,missing_still_below_top3,-8.342174530029297,they,-3.3600330352783203,-4.982141494750977,260,261,False,,
blogs,b25f994e529814b9fdf2bb21c64f49575041399a9bbcac0b4eea0554023236f1,coffee,beam16,1,True,False,,243,missing_still_below_top3,-8.342174530029297,they,-3.3600330352783203,-4.982141494750977,386,387,False,,
blogs,7a3925616ed56a8b85d5847676ae5aa6555e924f9eafdd9a0c743f1a2e30b300,alone,baseline,1,True,True,90,90,covered_below_top3,-6.703899383544922,not,-2.5004425048828125,-4.203456878662109,256,256,False,,
blogs,7a3925616ed56a8b85d5847676ae5aa6555e924f9eafdd9a0c743f1a2e30b300,alone,beam16,1,True,True,90,90,covered_below_top3,-6.703899383544922,not,-2.5004425048828125,-4.203456878662109,384,384,False,,
blogs,7ed840123b75f79024bc8d1dc218fd0f321c243a4f61574d890d2d41b9ef8f5c,breakdown,baseline,1,True,False,,257,missing_still_below_top3,-12.018054962158203,set,-3.4067516326904297,-8.611303329467773,259,260,False,,
blogs,7ed840123b75f79024bc8d1dc218fd0f321c243a4f61574d890d2d41b9ef8f5c,breakdown,beam16,1,True,False,,281,missing_still_below_top3,-12.018054962158203,set,-3.4067516326904297,-8.611303329467773,387,388,False,,
blogs,352c4a5237c0f7936acfceaf5fcb6ad851c1ec3bec851f002f8f2afc631ec909,pieces,baseline,1,True,False,,246,missing_still_below_top3,-10.862991333007812,time,-4.041267395019531,-6.821723937988281,257,258,False,,
blogs,352c4a5237c0f7936acfceaf5fcb6ad851c1ec3bec851f002f8f2afc631ec909,pieces,beam16,1,True,False,,250,missing_still_below_top3,-10.862991333007812,time,-4.041267395019531,-6.821723937988281,385,386,False,,
blogs,d2060adc06b000c7a152cb9ebd9c97fc8482baccbb7d26a051b8c99ecedb0020,surely,baseline,1,True,False,,256,missing_still_below_top3,-10.858512878417969,in,-2.7788429260253906,-8.079669952392578,256,257,False,,
blogs,d2060adc06b000c7a152cb9ebd9c97fc8482baccbb7d26a051b8c99ecedb0020,surely,beam16,1,True,False,,264,missing_still_below_top3,-10.858512878417969,in,-2.7788429260253906,-8.079669952392578,383,384,False,,
blogs,48a8a3b3ef24a02d736f34936f68558dd17258253c096871ec4c33fd0feda660,what,baseline,1,True,True,97,97,covered_below_top3,-8.135173797607422,of,-5.364383697509766,-2.7707901000976562,260,260,False,,
blogs,48a8a3b3ef24a02d736f34936f68558dd17258253c096871ec4c33fd0feda660,what,beam16,1,True,True,97,97,covered_below_top3,-8.135173797607422,of,-5.364383697509766,-2.7707901000976562,386,386,False,,
blogs,19d04f212bb0c9a83fc08d9844cccf7fa83000c4c8f5d5bf0bacd5a1bfdbcfe1,catch,baseline,1,True,False,,252,missing_still_below_top3,-10.647693634033203,on,-3.1854400634765625,-7.462253570556641,255,256,False,,
blogs,19d04f212bb0c9a83fc08d9844cccf7fa83000c4c8f5d5bf0bacd5a1bfdbcfe1,catch,beam16,1,True,False,,258,missing_still_below_top3,-10.647693634033203,on,-3.1854400634765625,-7.462253570556641,383,384,False,,
blogs,7cc7aa0a9cd8c2f9e0ad4e8bdde615c25d284ba8b1ce1e13bc16ad6ea987bf57,my,baseline,1,True,True,2,2,already_top3,-2.66162109375,that,-2.83270263671875,0.17108154296875,257,257,False,,
blogs,7cc7aa0a9cd8c2f9e0ad4e8bdde615c25d284ba8b1ce1e13bc16ad6ea987bf57,my,beam16,1,True,True,2,2,already_top3,-2.66162109375,that,-2.83270263671875,0.17108154296875,385,385,False,,
blogs,8af68e87d85431bd6bc7a862171855c16c0791857530d46d4dfec1deddc23696,tin,baseline,1,True,False,,257,missing_still_below_top3,-11.766132354736328,of,-4.942279815673828,-6.8238525390625,256,257,False,,
blogs,8af68e87d85431bd6bc7a862171855c16c0791857530d46d4dfec1deddc23696,tin,beam16,1,True,False,,352,missing_still_below_top3,-11.766132354736328,of,-4.942279815673828,-6.8238525390625,384,385,False,,
blogs,f4f91a0016cfe63d6bc462744ca56478e36afc5c906dfa42905d004ead7ac90a,arab,baseline,1,True,True,2,2,already_top3,-3.2891769409179688,italian,-3.8082447052001953,0.5190677642822266,273,273,False,,
blogs,f4f91a0016cfe63d6bc462744ca56478e36afc5c906dfa42905d004ead7ac90a,arab,beam16,1,True,True,4,4,covered_below_top3,-3.2891769409179688,indian,-2.9657344818115234,-0.3234424591064453,401,401,False,,
blogs,d5054b72c01dd6e1d22489654daa3ef8d380be567c39326fe54107968958b2e0,had,baseline,1,True,True,2,2,already_top3,-2.8395023345947266,won,-3.202066421508789,0.3625640869140625,258,258,False,,
blogs,d5054b72c01dd6e1d22489654daa3ef8d380be567c39326fe54107968958b2e0,had,beam16,1,True,True,2,2,already_top3,-2.8395023345947266,did,-3.1683483123779297,0.3288459777832031,386,386,False,,
blogs,bb30fe263c00366818d0e6d06bfd8e9569b764d3ccb1384e3a002358c31381ae,enough,baseline,1,True,True,1,1,already_top3,-0.2050323486328125,strongly,-4.423526763916016,4.218494415283203,266,266,False,,
blogs,bb30fe263c00366818d0e6d06bfd8e9569b764d3ccb1384e3a002358c31381ae,enough,beam16,1,True,True,1,1,already_top3,-0.2050323486328125,strongly,-4.423526763916016,4.218494415283203,394,394,False,,
blogs,d267074911573a6de4266cd018b5ff9d916c188df7e0bc04617ed99ed72e7548,way,baseline,1,True,True,1,1,already_top3,-2.7828311920166016,movie,-3.925081253051758,1.1422500610351562,259,259,False,,
blogs,d267074911573a6de4266cd018b5ff9d916c188df7e0bc04617ed99ed72e7548,way,beam16,1,True,True,1,1,already_top3,-2.7828311920166016,movie,-3.925081253051758,1.1422500610351562,387,387,False,,
blogs,289ecbb05bd1df116b388dfce818a704ce3b45504536e71478dbb35484478a89,didn't,baseline,2,True,True,1,1,already_top3,-0.6754875183105469,day,-2.5765533447265625,1.9010658264160156,265,265,False,,
blogs,289ecbb05bd1df116b388dfce818a704ce3b45504536e71478dbb35484478a89,didn't,beam16,2,True,True,1,1,already_top3,-0.6754875183105469,day,-2.5765533447265625,1.9010658264160156,392,392,False,,
blogs,27b71126ec92112afb54eb000137182029bfcd0ebc3d6dbd6cd6d9483e3a4234,make,baseline,1,True,True,84,84,covered_below_top3,-8.045360565185547,i,-5.6777496337890625,-2.3676109313964844,239,239,False,,
blogs,27b71126ec92112afb54eb000137182029bfcd0ebc3d6dbd6cd6d9483e3a4234,make,beam16,1,True,True,84,84,covered_below_top3,-8.045360565185547,i,-5.6777496337890625,-2.3676109313964844,367,367,False,,
blogs,ddede43370fa553ae2705c278f52107fabdba65412378756953c6d27913bcf0a,dead,baseline,1,True,True,12,12,covered_below_top3,-5.900785446166992,one,-1.6177825927734375,-4.283002853393555,257,257,False,,
blogs,ddede43370fa553ae2705c278f52107fabdba65412378756953c6d27913bcf0a,dead,beam16,1,True,True,12,12,covered_below_top3,-5.900785446166992,one,-1.6177825927734375,-4.283002853393555,385,385,False,,
blogs,5918f37fca3c7089c9f83756790ef55fa02549c3383a53e67e7ec28401bb412b,your,baseline,1,True,True,3,3,already_top3,-1.8706016540527344,a,-1.9329032897949219,0.0623016357421875,261,261,True,3,0.07193374633789062
blogs,5918f37fca3c7089c9f83756790ef55fa02549c3383a53e67e7ec28401bb412b,your,beam16,1,True,True,3,3,already_top3,-1.8706016540527344,a,-1.9329032897949219,0.0623016357421875,389,389,True,3,0.07193374633789062
blogs,2a2c45f7d25bf1f3be66a95a02a88f42d3b03e2016e5bce15e735cc9c26910a8,excited,baseline,1,True,True,1,1,already_top3,-0.3486213684082031,hoping,-4.051658630371094,3.7030372619628906,256,256,False,,
blogs,2a2c45f7d25bf1f3be66a95a02a88f42d3b03e2016e5bce15e735cc9c26910a8,excited,beam16,1,True,True,1,1,already_top3,-0.3486213684082031,hoping,-4.051658630371094,3.7030372619628906,384,384,False,,
blogs,1b318a52a1fc587e9425cc21811759c771ea51381d41a018d6a4bd3d02cc45ae,that,baseline,1,True,True,1,1,already_top3,-1.72003173828125,what,-2.794248580932617,1.0742168426513672,257,257,False,,
blogs,1b318a52a1fc587e9425cc21811759c771ea51381d41a018d6a4bd3d02cc45ae,that,beam16,1,True,True,1,1,already_top3,-1.72003173828125,what,-2.794248580932617,1.0742168426513672,385,385,False,,
blogs,580589c89a508ed2f4b1766886ba623bec667f18bbb282189b3d36ecd412209c,gorgeous,baseline,1,True,True,47,47,covered_below_top3,-5.722095489501953,a,-3.6461009979248047,-2.0759944915771484,257,257,False,,
blogs,580589c89a508ed2f4b1766886ba623bec667f18bbb282189b3d36ecd412209c,gorgeous,beam16,1,True,True,47,47,covered_below_top3,-5.722095489501953,a,-3.6461009979248047,-2.0759944915771484,385,385,False,,
blogs,50b9d5391f73c1fe0c14b262ff5abeb64fa1e880491b3cdf9736900d8f29a7a3,them,baseline,1,True,True,1,1,already_top3,-0.23904800415039062,the,-3.614276885986328,3.3752288818359375,256,256,False,,
blogs,50b9d5391f73c1fe0c14b262ff5abeb64fa1e880491b3cdf9736900d8f29a7a3,them,beam16,1,True,True,1,1,already_top3,-0.23904800415039062,the,-3.614276885986328,3.3752288818359375,384,384,False,,
blogs,929846bf043468a80ab4f13004e997e29b18248e39cd61f60c2f2483e82ae9d9,pop,baseline,1,True,False,,251,missing_still_below_top3,-9.297685623168945,family,-4.508739471435547,-4.788946151733398,259,260,False,,
blogs,929846bf043468a80ab4f13004e997e29b18248e39cd61f60c2f2483e82ae9d9,pop,beam16,1,True,False,,265,missing_still_below_top3,-9.297685623168945,family,-4.508739471435547,-4.788946151733398,387,388,False,,
blogs,361aa83793b17e1cb64a7e78bebe2c9dde88d0751b7ef508242823501bf26cf1,is,baseline,1,True,True,2,2,already_top3,-2.1214542388916016,will,-3.0588855743408203,0.9374313354492188,258,258,False,,
blogs,361aa83793b17e1cb64a7e78bebe2c9dde88d0751b7ef508242823501bf26cf1,is,beam16,1,True,True,2,2,already_top3,-2.1214542388916016,will,-3.0588855743408203,0.9374313354492188,386,386,False,,
blogs,0ec1f7437566873287fb4ce2337545d15b04fc9859d7c9df732eaf3828b639ff,and,baseline,1,True,True,1,1,already_top3,-1.2484130859375,the,-3.8425846099853516,2.5941715240478516,255,255,False,,
blogs,0ec1f7437566873287fb4ce2337545d15b04fc9859d7c9df732eaf3828b639ff,and,beam16,1,True,True,1,1,already_top3,-1.2484130859375,to,-3.1862010955810547,1.9377880096435547,383,383,False,,
blogs,8a408670d1fffe106c3249c50114ed0ee76b8aba4d1cea1ba97bbef380613c9a,transformed,baseline,1,True,True,2,2,already_top3,-1.9981117248535156,now,-3.2797813415527344,1.2816696166992188,258,258,False,,
blogs,8a408670d1fffe106c3249c50114ed0ee76b8aba4d1cea1ba97bbef380613c9a,transformed,beam16,1,True,True,2,2,already_top3,-1.9981117248535156,now,-3.2797813415527344,1.2816696166992188,386,386,False,,
blogs,d3aa691ddc018a6d5fadf674929c511806af19a69aa261d8c173c0ea587b5c3f,she,baseline,1,True,True,1,1,already_top3,-2.4652442932128906,so,-3.3143348693847656,0.849090576171875,262,262,False,,
blogs,d3aa691ddc018a6d5fadf674929c511806af19a69aa261d8c173c0ea587b5c3f,she,beam16,1,True,True,1,1,already_top3,-2.4652442932128906,so,-3.3143348693847656,0.849090576171875,390,390,False,,
blogs,59d0f2409d827263bcda66b91fcabe32b1ef885a9550d6898df2a271a5ec034d,isn't,baseline,2,True,False,,200,missing_still_below_top3,-8.926109313964844,day,-3.9204063415527344,-5.005702972412109,259,260,False,,
blogs,59d0f2409d827263bcda66b91fcabe32b1ef885a9550d6898df2a271a5ec034d,isn't,beam16,2,True,False,,205,missing_still_below_top3,-8.926109313964844,day,-3.9204063415527344,-5.005702972412109,387,388,False,,
blogs,c49d87c5affe4e36ae34217c03e51abadf80293b674c00e50068902705ba16ca,checking,baseline,1,True,True,122,122,covered_below_top3,-6.9712371826171875,turning,-3.080615997314453,-3.8906211853027344,258,258,False,,
blogs,c49d87c5affe4e36ae34217c03e51abadf80293b674c00e50068902705ba16ca,checking,beam16,1,True,True,123,123,covered_below_top3,-6.9712371826171875,turning,-3.080615997314453,-3.8906211853027344,386,386,False,,
blogs,769d17e744efc9f359f472b33b7eb105cfeacd41c8a520c02c0c4aadd552c805,also,baseline,1,True,True,4,4,covered_below_top3,-4.741672515869141,have,-4.694873809814453,-0.0467987060546875,257,257,True,4,-0.04715728759765625
blogs,769d17e744efc9f359f472b33b7eb105cfeacd41c8a520c02c0c4aadd552c805,also,beam16,1,True,True,4,4,covered_below_top3,-4.741672515869141,have,-4.694873809814453,-0.0467987060546875,385,385,True,4,-0.04715728759765625
blogs,14fc8df07a8d53d992cd72761a6265695f6c1fdeced1febb4fa01fc775b2777e,to,baseline,1,True,True,1,1,already_top3,-0.292449951171875,for,-5.2299346923828125,4.9374847412109375,260,260,False,,
blogs,14fc8df07a8d53d992cd72761a6265695f6c1fdeced1febb4fa01fc775b2777e,to,beam16,1,True,True,1,1,already_top3,-0.292449951171875,for,-5.2299346923828125,4.9374847412109375,388,388,False,,
blogs,83a1203467cbe6489cac8a50d562ea477b423c9ebb81fd31272f9342e90ffc34,thoughts,baseline,1,True,True,8,8,covered_below_top3,-3.598367691040039,perspectives,-2.8168907165527344,-0.7814769744873047,262,262,False,,
blogs,83a1203467cbe6489cac8a50d562ea477b423c9ebb81fd31272f9342e90ffc34,thoughts,beam16,1,True,True,8,8,covered_below_top3,-3.598367691040039,perspectives,-2.8168907165527344,-0.7814769744873047,319,319,False,,
blogs,6d5ed27525ca9d74933058c30ac43026dc1e3f55835b8ebe864d70b14add954c,has,baseline,1,True,True,3,3,already_top3,-2.8283023834228516,had,-3.625642776489258,0.7973403930664062,264,264,False,,
blogs,6d5ed27525ca9d74933058c30ac43026dc1e3f55835b8ebe864d70b14add954c,has,beam16,1,True,True,3,3,already_top3,-2.8283023834228516,had,-3.625642776489258,0.7973403930664062,392,392,False,,
blogs,a84b2495026668563d2d2b80e26c295978500cb674de72c200fcd9aa5d99ab93,fine,baseline,1,True,True,87,87,covered_below_top3,-6.673097610473633,good,-3.179056167602539,-3.4940414428710938,256,256,False,,
blogs,a84b2495026668563d2d2b80e26c295978500cb674de72c200fcd9aa5d99ab93,fine,beam16,1,True,True,87,87,covered_below_top3,-6.673097610473633,good,-3.179056167602539,-3.4940414428710938,384,384,False,,
blogs,f388cd77a4ea5c2114bec4dec6f7757e3b4fbae9eb400d8097f0d77d02748e35,to,baseline,1,True,True,1,1,already_top3,-1.1115989685058594,disrespectful,-3.565641403198242,2.454042434692383,258,258,False,,
blogs,f388cd77a4ea5c2114bec4dec6f7757e3b4fbae9eb400d8097f0d77d02748e35,to,beam16,1,True,True,1,1,already_top3,-1.1115989685058594,disrespectful,-3.565641403198242,2.454042434692383,386,386,False,,
blogs,e950195b249e4732f401a15b796b714944447b9025203d3108daf112473e750e,hasn't,baseline,2,True,False,,94,missing_still_below_top3,-7.544168472290039,congress,-2.2695560455322266,-5.2746124267578125,257,258,False,,
blogs,e950195b249e4732f401a15b796b714944447b9025203d3108daf112473e750e,hasn't,beam16,2,True,False,,96,missing_still_below_top3,-7.544168472290039,congress,-2.2695560455322266,-5.2746124267578125,385,386,False,,
blogs,5ddc58f751c00ce74fe573241d6f045e9a5c1e0e56b5d4d43fb3f7a0556007a1,soundtrack,baseline,1,True,True,86,86,covered_below_top3,-7.197929382324219,and,-3.073963165283203,-4.123966217041016,260,260,False,,
blogs,5ddc58f751c00ce74fe573241d6f045e9a5c1e0e56b5d4d43fb3f7a0556007a1,soundtrack,beam16,1,True,True,86,86,covered_below_top3,-7.197929382324219,and,-3.073963165283203,-4.123966217041016,388,388,False,,
blogs,3e691c6574767bc1494057f084358db0f018e395f8195813f147b4177033d5bf,potency,baseline,1,True,False,,254,missing_still_below_top3,-11.30723762512207,lyrics,-3.1821727752685547,-8.125064849853516,265,266,False,,
blogs,3e691c6574767bc1494057f084358db0f018e395f8195813f147b4177033d5bf,potency,beam16,1,True,False,,290,missing_still_below_top3,-11.30723762512207,lyrics,-3.1821727752685547,-8.125064849853516,393,394,False,,
blogs,50c3f1c845a617b0e1552789043c90e959d925ed130f6f05de05d4c07d96a2b7,least,baseline,1,True,True,1,1,already_top3,-0.2775001525878906,that,-4.561790466308594,4.284290313720703,257,257,False,,
blogs,50c3f1c845a617b0e1552789043c90e959d925ed130f6f05de05d4c07d96a2b7,least,beam16,1,True,True,1,1,already_top3,-0.2775001525878906,that,-4.561790466308594,4.284290313720703,385,385,False,,
blogs,4054deecb174f717e2fe6fe7bd4095a27d06200b8043af5b7d915eb985ef27a3,of,baseline,1,True,True,1,1,already_top3,-0.32888031005859375,what,-3.9704360961914062,3.6415557861328125,257,257,False,,
blogs,4054deecb174f717e2fe6fe7bd4095a27d06200b8043af5b7d915eb985ef27a3,of,beam16,1,True,True,1,1,already_top3,-0.32888031005859375,what,-3.9704360961914062,3.6415557861328125,385,385,False,,
blogs,e7e127780d035bd0c76f2ac65a8d93edc08d0bd8ee5b7014ad0f28d53b615cdd,does,baseline,1,True,True,30,30,covered_below_top3,-6.860633850097656,should,-3.1113815307617188,-3.7492523193359375,257,257,False,,
blogs,e7e127780d035bd0c76f2ac65a8d93edc08d0bd8ee5b7014ad0f28d53b615cdd,does,beam16,1,True,True,31,31,covered_below_top3,-6.860633850097656,should,-3.1113815307617188,-3.7492523193359375,384,384,False,,
blogs,0999a671801d5c56c9233b675d4d7065e41fde5cde8dd4a5a64a1220029d3e22,with,baseline,1,True,True,4,4,covered_below_top3,-2.747303009033203,for,-2.7469482421875,-0.000354766845703125,257,257,True,4,-0.009311676025390625
blogs,0999a671801d5c56c9233b675d4d7065e41fde5cde8dd4a5a64a1220029d3e22,with,beam16,1,True,True,4,4,covered_below_top3,-2.747303009033203,for,-2.7469482421875,-0.000354766845703125,385,385,True,4,-0.009311676025390625
blogs,67220dc16dbbefd83c149fb4bd803213d89492cd5fc9f6acec32669b8f0253fe,the,baseline,1,True,True,1,1,already_top3,-1.2077140808105469,around,-3.098215103149414,1.8905010223388672,255,255,False,,
blogs,67220dc16dbbefd83c149fb4bd803213d89492cd5fc9f6acec32669b8f0253fe,the,beam16,1,True,True,1,1,already_top3,-1.2077140808105469,around,-3.098215103149414,1.8905010223388672,383,383,False,,
blogs,764597b8401ca8bd3f09abd8c82151731453da8f44bdc36f11bb4997b73165d2,shaun,baseline,2,True,False,,256,missing_still_below_top3,-14.051509857177734,pieces,-2.9540863037109375,-11.097423553466797,258,259,False,,
blogs,764597b8401ca8bd3f09abd8c82151731453da8f44bdc36f11bb4997b73165d2,shaun,beam16,2,True,False,,312,missing_still_below_top3,-14.051509857177734,pieces,-2.9540863037109375,-11.097423553466797,386,387,False,,
blogs,75fbc187e71ed80033bdace43c3626ab186cb429aaca32b6f08c9b1b0b8444b6,i,baseline,1,True,True,2,2,already_top3,-1.8659133911132812,and,-2.5160160064697266,0.6501026153564453,256,256,False,,
blogs,75fbc187e71ed80033bdace43c3626ab186cb429aaca32b6f08c9b1b0b8444b6,i,beam16,1,True,True,2,2,already_top3,-1.8659133911132812,and,-2.5160160064697266,0.6501026153564453,384,384,False,,
blogs,cd15e561e7fc867b9c2e835e800154bd0be757e6d640fadc314f677476e5b7b5,me,baseline,1,True,False,,249,missing_still_below_top3,-12.693880081176758,white,-3.987100601196289,-8.706779479980469,263,264,False,,
blogs,cd15e561e7fc867b9c2e835e800154bd0be757e6d640fadc314f677476e5b7b5,me,beam16,1,True,False,,271,missing_still_below_top3,-12.693880081176758,white,-3.987100601196289,-8.706779479980469,391,392,False,,
blogs,ae8bf5c69965afe9d176327f89b31a40337814b960d80ae01bc968dd46cc3349,about,baseline,1,True,True,3,3,already_top3,-4.66240119934082,work,-5.070796966552734,0.40839576721191406,258,258,False,,
blogs,ae8bf5c69965afe9d176327f89b31a40337814b960d80ae01bc968dd46cc3349,about,beam16,1,True,True,3,3,already_top3,-4.66240119934082,work,-5.070796966552734,0.40839576721191406,385,385,False,,
blogs,249ceba8002b87707e882c3b63b9feb25d5764164d7de7b50b6a4e442032994b,first,baseline,1,True,True,147,147,covered_below_top3,-7.499395370483398,can,-3.5975475311279297,-3.9018478393554688,257,257,False,,
blogs,249ceba8002b87707e882c3b63b9feb25d5764164d7de7b50b6a4e442032994b,first,beam16,1,True,True,148,148,covered_below_top3,-7.499395370483398,can,-3.5975475311279297,-3.9018478393554688,384,384,False,,
blogs,088086dcb5715f8edea12bf99b220bd79151ef92d8d5639b9ce6ff2af750aa3c,until,baseline,1,True,True,1,1,already_top3,-0.6729812622070312,well,-3.1894760131835938,2.5164947509765625,261,261,False,,
blogs,088086dcb5715f8edea12bf99b220bd79151ef92d8d5639b9ce6ff2af750aa3c,until,beam16,1,True,True,1,1,already_top3,-0.6729812622070312,well,-3.1894760131835938,2.5164947509765625,389,389,False,,
blogs,535e5a5dfe34014f1aa3060f920ac58e2b09d9acea67a8f520c8f578cbe60864,my,baseline,1,True,True,2,2,already_top3,-1.700286865234375,this,-3.6534271240234375,1.9531402587890625,259,259,False,,
blogs,535e5a5dfe34014f1aa3060f920ac58e2b09d9acea67a8f520c8f578cbe60864,my,beam16,1,True,True,2,2,already_top3,-1.700286865234375,this,-3.6534271240234375,1.9531402587890625,386,386,False,,
blogs,69d90146172c7597139af760c5db39978c46da358088125d8d8018e407866988,your,baseline,1,True,True,2,2,already_top3,-1.8675708770751953,a,-3.3332996368408203,1.465728759765625,259,259,False,,
blogs,69d90146172c7597139af760c5db39978c46da358088125d8d8018e407866988,your,beam16,1,True,True,2,2,already_top3,-1.8675708770751953,scratch,-3.070333480834961,1.2027626037597656,387,387,False,,
blogs,30a9f0776e80a74797c413ea192774c5b1e6e0e956f224b86e82f54713ec3e08,people,baseline,1,True,True,5,5,covered_below_top3,-3.2950210571289062,the,-2.8818588256835938,-0.4131622314453125,258,258,False,,
blogs,30a9f0776e80a74797c413ea192774c5b1e6e0e956f224b86e82f54713ec3e08,people,beam16,1,True,True,5,5,covered_below_top3,-3.2950210571289062,the,-2.8818588256835938,-0.4131622314453125,383,383,False,,
blogs,f90f6dbdc4c899da2381c21acdcbcba25e82f0028d37b93e8e9c2b37b334b20b,wrinkling,baseline,2,True,False,,265,missing_still_below_top3,-14.423883438110352,surface,-3.5389976501464844,-10.884885787963867,265,266,False,,
blogs,f90f6dbdc4c899da2381c21acdcbcba25e82f0028d37b93e8e9c2b37b334b20b,wrinkling,beam16,2,True,False,,309,missing_still_below_top3,-14.423883438110352,surface,-3.5389976501464844,-10.884885787963867,393,394,False,,
blogs,67a5c87095d7430d61a213350a487b0accdd17112ceed832ba93af6dc39b3e4d,the,baseline,1,True,True,1,1,already_top3,-0.9586410522460938,you,-3.4687938690185547,2.510152816772461,257,257,False,,
blogs,67a5c87095d7430d61a213350a487b0accdd17112ceed832ba93af6dc39b3e4d,the,beam16,1,True,True,1,1,already_top3,-0.9586410522460938,you,-3.4687938690185547,2.510152816772461,385,385,False,,
blogs,eb7d4242ad15e73cca7b4e53af9564d1a63b6a510e7a56c218d37b0d625547f8,too,baseline,1,True,True,11,11,covered_below_top3,-4.479948043823242,to,-3.4023571014404297,-1.0775909423828125,259,259,False,,
blogs,eb7d4242ad15e73cca7b4e53af9564d1a63b6a510e7a56c218d37b0d625547f8,too,beam16,1,True,True,11,11,covered_below_top3,-4.479948043823242,to,-3.4023571014404297,-1.0775909423828125,387,387,False,,
blogs,b8daf113cf9a3b6204e823218b188ffcbfa85bf1e8b8f9d229d75376f9be2ee5,so,baseline,1,True,True,4,4,covered_below_top3,-3.0177001953125,that,-2.9986038208007812,-0.01909637451171875,261,261,True,4,-0.021282196044921875
blogs,b8daf113cf9a3b6204e823218b188ffcbfa85bf1e8b8f9d229d75376f9be2ee5,so,beam16,1,True,True,4,4,covered_below_top3,-3.0177001953125,that,-2.9986038208007812,-0.01909637451171875,389,389,True,4,-0.021282196044921875
blogs,95124b3051baf8659f3adaebbdb44983593a0997272bee4d373b5bc38414521f,memorabilia,baseline,2,True,False,,55,missing_still_below_top3,-6.528537750244141,and,-3.769367218017578,-2.7591705322265625,262,263,False,,
blogs,95124b3051baf8659f3adaebbdb44983593a0997272bee4d373b5bc38414521f,memorabilia,beam16,2,True,False,,59,missing_still_below_top3,-6.528537750244141,and,-3.769367218017578,-2.7591705322265625,390,391,False,,
blogs,282b497fbec0178811613bbdba5ff9eec0c1ee54a0094898833227e3195cc29c,exaggerating,baseline,2,True,False,,19,missing_still_below_top3,-4.581174850463867,a,-2.674711227416992,-1.906463623046875,256,257,False,,
blogs,282b497fbec0178811613bbdba5ff9eec0c1ee54a0094898833227e3195cc29c,exaggerating,beam16,2,True,False,,19,missing_still_below_top3,-4.581174850463867,a,-2.674711227416992,-1.906463623046875,384,385,False,,
blogs,509296d7af69829fce10c4fd63587460123a0b8af109b6cb341c049eaba5f153,ago,baseline,1,True,True,1,1,already_top3,-0.17567062377929688,i,-5.103036880493164,4.927366256713867,256,256,False,,
blogs,509296d7af69829fce10c4fd63587460123a0b8af109b6cb341c049eaba5f153,ago,beam16,1,True,True,1,1,already_top3,-0.17567062377929688,i,-5.103036880493164,4.927366256713867,384,384,False,,
blogs,a7b1855e998e5636d2a0ea7547dbefcac979b5cd94d74c0ecf03157e070feca3,over,baseline,1,True,True,7,7,covered_below_top3,-3.263063430786133,in,-2.7156925201416016,-0.5473709106445312,256,256,False,,
blogs,a7b1855e998e5636d2a0ea7547dbefcac979b5cd94d74c0ecf03157e070feca3,over,beam16,1,True,True,7,7,covered_below_top3,-3.263063430786133,in,-2.7156925201416016,-0.5473709106445312,384,384,False,,
blogs,67a15e555ce8350272b10576f900f5bbf03ba45fcdc6732e5989f6021fd1c734,not,baseline,1,True,True,8,8,covered_below_top3,-4.438358306884766,the,-2.6571922302246094,-1.7811660766601562,256,256,False,,
blogs,67a15e555ce8350272b10576f900f5bbf03ba45fcdc6732e5989f6021fd1c734,not,beam16,1,True,True,8,8,covered_below_top3,-4.438358306884766,the,-2.6571922302246094,-1.7811660766601562,384,384,False,,
blogs,ffc6a00a75bcc4917e4e5405de5b513c8567c6ff1c829ba5510ed5166a084c1b,to,baseline,1,True,True,1,1,already_top3,-0.33748626708984375,of,-7.729179382324219,7.391693115234375,258,258,False,,
blogs,ffc6a00a75bcc4917e4e5405de5b513c8567c6ff1c829ba5510ed5166a084c1b,to,beam16,1,True,True,1,1,already_top3,-0.33748626708984375,of,-7.729179382324219,7.391693115234375,386,386,False,,
blogs,6bb422a226d7c6f7d2a40d30f944587021e16c54880bcf2b3e0743660ea40c56,our,baseline,1,True,True,34,34,covered_below_top3,-6.366540908813477,the,-1.8503360748291016,-4.516204833984375,255,255,False,,
blogs,6bb422a226d7c6f7d2a40d30f944587021e16c54880bcf2b3e0743660ea40c56,our,beam16,1,True,True,34,34,covered_below_top3,-6.366540908813477,the,-1.8503360748291016,-4.516204833984375,383,383,False,,
blogs,057f13ec60395b2844f2b28f3d1291cf3e85e1064f584ee4e0e2a85179a21d5e,it,baseline,1,True,True,1,1,already_top3,-0.16312026977539062,them,-4.509586334228516,4.346466064453125,258,258,False,,
blogs,057f13ec60395b2844f2b28f3d1291cf3e85e1064f584ee4e0e2a85179a21d5e,it,beam16,1,True,True,1,1,already_top3,-0.16312026977539062,them,-4.509586334228516,4.346466064453125,383,383,False,,
blogs,7313906fc7c18edc1cf436c1f991cd4fef7cf0778b3cd69a6e5b24f5aa353540,addicted,baseline,1,True,True,77,77,covered_below_top3,-6.847280502319336,excited,-2.9302806854248047,-3.9169998168945312,260,260,False,,
blogs,7313906fc7c18edc1cf436c1f991cd4fef7cf0778b3cd69a6e5b24f5aa353540,addicted,beam16,1,True,True,79,79,covered_below_top3,-6.847280502319336,excited,-2.9302806854248047,-3.9169998168945312,388,388,False,,
blogs,97e5167a0cd7d3e8ca22727841a734bdb5bd80e62a3d8258538561178346eb78,closed,baseline,1,True,True,21,21,covered_below_top3,-4.695274353027344,facade,-3.4454917907714844,-1.2497825622558594,264,264,False,,
blogs,97e5167a0cd7d3e8ca22727841a734bdb5bd80e62a3d8258538561178346eb78,closed,beam16,1,True,True,22,22,covered_below_top3,-4.695274353027344,facade,-3.4454917907714844,-1.2497825622558594,392,392,False,,
blogs,d79c04c6f0e22149c1c9006a42e3e9c7f9df76cb6e1390cfdcebabcbb51bb8a9,bar,baseline,1,True,True,2,2,already_top3,-1.8752365112304688,i,-3.5525474548339844,1.6773109436035156,258,258,False,,
blogs,d79c04c6f0e22149c1c9006a42e3e9c7f9df76cb6e1390cfdcebabcbb51bb8a9,bar,beam16,1,True,True,2,2,already_top3,-1.8752365112304688,i,-3.5525474548339844,1.6773109436035156,386,386,False,,
blogs,4dd737184fc361b8cf976ef430f2dd21985f4e868137c42a996e8e3e695ccd95,a,baseline,1,True,True,2,2,already_top3,-1.7814617156982422,paper,-3.5367794036865234,1.7553176879882812,259,259,False,,
blogs,4dd737184fc361b8cf976ef430f2dd21985f4e868137c42a996e8e3e695ccd95,a,beam16,1,True,True,2,2,already_top3,-1.7814617156982422,paper,-3.5367794036865234,1.7553176879882812,387,387,False,,
blogs,ac9a8a0d3cfe9c7bb2f3b752bf5c26ab3c69ed2f372c9839e4d8b1fbf6ed0331,is,baseline,1,True,True,1,1,already_top3,-0.9001121520996094,would,-3.6832542419433594,2.78314208984375,258,258,False,,
blogs,ac9a8a0d3cfe9c7bb2f3b752bf5c26ab3c69ed2f372c9839e4d8b1fbf6ed0331,is,beam16,1,True,True,1,1,already_top3,-0.9001121520996094,would,-3.6832542419433594,2.78314208984375,385,385,False,,
blogs,9dbee1eacb6a2dc2637f5fc3d44059ea4bcf626edc2c4f21d738ac16c883e40a,intending,baseline,1,True,False,,243,missing_still_below_top3,-7.810691833496094,to,-3.313518524169922,-4.497173309326172,256,257,False,,
blogs,9dbee1eacb6a2dc2637f5fc3d44059ea4bcf626edc2c4f21d738ac16c883e40a,intending,beam16,1,True,False,,244,missing_still_below_top3,-7.810691833496094,to,-3.313518524169922,-4.497173309326172,384,385,False,,
blogs,62a099be03468391755a96421abbe0f9e5b0162d527f2962dcdadf8c95573dcd,wise,baseline,1,True,True,3,3,already_top3,-2.4701194763183594,twist,-2.7967071533203125,0.3265876770019531,256,256,False,,
blogs,62a099be03468391755a96421abbe0f9e5b0162d527f2962dcdadf8c95573dcd,wise,beam16,1,True,True,3,3,already_top3,-2.4701194763183594,twist,-2.7967071533203125,0.3265876770019531,384,384,False,,
blogs,091877a1635d9a665633883b50bd5dc36bc5ca9e5585d0983bb1a29b4a8c3d1e,with,baseline,1,True,True,1,1,already_top3,-0.3017768859863281,very,-4.598655700683594,4.296878814697266,258,258,False,,
blogs,091877a1635d9a665633883b50bd5dc36bc5ca9e5585d0983bb1a29b4a8c3d1e,with,beam16,1,True,True,1,1,already_top3,-0.3017768859863281,very,-4.598655700683594,4.296878814697266,386,386,False,,
blogs,9c8d9ad6fa9079fd13f306d57eee0dc27528927bc26c393dd88fe8a4394bd34b,him,baseline,1,True,True,5,5,covered_below_top3,-4.100078582763672,new,-3.0714187622070312,-1.0286598205566406,261,261,False,,
blogs,9c8d9ad6fa9079fd13f306d57eee0dc27528927bc26c393dd88fe8a4394bd34b,him,beam16,1,True,True,6,6,covered_below_top3,-4.100078582763672,new,-3.0714187622070312,-1.0286598205566406,389,389,False,,
blogs,a891f0e31026aea17b7e618ecb1770f88745de47af609e61c3c463d370c1008d,results,baseline,1,True,True,42,42,covered_below_top3,-6.700565338134766,will,-1.9977340698242188,-4.702831268310547,260,260,False,,
blogs,a891f0e31026aea17b7e618ecb1770f88745de47af609e61c3c463d370c1008d,results,beam16,1,True,True,45,45,covered_below_top3,-6.700565338134766,will,-1.9977340698242188,-4.702831268310547,388,388,False,,
blogs,5d92b68393bbdb849fc1ebfad9c6b34cd6538758370ddc7ad3629fced60a5d7f,and,baseline,1,True,True,1,1,already_top3,-2.290342330932617,it,-3.655313491821289,1.3649711608886719,263,263,False,,
blogs,5d92b68393bbdb849fc1ebfad9c6b34cd6538758370ddc7ad3629fced60a5d7f,and,beam16,1,True,True,1,1,already_top3,-2.290342330932617,it,-3.655313491821289,1.3649711608886719,391,391,False,,
blogs,74dfb95052a454d55132e41c8b4dcaef8477b01e8c7ab901d723b5f0e161b6e2,used,baseline,1,True,True,1,1,already_top3,-0.7194328308105469,a,-3.582845687866211,2.863412857055664,263,263,False,,
blogs,74dfb95052a454d55132e41c8b4dcaef8477b01e8c7ab901d723b5f0e161b6e2,used,beam16,1,True,True,1,1,already_top3,-0.7194328308105469,a,-3.582845687866211,2.863412857055664,391,391,False,,
blogs,8cd3930f92a0a8ebcb133d931ebe48117c56b2235e341a4583296c55f8c9e250,an,baseline,1,True,True,3,3,already_top3,-3.230733871459961,the,-3.574251174926758,0.3435173034667969,256,256,False,,
blogs,8cd3930f92a0a8ebcb133d931ebe48117c56b2235e341a4583296c55f8c9e250,an,beam16,1,True,True,3,3,already_top3,-3.230733871459961,the,-3.574251174926758,0.3435173034667969,384,384,False,,
blogs,30490f8f285188f117b5dc1339c3693c23a69819f1a0ee69322f604d9ec499eb,alone,baseline,1,True,True,1,1,already_top3,-0.2358856201171875,the,-3.4359054565429688,3.2000198364257812,257,257,False,,
blogs,30490f8f285188f117b5dc1339c3693c23a69819f1a0ee69322f604d9ec499eb,alone,beam16,1,True,True,1,1,already_top3,-0.2358856201171875,the,-3.4359054565429688,3.2000198364257812,385,385,False,,
blogs,24d039524a223ce53179db33269afa83fdae9e4d5d1e4ab8858082ff731c2a15,use,baseline,1,True,True,94,94,covered_below_top3,-6.982875823974609,the,-2.91937255859375,-4.063503265380859,257,257,False,,
blogs,24d039524a223ce53179db33269afa83fdae9e4d5d1e4ab8858082ff731c2a15,use,beam16,1,True,True,99,99,covered_below_top3,-6.982875823974609,the,-2.91937255859375,-4.063503265380859,384,384,False,,
blogs,f4d9e25f742070aec6a949d7197d30714a6a67b120226b3d1eaf85136351db0c,the,baseline,1,True,True,1,1,already_top3,-0.5465774536132812,a,-4.749937057495117,4.203359603881836,256,256,False,,
blogs,f4d9e25f742070aec6a949d7197d30714a6a67b120226b3d1eaf85136351db0c,the,beam16,1,True,True,1,1,already_top3,-0.5465774536132812,a,-4.749937057495117,4.203359603881836,384,384,False,,
blogs,6a4e3a33617c4fe6ab7ef6486f850708e32ea6014ca3d9c67dc608012463a971,my,baseline,1,True,True,15,15,covered_below_top3,-5.019622802734375,you,-3.6663742065429688,-1.3532485961914062,256,256,False,,
blogs,6a4e3a33617c4fe6ab7ef6486f850708e32ea6014ca3d9c67dc608012463a971,my,beam16,1,True,True,15,15,covered_below_top3,-5.019622802734375,you,-3.6663742065429688,-1.3532485961914062,384,384,False,,
blogs,301733dbfab361290501489be559d8c81ed730e6b752acea9cfe4fcaf92b9900,to,baseline,1,True,True,2,2,already_top3,-1.8343582153320312,us,-3.4908714294433594,1.6565132141113281,255,255,False,,
blogs,301733dbfab361290501489be559d8c81ed730e6b752acea9cfe4fcaf92b9900,to,beam16,1,True,True,2,2,already_top3,-1.8343582153320312,us,-3.4908714294433594,1.6565132141113281,383,383,False,,
blogs,e9d59ebbbf86bfaf89c2a88befb5ab14401779a524e927d619a1ab87e0d8bba2,else,baseline,1,True,True,38,38,covered_below_top3,-6.544713973999023,do,-2.8884105682373047,-3.6563034057617188,256,256,False,,
blogs,e9d59ebbbf86bfaf89c2a88befb5ab14401779a524e927d619a1ab87e0d8bba2,else,beam16,1,True,True,38,38,covered_below_top3,-6.544713973999023,do,-2.8884105682373047,-3.6563034057617188,384,384,False,,
blogs,5dbfe67d0d54de168c6c7693cf911b389b643c7605560d75c61dcc324cb7c9f9,boke,baseline,2,True,False,,260,missing_still_below_top3,-17.240758895874023,my,-3.2613048553466797,-13.979454040527344,259,260,False,,
blogs,5dbfe67d0d54de168c6c7693cf911b389b643c7605560d75c61dcc324cb7c9f9,boke,beam16,2,True,False,,387,missing_still_below_top3,-17.240758895874023,my,-3.2613048553466797,-13.979454040527344,387,388,False,,
blogs,2bc6ee6e94906badea024b70b2aac8873e18f8f12396aa3e20a49321e0c12021,others,baseline,1,True,True,5,5,covered_below_top3,-3.3918914794921875,other,-2.7669830322265625,-0.624908447265625,259,259,False,,
blogs,2bc6ee6e94906badea024b70b2aac8873e18f8f12396aa3e20a49321e0c12021,others,beam16,1,True,True,5,5,covered_below_top3,-3.3918914794921875,other,-2.7669830322265625,-0.624908447265625,387,387,False,,
blogs,ff60fd0c2b5a8c0d0e293887350048ce6489caf891ebef6202418289bce6e77b,seasonal,baseline,1,True,False,,256,missing_still_below_top3,-10.824378967285156,the,-3.261394500732422,-7.562984466552734,257,258,False,,
blogs,ff60fd0c2b5a8c0d0e293887350048ce6489caf891ebef6202418289bce6e77b,seasonal,beam16,1,True,False,,262,missing_still_below_top3,-10.824378967285156,the,-3.261394500732422,-7.562984466552734,385,386,False,,
blogs,944a591a2802feee58d0ee711428ff20c4f16e702aa72d72ea4fc1c77057c67e,a,baseline,1,True,True,6,6,covered_below_top3,-3.0418853759765625,this,-2.49267578125,-0.5492095947265625,256,256,False,,
blogs,944a591a2802feee58d0ee711428ff20c4f16e702aa72d72ea4fc1c77057c67e,a,beam16,1,True,True,6,6,covered_below_top3,-3.0418853759765625,this,-2.49267578125,-0.5492095947265625,383,383,False,,
blogs,beef00b6a3aa10e4e2713d2e117c6719e5cb12f4b8b0a792a21f714430ed2461,pretty,baseline,1,True,True,13,13,covered_below_top3,-4.210075378417969,a,-2.950010299682617,-1.2600650787353516,259,259,False,,
blogs,beef00b6a3aa10e4e2713d2e117c6719e5cb12f4b8b0a792a21f714430ed2461,pretty,beam16,1,True,True,13,13,covered_below_top3,-4.210075378417969,a,-2.950010299682617,-1.2600650787353516,387,387,False,,
blogs,19e0072349b355cd43d26b51eadf2572e236292a915cd0aa89f9925e0f5698ab,so,baseline,1,True,True,18,18,covered_below_top3,-5.281970977783203,they,-3.2002296447753906,-2.0817413330078125,260,260,False,,
blogs,19e0072349b355cd43d26b51eadf2572e236292a915cd0aa89f9925e0f5698ab,so,beam16,1,True,True,18,18,covered_below_top3,-5.281970977783203,they,-3.2002296447753906,-2.0817413330078125,388,388,False,,
blogs,8ef449862b952c2f06d7826273498842fcab93118caae140feddbdbe83c8041c,dump,baseline,1,True,False,,246,missing_still_below_top3,-8.70418930053711,escape,-3.6102943420410156,-5.093894958496094,258,259,False,,
blogs,8ef449862b952c2f06d7826273498842fcab93118caae140feddbdbe83c8041c,dump,beam16,1,True,False,,246,missing_still_below_top3,-8.70418930053711,escape,-3.6102943420410156,-5.093894958496094,386,387,False,,
blogs,320adf1e1f032ade513e367aced54481158d7c681490476bb74e6b441fbb3bab,could,baseline,1,True,True,4,4,covered_below_top3,-3.489665985107422,of,-2.166217803955078,-1.3234481811523438,257,257,False,,
blogs,320adf1e1f032ade513e367aced54481158d7c681490476bb74e6b441fbb3bab,could,beam16,1,True,True,4,4,covered_below_top3,-3.489665985107422,of,-2.166217803955078,-1.3234481811523438,385,385,False,,
blogs,c6d4ce500ccf0dc7143630ddf7223fb8b6b76bfa002279192c3545fdb861acb6,and,baseline,1,True,True,13,13,covered_below_top3,-4.4646453857421875,for,-3.0350799560546875,-1.4295654296875,256,256,False,,
blogs,c6d4ce500ccf0dc7143630ddf7223fb8b6b76bfa002279192c3545fdb861acb6,and,beam16,1,True,True,13,13,covered_below_top3,-4.4646453857421875,for,-3.0350799560546875,-1.4295654296875,384,384,False,,
blogs,15f360109886ff0f2398f4d545d27e15c381c7503de8c07a802bdc9a087b07fc,found,baseline,1,True,True,1,1,already_top3,-1.2179908752441406,accessed,-3.0617141723632812,1.8437232971191406,256,256,False,,
blogs,15f360109886ff0f2398f4d545d27e15c381c7503de8c07a802bdc9a087b07fc,found,beam16,1,True,True,1,1,already_top3,-1.2179908752441406,accessed,-3.0617141723632812,1.8437232971191406,384,384,False,,
blogs,e3791dab62432b0c9d68c62beb88e6e1ccd7edd5db8d9e4ac1abd8c0702be29e,for,baseline,1,True,True,2,2,already_top3,-1.0576858520507812,if,-4.245750427246094,3.1880645751953125,258,258,False,,
blogs,e3791dab62432b0c9d68c62beb88e6e1ccd7edd5db8d9e4ac1abd8c0702be29e,for,beam16,1,True,True,2,2,already_top3,-1.0576858520507812,if,-4.245750427246094,3.1880645751953125,386,386,False,,
blogs,43d332dee0b904d3c1628d681c718914a3a73d93364206589288c37e89b50d76,would,baseline,1,True,True,12,12,covered_below_top3,-5.7561798095703125,need,-4.016460418701172,-1.7397193908691406,257,257,False,,
blogs,43d332dee0b904d3c1628d681c718914a3a73d93364206589288c37e89b50d76,would,beam16,1,True,True,12,12,covered_below_top3,-5.7561798095703125,need,-4.016460418701172,-1.7397193908691406,383,383,False,,
blogs,5dd00d3232116b0907ceba5c43642c30d11be8c789c72e3f8564adffbc66023a,on,baseline,1,True,True,14,14,covered_below_top3,-5.2863922119140625,the,-3.598430633544922,-1.6879615783691406,242,242,False,,
blogs,5dd00d3232116b0907ceba5c43642c30d11be8c789c72e3f8564adffbc66023a,on,beam16,1,True,True,14,14,covered_below_top3,-5.2863922119140625,the,-3.598430633544922,-1.6879615783691406,370,370,False,,
blogs,c433dc10bed170d2610880bff6d5d7da9a684d3c8988c279672f97489717f38a,his,baseline,1,True,True,3,3,already_top3,-2.2538681030273438,a,-3.1603546142578125,0.9064865112304688,256,256,False,,
blogs,c433dc10bed170d2610880bff6d5d7da9a684d3c8988c279672f97489717f38a,his,beam16,1,True,True,3,3,already_top3,-2.2538681030273438,a,-3.1603546142578125,0.9064865112304688,384,384,False,,
blogs,451722abcc2bdcd0e5cb1f504d40f921e803606a0a2a01ae74a833a2677bfe21,pat,baseline,1,True,True,110,110,covered_below_top3,-7.998577117919922,you,-3.114858627319336,-4.883718490600586,260,260,False,,
blogs,451722abcc2bdcd0e5cb1f504d40f921e803606a0a2a01ae74a833a2677bfe21,pat,beam16,1,True,True,120,120,covered_below_top3,-7.998577117919922,you,-3.114858627319336,-4.883718490600586,388,388,False,,
blogs,438dfe05145e2bfe0049ede47edccf11088ea8d06067ee48d0cc70c4cf10712e,absence,baseline,1,True,True,138,138,covered_below_top3,-8.250968933105469,not,-2.4856033325195312,-5.7653656005859375,258,258,False,,
blogs,438dfe05145e2bfe0049ede47edccf11088ea8d06067ee48d0cc70c4cf10712e,absence,beam16,1,True,True,142,142,covered_below_top3,-8.250968933105469,not,-2.4856033325195312,-5.7653656005859375,386,386,False,,
blogs,06a5c73a7734d956a1b27794f679da9667df483aca4d715063af2d78edb2095e,will,baseline,1,True,True,5,5,covered_below_top3,-3.7200145721435547,says,-2.328329086303711,-1.3916854858398438,258,258,False,,
blogs,06a5c73a7734d956a1b27794f679da9667df483aca4d715063af2d78edb2095e,will,beam16,1,True,True,5,5,covered_below_top3,-3.7200145721435547,says,-2.328329086303711,-1.3916854858398438,386,386,False,,
blogs,da2ec48c8e7089305013b793d4e852d26eaddb6f08b1c9e52eea32c50b80818d,holding,baseline,1,True,True,2,2,already_top3,-2.421630859375,a,-3.1574172973632812,0.7357864379882812,258,258,False,,
blogs,da2ec48c8e7089305013b793d4e852d26eaddb6f08b1c9e52eea32c50b80818d,holding,beam16,1,True,True,2,2,already_top3,-2.421630859375,a,-3.1574172973632812,0.7357864379882812,386,386,False,,
blogs,a7e42b1871c48384f4c2dfb5293403f48ec9efc1cf0ca6c9b5d283a0ec871daa,a,baseline,1,True,True,14,14,covered_below_top3,-7.149936676025391,this,-3.0956687927246094,-4.054267883300781,248,248,False,,
blogs,a7e42b1871c48384f4c2dfb5293403f48ec9efc1cf0ca6c9b5d283a0ec871daa,a,beam16,1,True,True,14,14,covered_below_top3,-7.149936676025391,this,-3.0956687927246094,-4.054267883300781,376,376,False,,
blogs,4b8c6b4cbab8492c1c03e6e11f89dc2fe2b4a48390af288c1a01e91b3a09706c,quarter,baseline,1,True,True,74,74,covered_below_top3,-7.776817321777344,week,-4.582733154296875,-3.1940841674804688,261,261,False,,
blogs,4b8c6b4cbab8492c1c03e6e11f89dc2fe2b4a48390af288c1a01e91b3a09706c,quarter,beam16,1,True,True,74,74,covered_below_top3,-7.776817321777344,week,-4.582733154296875,-3.1940841674804688,386,386,False,,
blogs,81ab4d2a755bb70f92120ee3d8eb11095d8d9b27eb22b5c5faed15f0963db1c6,rebecca,baseline,2,True,False,,9,missing_still_below_top3,-5.659215927124023,alice,-4.163963317871094,-1.4952526092529297,269,270,False,,
blogs,81ab4d2a755bb70f92120ee3d8eb11095d8d9b27eb22b5c5faed15f0963db1c6,rebecca,beam16,2,True,False,,31,missing_still_below_top3,-5.659215927124023,barbara,-3.78558349609375,-1.8736324310302734,397,398,False,,
blogs,a4330c45c8991563700271f6f8b8e220f41119f7eb838e5413b94b5a4a73e962,services,baseline,1,True,False,,242,missing_still_below_top3,-14.279644012451172,int,-2.651876449584961,-11.627767562866211,260,261,False,,
blogs,a4330c45c8991563700271f6f8b8e220f41119f7eb838e5413b94b5a4a73e962,services,beam16,1,True,False,,242,missing_still_below_top3,-14.279644012451172,int,-2.651876449584961,-11.627767562866211,387,388,False,,
blogs,76cedcf8ab9c21f8b1389d7ece4b23b7e7a2d05965cd0ae3862b9f74e3a62504,annoyance,baseline,1,True,False,,234,missing_still_below_top3,-9.066822052001953,as,-3.367572784423828,-5.699249267578125,262,263,False,,
blogs,76cedcf8ab9c21f8b1389d7ece4b23b7e7a2d05965cd0ae3862b9f74e3a62504,annoyance,beam16,1,True,False,,236,missing_still_below_top3,-9.066822052001953,as,-3.367572784423828,-5.699249267578125,390,391,False,,
blogs,179ec92938bfecceef666117b544d94386d97b6edd1f0a343cf1957f3a395bd8,books,baseline,1,True,True,3,3,already_top3,-3.1282577514648438,set,-4.2871551513671875,1.1588973999023438,259,259,False,,
blogs,179ec92938bfecceef666117b544d94386d97b6edd1f0a343cf1957f3a395bd8,books,beam16,1,True,True,3,3,already_top3,-3.1282577514648438,set,-4.2871551513671875,1.1588973999023438,387,387,False,,
blogs,ae8ab4794661237a7a3384e23b25a1ed1045fa9c7ffb13456fbd63d1c3112065,and,baseline,1,True,True,1,1,already_top3,-1.4532737731933594,it,-3.5439224243164062,2.090648651123047,255,255,False,,
blogs,ae8ab4794661237a7a3384e23b25a1ed1045fa9c7ffb13456fbd63d1c3112065,and,beam16,1,True,True,1,1,already_top3,-1.4532737731933594,it,-3.5439224243164062,2.090648651123047,383,383,False,,
blogs,fd4b176499e87ac7ba1fd7ab79f3d65a409c50e2542a933c90a8d17c6acdfdf4,ago,baseline,1,True,True,1,1,already_top3,-0.05777740478515625,too,-5.076393127441406,5.01861572265625,256,256,False,,
blogs,fd4b176499e87ac7ba1fd7ab79f3d65a409c50e2542a933c90a8d17c6acdfdf4,ago,beam16,1,True,True,1,1,already_top3,-0.05777740478515625,too,-5.076393127441406,5.01861572265625,384,384,False,,
blogs,05cd15e66d0926b7d521b824a542ddd09ad264d663e67ccbc53cd72f8a85a3c7,riot,baseline,1,True,False,,259,missing_still_below_top3,-13.857933044433594,your,-2.488067626953125,-11.369865417480469,259,260,False,,
blogs,05cd15e66d0926b7d521b824a542ddd09ad264d663e67ccbc53cd72f8a85a3c7,riot,beam16,1,True,False,,338,missing_still_below_top3,-13.857933044433594,your,-2.488067626953125,-11.369865417480469,387,388,False,,
blogs,cbdaf8d123838f408601324e84b4ca29b11ca226f400da1b2e7db52da552012a,or,baseline,1,True,True,10,10,covered_below_top3,-4.9393768310546875,sausage,-3.3926639556884766,-1.546712875366211,261,261,False,,
blogs,cbdaf8d123838f408601324e84b4ca29b11ca226f400da1b2e7db52da552012a,or,beam16,1,True,True,11,11,covered_below_top3,-4.9393768310546875,sausage,-3.3926639556884766,-1.546712875366211,389,389,False,,
blogs,0ea53809eccb3a953b4e8be7cf5159b0b7a3653187b3d59177b599770d546c1c,that,baseline,1,True,True,1,1,already_top3,-1.4901466369628906,made,-2.802051544189453,1.3119049072265625,256,256,False,,
blogs,0ea53809eccb3a953b4e8be7cf5159b0b7a3653187b3d59177b599770d546c1c,that,beam16,1,True,True,1,1,already_top3,-1.4901466369628906,made,-2.802051544189453,1.3119049072265625,384,384,False,,
blogs,285c8d26edf037e359c00d0152bf525bced924549c300a89327df90b43ab0112,after,baseline,1,True,True,26,26,covered_below_top3,-6.053745269775391,is,-3.7361679077148438,-2.317577362060547,249,249,False,,
blogs,285c8d26edf037e359c00d0152bf525bced924549c300a89327df90b43ab0112,after,beam16,1,True,True,26,26,covered_below_top3,-6.053745269775391,is,-3.7361679077148438,-2.317577362060547,377,377,False,,
blogs,dc0990e106cfefb238974b070a67cb06aa19ab22ca4c1d7b2568b2ac48840f55,thy,baseline,1,True,False,,253,missing_still_below_top3,-11.505590438842773,but,-4.390985488891602,-7.114604949951172,260,261,False,,
blogs,dc0990e106cfefb238974b070a67cb06aa19ab22ca4c1d7b2568b2ac48840f55,thy,beam16,1,True,False,,349,missing_still_below_top3,-11.505590438842773,but,-4.390985488891602,-7.114604949951172,388,389,False,,
blogs,2310f9018f334d5cea26c51572604ee994ba0f75067ad4e55f60b051720eb666,choices,baseline,1,True,True,1,1,already_top3,-0.23593521118164062,selections,-4.032833099365234,3.7968978881835938,258,258,False,,
blogs,2310f9018f334d5cea26c51572604ee994ba0f75067ad4e55f60b051720eb666,choices,beam16,1,True,True,1,1,already_top3,-0.23593521118164062,selections,-4.032833099365234,3.7968978881835938,386,386,False,,
blogs,ed1730a70dd632b9c1f59f50100c1039da72f55f8cb9f7da3fdf1d49c9e04fb0,of,baseline,1,True,True,1,1,already_top3,-0.022365570068359375,size,-6.600931167602539,6.57856559753418,260,260,False,,
blogs,ed1730a70dd632b9c1f59f50100c1039da72f55f8cb9f7da3fdf1d49c9e04fb0,of,beam16,1,True,True,1,1,already_top3,-0.022365570068359375,size,-6.600931167602539,6.57856559753418,388,388,False,,
blogs,b91c60eefa07efc8d8c766b76dd128ca4a516d7c24cf713f1b5f3064169935e2,love,baseline,1,True,True,24,24,covered_below_top3,-6.376705169677734,need,-4.016460418701172,-2.3602447509765625,257,257,False,,
blogs,b91c60eefa07efc8d8c766b76dd128ca4a516d7c24cf713f1b5f3064169935e2,love,beam16,1,True,True,24,24,covered_below_top3,-6.376705169677734,need,-4.016460418701172,-2.3602447509765625,383,383,False,,
blogs,0c6dd475cb7252e558272ed5476de7ec6792bdc4fde6bbede235965bfe6f5080,if,baseline,1,True,True,6,6,covered_below_top3,-3.439685821533203,it's,-2.6994094848632812,-0.7402763366699219,258,258,False,,
blogs,0c6dd475cb7252e558272ed5476de7ec6792bdc4fde6bbede235965bfe6f5080,if,beam16,1,True,True,7,7,covered_below_top3,-3.439685821533203,it's,-2.6994094848632812,-0.7402763366699219,384,384,False,,
blogs,b04ed46d0f25dfef118ccab2a0ea2635e5d2c55ad0a77ed20858623e46b686ed,nelly,baseline,2,True,False,,257,missing_still_below_top3,-13.587738037109375,in,-3.3293228149414062,-10.258415222167969,256,257,False,,
blogs,b04ed46d0f25dfef118ccab2a0ea2635e5d2c55ad0a77ed20858623e46b686ed,nelly,beam16,2,True,False,,357,missing_still_below_top3,-13.587738037109375,in,-3.3293228149414062,-10.258415222167969,384,385,False,,
blogs,d4b71e71cae5e44e4118081553ec5530ee80dce7a886c85749d9e45377fe699c,simply,baseline,1,True,True,27,27,covered_below_top3,-5.415349960327148,much,-2.7590408325195312,-2.656309127807617,261,261,False,,
blogs,d4b71e71cae5e44e4118081553ec5530ee80dce7a886c85749d9e45377fe699c,simply,beam16,1,True,True,27,27,covered_below_top3,-5.415349960327148,much,-2.7590408325195312,-2.656309127807617,389,389,False,,
blogs,819892f3f9c07c0b6ecc3bbfde5dc87757f4a7c446f8bf6430a38284ec3786f2,shop,baseline,1,True,True,29,29,covered_below_top3,-6.773248672485352,house,-1.6599617004394531,-5.113286972045898,267,267,False,,
blogs,819892f3f9c07c0b6ecc3bbfde5dc87757f4a7c446f8bf6430a38284ec3786f2,shop,beam16,1,True,True,29,29,covered_below_top3,-6.773248672485352,house,-1.6599617004394531,-5.113286972045898,395,395,False,,
blogs,b5b776f2980c8378cb1f2834e76e814863e4b7411f5de5b9493cbf1430db1fda,together,baseline,1,True,True,26,26,covered_below_top3,-5.861413955688477,the,-1.9866390228271484,-3.874774932861328,256,256,False,,
blogs,b5b776f2980c8378cb1f2834e76e814863e4b7411f5de5b9493cbf1430db1fda,together,beam16,1,True,True,26,26,covered_below_top3,-5.861413955688477,the,-1.9866390228271484,-3.874774932861328,384,384,False,,
blogs,181e694b77fc212dac9d06987bbeeffa7e9aaf649b8a06eb3cd97de3ecf0d4a2,be,baseline,1,True,True,27,27,covered_below_top3,-5.559719085693359,i,-3.630229949951172,-1.9294891357421875,255,255,False,,
blogs,181e694b77fc212dac9d06987bbeeffa7e9aaf649b8a06eb3cd97de3ecf0d4a2,be,beam16,1,True,True,28,28,covered_below_top3,-5.559719085693359,i,-3.630229949951172,-1.9294891357421875,383,383,False,,
blogs,816866080550f09f99095e912c60005960caff3b6aeaeca9f6f643f77caf856e,a,baseline,1,True,True,2,2,already_top3,-2.0646438598632812,some,-3.7208328247070312,1.65618896484375,256,256,False,,
blogs,816866080550f09f99095e912c60005960caff3b6aeaeca9f6f643f77caf856e,a,beam16,1,True,True,2,2,already_top3,-2.0646438598632812,some,-3.7208328247070312,1.65618896484375,384,384,False,,
blogs,b40e9b17841eed5a6bf44e893dd5557121bd34ddea8bbfc9b36047d0f351938e,think,baseline,1,True,True,7,7,covered_below_top3,-5.384197235107422,need,-4.016460418701172,-1.36773681640625,257,257,False,,
blogs,b40e9b17841eed5a6bf44e893dd5557121bd34ddea8bbfc9b36047d0f351938e,think,beam16,1,True,True,7,7,covered_below_top3,-5.384197235107422,need,-4.016460418701172,-1.36773681640625,383,383,False,,
blogs,2bde01ba2ca285280be21974bb2e818ec57704b1a06bd18594851fa19afa68f3,comment,baseline,1,True,True,1,1,already_top3,-1.2681655883789062,remark,-2.9399070739746094,1.6717414855957031,267,267,False,,
blogs,2bde01ba2ca285280be21974bb2e818ec57704b1a06bd18594851fa19afa68f3,comment,beam16,1,True,True,1,1,already_top3,-1.2681655883789062,remark,-2.9399070739746094,1.6717414855957031,395,395,False,,
blogs,0df4a64477ae5b424ff425316f9868d2cd3af3672519dbcb50a7eaec81655be2,southern,baseline,1,True,True,22,22,covered_below_top3,-5.772106170654297,new,-4.245769500732422,-1.526336669921875,261,261,False,,
blogs,0df4a64477ae5b424ff425316f9868d2cd3af3672519dbcb50a7eaec81655be2,southern,beam16,1,True,True,24,24,covered_below_top3,-5.772106170654297,new,-4.245769500732422,-1.526336669921875,387,387,False,,
blogs,75b9bc23fa68a45c5cbb5357bdd745a44b141fe9cd1baca335426cb31bd26ac2,to,baseline,1,True,True,9,9,covered_below_top3,-4.323650360107422,but,-2.6984939575195312,-1.6251564025878906,256,256,False,,
blogs,75b9bc23fa68a45c5cbb5357bdd745a44b141fe9cd1baca335426cb31bd26ac2,to,beam16,1,True,True,9,9,covered_below_top3,-4.323650360107422,but,-2.6984939575195312,-1.6251564025878906,383,383,False,,
blogs,41c11852c3d7f62f07a039d1a1353a98b852abb90e4cec23d5d062f5956925c3,but,baseline,1,True,True,1,1,already_top3,-1.4975776672363281,as,-2.7448577880859375,1.2472801208496094,267,267,False,,
blogs,41c11852c3d7f62f07a039d1a1353a98b852abb90e4cec23d5d062f5956925c3,but,beam16,1,True,True,1,1,already_top3,-1.4975776672363281,as,-2.7448577880859375,1.2472801208496094,395,395,False,,
blogs,fe647385e8934d869c08d261ba262604a358a7082418ec109d6a3917992de0ce,force,baseline,1,True,False,,232,missing_still_below_top3,-7.831197738647461,power,-3.609994888305664,-4.221202850341797,266,267,False,,
blogs,fe647385e8934d869c08d261ba262604a358a7082418ec109d6a3917992de0ce,force,beam16,1,True,False,,232,missing_still_below_top3,-7.831197738647461,power,-3.609994888305664,-4.221202850341797,394,395,False,,
blogs,cabc98d4eebefe718f9bb866ac66dd8d3314f88b39d4c5a53ab8c13e188e5d42,how,baseline,1,True,True,15,15,covered_below_top3,-5.505121231079102,that,-3.1596622467041016,-2.345458984375,259,259,False,,
blogs,cabc98d4eebefe718f9bb866ac66dd8d3314f88b39d4c5a53ab8c13e188e5d42,how,beam16,1,True,True,16,16,covered_below_top3,-5.505121231079102,that,-3.1596622467041016,-2.345458984375,387,387,False,,
blogs,9134bc3a8054df8751179dad332786de55d8d30cc5836cc9f7cf5e2da9efa5df,was,baseline,1,True,True,4,4,covered_below_top3,-2.899768829345703,i,-2.7917022705078125,-0.10806655883789062,260,260,False,,
blogs,9134bc3a8054df8751179dad332786de55d8d30cc5836cc9f7cf5e2da9efa5df,was,beam16,1,True,True,4,4,covered_below_top3,-2.899768829345703,i,-2.7917022705078125,-0.10806655883789062,385,385,False,,
blogs,8a3a45ac9c16931b8304e58742820a06356dab7e3180d238153ad969014baf7b,at,baseline,1,True,True,40,40,covered_below_top3,-5.917621612548828,of,-2.9266624450683594,-2.9909591674804688,258,258,False,,
blogs,8a3a45ac9c16931b8304e58742820a06356dab7e3180d238153ad969014baf7b,at,beam16,1,True,True,40,40,covered_below_top3,-5.917621612548828,of,-2.9266624450683594,-2.9909591674804688,386,386,False,,
blogs,6ae9a8233ae0006692e733fab7dbe811f257308042e32824cb1f91a858c9b7ad,i,baseline,1,True,True,30,30,covered_below_top3,-6.248476028442383,was,-3.812917709350586,-2.435558319091797,255,255,False,,
blogs,6ae9a8233ae0006692e733fab7dbe811f257308042e32824cb1f91a858c9b7ad,i,beam16,1,True,True,30,30,covered_below_top3,-6.248476028442383,was,-3.812917709350586,-2.435558319091797,383,383,False,,
blogs,c8239036c7ba0f97df365063fb3ff245075aedc7576879a800cb5ef00a5dcf57,i,baseline,1,True,True,1,1,already_top3,-1.5532608032226562,the,-3.4556827545166016,1.9024219512939453,257,257,False,,
blogs,c8239036c7ba0f97df365063fb3ff245075aedc7576879a800cb5ef00a5dcf57,i,beam16,1,True,True,1,1,already_top3,-1.5532608032226562,they,-2.5067806243896484,0.9535198211669922,384,384,False,,
blogs,7d03b2aca820442d1dd4ed0758332bbf7c0221d6fc21adbdce3f3770b285ae6a,easily,baseline,1,True,True,96,96,covered_below_top3,-7.57145881652832,many,-2.5546207427978516,-5.016838073730469,262,262,False,,
blogs,7d03b2aca820442d1dd4ed0758332bbf7c0221d6fc21adbdce3f3770b285ae6a,easily,beam16,1,True,True,96,96,covered_below_top3,-7.57145881652832,many,-2.5546207427978516,-5.016838073730469,390,390,False,,
blogs,834f59365e75020a10a53d47e8e8ad53d12910d3ee6d4b5ff3c7c32bcdfbf393,which,baseline,1,True,True,5,5,covered_below_top3,-3.5694408416748047,one,-2.678743362426758,-0.8906974792480469,264,264,False,,
blogs,834f59365e75020a10a53d47e8e8ad53d12910d3ee6d4b5ff3c7c32bcdfbf393,which,beam16,1,True,True,5,5,covered_below_top3,-3.5694408416748047,one,-2.678743362426758,-0.8906974792480469,392,392,False,,
blogs,c80f10ca557aefbfa87690f531b64b36706a0a3def3a7f273afe4fbde70f3e71,of,baseline,1,True,True,1,1,already_top3,-0.2662849426269531,that,-4.500518798828125,4.234233856201172,257,257,False,,
blogs,c80f10ca557aefbfa87690f531b64b36706a0a3def3a7f273afe4fbde70f3e71,of,beam16,1,True,True,1,1,already_top3,-0.2662849426269531,that,-4.500518798828125,4.234233856201172,384,384,False,,
blogs,85b823a7393ea003b8c1fd3cf03bcae450129384d78f6ebf341f48f63e33b66e,greetings,baseline,1,True,False,,257,missing_still_below_top3,-9.49763298034668,is,-3.7738685607910156,-5.723764419555664,265,266,False,,
blogs,85b823a7393ea003b8c1fd3cf03bcae450129384d78f6ebf341f48f63e33b66e,greetings,beam16,1,True,False,,259,missing_still_below_top3,-9.49763298034668,is,-3.7738685607910156,-5.723764419555664,393,394,False,,
blogs,8c62b466ff3e7bad679361a0c4a94c8e8d1c980db7d24f1a942c3cea49c9d9cd,bad,baseline,1,True,True,11,11,covered_below_top3,-4.1342926025390625,good,-3.5402908325195312,-0.5940017700195312,256,256,False,,
blogs,8c62b466ff3e7bad679361a0c4a94c8e8d1c980db7d24f1a942c3cea49c9d9cd,bad,beam16,1,True,True,11,11,covered_below_top3,-4.1342926025390625,good,-3.5402908325195312,-0.5940017700195312,384,384,False,,
blogs,2225ec3cbc148f64c837bd4f0dfa7ca8d15d475f90d759ac9d6746e670f48b58,by,baseline,1,True,True,44,44,covered_below_top3,-5.870197296142578,of,-3.4161128997802734,-2.4540843963623047,263,263,False,,
blogs,2225ec3cbc148f64c837bd4f0dfa7ca8d15d475f90d759ac9d6746e670f48b58,by,beam16,1,True,True,46,46,covered_below_top3,-5.870197296142578,of,-3.4161128997802734,-2.4540843963623047,391,391,False,,
blogs,78ce70ab8fcd0433ee30382fe3d07bfa99bcc9551dbaadaf1bce0ff3b72043d2,a,baseline,1,True,True,7,7,covered_below_top3,-3.5404052734375,it,-2.3914413452148438,-1.1489639282226562,256,256,False,,
blogs,78ce70ab8fcd0433ee30382fe3d07bfa99bcc9551dbaadaf1bce0ff3b72043d2,a,beam16,1,True,True,7,7,covered_below_top3,-3.5404052734375,it,-2.3914413452148438,-1.1489639282226562,384,384,False,,
blogs,87877f6b81280379d0fc181f082d80c0a7fc942a8038c03eb870ce02c115e670,abandonment,baseline,1,True,False,,203,missing_still_below_top3,-7.808538436889648,ice,-3.5568199157714844,-4.251718521118164,269,270,False,,
blogs,87877f6b81280379d0fc181f082d80c0a7fc942a8038c03eb870ce02c115e670,abandonment,beam16,1,True,False,,232,missing_still_below_top3,-7.808538436889648,ice,-3.5568199157714844,-4.251718521118164,397,398,False,,
blogs,d58f95aac1deaa47a480250ca69c64722f6033cf98241eb12c54075b4e8c0cbf,carry,baseline,1,True,False,,247,missing_still_below_top3,-9.499748229980469,i,-3.729307174682617,-5.770441055297852,255,256,False,,
blogs,d58f95aac1deaa47a480250ca69c64722f6033cf98241eb12c54075b4e8c0cbf,carry,beam16,1,True,False,,255,missing_still_below_top3,-9.499748229980469,i,-3.729307174682617,-5.770441055297852,383,384,False,,
blogs,02822979e79f67ce6acf619f7ac6f6811666876fb03211931a0d22f5e2f357c9,to,baseline,1,True,True,1,1,already_top3,-1.5057296752929688,here,-3.4843502044677734,1.9786205291748047,258,258,False,,
blogs,02822979e79f67ce6acf619f7ac6f6811666876fb03211931a0d22f5e2f357c9,to,beam16,1,True,True,1,1,already_top3,-1.5057296752929688,here,-3.4843502044677734,1.9786205291748047,386,386,False,,
blogs,62398e7fe9510a2356e4ac9a0605e35d2f75d6537c9e5f6a0ef16a11df64f3c2,are,baseline,1,True,True,2,2,already_top3,-2.192108154296875,normally,-2.629596710205078,0.4374885559082031,256,256,False,,
blogs,62398e7fe9510a2356e4ac9a0605e35d2f75d6537c9e5f6a0ef16a11df64f3c2,are,beam16,1,True,True,2,2,already_top3,-2.192108154296875,normally,-2.629596710205078,0.4374885559082031,384,384,False,,
blogs,125a21d647198b9a9b4e532e1c21173099b5b77a2505eca5d495dd18b38ee645,you're,baseline,2,True,True,21,21,covered_below_top3,-5.491649627685547,a,-3.2961807250976562,-2.1954689025878906,245,245,False,,
blogs,125a21d647198b9a9b4e532e1c21173099b5b77a2505eca5d495dd18b38ee645,you're,beam16,2,True,True,21,21,covered_below_top3,-5.491649627685547,a,-3.2961807250976562,-2.1954689025878906,370,370,False,,
blogs,4d0020fcf352e469a312236972f4d1d7fcc55128719c4b47a8c3279484cc2335,craving,baseline,1,True,True,20,20,covered_below_top3,-4.721996307373047,hooked,-3.3313140869140625,-1.3906822204589844,260,260,False,,
blogs,4d0020fcf352e469a312236972f4d1d7fcc55128719c4b47a8c3279484cc2335,craving,beam16,1,True,True,22,22,covered_below_top3,-4.721996307373047,hooked,-3.3313140869140625,-1.3906822204589844,388,388,False,,
blogs,ff506e4767af50216ac5a9b0569f13991d6dfa9ea57ac2e3a34de3687712c5ae,myself,baseline,1,True,True,30,30,covered_below_top3,-5.257293701171875,was,-2.74163818359375,-2.515655517578125,255,255,False,,
blogs,ff506e4767af50216ac5a9b0569f13991d6dfa9ea57ac2e3a34de3687712c5ae,myself,beam16,1,True,True,30,30,covered_below_top3,-5.257293701171875,was,-2.74163818359375,-2.515655517578125,383,383,False,,
blogs,94231909c40f07766cf97675658be0eb54956ef50a074d39a685824e15438b3d,now,baseline,1,True,True,1,1,already_top3,-0.00899505615234375,here,-7.152944564819336,7.143949508666992,253,253,False,,
blogs,94231909c40f07766cf97675658be0eb54956ef50a074d39a685824e15438b3d,now,beam16,1,True,True,1,1,already_top3,-0.00899505615234375,here,-7.152944564819336,7.143949508666992,381,381,False,,
blogs,49a0ee2e414502b63d9df3d56c069e4f3895b41506ade52623cda2dacae3f022,out,baseline,1,True,True,48,48,covered_below_top3,-6.302791595458984,it,-3.8291358947753906,-2.4736557006835938,256,256,False,,
blogs,49a0ee2e414502b63d9df3d56c069e4f3895b41506ade52623cda2dacae3f022,out,beam16,1,True,True,49,49,covered_below_top3,-6.302791595458984,it,-3.8291358947753906,-2.4736557006835938,384,384,False,,
blogs,48c2d41352191f36f12cce7ff0364f45f7fe2c0830b9313412e361daa76b25cf,it,baseline,1,True,True,1,1,already_top3,-0.11516571044921875,a,-5.619318008422852,5.504152297973633,255,255,False,,
blogs,48c2d41352191f36f12cce7ff0364f45f7fe2c0830b9313412e361daa76b25cf,it,beam16,1,True,True,1,1,already_top3,-0.11516571044921875,a,-5.619318008422852,5.504152297973633,383,383,False,,
blogs,c5dc16b9b66ed2581bfd3b55c3b434c368c281fe8da26099c3f65a756d49d2d3,private,baseline,1,True,True,5,5,covered_below_top3,-3.8343238830566406,individuals,-3.537395477294922,-0.29692840576171875,260,260,False,,
blogs,c5dc16b9b66ed2581bfd3b55c3b434c368c281fe8da26099c3f65a756d49d2d3,private,beam16,1,True,True,5,5,covered_below_top3,-3.8343238830566406,individuals,-3.537395477294922,-0.29692840576171875,388,388,False,,
blogs,25bf1823372cac021e74991c577919cb77df32328e8310f6891118e46f7b0afe,control,baseline,1,True,True,29,29,covered_below_top3,-5.712453842163086,love,-2.460111618041992,-3.2523422241210938,257,257,False,,
blogs,25bf1823372cac021e74991c577919cb77df32328e8310f6891118e46f7b0afe,control,beam16,1,True,True,29,29,covered_below_top3,-5.712453842163086,love,-2.460111618041992,-3.2523422241210938,385,385,False,,
blogs,99297c1b0394f506185f5c7caf08666e663565bdd3b300b86e65fd4fff2bd1f7,co,baseline,1,True,True,22,22,covered_below_top3,-6.045497894287109,other,-4.185707092285156,-1.8597908020019531,261,261,False,,
blogs,99297c1b0394f506185f5c7caf08666e663565bdd3b300b86e65fd4fff2bd1f7,co,beam16,1,True,True,22,22,covered_below_top3,-6.045497894287109,other,-4.185707092285156,-1.8597908020019531,389,389,False,,
blogs,78b55d6b0f18438c47e60fce7e1b4234a0a7375c0f83b3afab4cb125ace2f96b,isn't,baseline,2,True,False,,233,missing_still_below_top3,-10.835561752319336,in,-3.8302669525146484,-7.0052947998046875,263,264,False,,
blogs,78b55d6b0f18438c47e60fce7e1b4234a0a7375c0f83b3afab4cb125ace2f96b,isn't,beam16,2,True,False,,242,missing_still_below_top3,-10.835561752319336,in,-3.8302669525146484,-7.0052947998046875,391,392,False,,
blogs,4e56cdabed510a78bff69e4e7dd0386e670d803935709b84e3166dd1c4e2b39a,purpose,baseline,1,True,True,52,52,covered_below_top3,-5.813938140869141,spark,-3.0236892700195312,-2.7902488708496094,271,271,False,,
blogs,4e56cdabed510a78bff69e4e7dd0386e670d803935709b84e3166dd1c4e2b39a,purpose,beam16,1,True,True,53,53,covered_below_top3,-5.813938140869141,spark,-3.0236892700195312,-2.7902488708496094,399,399,False,,
blogs,81a2e1df0e2008e3c66562bcfbae4a8fce030a337c9503eaf7744a0ec5a3aeca,have,baseline,1,True,True,2,2,already_top3,-2.9252490997314453,will,-3.882589340209961,0.9573402404785156,259,259,False,,
blogs,81a2e1df0e2008e3c66562bcfbae4a8fce030a337c9503eaf7744a0ec5a3aeca,have,beam16,1,True,True,2,2,already_top3,-2.9252490997314453,will,-3.882589340209961,0.9573402404785156,387,387,False,,
blogs,21fc094822685d1b42829562e9b20fc04500bc9ffe43ac0caaf104448e242180,total,baseline,1,True,False,,237,missing_still_below_top3,-10.114330291748047,at,-3.6648426055908203,-6.449487686157227,255,256,False,,
blogs,21fc094822685d1b42829562e9b20fc04500bc9ffe43ac0caaf104448e242180,total,beam16,1,True,False,,245,missing_still_below_top3,-10.114330291748047,at,-3.6648426055908203,-6.449487686157227,383,384,False,,
blogs,99dba9a6a0e3d175783facc4da880a998e55a6ba3191f9e797e333df760e04c1,i,baseline,1,True,True,1,1,already_top3,-2.1052780151367188,so,-3.171895980834961,1.0666179656982422,256,256,False,,
blogs,99dba9a6a0e3d175783facc4da880a998e55a6ba3191f9e797e333df760e04c1,i,beam16,1,True,True,1,1,already_top3,-2.1052780151367188,so,-3.171895980834961,1.0666179656982422,383,383,False,,
blogs,9c80a57bf0374f50d9139dde80c889481b2fdf9f5e1f66e2f0dede2504e7fc11,swinburne,baseline,4,True,False,,148,missing_still_below_top3,-9.360797882080078,malaysia,-3.2043190002441406,-6.1564788818359375,262,263,False,,
blogs,9c80a57bf0374f50d9139dde80c889481b2fdf9f5e1f66e2f0dede2504e7fc11,swinburne,beam16,4,True,False,,194,missing_still_below_top3,-9.360797882080078,universiti,-3.0246334075927734,-6.336164474487305,390,391,False,,
blogs,d6732e82c7c7c93932196cca218a17cc01d85c909e5c3a596ce816c8c176499b,also,baseline,1,True,True,138,138,covered_below_top3,-7.353271484375,how,-3.4346752166748047,-3.9185962677001953,266,266,False,,
blogs,d6732e82c7c7c93932196cca218a17cc01d85c909e5c3a596ce816c8c176499b,also,beam16,1,True,True,147,147,covered_below_top3,-7.353271484375,how,-3.4346752166748047,-3.9185962677001953,394,394,False,,
blogs,c329ccf68f3d1473f59497cd2ddeb670fa914c495cf411ba9cafb25a93a3d917,have,baseline,1,True,True,1,1,already_top3,-3.093019485473633,want,-3.905599594116211,0.8125801086425781,258,258,False,,
blogs,c329ccf68f3d1473f59497cd2ddeb670fa914c495cf411ba9cafb25a93a3d917,have,beam16,1,True,True,1,1,already_top3,-3.093019485473633,want,-3.905599594116211,0.8125801086425781,385,385,False,,
blogs,3b84ebce6ba992d9e3dadeed4c7f7c006a25dbb0cc7d08f2d44fd0d71b97a2df,of,baseline,1,True,True,1,1,already_top3,-1.1140327453613281,the,-3.4739646911621094,2.3599319458007812,261,261,False,,
blogs,3b84ebce6ba992d9e3dadeed4c7f7c006a25dbb0cc7d08f2d44fd0d71b97a2df,of,beam16,1,True,True,1,1,already_top3,-1.1140327453613281,the,-3.4739646911621094,2.3599319458007812,389,389,False,,
blogs,c42b839afbb205b2384d1dd940a6e59e0a1f362d1c8ace78dddde19b54cf800d,which,baseline,1,True,True,31,31,covered_below_top3,-5.466564178466797,pay,-2.919788360595703,-2.5467758178710938,260,260,False,,
blogs,c42b839afbb205b2384d1dd940a6e59e0a1f362d1c8ace78dddde19b54cf800d,which,beam16,1,True,True,31,31,covered_below_top3,-5.466564178466797,pay,-2.919788360595703,-2.5467758178710938,388,388,False,,
news,39689551a658251ab71594ed7115c7a6509428446424c987ef0334f4e1259cf2,lore,baseline,1,True,True,3,3,already_top3,-3.0955028533935547,magic,-3.439016342163086,0.34351348876953125,266,266,False,,
news,39689551a658251ab71594ed7115c7a6509428446424c987ef0334f4e1259cf2,lore,beam16,1,True,True,3,3,already_top3,-3.0955028533935547,magic,-3.439016342163086,0.34351348876953125,394,394,False,,
news,6c2ecc04f145627cf6e3af34bbf5fceab3446b954aeb6d2cd83bc149efeee194,to,baseline,1,True,True,2,2,already_top3,-2.5188369750976562,in,-2.8008384704589844,0.2820014953613281,259,259,False,,
news,6c2ecc04f145627cf6e3af34bbf5fceab3446b954aeb6d2cd83bc149efeee194,to,beam16,1,True,True,2,2,already_top3,-2.5188369750976562,in,-2.8008384704589844,0.2820014953613281,387,387,False,,
news,f294c79166f854531a597096235f35d4b90621bd2f1e6c1a36bfe2a7caa6c144,week,baseline,1,True,True,1,1,already_top3,-1.1346664428710938,summer,-2.977884292602539,1.8432178497314453,257,257,False,,
news,f294c79166f854531a597096235f35d4b90621bd2f1e6c1a36bfe2a7caa6c144,week,beam16,1,True,True,1,1,already_top3,-1.1346664428710938,summer,-2.977884292602539,1.8432178497314453,385,385,False,,
news,1a66f0288092379e7c51f0169eb3e0aee0a661d07e1c3cae13f925c8e58ac0e4,i,baseline,1,True,True,1,1,already_top3,-1.1663284301757812,then,-3.4219417572021484,2.255613327026367,257,257,False,,
news,1a66f0288092379e7c51f0169eb3e0aee0a661d07e1c3cae13f925c8e58ac0e4,i,beam16,1,True,True,1,1,already_top3,-1.1663284301757812,to,-3.300687789916992,2.134359359741211,384,384,False,,
news,ca147c951ee4d9853546c34222eed78802527f4887856cd2889ec07a345d7ce5,revenue,baseline,1,True,True,1,1,already_top3,-1.8788032531738281,services,-2.8943634033203125,1.0155601501464844,269,269,False,,
news,ca147c951ee4d9853546c34222eed78802527f4887856cd2889ec07a345d7ce5,revenue,beam16,1,True,True,1,1,already_top3,-1.8788032531738281,services,-2.8943634033203125,1.0155601501464844,397,397,False,,
news,839e8f0cc656dd3309e4dd0144311fd085253962f1976a46ed9512608f19c2af,bear,baseline,1,True,False,,213,missing_still_below_top3,-11.145208358764648,his,-2.572895050048828,-8.57231330871582,258,259,False,,
news,839e8f0cc656dd3309e4dd0144311fd085253962f1976a46ed9512608f19c2af,bear,beam16,1,True,False,,216,missing_still_below_top3,-11.145208358764648,his,-2.572895050048828,-8.57231330871582,386,387,False,,
news,37ad009ab98fd6a08ca9c0f908964a8e4d48070a2b1a95f160564e77129f44fa,a,baseline,1,True,True,1,1,already_top3,-0.8245468139648438,her,-2.9183712005615234,2.0938243865966797,259,259,False,,
news,37ad009ab98fd6a08ca9c0f908964a8e4d48070a2b1a95f160564e77129f44fa,a,beam16,1,True,True,1,1,already_top3,-0.8245468139648438,her,-2.9183712005615234,2.0938243865966797,387,387,False,,
news,f78e73021a8caef1bc4e6c5f91f0e1da70aaf340c6b7934383b441f2acb63b44,s,baseline,1,True,True,1,1,already_top3,-1.4756507873535156,c,-5.433534622192383,3.957883834838867,260,260,False,,
news,f78e73021a8caef1bc4e6c5f91f0e1da70aaf340c6b7934383b441f2acb63b44,s,beam16,1,True,True,1,1,already_top3,-1.4756507873535156,c,-5.433534622192383,3.957883834838867,388,388,False,,
news,0e66323d8a74c4a0cbc1cc636b10af05c0e4b1d5f0c292d173d9ba8dd631f354,concession,baseline,1,True,True,12,12,covered_below_top3,-4.826272964477539,attempt,-2.4511871337890625,-2.3750858306884766,270,270,False,,
news,0e66323d8a74c4a0cbc1cc636b10af05c0e4b1d5f0c292d173d9ba8dd631f354,concession,beam16,1,True,True,12,12,covered_below_top3,-4.826272964477539,attempt,-2.4511871337890625,-2.3750858306884766,398,398,False,,
news,d823d0c6826a6086c07837b8b036ff2d50385575f290b3819667e1a10f821493,sheriff,baseline,1,True,True,146,146,covered_below_top3,-8.423973083496094,at,-2.7360591888427734,-5.68791389465332,264,264,False,,
news,d823d0c6826a6086c07837b8b036ff2d50385575f290b3819667e1a10f821493,sheriff,beam16,1,True,True,147,147,covered_below_top3,-8.423973083496094,at,-2.7360591888427734,-5.68791389465332,392,392,False,,
news,4fae3c1054dbe16a575cadd9751ac2f041699c12fcc82d694f84aecd55924d2d,the,baseline,1,True,True,1,1,already_top3,-1.0477409362792969,age,-5.052219390869141,4.004478454589844,262,262,False,,
news,4fae3c1054dbe16a575cadd9751ac2f041699c12fcc82d694f84aecd55924d2d,the,beam16,1,True,True,1,1,already_top3,-1.0477409362792969,age,-5.052219390869141,4.004478454589844,390,390,False,,
news,861cf299c1c71a57e4d6df354d502abb6a141bd5b898a80075a0061ed593626a,gay,baseline,1,True,False,,255,missing_still_below_top3,-14.27659797668457,the,-2.2023563385009766,-12.074241638183594,259,260,False,,
news,861cf299c1c71a57e4d6df354d502abb6a141bd5b898a80075a0061ed593626a,gay,beam16,1,True,False,,321,missing_still_below_top3,-14.27659797668457,the,-2.2023563385009766,-12.074241638183594,387,388,False,,
news,2a1cfd24662a05e21a6c424c5596896e1e849e72e0350d176c4594c175ed6b3c,opponents,baseline,1,True,False,,254,missing_still_below_top3,-13.442373275756836,my,-3.796205520629883,-9.646167755126953,256,257,False,,
news,2a1cfd24662a05e21a6c424c5596896e1e849e72e0350d176c4594c175ed6b3c,opponents,beam16,1,True,False,,272,missing_still_below_top3,-13.442373275756836,my,-3.796205520629883,-9.646167755126953,384,385,False,,
news,02abbfee4ecb9712806b34f90968f8ca0bf1879fd88f601a90ae7adcb0e6712e,being,baseline,1,True,True,20,20,covered_below_top3,-5.213695526123047,she,-2.779010772705078,-2.4346847534179688,258,258,False,,
news,02abbfee4ecb9712806b34f90968f8ca0bf1879fd88f601a90ae7adcb0e6712e,being,beam16,1,True,True,20,20,covered_below_top3,-5.213695526123047,she,-2.779010772705078,-2.4346847534179688,386,386,False,,
news,4c44ce85b112b78e0dd597b040cfaeaba8389a76a5cbcd5d9cea8a2d9a76780b,river,baseline,1,True,True,29,29,covered_below_top3,-5.306215286254883,flag,-3.2876224517822266,-2.0185928344726562,262,262,False,,
news,4c44ce85b112b78e0dd597b040cfaeaba8389a76a5cbcd5d9cea8a2d9a76780b,river,beam16,1,True,True,32,32,covered_below_top3,-5.306215286254883,flag,-3.2876224517822266,-2.0185928344726562,390,390,False,,
news,c8a428b6be6f1549d9a18da4fdb08bbd464801a9817516283c0d7f1630bbffe2,driven,baseline,1,True,True,5,5,covered_below_top3,-3.8144798278808594,exacerbated,-3.0800437927246094,-0.73443603515625,261,261,False,,
news,c8a428b6be6f1549d9a18da4fdb08bbd464801a9817516283c0d7f1630bbffe2,driven,beam16,1,True,True,6,6,covered_below_top3,-3.8144798278808594,exacerbated,-3.0800437927246094,-0.73443603515625,389,389,False,,
news,646077b12ef792901090b66ed5252595010e1c765fed1db784bf60d80b2a88b7,will,baseline,1,True,True,2,2,already_top3,-2.5864295959472656,book,-4.4009552001953125,1.8145256042480469,259,259,False,,
news,646077b12ef792901090b66ed5252595010e1c765fed1db784bf60d80b2a88b7,will,beam16,1,True,True,2,2,already_top3,-2.5864295959472656,book,-4.4009552001953125,1.8145256042480469,387,387,False,,
news,54584530ecb30860adbb367cc94c8b191e75dde863942b9140fe71b653393e20,florida,baseline,1,True,False,,238,missing_still_below_top3,-9.879674911499023,the,-2.8375186920166016,-7.042156219482422,256,257,False,,
news,54584530ecb30860adbb367cc94c8b191e75dde863942b9140fe71b653393e20,florida,beam16,1,True,False,,240,missing_still_below_top3,-9.879674911499023,the,-2.8375186920166016,-7.042156219482422,384,385,False,,
news,144ca05566dd24f560b15b10ca2c972157001d5edbca186ef1fe1282f095aa57,you,baseline,1,True,True,1,1,already_top3,-1.7589569091796875,the,-3.513265609741211,1.7543087005615234,256,256,False,,
news,144ca05566dd24f560b15b10ca2c972157001d5edbca186ef1fe1282f095aa57,you,beam16,1,True,True,1,1,already_top3,-1.7589569091796875,the,-3.513265609741211,1.7543087005615234,384,384,False,,
news,e4928570ac166b05d2c0d2c972359b12530aa8a4a4c4a740ee7e0b47b9830f2a,an,baseline,1,True,True,3,3,already_top3,-1.9042091369628906,a,-2.4512386322021484,0.5470294952392578,266,266,False,,
news,e4928570ac166b05d2c0d2c972359b12530aa8a4a4c4a740ee7e0b47b9830f2a,an,beam16,1,True,True,3,3,already_top3,-1.9042091369628906,a,-2.4512386322021484,0.5470294952392578,394,394,False,,
news,5f95e525324509c46723ab472dcf0774885b260f53ca88dcde746c4e4dbf6e13,of,baseline,1,True,True,1,1,already_top3,-2.082386016845703,and,-3.1605606079101562,1.0781745910644531,262,262,False,,
news,5f95e525324509c46723ab472dcf0774885b260f53ca88dcde746c4e4dbf6e13,of,beam16,1,True,True,1,1,already_top3,-2.082386016845703,and,-3.1605606079101562,1.0781745910644531,390,390,False,,
news,28eb0c6c3f4ca7829380954075933745835cafad3213297117ae208557e3a2b4,johnson,baseline,2,True,True,2,2,already_top3,-4.209987640380859,had,-4.907623291015625,0.6976356506347656,267,267,False,,
news,28eb0c6c3f4ca7829380954075933745835cafad3213297117ae208557e3a2b4,johnson,beam16,2,True,True,2,2,already_top3,-4.209987640380859,had,-4.907623291015625,0.6976356506347656,393,393,False,,
news,116018768100217f6dd4602cbfe1bbc9f984a0995184125aaf534cc4e3c02ce6,incident,baseline,1,True,False,,252,missing_still_below_top3,-7.977630615234375,problem,-4.15081787109375,-3.826812744140625,259,260,False,,
news,116018768100217f6dd4602cbfe1bbc9f984a0995184125aaf534cc4e3c02ce6,incident,beam16,1,True,False,,252,missing_still_below_top3,-7.977630615234375,problem,-4.15081787109375,-3.826812744140625,386,387,False,,
news,74afef640a8ed3d4f81b202dd5c709962ff35e59d64611c6a3664e958bd2657b,expected,baseline,1,True,True,1,1,already_top3,-1.2149391174316406,in,-3.450185775756836,2.2352466583251953,257,257,False,,
news,74afef640a8ed3d4f81b202dd5c709962ff35e59d64611c6a3664e958bd2657b,expected,beam16,1,True,True,1,1,already_top3,-1.2149391174316406,in,-3.450185775756836,2.2352466583251953,385,385,False,,
news,fa5593f7c18481c876ea98d640194154c73a228e380bb0866da5c84f08192406,this,baseline,1,True,True,6,6,covered_below_top3,-3.468050003051758,during,-2.5774478912353516,-0.8906021118164062,261,261,False,,
news,fa5593f7c18481c876ea98d640194154c73a228e380bb0866da5c84f08192406,this,beam16,1,True,True,6,6,covered_below_top3,-3.468050003051758,during,-2.5774478912353516,-0.8906021118164062,389,389,False,,
news,c45b0eff06db86efa4bafb956f1067864fd56b76b36070c495224c147bf4eafa,they,baseline,1,True,True,18,18,covered_below_top3,-7.252386093139648,to,-5.097085952758789,-2.1553001403808594,257,257,False,,
news,c45b0eff06db86efa4bafb956f1067864fd56b76b36070c495224c147bf4eafa,they,beam16,1,True,True,18,18,covered_below_top3,-7.252386093139648,to,-5.097085952758789,-2.1553001403808594,385,385,False,,
news,1ddbfc8f4c1accec06540a7fb736a07af895a1c94a91a5e9859d26c91c9d6966,or,baseline,1,True,True,5,5,covered_below_top3,-3.9760665893554688,it,-3.6433334350585938,-0.332733154296875,257,257,False,,
news,1ddbfc8f4c1accec06540a7fb736a07af895a1c94a91a5e9859d26c91c9d6966,or,beam16,1,True,True,5,5,covered_below_top3,-3.9760665893554688,it,-3.6433334350585938,-0.332733154296875,385,385,False,,
news,6c3cad1556b7e83c07251cfa4de64c231d1ac17e5947bb5097ac3defb6a0647f,to,baseline,1,True,True,26,26,covered_below_top3,-5.470663070678711,that,-3.0360851287841797,-2.4345779418945312,256,256,False,,
news,6c3cad1556b7e83c07251cfa4de64c231d1ac17e5947bb5097ac3defb6a0647f,to,beam16,1,True,True,26,26,covered_below_top3,-5.470663070678711,that,-3.0360851287841797,-2.4345779418945312,384,384,False,,
news,c34774d56b228e4fc9c4f199ade1c835628d0738134b7bee7d00c169e6c716b3,calculation,baseline,1,True,True,145,145,covered_below_top3,-7.2804718017578125,reality,-3.328296661376953,-3.9521751403808594,263,263,False,,
news,c34774d56b228e4fc9c4f199ade1c835628d0738134b7bee7d00c169e6c716b3,calculation,beam16,1,True,True,147,147,covered_below_top3,-7.2804718017578125,strategy,-3.249164581298828,-4.031307220458984,391,391,False,,
news,b7fc5d7c188768e544f34bfb6c778758335fe0c557d5aea0e9afa66e614d7441,is,baseline,1,True,True,6,6,covered_below_top3,-3.6981163024902344,added,-3.2433128356933594,-0.454803466796875,258,258,False,,
news,b7fc5d7c188768e544f34bfb6c778758335fe0c557d5aea0e9afa66e614d7441,is,beam16,1,True,True,6,6,covered_below_top3,-3.6981163024902344,added,-3.2433128356933594,-0.454803466796875,386,386,False,,
news,5da581c2742ad2fcd1e8419d98b57e7f05b774ca3117e5e31379e4122555fc90,even,baseline,1,True,True,84,84,covered_below_top3,-6.591331481933594,dogs,-3.7805023193359375,-2.8108291625976562,256,256,False,,
news,5da581c2742ad2fcd1e8419d98b57e7f05b774ca3117e5e31379e4122555fc90,even,beam16,1,True,True,87,87,covered_below_top3,-6.591331481933594,dogs,-3.7805023193359375,-2.8108291625976562,384,384,False,,
news,3716bd14c457d7c87865150d23fcfae71b98fe678b64bdfca1e916c6ba3d2967,crane,baseline,1,True,False,,239,missing_still_below_top3,-12.063667297363281,trout,-3.1063899993896484,-8.957277297973633,262,263,False,,
news,3716bd14c457d7c87865150d23fcfae71b98fe678b64bdfca1e916c6ba3d2967,crane,beam16,1,True,False,,334,missing_still_below_top3,-12.063667297363281,trout,-3.1063899993896484,-8.957277297973633,390,391,False,,
news,6bb9d51f8283f9bc67d71f02e3550bfe3b4898a1926a6c28621b624fbdbc5e72,minnesota,baseline,2,True,True,7,7,covered_below_top3,-3.4852561950683594,chicago,-2.6537857055664062,-0.8314704895019531,269,269,False,,
news,6bb9d51f8283f9bc67d71f02e3550bfe3b4898a1926a6c28621b624fbdbc5e72,minnesota,beam16,2,True,True,9,9,covered_below_top3,-3.4852561950683594,chicago,-2.6537857055664062,-0.8314704895019531,391,391,False,,
news,b37171009697f46f3e536bd1cd7b4f693bb79682e5bd19a4efee4a1ad47cf74a,some,baseline,1,True,True,4,4,covered_below_top3,-3.057126998901367,his,-2.4320926666259766,-0.6250343322753906,258,258,False,,
news,b37171009697f46f3e536bd1cd7b4f693bb79682e5bd19a4efee4a1ad47cf74a,some,beam16,1,True,True,4,4,covered_below_top3,-3.057126998901367,his,-2.4320926666259766,-0.6250343322753906,386,386,False,,
news,bdee0a11fda5eed2e0e46ef128d02422b536a091fa35255f6cf793b324f760f2,but,baseline,1,True,True,1,1,already_top3,-1.4126091003417969,of,-3.5532684326171875,2.1406593322753906,258,258,False,,
news,bdee0a11fda5eed2e0e46ef128d02422b536a091fa35255f6cf793b324f760f2,but,beam16,1,True,True,1,1,already_top3,-1.4126091003417969,of,-3.5532684326171875,2.1406593322753906,386,386,False,,
news,3dbcba6a0e5c5ff8c8b61723f7a238e47f19bdf87f30208a7e00e311a9ccef29,and,baseline,1,True,True,2,2,already_top3,-2.892873764038086,which,-3.2051029205322266,0.3122291564941406,258,258,False,,
news,3dbcba6a0e5c5ff8c8b61723f7a238e47f19bdf87f30208a7e00e311a9ccef29,and,beam16,1,True,True,2,2,already_top3,-2.892873764038086,which,-3.2051029205322266,0.3122291564941406,385,385,False,,
news,8c0fdc0b410bdac1604ab0393009f32bdcce20c061339f6695a3ae83322ccaea,plays,baseline,1,True,True,3,3,already_top3,-2.7493133544921875,money,-2.8275794982910156,0.07826614379882812,256,256,True,3,0.08724784851074219
news,8c0fdc0b410bdac1604ab0393009f32bdcce20c061339f6695a3ae83322ccaea,plays,beam16,1,True,True,3,3,already_top3,-2.7493133544921875,money,-2.8275794982910156,0.07826614379882812,384,384,True,3,0.08724784851074219
news,5671840d29f8ed528fa0b588f190b94036a96e5c8f3df2b2d143182821db9a5c,pending,baseline,1,True,True,2,2,already_top3,-2.7777442932128906,to,-3.0272178649902344,0.24947357177734375,258,258,False,,
news,5671840d29f8ed528fa0b588f190b94036a96e5c8f3df2b2d143182821db9a5c,pending,beam16,1,True,True,2,2,already_top3,-2.7777442932128906,to,-3.0272178649902344,0.24947357177734375,386,386,False,,
news,7994ef125c9fa26c4ef445104acca367da1af670f36f62278bad67f2be0e5c2c,meet,baseline,1,True,True,27,27,covered_below_top3,-6.279623031616211,world,-3.1748104095458984,-3.1048126220703125,261,261,False,,
news,7994ef125c9fa26c4ef445104acca367da1af670f36f62278bad67f2be0e5c2c,meet,beam16,1,True,True,28,28,covered_below_top3,-6.279623031616211,world,-3.1748104095458984,-3.1048126220703125,389,389,False,,
news,4e719bb5eda6c6c6b49c93102ecf609b160317b5b276bb4ae02d172eb1fa7755,person,baseline,1,True,True,36,36,covered_below_top3,-6.612733840942383,one,-2.7836437225341797,-3.829090118408203,263,263,False,,
news,4e719bb5eda6c6c6b49c93102ecf609b160317b5b276bb4ae02d172eb1fa7755,person,beam16,1,True,True,36,36,covered_below_top3,-6.612733840942383,one,-2.7836437225341797,-3.829090118408203,391,391,False,,
news,cf6aefe72ec3b0a537a839b2c17d197c1babf6e73378f5c2524da5978ef3cf0e,will,baseline,1,True,True,194,194,covered_below_top3,-7.283079147338867,use,-3.936138153076172,-3.3469409942626953,263,263,False,,
news,cf6aefe72ec3b0a537a839b2c17d197c1babf6e73378f5c2524da5978ef3cf0e,will,beam16,1,True,True,199,199,covered_below_top3,-7.283079147338867,use,-3.936138153076172,-3.3469409942626953,391,391,False,,
news,774cf0d15caa1b45c16bd688a862c35fa6198d73b69a784b5f5ada6343c8f8f8,offer,baseline,1,True,True,45,45,covered_below_top3,-5.782581329345703,compensation,-2.798168182373047,-2.9844131469726562,266,266,False,,
news,774cf0d15caa1b45c16bd688a862c35fa6198d73b69a784b5f5ada6343c8f8f8,offer,beam16,1,True,True,46,46,covered_below_top3,-5.782581329345703,compensation,-2.798168182373047,-2.9844131469726562,394,394,False,,
news,b3df094efdb01fd8c751037bf3bfa87d58cc6a009bb5fe59bd53d93e67848878,saturday,baseline,2,True,False,,229,missing_still_below_top3,-8.63747787475586,at,-3.1396102905273438,-5.497867584228516,259,260,False,,
news,b3df094efdb01fd8c751037bf3bfa87d58cc6a009bb5fe59bd53d93e67848878,saturday,beam16,2,True,False,,230,missing_still_below_top3,-8.63747787475586,at,-3.1396102905273438,-5.497867584228516,387,388,False,,
news,4e1595f4a4005b7f2b28df5c15e2e26a19db54562fdd2539825d32654605af3e,know,baseline,1,True,True,3,3,already_top3,-3.1744728088378906,get,-3.189556121826172,0.01508331298828125,257,257,True,3,0.017833709716796875
news,4e1595f4a4005b7f2b28df5c15e2e26a19db54562fdd2539825d32654605af3e,know,beam16,1,True,True,3,3,already_top3,-3.1744728088378906,get,-3.189556121826172,0.01508331298828125,385,385,True,3,0.017833709716796875
news,42b599e0bcf2d6a628c306cfaebd4343df6d6144bcd4b2d843612007f9c8e734,year,baseline,1,True,True,1,1,already_top3,-1.1093063354492188,month,-2.732982635498047,1.6236763000488281,259,259,False,,
news,42b599e0bcf2d6a628c306cfaebd4343df6d6144bcd4b2d843612007f9c8e734,year,beam16,1,True,True,1,1,already_top3,-1.1093063354492188,month,-2.732982635498047,1.6236763000488281,386,386,False,,
news,cd2f346bd065aa18e6cfb84285bb7b8dbc10cb9cd84b750e58e3e7522d73cc4e,feel,baseline,1,True,True,10,10,covered_below_top3,-4.396799087524414,have,-2.7403926849365234,-1.6564064025878906,259,259,False,,
news,cd2f346bd065aa18e6cfb84285bb7b8dbc10cb9cd84b750e58e3e7522d73cc4e,feel,beam16,1,True,True,10,10,covered_below_top3,-4.396799087524414,have,-2.7403926849365234,-1.6564064025878906,387,387,False,,
news,f2f53e2249e1dfad8feea717d37e94e2e581dfc135135584259a1e616b879ed4,a,baseline,1,True,True,1,1,already_top3,-1.2598495483398438,an,-3.3904495239257812,2.1305999755859375,258,258,False,,
news,f2f53e2249e1dfad8feea717d37e94e2e581dfc135135584259a1e616b879ed4,a,beam16,1,True,True,1,1,already_top3,-1.2598495483398438,an,-3.3904495239257812,2.1305999755859375,386,386,False,,
news,4fc2f16b0fdc86b4be4e1d255ca818417a8ae2861aae8fe7bbf44959954e4b09,came,baseline,1,True,True,3,3,already_top3,-1.8544425964355469,should,-2.5448532104492188,0.6904106140136719,259,259,False,,
news,4fc2f16b0fdc86b4be4e1d255ca818417a8ae2861aae8fe7bbf44959954e4b09,came,beam16,1,True,True,3,3,already_top3,-1.8544425964355469,should,-2.5448532104492188,0.6904106140136719,387,387,False,,
news,12c8f76c7f8dc2f8b327d8664cec9e39c3eeff9f48d0893438db19881ca7a806,set,baseline,1,True,True,3,3,already_top3,-3.5220489501953125,a,-3.7420654296875,0.2200164794921875,257,257,False,,
news,12c8f76c7f8dc2f8b327d8664cec9e39c3eeff9f48d0893438db19881ca7a806,set,beam16,1,True,True,3,3,already_top3,-3.5220489501953125,a,-3.7420654296875,0.2200164794921875,385,385,False,,
news,78e68eb1bf28d10b5cc120a673dab18929a2e1f5c4b10c755f72b70fb33de64a,spinach,baseline,1,True,True,26,26,covered_below_top3,-5.393880844116211,milk,-3.252534866333008,-2.141345977783203,261,261,False,,
news,78e68eb1bf28d10b5cc120a673dab18929a2e1f5c4b10c755f72b70fb33de64a,spinach,beam16,1,True,True,26,26,covered_below_top3,-5.393880844116211,milk,-3.252534866333008,-2.141345977783203,389,389,False,,
news,1bdc2b39bd2b59782b1e047db91d07cc060213095d6624b1b218ec437b5a29dd,up,baseline,1,True,True,1,1,already_top3,-0.3262367248535156,down,-4.124471664428711,3.7982349395751953,255,255,False,,
news,1bdc2b39bd2b59782b1e047db91d07cc060213095d6624b1b218ec437b5a29dd,up,beam16,1,True,True,1,1,already_top3,-0.3262367248535156,down,-4.124471664428711,3.7982349395751953,383,383,False,,
news,ab3f5368470b8af96538041ca153f157191b36603b2c1839c3aa20cd2dd9c7af,heavy,baseline,1,True,True,43,43,covered_below_top3,-6.135471343994141,a,-3.6112022399902344,-2.5242691040039062,269,269,False,,
news,ab3f5368470b8af96538041ca153f157191b36603b2c1839c3aa20cd2dd9c7af,heavy,beam16,1,True,True,46,46,covered_below_top3,-6.135471343994141,a,-3.6112022399902344,-2.5242691040039062,397,397,False,,
news,e1d3a9a2e2218a7dec19f789543169e2e3de735fe189fbeb92b3b8678976ba8e,some,baseline,1,True,True,25,25,covered_below_top3,-5.743782043457031,he,-3.2460365295410156,-2.4977455139160156,260,260,False,,
news,e1d3a9a2e2218a7dec19f789543169e2e3de735fe189fbeb92b3b8678976ba8e,some,beam16,1,True,True,29,29,covered_below_top3,-5.743782043457031,merriman,-2.9083480834960938,-2.8354339599609375,388,388,False,,
news,bb9ff2e5ee1c68c385818dee12530169ff1f64f97caaa5c9a11330c740a7e1cb,from,baseline,1,True,True,15,15,covered_below_top3,-5.644037246704102,the,-3.8630123138427734,-1.7810249328613281,258,258,False,,
news,bb9ff2e5ee1c68c385818dee12530169ff1f64f97caaa5c9a11330c740a7e1cb,from,beam16,1,True,True,16,16,covered_below_top3,-5.644037246704102,the,-3.8630123138427734,-1.7810249328613281,386,386,False,,
news,30e043e791e0ec9367a3827077433d98bf5c9879c7b604a2226af614f7da9728,campaign,baseline,1,True,True,13,13,covered_below_top3,-4.796138763427734,election,-3.2656593322753906,-1.5304794311523438,267,267,False,,
news,30e043e791e0ec9367a3827077433d98bf5c9879c7b604a2226af614f7da9728,campaign,beam16,1,True,True,13,13,covered_below_top3,-4.796138763427734,election,-3.2656593322753906,-1.5304794311523438,395,395,False,,
news,0331fc2936e46ab649f06baed71821db53e7e44b69fd5d2267f6c72cdfab26f1,make,baseline,1,True,True,2,2,already_top3,-2.704916000366211,win,-3.4563770294189453,0.7514610290527344,256,256,False,,
news,0331fc2936e46ab649f06baed71821db53e7e44b69fd5d2267f6c72cdfab26f1,make,beam16,1,True,True,2,2,already_top3,-2.704916000366211,win,-3.4563770294189453,0.7514610290527344,384,384,False,,
news,f9cb0ccef9080b10d5f8c7e67a749935be30804298056361c663e78e5380d3e4,to,baseline,1,True,True,1,1,already_top3,-0.21224212646484375,through,-3.9619274139404297,3.749685287475586,256,256,False,,
news,f9cb0ccef9080b10d5f8c7e67a749935be30804298056361c663e78e5380d3e4,to,beam16,1,True,True,1,1,already_top3,-0.21224212646484375,through,-3.9619274139404297,3.749685287475586,384,384,False,,
news,459f3683c0af47d6b24df0aa3ae3c5d19ba8ca1f97915dabf46a3d5e9b10d67f,to,baseline,1,True,True,1,1,already_top3,-0.2528419494628906,in,-4.221836090087891,3.968994140625,257,257,False,,
news,459f3683c0af47d6b24df0aa3ae3c5d19ba8ca1f97915dabf46a3d5e9b10d67f,to,beam16,1,True,True,1,1,already_top3,-0.2528419494628906,in,-4.221836090087891,3.968994140625,385,385,False,,
news,4f070648b67f58eb808415dcc2ab1d2ddc63041070b4df6fd84d3d4e4246a7d6,straight,baseline,1,True,False,,242,missing_still_below_top3,-10.054740905761719,with,-2.2814884185791016,-7.773252487182617,256,257,False,,
news,4f070648b67f58eb808415dcc2ab1d2ddc63041070b4df6fd84d3d4e4246a7d6,straight,beam16,1,True,False,,247,missing_still_below_top3,-10.054740905761719,with,-2.2814884185791016,-7.773252487182617,384,385,False,,
news,ed33a9ed9b76ba9439010243d04f123de12adfbe78ee243e0109975dca9a3e23,galveston's,baseline,4,True,False,,33,missing_still_below_top3,-6.742652893066406,san,-3.061422348022461,-3.6812305450439453,262,263,False,,
news,ed33a9ed9b76ba9439010243d04f123de12adfbe78ee243e0109975dca9a3e23,galveston's,beam16,4,True,True,47,47,covered_below_top3,-6.746307373046875,port,-2.6141529083251953,-4.13215446472168,390,390,False,,
news,56775191a039dbb699f1efe02cd92fc3f8317b370a6ce813b11d66a8f6a2887a,ronler,baseline,3,True,False,,259,missing_still_below_top3,-21.93263053894043,about,-4.545021057128906,-17.387609481811523,258,259,False,,
news,56775191a039dbb699f1efe02cd92fc3f8317b370a6ce813b11d66a8f6a2887a,ronler,beam16,3,True,False,,387,missing_still_below_top3,-21.93263053894043,about,-4.545021057128906,-17.387609481811523,386,387,False,,
news,a8e55d5d4606b80477a96fb831412ab2c33de776369983d30c42ba66aae4ba48,and,baseline,1,True,True,1,1,already_top3,-1.6194095611572266,east,-4.796600341796875,3.1771907806396484,268,268,False,,
news,a8e55d5d4606b80477a96fb831412ab2c33de776369983d30c42ba66aae4ba48,and,beam16,1,True,True,1,1,already_top3,-1.6194095611572266,newark,-4.642736434936523,3.023326873779297,396,396,False,,
news,e0e870c1c223833a2074950473e9b01112b66acd18d9504b14012ab08c095008,game,baseline,1,True,True,6,6,covered_below_top3,-3.366008758544922,second,-2.892017364501953,-0.47399139404296875,262,262,False,,
news,e0e870c1c223833a2074950473e9b01112b66acd18d9504b14012ab08c095008,game,beam16,1,True,True,7,7,covered_below_top3,-3.366008758544922,team's,-2.588134765625,-0.7778739929199219,390,390,False,,
news,058c7954af51e5e79f522eb5a501a9b19786174b03d31ddfb020ee3c8b9a2241,medical,baseline,1,True,True,109,109,covered_below_top3,-7.504983901977539,learners,-4.446050643920898,-3.0589332580566406,258,258,False,,
news,058c7954af51e5e79f522eb5a501a9b19786174b03d31ddfb020ee3c8b9a2241,medical,beam16,1,True,True,109,109,covered_below_top3,-7.504983901977539,learners,-4.446050643920898,-3.0589332580566406,386,386,False,,
news,b77f2c064cfa1a3389045c89d6dce3e9780cd33141457e776b78f2881f8a07d6,morning,baseline,1,True,True,1,1,already_top3,-1.2232780456542969,and,-2.9495582580566406,1.7262802124023438,257,257,False,,
news,b77f2c064cfa1a3389045c89d6dce3e9780cd33141457e776b78f2881f8a07d6,morning,beam16,1,True,True,1,1,already_top3,-1.2232780456542969,and,-2.9495582580566406,1.7262802124023438,385,385,False,,
news,f51c265bc6b6d9cd99d8c32d92de5d693e273b8c1131fc068fddfbdd0ad489b1,brands,baseline,1,True,True,16,16,covered_below_top3,-5.148721694946289,has,-2.9608898162841797,-2.1878318786621094,262,262,False,,
news,f51c265bc6b6d9cd99d8c32d92de5d693e273b8c1131fc068fddfbdd0ad489b1,brands,beam16,1,True,True,16,16,covered_below_top3,-5.148721694946289,has,-2.9608898162841797,-2.1878318786621094,390,390,False,,
news,3fde210eac279ef4508c6253126251fe376fb94671ed68c0b9035afb36b1a900,course,baseline,1,True,True,115,115,covered_below_top3,-8.256622314453125,an,-5.620243072509766,-2.6363792419433594,229,229,False,,
news,3fde210eac279ef4508c6253126251fe376fb94671ed68c0b9035afb36b1a900,course,beam16,1,True,True,116,116,covered_below_top3,-8.256622314453125,an,-5.620243072509766,-2.6363792419433594,357,357,False,,
news,af0eff7d74c50f90ce4380ad3b0b09dc2b1e85a9d773ce785645437d7e4c243d,honolulu,baseline,2,True,False,,102,missing_still_below_top3,-7.950441360473633,florida,-3.504392623901367,-4.446048736572266,266,267,False,,
news,af0eff7d74c50f90ce4380ad3b0b09dc2b1e85a9d773ce785645437d7e4c243d,honolulu,beam16,2,True,False,,124,missing_still_below_top3,-7.950441360473633,florida,-3.504392623901367,-4.446048736572266,394,395,False,,
news,b24d75fccc88e23ebad8e6d5ffd98a5c90660f98c5de1d0a96a479ee3c414709,and,baseline,1,True,True,1,1,already_top3,-0.31615447998046875,state,-4.214378356933594,3.898223876953125,258,258,False,,
news,b24d75fccc88e23ebad8e6d5ffd98a5c90660f98c5de1d0a96a479ee3c414709,and,beam16,1,True,True,1,1,already_top3,-0.31615447998046875,state,-4.214378356933594,3.898223876953125,385,385,False,,
news,e8431d7e2aca0c332bdb4fb12a3437627ea9bf8d3af729818166a5599e4e05dc,learned,baseline,1,True,True,20,20,covered_below_top3,-5.583309173583984,sent,-3.1929969787597656,-2.3903121948242188,258,258,False,,
news,e8431d7e2aca0c332bdb4fb12a3437627ea9bf8d3af729818166a5599e4e05dc,learned,beam16,1,True,True,20,20,covered_below_top3,-5.583309173583984,sent,-3.1929969787597656,-2.3903121948242188,386,386,False,,
news,2158c8ec63f910c2464e23c47eef690aef01bc75a2c0b28912de38d1eb72ff90,st,baseline,1,True,True,40,40,covered_below_top3,-6.798175811767578,said,-5.116268157958984,-1.6819076538085938,262,262,False,,
news,2158c8ec63f910c2464e23c47eef690aef01bc75a2c0b28912de38d1eb72ff90,st,beam16,1,True,True,40,40,covered_below_top3,-6.798175811767578,said,-5.116268157958984,-1.6819076538085938,390,390,False,,
news,fe70a797f900a43c80d0f6306a83eef1d349b1ab30fd4cec815bb5457ea3cbcc,did,baseline,1,True,True,1,1,already_top3,-1.7023487091064453,has,-2.450571060180664,0.7482223510742188,260,260,False,,
news,fe70a797f900a43c80d0f6306a83eef1d349b1ab30fd4cec815bb5457ea3cbcc,did,beam16,1,True,True,1,1,already_top3,-1.7023487091064453,has,-2.450571060180664,0.7482223510742188,388,388,False,,
news,41015826a600daf9196a1aa0d162ad3c699954e16b886bdd40820c6cbe1f67be,said,baseline,1,True,True,1,1,already_top3,-0.7067070007324219,told,-3.7694950103759766,3.0627880096435547,256,256,False,,
news,41015826a600daf9196a1aa0d162ad3c699954e16b886bdd40820c6cbe1f67be,said,beam16,1,True,True,1,1,already_top3,-0.7067070007324219,told,-3.7694950103759766,3.0627880096435547,384,384,False,,
news,eb38b7bfb699d3c8aa31af7df2a403e183f02209b4279a14728cbe3fd617bcb8,against,baseline,1,True,True,3,3,already_top3,-2.472829818725586,in,-3.785837173461914,1.3130073547363281,256,256,False,,
news,eb38b7bfb699d3c8aa31af7df2a403e183f02209b4279a14728cbe3fd617bcb8,against,beam16,1,True,True,3,3,already_top3,-2.472829818725586,in,-3.785837173461914,1.3130073547363281,384,384,False,,
news,10ce4a884e0495a64aa4627e5edb3b2089d5fe54b0bbca86741f7dc94acdf3f8,art,baseline,1,True,False,,256,missing_still_below_top3,-10.461515426635742,data,-3.359891891479492,-7.10162353515625,262,263,False,,
news,10ce4a884e0495a64aa4627e5edb3b2089d5fe54b0bbca86741f7dc94acdf3f8,art,beam16,1,True,False,,265,missing_still_below_top3,-10.461515426635742,data,-3.359891891479492,-7.10162353515625,390,391,False,,
news,25a2744f7c7fe940870b7ef49440cb63437aa6be04505aec212e8a4626a3ab2c,of,baseline,1,True,True,1,1,already_top3,-0.00897979736328125,i,-7.703601837158203,7.694622039794922,254,254,False,,
news,25a2744f7c7fe940870b7ef49440cb63437aa6be04505aec212e8a4626a3ab2c,of,beam16,1,True,True,1,1,already_top3,-0.00897979736328125,i,-7.703601837158203,7.694622039794922,382,382,False,,
news,ae6a0271bbfcd565a855457e1d392aee06bc5a354e63e1d1d36b5e652f1110bb,realized,baseline,1,True,False,,256,missing_still_below_top3,-10.233850479125977,can,-3.615201950073242,-6.618648529052734,258,259,False,,
news,ae6a0271bbfcd565a855457e1d392aee06bc5a354e63e1d1d36b5e652f1110bb,realized,beam16,1,True,False,,256,missing_still_below_top3,-10.233850479125977,can,-3.615201950073242,-6.618648529052734,385,386,False,,
news,4c11b8777c73e9ce54766448a43fffb9ec2413b65bdd2440607dd8a5b92a7aac,that,baseline,1,True,True,6,6,covered_below_top3,-3.5639495849609375,will,-2.871379852294922,-0.6925697326660156,256,256,False,,
news,4c11b8777c73e9ce54766448a43fffb9ec2413b65bdd2440607dd8a5b92a7aac,that,beam16,1,True,True,6,6,covered_below_top3,-3.5639495849609375,will,-2.871379852294922,-0.6925697326660156,384,384,False,,
news,90d2061a65f5d0652113a62d18ebcd036fb99af8f38c0e8f0ea4e714307d3f76,louis,baseline,1,True,True,248,248,covered_below_top3,-12.525579452514648,a,-6.889345169067383,-5.636234283447266,262,262,False,,
news,90d2061a65f5d0652113a62d18ebcd036fb99af8f38c0e8f0ea4e714307d3f76,louis,beam16,1,True,True,257,257,covered_below_top3,-12.525579452514648,a,-6.889345169067383,-5.636234283447266,390,390,False,,
news,24942e614c5d526e7741bbd4b7965fced9d3b3479db57abb48a94712d2d35c90,from,baseline,1,True,True,1,1,already_top3,-0.2964363098144531,that,-4.171791076660156,3.875354766845703,260,260,False,,
news,24942e614c5d526e7741bbd4b7965fced9d3b3479db57abb48a94712d2d35c90,from,beam16,1,True,True,1,1,already_top3,-0.2964363098144531,that,-4.171791076660156,3.875354766845703,388,388,False,,
news,9fb28038c0781f639166bac66e6dd67672d78250f8e90eeae31bfb81dd8e6ace,new,baseline,1,True,True,7,7,covered_below_top3,-4.0679473876953125,home,-1.8727607727050781,-2.1951866149902344,259,259,False,,
news,9fb28038c0781f639166bac66e6dd67672d78250f8e90eeae31bfb81dd8e6ace,new,beam16,1,True,True,7,7,covered_below_top3,-4.0679473876953125,home,-1.8727607727050781,-2.1951866149902344,387,387,False,,
news,0c380c53b2851423fc5203119a957e4ed478c7f1fee32afae8887d79bd82c2ab,you,baseline,1,True,True,1,1,already_top3,-0.2674407958984375,it,-4.352703094482422,4.085262298583984,256,256,False,,
news,0c380c53b2851423fc5203119a957e4ed478c7f1fee32afae8887d79bd82c2ab,you,beam16,1,True,True,1,1,already_top3,-0.2674407958984375,it,-4.352703094482422,4.085262298583984,384,384,False,,
news,3bd1b13f117dd481d63762770b22acc58100da8311ffb8e3f303a0599f8f45b1,away,baseline,1,True,True,2,2,already_top3,-1.7522811889648438,out,-3.2072086334228516,1.4549274444580078,258,258,False,,
news,3bd1b13f117dd481d63762770b22acc58100da8311ffb8e3f303a0599f8f45b1,away,beam16,1,True,True,2,2,already_top3,-1.7522811889648438,out,-3.2072086334228516,1.4549274444580078,386,386,False,,
news,521877de27a539807a4a67e901a22757fbe8bcd95c0d282b19e4e0b6069c7f9c,accused,baseline,1,True,True,12,12,covered_below_top3,-4.932941436767578,and,-2.0111618041992188,-2.9217796325683594,256,256,False,,
news,521877de27a539807a4a67e901a22757fbe8bcd95c0d282b19e4e0b6069c7f9c,accused,beam16,1,True,True,13,13,covered_below_top3,-4.932941436767578,and,-2.0111618041992188,-2.9217796325683594,384,384,False,,
news,aa9e11819eeb739f488911ff9746c6d997eee7b02f413b2d346d3c4403ffcc11,activities,baseline,1,True,False,,235,missing_still_below_top3,-8.481359481811523,to,-5.738439559936523,-2.742919921875,268,269,False,,
news,aa9e11819eeb739f488911ff9746c6d997eee7b02f413b2d346d3c4403ffcc11,activities,beam16,1,True,False,,235,missing_still_below_top3,-8.481359481811523,to,-5.738439559936523,-2.742919921875,396,397,False,,
news,a71d4ea1b06a05c22fcf0e74ff7f98b5aac6a770133ad86ac9f09780dbda233e,new,baseline,1,True,True,1,1,already_top3,-0.7235202789306641,and,-6.001474380493164,5.2779541015625,262,262,False,,
news,a71d4ea1b06a05c22fcf0e74ff7f98b5aac6a770133ad86ac9f09780dbda233e,new,beam16,1,True,True,1,1,already_top3,-0.7235202789306641,television,-5.61646842956543,4.892948150634766,390,390,False,,
news,d52c8a2db321e01934e287ff413008837b3ca412a43430a1caf029000d3b8957,not,baseline,1,True,True,1,1,already_top3,-1.7032890319824219,sign,-3.9847068786621094,2.2814178466796875,259,259,False,,
news,d52c8a2db321e01934e287ff413008837b3ca412a43430a1caf029000d3b8957,not,beam16,1,True,True,1,1,already_top3,-1.7032890319824219,sign,-3.9847068786621094,2.2814178466796875,387,387,False,,
news,50aed777704d8ad6b46a0884da82037c97dbb9853f0f087b15635e737c21b456,with,baseline,1,True,True,1,1,already_top3,-2.122039794921875,in,-3.3582305908203125,1.2361907958984375,256,256,False,,
news,50aed777704d8ad6b46a0884da82037c97dbb9853f0f087b15635e737c21b456,with,beam16,1,True,True,1,1,already_top3,-2.122039794921875,in,-3.3582305908203125,1.2361907958984375,384,384,False,,
news,b12490ca02ebb3223554d092b3366ecc308eaeb853ddbe996ba1197eb6a09d15,i,baseline,1,True,True,14,14,covered_below_top3,-5.077558517456055,if,-3.3583908081054688,-1.719167709350586,259,259,False,,
news,b12490ca02ebb3223554d092b3366ecc308eaeb853ddbe996ba1197eb6a09d15,i,beam16,1,True,True,18,18,covered_below_top3,-5.077558517456055,if,-3.3583908081054688,-1.719167709350586,387,387,False,,
news,744e3bf841548dce8f8cb6bc3d679db7501efc3fc1dfbbda6a0518237936d39e,this,baseline,1,True,True,31,31,covered_below_top3,-5.571310043334961,politics,-2.974313735961914,-2.596996307373047,257,257,False,,
news,744e3bf841548dce8f8cb6bc3d679db7501efc3fc1dfbbda6a0518237936d39e,this,beam16,1,True,True,31,31,covered_below_top3,-5.571310043334961,politics,-2.974313735961914,-2.596996307373047,385,385,False,,
news,c60f2bbb0be3c8922e883ac3c9bf964b19f303027626a9632f18f84ab709098b,for,baseline,1,True,True,2,2,already_top3,-1.4159469604492188,and,-2.4471664428710938,1.031219482421875,258,258,False,,
news,c60f2bbb0be3c8922e883ac3c9bf964b19f303027626a9632f18f84ab709098b,for,beam16,1,True,True,2,2,already_top3,-1.4159469604492188,and,-2.4471664428710938,1.031219482421875,386,386,False,,
news,8eacca2f0496df7ca99ad5c739232e3120454c8f34985a8837cb4a0c96128a82,going,baseline,1,True,True,10,10,covered_below_top3,-4.144474029541016,a,-2.832815170288086,-1.3116588592529297,260,260,False,,
news,8eacca2f0496df7ca99ad5c739232e3120454c8f34985a8837cb4a0c96128a82,going,beam16,1,True,True,10,10,covered_below_top3,-4.144474029541016,a,-2.832815170288086,-1.3116588592529297,388,388,False,,
news,908241db5e3aa99ec85e6f06621a212a47cc434f44a2043fc901f50cf1ac5c5a,union,baseline,1,True,True,24,24,covered_below_top3,-5.201810836791992,board,-3.3226375579833984,-1.8791732788085938,268,268,False,,
news,908241db5e3aa99ec85e6f06621a212a47cc434f44a2043fc901f50cf1ac5c5a,union,beam16,1,True,True,25,25,covered_below_top3,-5.201810836791992,board,-3.3226375579833984,-1.8791732788085938,396,396,False,,
news,8e999cc1b5d3c43fa017fb3d373d633adba728926a2d01eae0c05614e4b83e11,consecutive,baseline,1,True,True,2,2,already_top3,-1.4380474090576172,defeat,-4.063089370727539,2.625041961669922,263,263,False,,
news,8e999cc1b5d3c43fa017fb3d373d633adba728926a2d01eae0c05614e4b83e11,consecutive,beam16,1,True,True,2,2,already_top3,-1.4380474090576172,defeat,-4.063089370727539,2.625041961669922,391,391,False,,
news,1fe35ae8f55e3f01a97fbfe0f7969ea3e168bf8d331c0b2fab93446cda82b705,first,baseline,1,True,True,8,8,covered_below_top3,-3.9227161407470703,agency,-3.1897144317626953,-0.733001708984375,260,260,False,,
news,1fe35ae8f55e3f01a97fbfe0f7969ea3e168bf8d331c0b2fab93446cda82b705,first,beam16,1,True,True,8,8,covered_below_top3,-3.9227161407470703,agency,-3.1897144317626953,-0.733001708984375,388,388,False,,
news,e2c4266fcc6aab7b6d603c2ffbf7767e273ed22118debf3aa48ae832e5d050d9,a,baseline,1,True,True,1,1,already_top3,-1.5040321350097656,the,-3.065786361694336,1.5617542266845703,256,256,False,,
news,e2c4266fcc6aab7b6d603c2ffbf7767e273ed22118debf3aa48ae832e5d050d9,a,beam16,1,True,True,1,1,already_top3,-1.5040321350097656,the,-3.065786361694336,1.5617542266845703,384,384,False,,
news,9181036b17982a4481215a72f27db6b306fbbfcb552af74b64b1b880485ff409,companion,baseline,1,True,False,,260,missing_still_below_top3,-13.075645446777344,the,-2.9421653747558594,-10.133480072021484,262,263,False,,
news,9181036b17982a4481215a72f27db6b306fbbfcb552af74b64b1b880485ff409,companion,beam16,1,True,False,,372,missing_still_below_top3,-13.075645446777344,the,-2.9421653747558594,-10.133480072021484,390,391,False,,
news,7ce78cc37b45ac0e7ce2b3c02fc352c0a7c3733001f25945fbddddac49bca33e,and,baseline,1,True,True,100,100,covered_below_top3,-7.034826278686523,run,-2.357027053833008,-4.677799224853516,260,260,False,,
news,7ce78cc37b45ac0e7ce2b3c02fc352c0a7c3733001f25945fbddddac49bca33e,and,beam16,1,True,True,100,100,covered_below_top3,-7.034826278686523,run,-2.357027053833008,-4.677799224853516,388,388,False,,
news,d03c55a68c2e0b83f9efc4cf6918536785a7839f6a281c6a219ced081c0558d1,the,baseline,1,True,True,3,3,already_top3,-2.632171630859375,we,-3.0410385131835938,0.40886688232421875,258,258,False,,
news,d03c55a68c2e0b83f9efc4cf6918536785a7839f6a281c6a219ced081c0558d1,the,beam16,1,True,True,3,3,already_top3,-2.632171630859375,we,-3.0410385131835938,0.40886688232421875,384,384,False,,
news,30f9c8bd931ee8b516a42e35a4cc5bdc081037f88dac1a28f55cb65b117f44be,death,baseline,1,True,True,5,5,covered_below_top3,-3.284116744995117,a,-3.0763111114501953,-0.20780563354492188,260,260,False,,
news,30f9c8bd931ee8b516a42e35a4cc5bdc081037f88dac1a28f55cb65b117f44be,death,beam16,1,True,True,5,5,covered_below_top3,-3.284116744995117,a,-3.0763111114501953,-0.20780563354492188,388,388,False,,
news,ecf67d80dd2b669b371d575896019d0f9c44815bc1cdaaebefb8fd73ab83a3a3,skeptically,baseline,2,True,False,,258,missing_still_below_top3,-14.674930572509766,during,-2.9446029663085938,-11.730327606201172,258,259,False,,
news,ecf67d80dd2b669b371d575896019d0f9c44815bc1cdaaebefb8fd73ab83a3a3,skeptically,beam16,2,True,False,,355,missing_still_below_top3,-14.674930572509766,during,-2.9446029663085938,-11.730327606201172,385,386,False,,
news,6872a7585d41e0c343ed57560e83e9f9b3bbdadfa5716f127c9573b4f77e4f4a,that,baseline,1,True,True,3,3,already_top3,-2.9928741455078125,part,-3.7742462158203125,0.7813720703125,257,257,False,,
news,6872a7585d41e0c343ed57560e83e9f9b3bbdadfa5716f127c9573b4f77e4f4a,that,beam16,1,True,True,3,3,already_top3,-2.9928741455078125,part,-3.7742462158203125,0.7813720703125,385,385,False,,
news,da005c11de5373fbd3c1b27950518656556e66c1fdececeee105b0de71f7183e,no,baseline,1,True,True,3,3,already_top3,-2.8895492553710938,a,-3.124370574951172,0.23482131958007812,258,258,False,,
news,da005c11de5373fbd3c1b27950518656556e66c1fdececeee105b0de71f7183e,no,beam16,1,True,True,3,3,already_top3,-2.8895492553710938,a,-3.124370574951172,0.23482131958007812,386,386,False,,
news,7f9ed6116dc3ccca188b22bbd121848805e3e6c0280e9bf0faa4d0d72ea94eab,would,baseline,1,True,True,1,1,already_top3,-0.255584716796875,was,-3.9130420684814453,3.6574573516845703,263,263,False,,
news,7f9ed6116dc3ccca188b22bbd121848805e3e6c0280e9bf0faa4d0d72ea94eab,would,beam16,1,True,True,1,1,already_top3,-0.255584716796875,was,-3.9130420684814453,3.6574573516845703,389,389,False,,
news,098c69117b8881e56d058e8fc6b29d9c017f12ef3f55cdec9600fef0686337b7,told,baseline,1,True,False,,247,missing_still_below_top3,-8.870460510253906,need,-4.016460418701172,-4.854000091552734,257,258,False,,
news,098c69117b8881e56d058e8fc6b29d9c017f12ef3f55cdec9600fef0686337b7,told,beam16,1,True,False,,248,missing_still_below_top3,-8.870460510253906,need,-4.016460418701172,-4.854000091552734,383,384,False,,
news,3e90153b6c55a74f72f4805d5b35e74a7176b561502cb6f601aa5c19555612ad,enrichment,baseline,1,True,False,,255,missing_still_below_top3,-11.708772659301758,neighborhood,-2.8180179595947266,-8.890754699707031,260,261,False,,
news,3e90153b6c55a74f72f4805d5b35e74a7176b561502cb6f601aa5c19555612ad,enrichment,beam16,1,True,False,,289,missing_still_below_top3,-11.708772659301758,neighborhood,-2.8180179595947266,-8.890754699707031,388,389,False,,
news,4ea26a8abb5eb600ca358cdbb8d965a39b172db8a82187b9fdffc05078a04e6c,assemblyman,baseline,2,True,False,,258,missing_still_below_top3,-12.885627746582031,that,-4.758167266845703,-8.127460479736328,258,259,False,,
news,4ea26a8abb5eb600ca358cdbb8d965a39b172db8a82187b9fdffc05078a04e6c,assemblyman,beam16,2,True,False,,374,missing_still_below_top3,-12.885627746582031,that,-4.758167266845703,-8.127460479736328,386,387,False,,
news,9c7c01565b3472a352b333f8df678db211956321d35604d528fef38a494be67b,appliances,baseline,1,True,True,3,3,already_top3,-2.2294139862060547,lights,-2.418703079223633,0.18928909301757812,257,257,False,,
news,9c7c01565b3472a352b333f8df678db211956321d35604d528fef38a494be67b,appliances,beam16,1,True,True,3,3,already_top3,-2.2294139862060547,lights,-2.418703079223633,0.18928909301757812,385,385,False,,
news,bfce216ebb64ab7b37aaa1ad2ec6930d76944bddbb59599c7271e3235f76c5b1,sounds,baseline,1,True,True,157,157,covered_below_top3,-8.689872741699219,the,-2.5182952880859375,-6.171577453613281,263,263,False,,
news,bfce216ebb64ab7b37aaa1ad2ec6930d76944bddbb59599c7271e3235f76c5b1,sounds,beam16,1,True,True,170,170,covered_below_top3,-8.689872741699219,the,-2.5182952880859375,-6.171577453613281,383,383,False,,
news,a637ac5d25eed8e246172972466e0d3912c04cd1727c1fbd187b04a39cec57f8,before,baseline,1,True,True,3,3,already_top3,-2.9778385162353516,and,-3.0699005126953125,0.09206199645996094,257,257,True,3,0.0634307861328125
news,a637ac5d25eed8e246172972466e0d3912c04cd1727c1fbd187b04a39cec57f8,before,beam16,1,True,True,3,3,already_top3,-2.9778385162353516,and,-3.0699005126953125,0.09206199645996094,385,385,True,3,0.0634307861328125
news,871db16bb3649712406373bde33de2f9b2e70809cac90ab89aee8e7a8965007e,neighborhoods,baseline,1,True,True,43,43,covered_below_top3,-6.472532272338867,their,-3.503774642944336,-2.9687576293945312,257,257,False,,
news,871db16bb3649712406373bde33de2f9b2e70809cac90ab89aee8e7a8965007e,neighborhoods,beam16,1,True,True,44,44,covered_below_top3,-6.472532272338867,their,-3.503774642944336,-2.9687576293945312,385,385,False,,
news,04955e59e44c3d1fe568ad784c149fd27cb07c8951039910fe850170b3a5f7c9,percent,baseline,1,True,True,250,250,covered_below_top3,-9.61777114868164,half,-2.833963394165039,-6.783807754516602,258,258,False,,
news,04955e59e44c3d1fe568ad784c149fd27cb07c8951039910fe850170b3a5f7c9,percent,beam16,1,True,True,255,255,covered_below_top3,-9.61777114868164,half,-2.833963394165039,-6.783807754516602,386,386,False,,
news,27d047ef104b9c698c32eb137aad6579d18acdef310b0d6e32cea34c114152cd,salt,baseline,1,True,True,41,41,covered_below_top3,-6.514129638671875,a,-2.9045028686523438,-3.6096267700195312,261,261,False,,
news,27d047ef104b9c698c32eb137aad6579d18acdef310b0d6e32cea34c114152cd,salt,beam16,1,True,True,42,42,covered_below_top3,-6.514129638671875,a,-2.9045028686523438,-3.6096267700195312,389,389,False,,
news,a5a03e1b6dfaa5c72e856c47f83077d7bd8e9eee9b525d8b7d9b55d88c66a1bd,cockhearn,baseline,3,True,False,,271,missing_still_below_top3,-23.396291732788086,l,-4.718465805053711,-18.677825927734375,270,271,False,,
news,a5a03e1b6dfaa5c72e856c47f83077d7bd8e9eee9b525d8b7d9b55d88c66a1bd,cockhearn,beam16,3,True,False,,398,missing_still_below_top3,-23.396291732788086,l,-4.718465805053711,-18.677825927734375,397,398,False,,
news,282b3eb9a4a95f5bdaf1dea6cbcde775ec85edf2dde99b5e7976a6f3d5ed92f9,mix,baseline,1,True,True,37,37,covered_below_top3,-5.9110870361328125,is,-3.3957767486572266,-2.515310287475586,258,258,False,,
news,282b3eb9a4a95f5bdaf1dea6cbcde775ec85edf2dde99b5e7976a6f3d5ed92f9,mix,beam16,1,True,True,38,38,covered_below_top3,-5.9110870361328125,is,-3.3957767486572266,-2.515310287475586,386,386,False,,
news,f7a5ccdda258e974e83fe9f104198c9f5accd26baf72e040e130975e6992b5b7,community,baseline,1,True,True,1,1,already_top3,-2.5426158905029297,shop,-3.388059616088867,0.8454437255859375,265,265,False,,
news,f7a5ccdda258e974e83fe9f104198c9f5accd26baf72e040e130975e6992b5b7,community,beam16,1,True,True,1,1,already_top3,-2.5426158905029297,shop,-3.388059616088867,0.8454437255859375,393,393,False,,
news,f6598d7e48476f99679c5f1f7c192238d0cd5429b44fa780c54477867db0e109,is,baseline,1,True,True,5,5,covered_below_top3,-3.4654369354248047,could,-3.028707504272461,-0.43672943115234375,261,261,False,,
news,f6598d7e48476f99679c5f1f7c192238d0cd5429b44fa780c54477867db0e109,is,beam16,1,True,True,5,5,covered_below_top3,-3.4654369354248047,could,-3.028707504272461,-0.43672943115234375,388,388,False,,
news,359d4444be2889d954000a7ab74ac3dd0147a0f04c61fcd71435e6ea51a92728,schools,baseline,1,True,False,,245,missing_still_below_top3,-8.807384490966797,world,-5.1090850830078125,-3.6982994079589844,258,259,False,,
news,359d4444be2889d954000a7ab74ac3dd0147a0f04c61fcd71435e6ea51a92728,schools,beam16,1,True,False,,248,missing_still_below_top3,-8.807384490966797,world,-5.1090850830078125,-3.6982994079589844,386,387,False,,
news,6e0bd811c023c67ac39a75d263bf61379bc87cda9c6d6e94b8bb64779c337af2,the,baseline,1,True,True,1,1,already_top3,-0.7013740539550781,their,-3.4051151275634766,2.7037410736083984,259,259,False,,
news,6e0bd811c023c67ac39a75d263bf61379bc87cda9c6d6e94b8bb64779c337af2,the,beam16,1,True,True,1,1,already_top3,-0.7013740539550781,their,-3.4051151275634766,2.7037410736083984,387,387,False,,
news,aa24099cad7b67a065888d588754adaa691f018cc6689350f30653d56ce3d73f,friend,baseline,1,True,True,1,1,already_top3,-1.8011531829833984,neighbor,-3.642488479614258,1.8413352966308594,260,260,False,,
news,aa24099cad7b67a065888d588754adaa691f018cc6689350f30653d56ce3d73f,friend,beam16,1,True,True,1,1,already_top3,-1.8011531829833984,neighbor,-3.642488479614258,1.8413352966308594,388,388,False,,
news,239259695c52c86465507b4ef59edf4c9a9c2f0395508cede1f19385724ebf60,cases,baseline,1,True,True,1,1,already_top3,-1.4353141784667969,complaints,-2.3259620666503906,0.8906478881835938,268,268,False,,
news,239259695c52c86465507b4ef59edf4c9a9c2f0395508cede1f19385724ebf60,cases,beam16,1,True,True,1,1,already_top3,-1.4353141784667969,complaints,-2.3259620666503906,0.8906478881835938,396,396,False,,
news,8b539b4fb5c53fd3c0710eb1b96869ec52862b093fa2697969d9175392c9f9fb,is,baseline,1,True,True,1,1,already_top3,-1.5227165222167969,of,-3.3503894805908203,1.8276729583740234,256,256,False,,
news,8b539b4fb5c53fd3c0710eb1b96869ec52862b093fa2697969d9175392c9f9fb,is,beam16,1,True,True,1,1,already_top3,-1.5227165222167969,of,-3.3503894805908203,1.8276729583740234,384,384,False,,
news,84a5a50565049300800edc1acb556c2463c23040a7d89f3b0890b6812d339149,bobby,baseline,2,True,False,,253,missing_still_below_top3,-12.445056915283203,has,-2.6401748657226562,-9.804882049560547,257,258,False,,
news,84a5a50565049300800edc1acb556c2463c23040a7d89f3b0890b6812d339149,bobby,beam16,2,True,False,,277,missing_still_below_top3,-12.445056915283203,has,-2.6401748657226562,-9.804882049560547,385,386,False,,
news,46b859be6ee7509dd423d6040eb320b6f3527d819021d3bb31f0ce6145622138,bosnians,baseline,3,True,False,,43,missing_still_below_top3,-7.354364395141602,they,-2.5167007446289062,-4.837663650512695,256,257,False,,
news,46b859be6ee7509dd423d6040eb320b6f3527d819021d3bb31f0ce6145622138,bosnians,beam16,3,True,False,,43,missing_still_below_top3,-7.354364395141602,they,-2.5167007446289062,-4.837663650512695,384,385,False,,
news,5741bc44e322a87b8a92fa9f6e1e67345186c2a2fe4cd2d146a026015f08f88c,stacked,baseline,1,True,True,3,3,already_top3,-3.1266326904296875,better,-3.142578125,0.0159454345703125,259,259,True,3,0.00888824462890625
news,5741bc44e322a87b8a92fa9f6e1e67345186c2a2fe4cd2d146a026015f08f88c,stacked,beam16,1,True,True,3,3,already_top3,-3.1266326904296875,better,-3.142578125,0.0159454345703125,387,387,True,3,0.00888824462890625
news,7aa3e7997cf19aeb21f2325f177d3ba95d637bca8bcac03720a8925eb530bbba,cup,baseline,1,True,True,4,4,covered_below_top3,-3.4054508209228516,cars,-3.1589603424072266,-0.246490478515625,262,262,False,,
news,7aa3e7997cf19aeb21f2325f177d3ba95d637bca8bcac03720a8925eb530bbba,cup,beam16,1,True,True,4,4,covered_below_top3,-3.4054508209228516,cars,-3.1589603424072266,-0.246490478515625,390,390,False,,
news,ca9fd4227b451efa0901592488ca295a6246a1df18bf4969c7fe63db67bef064,off,baseline,1,True,True,1,1,already_top3,-0.07580184936523438,down,-5.842231750488281,5.766429901123047,259,259,False,,
news,ca9fd4227b451efa0901592488ca295a6246a1df18bf4969c7fe63db67bef064,off,beam16,1,True,True,1,1,already_top3,-0.07580184936523438,down,-5.842231750488281,5.766429901123047,387,387,False,,
news,326ee4a1e2932b2fc5b804f37b674a354f113b7c75370272449b56ca4337d46a,have,baseline,1,True,True,2,2,already_top3,-1.849334716796875,know,-3.600391387939453,1.7510566711425781,256,256,False,,
news,326ee4a1e2932b2fc5b804f37b674a354f113b7c75370272449b56ca4337d46a,have,beam16,1,True,True,2,2,already_top3,-1.849334716796875,know,-3.600391387939453,1.7510566711425781,384,384,False,,
news,4a494f2ad85e8f721de807f3044c2c35a33a042c0e8337ec1fc1049662e6bdf9,few,baseline,1,True,True,3,3,already_top3,-3.6538467407226562,time,-3.717742919921875,0.06389617919921875,256,256,True,3,0.060543060302734375
news,4a494f2ad85e8f721de807f3044c2c35a33a042c0e8337ec1fc1049662e6bdf9,few,beam16,1,True,True,3,3,already_top3,-3.6538467407226562,time,-3.717742919921875,0.06389617919921875,384,384,True,3,0.060543060302734375
news,ec4a5af7a407d1e1083797269b92315f2943da4bda5c4ae8faf063d61f5193e9,miss,baseline,1,True,True,1,1,already_top3,-0.38085174560546875,skip,-4.036466598510742,3.6556148529052734,257,257,False,,
news,ec4a5af7a407d1e1083797269b92315f2943da4bda5c4ae8faf063d61f5193e9,miss,beam16,1,True,True,1,1,already_top3,-0.38085174560546875,skip,-4.036466598510742,3.6556148529052734,385,385,False,,
news,be1551997cd535f0fdb95b6f4c9ea852de6821b2e7019dc7ab31ed0629abfb5b,member,baseline,1,True,True,190,190,covered_below_top3,-7.447658538818359,policy,-3.038532257080078,-4.409126281738281,265,265,False,,
news,be1551997cd535f0fdb95b6f4c9ea852de6821b2e7019dc7ab31ed0629abfb5b,member,beam16,1,True,True,191,191,covered_below_top3,-7.447658538818359,policy,-3.038532257080078,-4.409126281738281,392,392,False,,
news,2ab9093119e75ec17bc2b2e29930b84e0b148f9a6f3838d217aa1d69aaf3bc66,set,baseline,1,True,True,9,9,covered_below_top3,-4.028963088989258,used,-3.295473098754883,-0.733489990234375,258,258,False,,
news,2ab9093119e75ec17bc2b2e29930b84e0b148f9a6f3838d217aa1d69aaf3bc66,set,beam16,1,True,True,9,9,covered_below_top3,-4.028963088989258,used,-3.295473098754883,-0.733489990234375,386,386,False,,
news,a42d16131885950be14af6ff27a3c7efb3ff00e0a8fbd92f2858dcad75f1d560,and,baseline,1,True,True,7,7,covered_below_top3,-3.944826126098633,defended,-3.1007118225097656,-0.8441143035888672,272,272,False,,
news,a42d16131885950be14af6ff27a3c7efb3ff00e0a8fbd92f2858dcad75f1d560,and,beam16,1,True,True,7,7,covered_below_top3,-3.944826126098633,defended,-3.1007118225097656,-0.8441143035888672,400,400,False,,
news,d3fba8e9f1b4cc752b0ab821a3434912789a307ecd7f5acd7ee6a3c07f3d31f9,started,baseline,1,True,True,131,131,covered_below_top3,-7.813434600830078,need,-4.016460418701172,-3.7969741821289062,257,257,False,,
news,d3fba8e9f1b4cc752b0ab821a3434912789a307ecd7f5acd7ee6a3c07f3d31f9,started,beam16,1,True,True,132,132,covered_below_top3,-7.813434600830078,need,-4.016460418701172,-3.7969741821289062,383,383,False,,
news,54606765b718f78152128075fc52868c39c213bd94b822a868d42dfb01b5bc2f,visited,baseline,1,True,True,83,83,covered_below_top3,-7.002574920654297,arrested,-2.6275062561035156,-4.375068664550781,271,271,False,,
news,54606765b718f78152128075fc52868c39c213bd94b822a868d42dfb01b5bc2f,visited,beam16,1,True,True,83,83,covered_below_top3,-7.002574920654297,arrested,-2.6275062561035156,-4.375068664550781,399,399,False,,
news,3d5a72bc3f832a91487057e3d1a4bbb71493cb3e8939de994fb537223ac7245c,host,baseline,1,True,True,1,1,already_top3,-1.8460464477539062,receive,-2.455324172973633,0.6092777252197266,260,260,False,,
news,3d5a72bc3f832a91487057e3d1a4bbb71493cb3e8939de994fb537223ac7245c,host,beam16,1,True,True,1,1,already_top3,-1.8460464477539062,receive,-2.455324172973633,0.6092777252197266,388,388,False,,
news,56db48bbc02e1488cc6623b86bd8f31c1867aa5cc5e76cf66d1323ed89aa5f6f,comerica,baseline,2,True,False,,210,missing_still_below_top3,-12.218404769897461,san,-4.018970489501953,-8.199434280395508,267,268,False,,
news,56db48bbc02e1488cc6623b86bd8f31c1867aa5cc5e76cf66d1323ed89aa5f6f,comerica,beam16,2,True,False,,309,missing_still_below_top3,-12.218404769897461,san,-4.018970489501953,-8.199434280395508,395,396,False,,
news,a1d91be882ba2ca416f10727852d629e1c2cb2db52bd8a9f4b6b48dc92081227,have,baseline,1,True,True,6,6,covered_below_top3,-3.4215831756591797,are,-3.0779895782470703,-0.3435935974121094,258,258,False,,
news,a1d91be882ba2ca416f10727852d629e1c2cb2db52bd8a9f4b6b48dc92081227,have,beam16,1,True,True,6,6,covered_below_top3,-3.4215831756591797,are,-3.0779895782470703,-0.3435935974121094,386,386,False,,
news,a9de33bddac7a303fac0f61166a7a93eb2d9c832ed52c93c19014c40250942ab,sees,baseline,1,True,True,23,23,covered_below_top3,-5.098011016845703,will,-3.2704925537109375,-1.8275184631347656,266,266,False,,
news,a9de33bddac7a303fac0f61166a7a93eb2d9c832ed52c93c19014c40250942ab,sees,beam16,1,True,True,24,24,covered_below_top3,-5.098011016845703,will,-3.2704925537109375,-1.8275184631347656,394,394,False,,
news,6e5fca00f1ae3f9a18e52f998ade26f0202971b21caf1d6c5ac5e72da8f2f358,walker,baseline,1,True,True,33,33,covered_below_top3,-7.263755798339844,hill,-5.884613037109375,-1.3791427612304688,270,270,False,,
news,6e5fca00f1ae3f9a18e52f998ade26f0202971b21caf1d6c5ac5e72da8f2f358,walker,beam16,1,True,True,58,58,covered_below_top3,-7.263755798339844,jones,-4.905296325683594,-2.35845947265625,398,398,False,,
news,e84d7f07137c81199ceb14d3930fb7f712a1c46413c70ee1401aa557e2ba92b6,that,baseline,1,True,True,6,6,covered_below_top3,-4.151336669921875,a,-3.1958847045898438,-0.9554519653320312,256,256,False,,
news,e84d7f07137c81199ceb14d3930fb7f712a1c46413c70ee1401aa557e2ba92b6,that,beam16,1,True,True,6,6,covered_below_top3,-4.151336669921875,a,-3.1958847045898438,-0.9554519653320312,384,384,False,,
news,b56cbfcb7ae80af748d0690193249ca39bb60d61522df623498dda785d151440,team,baseline,1,True,True,31,31,covered_below_top3,-5.264772415161133,status,-3.3977603912353516,-1.8670120239257812,267,267,False,,
news,b56cbfcb7ae80af748d0690193249ca39bb60d61522df623498dda785d151440,team,beam16,1,True,True,31,31,covered_below_top3,-5.264772415161133,status,-3.3977603912353516,-1.8670120239257812,395,395,False,,
news,ed1ceab8259a13d2ec375d58ced706564f999260f4686bf0be542acfb669e338,to,baseline,1,True,True,2,2,already_top3,-2.6535186767578125,store,-3.1845054626464844,0.5309867858886719,258,258,False,,
news,ed1ceab8259a13d2ec375d58ced706564f999260f4686bf0be542acfb669e338,to,beam16,1,True,True,2,2,already_top3,-2.6535186767578125,store,-3.1845054626464844,0.5309867858886719,386,386,False,,
news,d09e0e132e5c20cf282974ef756d4b00ebca153fd991da659c27a8667ff253e1,eclipse,baseline,1,True,True,247,247,covered_below_top3,-10.437747955322266,and,-3.41033935546875,-7.027408599853516,258,258,False,,
news,d09e0e132e5c20cf282974ef756d4b00ebca153fd991da659c27a8667ff253e1,eclipse,beam16,1,True,True,262,262,covered_below_top3,-10.437747955322266,and,-3.41033935546875,-7.027408599853516,386,386,False,,
news,5a1878d44cdfd752bda49b63a48529b18ff7c754da32e73e58cf214c1e6cd988,proposed,baseline,1,True,True,55,55,covered_below_top3,-6.287448883056641,redevelopment,-3.9906272888183594,-2.2968215942382812,265,265,False,,
news,5a1878d44cdfd752bda49b63a48529b18ff7c754da32e73e58cf214c1e6cd988,proposed,beam16,1,True,True,57,57,covered_below_top3,-6.287448883056641,redevelopment,-3.9906272888183594,-2.2968215942382812,393,393,False,,
news,255336bef0a5777e79a0dfbdeb91e8ddef900e280dd375f65e130b960c3848c5,meet,baseline,1,True,True,1,1,already_top3,-2.8356056213378906,comply,-3.4136581420898438,0.5780525207519531,258,258,False,,
news,255336bef0a5777e79a0dfbdeb91e8ddef900e280dd375f65e130b960c3848c5,meet,beam16,1,True,True,1,1,already_top3,-2.8356056213378906,comply,-3.4136581420898438,0.5780525207519531,386,386,False,,
news,433393233fce9ceb95b581cad00c6e960ffe364364a8bdc6251088d5493b406e,amazing,baseline,1,True,True,1,1,already_top3,-1.7291374206542969,opportunity,-3.3697128295898438,1.6405754089355469,256,256,False,,
news,433393233fce9ceb95b581cad00c6e960ffe364364a8bdc6251088d5493b406e,amazing,beam16,1,True,True,1,1,already_top3,-1.7291374206542969,opportunity,-3.3697128295898438,1.6405754089355469,384,384,False,,
news,57d94905fad1678a861dfd95010ab2cd0eaf033a73bd388f99214b3c50901a93,heavy,baseline,1,True,False,,237,missing_still_below_top3,-7.746316909790039,lot,-3.354900360107422,-4.391416549682617,256,257,False,,
news,57d94905fad1678a861dfd95010ab2cd0eaf033a73bd388f99214b3c50901a93,heavy,beam16,1,True,False,,237,missing_still_below_top3,-7.746316909790039,lot,-3.354900360107422,-4.391416549682617,384,385,False,,
news,c1e43e0533e2849ea181116e5d599d709adda0f5c6858a6e75ccb5d14c5eecf1,my,baseline,1,True,True,1,1,already_top3,-1.3075199127197266,some,-2.213956832885742,0.9064369201660156,257,257,False,,
news,c1e43e0533e2849ea181116e5d599d709adda0f5c6858a6e75ccb5d14c5eecf1,my,beam16,1,True,True,1,1,already_top3,-1.3075199127197266,some,-2.213956832885742,0.9064369201660156,385,385,False,,
news,07f146942fd4f89aaadfa640ff86b28e878e572ff15834cec63f5ababe42a020,against,baseline,1,True,True,6,6,covered_below_top3,-3.6750335693359375,for,-3.5501060485839844,-0.12492752075195312,257,257,False,,
news,07f146942fd4f89aaadfa640ff86b28e878e572ff15834cec63f5ababe42a020,against,beam16,1,True,True,6,6,covered_below_top3,-3.6750335693359375,for,-3.5501060485839844,-0.12492752075195312,385,385,False,,
news,2e075e9b5fddf44a34a0869d57a9420e0feef661a06d38c97261702d49686a0f,was,baseline,1,True,True,3,3,already_top3,-2.028118133544922,is,-2.119609832763672,0.09149169921875,256,256,True,3,0.08647918701171875
news,2e075e9b5fddf44a34a0869d57a9420e0feef661a06d38c97261702d49686a0f,was,beam16,1,True,True,3,3,already_top3,-2.028118133544922,is,-2.119609832763672,0.09149169921875,384,384,True,3,0.08647918701171875
news,c8d10be22d466d31056637c04dc569d87a1a9170d678f0292b333273c1dc5d83,has,baseline,1,True,True,2,2,already_top3,-2.148988723754883,declined,-2.9455795288085938,0.7965908050537109,256,256,False,,
news,c8d10be22d466d31056637c04dc569d87a1a9170d678f0292b333273c1dc5d83,has,beam16,1,True,True,2,2,already_top3,-2.148988723754883,declined,-2.9455795288085938,0.7965908050537109,384,384,False,,
news,36ac85f0453c73fa5f2f0355eb882e92d1fc531ad42f4c3e29236498be475676,tax,baseline,1,True,False,,195,missing_still_below_top3,-8.723793029785156,an,-5.1197052001953125,-3.6040878295898438,230,231,False,,
news,36ac85f0453c73fa5f2f0355eb882e92d1fc531ad42f4c3e29236498be475676,tax,beam16,1,True,False,,195,missing_still_below_top3,-8.723793029785156,an,-5.1197052001953125,-3.6040878295898438,358,359,False,,
news,1b615d4e9211a5670e08a0b77e88f95e58df65c15953200d7c8d3c7a6079a39c,up,baseline,1,True,True,1,1,already_top3,-0.3189582824707031,away,-3.943988800048828,3.625030517578125,257,257,False,,
news,1b615d4e9211a5670e08a0b77e88f95e58df65c15953200d7c8d3c7a6079a39c,up,beam16,1,True,True,1,1,already_top3,-0.3189582824707031,away,-3.943988800048828,3.625030517578125,385,385,False,,
news,b271833adf6e606ecc00d7599e50846565465bdb39900e88b909d7ff98177005,make,baseline,1,True,True,1,1,already_top3,-0.5496654510498047,have,-3.5020179748535156,2.952352523803711,258,258,False,,
news,b271833adf6e606ecc00d7599e50846565465bdb39900e88b909d7ff98177005,make,beam16,1,True,True,1,1,already_top3,-0.5496654510498047,have,-3.5020179748535156,2.952352523803711,386,386,False,,
news,eb88a29ef37d63e94d103d32596a17756540558a0bcf8fb1a46b21042c45f98a,he,baseline,1,True,True,39,39,covered_below_top3,-6.0041656494140625,is,-3.3803749084472656,-2.623790740966797,255,255,False,,
news,eb88a29ef37d63e94d103d32596a17756540558a0bcf8fb1a46b21042c45f98a,he,beam16,1,True,True,40,40,covered_below_top3,-6.0041656494140625,is,-3.3803749084472656,-2.623790740966797,383,383,False,,
news,88ebfbb1c53b99af5e32ddc5c1013ad143d2fe44ed4afd5c9aad468ba8a30737,though,baseline,1,True,False,,259,missing_still_below_top3,-12.226301193237305,movie,-4.652090072631836,-7.574211120605469,258,259,False,,
news,88ebfbb1c53b99af5e32ddc5c1013ad143d2fe44ed4afd5c9aad468ba8a30737,though,beam16,1,True,False,,283,missing_still_below_top3,-12.226301193237305,movie,-4.652090072631836,-7.574211120605469,386,387,False,,
news,1af4e751b6c8b3708eb57c5a696639286c5cc8b4b48cde282fe7c4829def3dff,is,baseline,1,True,True,1,1,already_top3,-2.390584945678711,will,-5.110757827758789,2.720172882080078,262,262,False,,
news,1af4e751b6c8b3708eb57c5a696639286c5cc8b4b48cde282fe7c4829def3dff,is,beam16,1,True,True,1,1,already_top3,-2.390584945678711,will,-5.110757827758789,2.720172882080078,389,389,False,,
news,8fe6ec8437c27cb0aee85ecfac83832269358a6ebd7c5c84e057269eb44e457d,us,baseline,1,True,True,5,5,covered_below_top3,-3.541067123413086,with,-1.9318046569824219,-1.609262466430664,255,255,False,,
news,8fe6ec8437c27cb0aee85ecfac83832269358a6ebd7c5c84e057269eb44e457d,us,beam16,1,True,True,5,5,covered_below_top3,-3.541067123413086,with,-1.9318046569824219,-1.609262466430664,383,383,False,,
news,33f717ad8752ab87043eda3bf852f68119aecafbd6ed1e495a83b87edd839e58,internally,baseline,1,True,False,,244,missing_still_below_top3,-13.252120971679688,one,-3.861787796020508,-9.39033317565918,259,260,False,,
news,33f717ad8752ab87043eda3bf852f68119aecafbd6ed1e495a83b87edd839e58,internally,beam16,1,True,False,,247,missing_still_below_top3,-13.252120971679688,one,-3.861787796020508,-9.39033317565918,387,388,False,,
news,f86c6898db9e94f5324a7b3fabf6757cb32edb1bc4071e635a0aea61f46e4c5e,definitely,baseline,1,True,False,,239,missing_still_below_top3,-8.840997695922852,the,-3.2816524505615234,-5.559345245361328,260,261,False,,
news,f86c6898db9e94f5324a7b3fabf6757cb32edb1bc4071e635a0aea61f46e4c5e,definitely,beam16,1,True,False,,262,missing_still_below_top3,-8.840997695922852,the,-3.2816524505615234,-5.559345245361328,387,388,False,,
news,e32253463a8348535c8c047764caa30ea92066fa252eee025a95f90900c9a3a2,agricultural,baseline,1,True,True,3,3,already_top3,-2.381227493286133,cash,-2.6166324615478516,0.23540496826171875,268,268,False,,
news,e32253463a8348535c8c047764caa30ea92066fa252eee025a95f90900c9a3a2,agricultural,beam16,1,True,True,3,3,already_top3,-2.381227493286133,cash,-2.6166324615478516,0.23540496826171875,396,396,False,,
news,686d39d3049efad3a4c1d1276e3c97828cdc0ed431a02f04c14e2566111e6c8c,election,baseline,1,True,False,,237,missing_still_below_top3,-8.482734680175781,letter,-3.0007057189941406,-5.482028961181641,267,268,False,,
news,686d39d3049efad3a4c1d1276e3c97828cdc0ed431a02f04c14e2566111e6c8c,election,beam16,1,True,False,,237,missing_still_below_top3,-8.482734680175781,letter,-3.0007057189941406,-5.482028961181641,395,396,False,,
news,85d0f5300ad457e0bc817cda083e3d15d80e7795382cc68523262089467a89d9,of,baseline,1,True,True,1,1,already_top3,-0.33045196533203125,how,-4.159599304199219,3.8291473388671875,256,256,False,,
news,85d0f5300ad457e0bc817cda083e3d15d80e7795382cc68523262089467a89d9,of,beam16,1,True,True,1,1,already_top3,-0.33045196533203125,how,-4.159599304199219,3.8291473388671875,384,384,False,,
news,0d6b71940dfd03b2e4325ff659ecc5682b2ec19c211af34cf704e88d089124cc,that,baseline,1,True,True,1,1,already_top3,-1.953664779663086,what,-2.334230422973633,0.3805656433105469,257,257,False,,
news,0d6b71940dfd03b2e4325ff659ecc5682b2ec19c211af34cf704e88d089124cc,that,beam16,1,True,True,1,1,already_top3,-1.953664779663086,what,-2.334230422973633,0.3805656433105469,384,384,False,,
news,29b02305f0712bc88c8c1261d4c87ea1bf5ba4e03bc3f8ba64f9fb3003c73853,decision,baseline,1,True,True,1,1,already_top3,-3.392688751220703,results,-4.079963684082031,0.6872749328613281,264,264,False,,
news,29b02305f0712bc88c8c1261d4c87ea1bf5ba4e03bc3f8ba64f9fb3003c73853,decision,beam16,1,True,True,1,1,already_top3,-3.392688751220703,results,-4.079963684082031,0.6872749328613281,392,392,False,,
news,e74c1ea6cabae975f113e906efb668afea9aeaba8ba92dca189dc50dd014c2ba,schaefer,baseline,3,True,False,,73,missing_still_below_top3,-8.859397888183594,martin,-5.83027458190918,-3.029123306274414,268,269,False,,
news,e74c1ea6cabae975f113e906efb668afea9aeaba8ba92dca189dc50dd014c2ba,schaefer,beam16,3,True,False,,153,missing_still_below_top3,-8.859397888183594,smith,-5.333093643188477,-3.526304244995117,396,397,False,,
news,c42f645b0dca494476b9066cdce860105260306027efc4c39075f9e3d9563df4,their,baseline,1,True,True,1,1,already_top3,-2.4573936462402344,the,-3.1776657104492188,0.7202720642089844,257,257,False,,
news,c42f645b0dca494476b9066cdce860105260306027efc4c39075f9e3d9563df4,their,beam16,1,True,True,1,1,already_top3,-2.4573936462402344,the,-3.1776657104492188,0.7202720642089844,385,385,False,,
news,fc564631bebbda3cfa7a3627290093ab4a0f6b40ee48286780be872ae191e0fb,was,baseline,1,True,True,3,3,already_top3,-2.5126285552978516,had,-3.1066455841064453,0.5940170288085938,258,258,False,,
news,fc564631bebbda3cfa7a3627290093ab4a0f6b40ee48286780be872ae191e0fb,was,beam16,1,True,True,3,3,already_top3,-2.5126285552978516,had,-3.1066455841064453,0.5940170288085938,386,386,False,,
news,ac9a1cbd4806de503c2f09f61741a66674c08ffe26151de782d0ec5a34aec06a,newspapers,baseline,1,True,True,59,59,covered_below_top3,-7.065324783325195,itself,-2.752685546875,-4.312639236450195,260,260,False,,
news,ac9a1cbd4806de503c2f09f61741a66674c08ffe26151de782d0ec5a34aec06a,newspapers,beam16,1,True,True,60,60,covered_below_top3,-7.065324783325195,itself,-2.752685546875,-4.312639236450195,388,388,False,,
news,c8b85cfc9bea2b281a6fb4d736b31e1ae09a21ce5fd9446ae208966b8eaa9fd3,of,baseline,1,True,True,1,1,already_top3,-0.6026687622070312,will,-4.776880264282227,4.174211502075195,260,260,False,,
news,c8b85cfc9bea2b281a6fb4d736b31e1ae09a21ce5fd9446ae208966b8eaa9fd3,of,beam16,1,True,True,1,1,already_top3,-0.6026687622070312,will,-4.776880264282227,4.174211502075195,388,388,False,,
news,ab9fd156d7fca2d488ff69394f14580cb9f19094ab9362d5cf7fc739ebd95593,officers,baseline,1,True,False,,238,missing_still_below_top3,-8.454036712646484,about,-3.9680633544921875,-4.485973358154297,260,261,False,,
news,ab9fd156d7fca2d488ff69394f14580cb9f19094ab9362d5cf7fc739ebd95593,officers,beam16,1,True,False,,238,missing_still_below_top3,-8.454036712646484,about,-3.9680633544921875,-4.485973358154297,388,389,False,,
news,86ef91a837f26c60a094b0f94a496fba30d09393ee01a1fab51aee4af7cca0d1,vindicated,baseline,2,True,False,,242,missing_still_below_top3,-8.252613067626953,looking,-3.4345569610595703,-4.818056106567383,258,259,False,,
news,86ef91a837f26c60a094b0f94a496fba30d09393ee01a1fab51aee4af7cca0d1,vindicated,beam16,2,True,False,,250,missing_still_below_top3,-8.252613067626953,looking,-3.4345569610595703,-4.818056106567383,386,387,False,,
news,c0b092feca32a6e5fccee245d1490df3337d12fbc9316a6b22a314829d2c91d2,and,baseline,1,True,True,17,17,covered_below_top3,-5.58836555480957,park,-3.0132904052734375,-2.575075149536133,263,263,False,,
news,c0b092feca32a6e5fccee245d1490df3337d12fbc9316a6b22a314829d2c91d2,and,beam16,1,True,True,17,17,covered_below_top3,-5.58836555480957,park,-3.0132904052734375,-2.575075149536133,391,391,False,,
news,a634b5a0f50b7adb72c92bdb593386468a7274e809ae981207c6e64f2f801d36,necessary,baseline,1,True,True,9,9,covered_below_top3,-4.275163650512695,same,-2.962747573852539,-1.3124160766601562,262,262,False,,
news,a634b5a0f50b7adb72c92bdb593386468a7274e809ae981207c6e64f2f801d36,necessary,beam16,1,True,True,9,9,covered_below_top3,-4.275163650512695,same,-2.962747573852539,-1.3124160766601562,390,390,False,,
news,3dee073e693ec7cc66e83c22a7c70c75e16f85074882fa236bb9ffda291c1e39,tobias,baseline,2,True,False,,55,missing_still_below_top3,-7.066835403442383,peter,-4.173727035522461,-2.893108367919922,263,264,False,,
news,3dee073e693ec7cc66e83c22a7c70c75e16f85074882fa236bb9ffda291c1e39,tobias,beam16,2,True,False,,85,missing_still_below_top3,-7.066835403442383,thomas,-3.964101791381836,-3.102733612060547,390,391,False,,
news,58bdb7708399bc629cf254f381ba55bc3a8e7adeea136de75440494b24cadf88,the,baseline,1,True,True,11,11,covered_below_top3,-4.838651657104492,do,-2.905529022216797,-1.9331226348876953,254,254,False,,
news,58bdb7708399bc629cf254f381ba55bc3a8e7adeea136de75440494b24cadf88,the,beam16,1,True,True,11,11,covered_below_top3,-4.838651657104492,do,-2.905529022216797,-1.9331226348876953,382,382,False,,
news,c32ccd38d3685b6aed19f7d133e08d8a4bdbd6f81183fb50f759138fd92ba5ca,initiatives,baseline,1,True,True,45,45,covered_below_top3,-6.507579803466797,successes,-3.2980194091796875,-3.2095603942871094,266,266,False,,
news,c32ccd38d3685b6aed19f7d133e08d8a4bdbd6f81183fb50f759138fd92ba5ca,initiatives,beam16,1,True,True,51,51,covered_below_top3,-6.507579803466797,successes,-3.2980194091796875,-3.2095603942871094,394,394,False,,
news,8be47da154e2f9cd6d7d4457a565045d1c066df5ef74bf30b53c9fa0c7e88a03,guile,baseline,2,True,False,,262,missing_still_below_top3,-12.972433090209961,players,-4.063972473144531,-8.90846061706543,263,264,False,,
news,8be47da154e2f9cd6d7d4457a565045d1c066df5ef74bf30b53c9fa0c7e88a03,guile,beam16,2,True,False,,367,missing_still_below_top3,-12.972433090209961,players,-4.063972473144531,-8.90846061706543,391,392,False,,
news,f9915c5a956811312db5d37823a700a2ae56756da3ec13538c2b673b48b77555,with,baseline,1,True,True,4,4,covered_below_top3,-2.929788589477539,friday,-2.898439407348633,-0.03134918212890625,253,253,True,4,-0.021944046020507812
news,f9915c5a956811312db5d37823a700a2ae56756da3ec13538c2b673b48b77555,with,beam16,1,True,True,4,4,covered_below_top3,-2.929788589477539,friday,-2.898439407348633,-0.03134918212890625,381,381,True,4,-0.021944046020507812
news,1eb694dbe7867ce934be7c9b3587a71f361b7b8451e881f8e6b828b88333fd89,hits,baseline,1,True,True,5,5,covered_below_top3,-2.9940032958984375,accomplishment,-2.4323272705078125,-0.561676025390625,260,260,False,,
news,1eb694dbe7867ce934be7c9b3587a71f361b7b8451e881f8e6b828b88333fd89,hits,beam16,1,True,True,5,5,covered_below_top3,-2.9940032958984375,accomplishment,-2.4323272705078125,-0.561676025390625,388,388,False,,
news,88684643f90ef38fe7193f14c65ae5a718e484968c707a5ef25073f8dd68fce3,employees,baseline,1,True,True,1,1,already_top3,-1.7112808227539062,news,-2.978403091430664,1.2671222686767578,267,267,False,,
news,88684643f90ef38fe7193f14c65ae5a718e484968c707a5ef25073f8dd68fce3,employees,beam16,1,True,True,1,1,already_top3,-1.7112808227539062,news,-2.978403091430664,1.2671222686767578,395,395,False,,
news,a6825354d2eec97c8ec5af281c3e8ffb8d8d8d1b79fda38cf2d090111b929572,should,baseline,1,True,True,108,108,covered_below_top3,-8.077682495117188,was,-5.263286590576172,-2.8143959045410156,259,259,False,,
news,a6825354d2eec97c8ec5af281c3e8ffb8d8d8d1b79fda38cf2d090111b929572,should,beam16,1,True,True,129,129,covered_below_top3,-8.077682495117188,was,-5.263286590576172,-2.8143959045410156,387,387,False,,
news,fc31b76770d45bb6edf3a2d261bcd4e1e607a8cfdc6fa01042753364297e4907,the,baseline,1,True,True,1,1,already_top3,-1.0768585205078125,any,-3.065458297729492,1.9885997772216797,262,262,False,,
news,fc31b76770d45bb6edf3a2d261bcd4e1e607a8cfdc6fa01042753364297e4907,the,beam16,1,True,True,1,1,already_top3,-1.0768585205078125,any,-3.065458297729492,1.9885997772216797,390,390,False,,
news,9f49b5c70ba25f6143128ae546aaccc82bb16458882334b8b31f2f4822e921e1,have,baseline,1,True,True,3,3,already_top3,-2.0304832458496094,will,-3.296173095703125,1.2656898498535156,257,257,False,,
news,9f49b5c70ba25f6143128ae546aaccc82bb16458882334b8b31f2f4822e921e1,have,beam16,1,True,True,3,3,already_top3,-2.0304832458496094,will,-3.296173095703125,1.2656898498535156,385,385,False,,
news,cc4cac49b2fa3a54ad87d0bfe66e9af25ea6dff9593f772ada978367c9c2195b,plant,baseline,1,True,False,,247,missing_still_below_top3,-9.522220611572266,bus,-2.875347137451172,-6.646873474121094,271,272,False,,
news,cc4cac49b2fa3a54ad87d0bfe66e9af25ea6dff9593f772ada978367c9c2195b,plant,beam16,1,True,False,,257,missing_still_below_top3,-9.522220611572266,bus,-2.875347137451172,-6.646873474121094,399,400,False,,
news,167a7a8d42de7964f3b67bce94140ce4c328a06ad649a91a4970945638056555,initiated,baseline,1,True,True,16,16,covered_below_top3,-4.669660568237305,conducted,-2.0289878845214844,-2.6406726837158203,263,263,False,,
news,167a7a8d42de7964f3b67bce94140ce4c328a06ad649a91a4970945638056555,initiated,beam16,1,True,True,17,17,covered_below_top3,-4.669660568237305,conducted,-2.0289878845214844,-2.6406726837158203,391,391,False,,
news,93b7fa846956a2a6f0047c1160bf4b816ea84b328f324607005a86c7782e1510,said,baseline,1,True,True,1,1,already_top3,-1.6036224365234375,says,-3.400419235229492,1.7967967987060547,256,256,False,,
news,93b7fa846956a2a6f0047c1160bf4b816ea84b328f324607005a86c7782e1510,said,beam16,1,True,True,1,1,already_top3,-1.6036224365234375,says,-3.400419235229492,1.7967967987060547,384,384,False,,
news,ca672140801740fa7e44ccb50cf3d62fedde66c3a5920ca1d5f3d8f7a911757a,as,baseline,1,True,True,1,1,already_top3,-0.38134002685546875,results,-5.037284851074219,4.65594482421875,262,262,False,,
news,ca672140801740fa7e44ccb50cf3d62fedde66c3a5920ca1d5f3d8f7a911757a,as,beam16,1,True,True,1,1,already_top3,-0.38134002685546875,results,-5.037284851074219,4.65594482421875,390,390,False,,
news,09104adbbf177a82e40cd474f07579ce08cddba2cc227bcd2cffa96f9f4d89e1,union,baseline,1,True,False,,240,missing_still_below_top3,-10.19430923461914,he,-2.5915908813476562,-7.602718353271484,258,259,False,,
news,09104adbbf177a82e40cd474f07579ce08cddba2cc227bcd2cffa96f9f4d89e1,union,beam16,1,True,False,,261,missing_still_below_top3,-10.19430923461914,he,-2.5915908813476562,-7.602718353271484,384,385,False,,
news,d516d891abce8f32f976c0d236d0119d3febe3291cf8be64d26fb417d7592c85,early,baseline,1,True,False,,205,missing_still_below_top3,-8.41897964477539,park,-4.532562255859375,-3.8864173889160156,258,259,False,,
news,d516d891abce8f32f976c0d236d0119d3febe3291cf8be64d26fb417d7592c85,early,beam16,1,True,False,,214,missing_still_below_top3,-8.41897964477539,park,-4.532562255859375,-3.8864173889160156,386,387,False,,
news,f3413e35de07bfd9f9076f1a158e5543ec7ac734d404122088009c8189ee8f9a,bipartisan,baseline,1,True,False,,241,missing_still_below_top3,-12.077499389648438,in,-3.6395606994628906,-8.437938690185547,259,260,False,,
news,f3413e35de07bfd9f9076f1a158e5543ec7ac734d404122088009c8189ee8f9a,bipartisan,beam16,1,True,False,,254,missing_still_below_top3,-12.077499389648438,in,-3.6395606994628906,-8.437938690185547,387,388,False,,
news,de57ad01097c4cc7f5470453b943e6145ff69e2bf1b79d1e536d53d93b84b04f,performed,baseline,1,True,False,,231,missing_still_below_top3,-8.26633071899414,pressure,-4.286653518676758,-3.979677200317383,256,257,False,,
news,de57ad01097c4cc7f5470453b943e6145ff69e2bf1b79d1e536d53d93b84b04f,performed,beam16,1,True,False,,231,missing_still_below_top3,-8.26633071899414,pressure,-4.286653518676758,-3.979677200317383,384,385,False,,
news,b5dc2f7788c74acce6e43c045174d96d2e7b70f4cfef5c47d92ee53874b5bb71,live,baseline,1,True,True,1,1,already_top3,-1.1830101013183594,take,-3.0577011108398438,1.8746910095214844,258,258,False,,
news,b5dc2f7788c74acce6e43c045174d96d2e7b70f4cfef5c47d92ee53874b5bb71,live,beam16,1,True,True,1,1,already_top3,-1.1830101013183594,take,-3.0577011108398438,1.8746910095214844,386,386,False,,
news,1c5d35be79b538775e698f89355b94f0302377a7c61ce779379e95e859e707aa,engaged,baseline,1,True,False,,245,missing_still_below_top3,-10.314922332763672,at,-2.5340614318847656,-7.780860900878906,260,261,False,,
news,1c5d35be79b538775e698f89355b94f0302377a7c61ce779379e95e859e707aa,engaged,beam16,1,True,False,,249,missing_still_below_top3,-10.314922332763672,at,-2.5340614318847656,-7.780860900878906,388,389,False,,
news,4e972432a73c7ae0453cb19a81e36627db0998bf107a674ddbec36741d6e64a4,authorities,baseline,1,True,False,,231,missing_still_below_top3,-8.39604377746582,the,-3.0995960235595703,-5.29644775390625,261,262,False,,
news,4e972432a73c7ae0453cb19a81e36627db0998bf107a674ddbec36741d6e64a4,authorities,beam16,1,True,False,,233,missing_still_below_top3,-8.39604377746582,the,-3.0995960235595703,-5.29644775390625,389,390,False,,
news,d059e8e226e0b25d55ccc60d3aa43a4e8a9b58cfcc56cf14632d0df3b6cfdcb9,to,baseline,1,True,True,6,6,covered_below_top3,-2.6003074645996094,that,-2.382823944091797,-0.2174835205078125,259,259,False,,
news,d059e8e226e0b25d55ccc60d3aa43a4e8a9b58cfcc56cf14632d0df3b6cfdcb9,to,beam16,1,True,True,6,6,covered_below_top3,-2.6003074645996094,that,-2.382823944091797,-0.2174835205078125,387,387,False,,
news,3ef46b5cb40d754b49c3295ee42a0e355a320570bb0d098bd2a3a3056b515030,washington,baseline,1,True,True,227,227,covered_below_top3,-8.842731475830078,this,-5.019523620605469,-3.8232078552246094,264,264,False,,
news,3ef46b5cb40d754b49c3295ee42a0e355a320570bb0d098bd2a3a3056b515030,washington,beam16,1,True,True,232,232,covered_below_top3,-8.842731475830078,this,-5.019523620605469,-3.8232078552246094,391,391,False,,
news,a874f75209440bb071a191dd05a161a87ccd784eda42e7e7de864f56b055ca0c,designer,baseline,1,True,False,,215,missing_still_below_top3,-7.728824615478516,bell,-3.527740478515625,-4.201084136962891,259,260,False,,
news,a874f75209440bb071a191dd05a161a87ccd784eda42e7e7de864f56b055ca0c,designer,beam16,1,True,False,,220,missing_still_below_top3,-7.728824615478516,bell,-3.527740478515625,-4.201084136962891,387,388,False,,
news,f09f9938da425a316e51b810e49e8b3689991ed7ae8f56fbd0462d3181cab1d8,asking,baseline,1,True,True,5,5,covered_below_top3,-4.080314636230469,and,-3.6585464477539062,-0.4217681884765625,259,259,False,,
news,f09f9938da425a316e51b810e49e8b3689991ed7ae8f56fbd0462d3181cab1d8,asking,beam16,1,True,True,5,5,covered_below_top3,-4.080314636230469,and,-3.6585464477539062,-0.4217681884765625,387,387,False,,
twitter,0b47768892825fbb67c0fd7ef034fc3d9ca4f538935f2982b8cfa060bb474e07,george,baseline,2,True,False,,237,missing_still_below_top3,-9.83327865600586,in,-6.169939041137695,-3.663339614868164,257,258,False,,
twitter,0b47768892825fbb67c0fd7ef034fc3d9ca4f538935f2982b8cfa060bb474e07,george,beam16,2,True,False,,246,missing_still_below_top3,-9.83327865600586,in,-6.169939041137695,-3.663339614868164,384,385,False,,
twitter,8fd775c6e85956b3f4a903f04670274c0ac7c81ec4c6a57ef1b32a479576eb28,it's,baseline,2,True,False,,236,missing_still_below_top3,-8.588275909423828,sale,-4.095722198486328,-4.4925537109375,257,258,False,,
twitter,8fd775c6e85956b3f4a903f04670274c0ac7c81ec4c6a57ef1b32a479576eb28,it's,beam16,2,True,False,,241,missing_still_below_top3,-8.588275909423828,sale,-4.095722198486328,-4.4925537109375,385,386,False,,
twitter,6d0eb2bc6cd35b877206783f8a9d46ce8e6854d59ffd3ea0ebc0f7f0c5d016d8,tomorrow,baseline,1,True,False,,236,missing_still_below_top3,-11.517585754394531,james,-3.818378448486328,-7.699207305908203,260,261,False,,
twitter,6d0eb2bc6cd35b877206783f8a9d46ce8e6854d59ffd3ea0ebc0f7f0c5d016d8,tomorrow,beam16,1,True,False,,345,missing_still_below_top3,-11.517585754394531,james,-3.818378448486328,-7.699207305908203,387,388,False,,
twitter,a2f919a254bf1060d6ba5683957881bab5d921361f013c7ccf6bf0f3455a58bd,or,baseline,1,True,True,13,13,covered_below_top3,-4.779430389404297,from,-3.4465904235839844,-1.3328399658203125,255,255,False,,
twitter,a2f919a254bf1060d6ba5683957881bab5d921361f013c7ccf6bf0f3455a58bd,or,beam16,1,True,True,13,13,covered_below_top3,-4.779430389404297,from,-3.4465904235839844,-1.3328399658203125,383,383,False,,
twitter,6b223ce5d8317e398914df3c836084ec5fd28ec4e2b994983e61068124d5643e,o,baseline,1,True,True,226,226,covered_below_top3,-9.482538223266602,a,-3.120952606201172,-6.36158561706543,255,255,False,,
twitter,6b223ce5d8317e398914df3c836084ec5fd28ec4e2b994983e61068124d5643e,o,beam16,1,True,True,228,228,covered_below_top3,-9.482538223266602,a,-3.120952606201172,-6.36158561706543,383,383,False,,
twitter,8dd3ec4c63741630d204ea20918c325247e8ecf771582957f344e17ab44c71f5,knew,baseline,1,True,True,141,141,covered_below_top3,-7.853126525878906,need,-4.016460418701172,-3.8366661071777344,257,257,False,,
twitter,8dd3ec4c63741630d204ea20918c325247e8ecf771582957f344e17ab44c71f5,knew,beam16,1,True,True,142,142,covered_below_top3,-7.853126525878906,need,-4.016460418701172,-3.8366661071777344,383,383,False,,
twitter,5e899337393186e8ed1e694fbcfccf82c381e789269f0182772b15b23132d6b0,omg,baseline,2,True,False,,258,missing_still_below_top3,-14.571840286254883,is,-5.064424514770508,-9.507415771484375,257,258,False,,
twitter,5e899337393186e8ed1e694fbcfccf82c381e789269f0182772b15b23132d6b0,omg,beam16,2,True,False,,382,missing_still_below_top3,-14.571840286254883,is,-5.064424514770508,-9.507415771484375,385,386,False,,
twitter,5e5340f267f7ed5adb97466d7fe894182ef7d2ade66e21a8339b1da7787aa041,be,baseline,1,True,True,1,1,already_top3,-1.8631420135498047,do,-3.334840774536133,1.4716987609863281,256,256,False,,
twitter,5e5340f267f7ed5adb97466d7fe894182ef7d2ade66e21a8339b1da7787aa041,be,beam16,1,True,True,1,1,already_top3,-1.8631420135498047,do,-3.334840774536133,1.4716987609863281,384,384,False,,
twitter,8b05e8104c7cbcf50536ccd7809004fa0f0ef1341417388f897f0e9135117e15,at,baseline,1,True,True,9,9,covered_below_top3,-4.1889801025390625,the,-3.402751922607422,-0.7862281799316406,255,255,False,,
twitter,8b05e8104c7cbcf50536ccd7809004fa0f0ef1341417388f897f0e9135117e15,at,beam16,1,True,True,9,9,covered_below_top3,-4.1889801025390625,the,-3.402751922607422,-0.7862281799316406,383,383,False,,
twitter,7a2c752e9e7b7d5e67149eb28068708a707147c15b85a36023a3abd9910c5bbc,bang,baseline,1,True,False,,254,missing_still_below_top3,-14.141990661621094,as,-3.524930953979492,-10.617059707641602,254,255,False,,
twitter,7a2c752e9e7b7d5e67149eb28068708a707147c15b85a36023a3abd9910c5bbc,bang,beam16,1,True,False,,336,missing_still_below_top3,-14.141990661621094,as,-3.524930953979492,-10.617059707641602,382,383,False,,
twitter,029f5c904bd5e63a18f20627dcf5260615e4af823d78a2714601241fa1d67eb4,twitter,baseline,1,True,True,1,1,already_top3,-0.6152687072753906,snapchat,-3.3653125762939453,2.7500438690185547,256,256,False,,
twitter,029f5c904bd5e63a18f20627dcf5260615e4af823d78a2714601241fa1d67eb4,twitter,beam16,1,True,True,1,1,already_top3,-0.6152687072753906,snapchat,-3.3653125762939453,2.7500438690185547,384,384,False,,
twitter,aef988fdbdaa2416fdbd6100ec3653760887823522b2e87f9fe15d6adf0f3e70,roommates,baseline,2,True,False,,228,missing_still_below_top3,-7.939388275146484,boys,-3.381195068359375,-4.558193206787109,258,259,False,,
twitter,aef988fdbdaa2416fdbd6100ec3653760887823522b2e87f9fe15d6adf0f3e70,roommates,beam16,2,True,False,,229,missing_still_below_top3,-7.939388275146484,boys,-3.381195068359375,-4.558193206787109,386,387,False,,
twitter,47def72de0a8f62d1b4d368e445713a891bfecfd7f6ac8135f89bf88c8e23353,you,baseline,1,True,True,4,4,covered_below_top3,-3.941295623779297,your,-3.408252716064453,-0.5330429077148438,258,258,False,,
twitter,47def72de0a8f62d1b4d368e445713a891bfecfd7f6ac8135f89bf88c8e23353,you,beam16,1,True,True,4,4,covered_below_top3,-3.941295623779297,your,-3.408252716064453,-0.5330429077148438,386,386,False,,
twitter,c65112d871aeeb9cea3f2a2e3fd90a84222c76ff24372ed803ff78d07a20f438,worse,baseline,1,True,True,62,62,covered_below_top3,-6.11817741394043,to,-2.961275100708008,-3.156902313232422,256,256,False,,
twitter,c65112d871aeeb9cea3f2a2e3fd90a84222c76ff24372ed803ff78d07a20f438,worse,beam16,1,True,True,62,62,covered_below_top3,-6.11817741394043,to,-2.961275100708008,-3.156902313232422,384,384,False,,
twitter,54b37275012c471849cf7d7455e478896528f847d9d1d32968f0de2b56dc83f5,way,baseline,1,True,True,180,180,covered_below_top3,-7.875255584716797,if,-4.815834045410156,-3.0594215393066406,257,257,False,,
twitter,54b37275012c471849cf7d7455e478896528f847d9d1d32968f0de2b56dc83f5,way,beam16,1,True,True,181,181,covered_below_top3,-7.875255584716797,if,-4.815834045410156,-3.0594215393066406,385,385,False,,
twitter,087ba0f7951cc7195bb4169f9c932fd5c8b5abecbc61fc278c24e00c9389c79c,weekend,baseline,1,True,True,5,5,covered_below_top3,-3.4710311889648438,morning,-2.955036163330078,-0.5159950256347656,252,252,False,,
twitter,087ba0f7951cc7195bb4169f9c932fd5c8b5abecbc61fc278c24e00c9389c79c,weekend,beam16,1,True,True,5,5,covered_below_top3,-3.4710311889648438,morning,-2.955036163330078,-0.5159950256347656,380,380,False,,
twitter,164a11f5c4eaadf5025afe2b2b8e69eb86e0f295b652be86b0a6180380a5add2,love,baseline,1,True,True,3,3,already_top3,-2.39501953125,be,-2.7861251831054688,0.39110565185546875,256,256,False,,
twitter,164a11f5c4eaadf5025afe2b2b8e69eb86e0f295b652be86b0a6180380a5add2,love,beam16,1,True,True,3,3,already_top3,-2.39501953125,be,-2.7861251831054688,0.39110565185546875,384,384,False,,
twitter,de484d1a367742db5a086161221548330995b48009bfa01f7b349a31e6677e71,keiki,baseline,2,True,False,,258,missing_still_below_top3,-16.02320098876953,day,-3.9577693939208984,-12.065431594848633,257,258,False,,
twitter,de484d1a367742db5a086161221548330995b48009bfa01f7b349a31e6677e71,keiki,beam16,2,True,False,,369,missing_still_below_top3,-16.02320098876953,day,-3.9577693939208984,-12.065431594848633,385,386,False,,
twitter,e27d061a9966141efe574ee1ae8bb18f7318bea45a774d7aae95abecb6e66ab7,day,baseline,1,True,True,137,137,covered_below_top3,-7.561454772949219,will,-3.0929336547851562,-4.4685211181640625,263,263,False,,
twitter,e27d061a9966141efe574ee1ae8bb18f7318bea45a774d7aae95abecb6e66ab7,day,beam16,1,True,True,144,144,covered_below_top3,-7.561454772949219,will,-3.0929336547851562,-4.4685211181640625,391,391,False,,
twitter,4a6765978046e9c4850f7e8fb9d02132599e460f072aeed3e98bc7eab8e8435c,cheating,baseline,1,True,False,,252,missing_still_below_top3,-13.147972106933594,and,-3.9757652282714844,-9.17220687866211,256,257,False,,
twitter,4a6765978046e9c4850f7e8fb9d02132599e460f072aeed3e98bc7eab8e8435c,cheating,beam16,1,True,False,,259,missing_still_below_top3,-13.147972106933594,and,-3.9757652282714844,-9.17220687866211,384,385,False,,
twitter,1cc09e9cc0e35f18f40f3a44acb160180b3e4764cf1f5f5e79f382fb09bf87f8,like,baseline,1,True,True,182,182,covered_below_top3,-7.945652008056641,to,-2.492534637451172,-5.453117370605469,256,256,False,,
twitter,1cc09e9cc0e35f18f40f3a44acb160180b3e4764cf1f5f5e79f382fb09bf87f8,like,beam16,1,True,True,182,182,covered_below_top3,-7.945652008056641,to,-2.492534637451172,-5.453117370605469,384,384,False,,
twitter,f0782c28633af696b2c95fdc39ac801ea6d0ed9974c2f42c3687f797f1bfd949,detroit,baseline,2,True,True,265,265,covered_below_top3,-12.110601425170898,bar,-3.257598876953125,-8.853002548217773,268,268,False,,
twitter,f0782c28633af696b2c95fdc39ac801ea6d0ed9974c2f42c3687f797f1bfd949,detroit,beam16,2,True,True,283,283,covered_below_top3,-12.110601425170898,bar,-3.257598876953125,-8.853002548217773,396,396,False,,
twitter,907e30acec6c5233c0baceeb249232d72349f9428a46b0bad3d009aaeda3b3a1,the,baseline,1,True,True,1,1,already_top3,-1.0967063903808594,helping,-3.909557342529297,2.8128509521484375,257,257,False,,
twitter,907e30acec6c5233c0baceeb249232d72349f9428a46b0bad3d009aaeda3b3a1,the,beam16,1,True,True,1,1,already_top3,-1.0967063903808594,helping,-3.909557342529297,2.8128509521484375,385,385,False,,
twitter,15a694e4ecbd03c6af7426bd2479b0387a9537518934f5fb783427718b9fd6e1,sleep,baseline,1,True,True,1,1,already_top3,-1.3152236938476562,daylight,-2.9559288024902344,1.6407051086425781,261,261,False,,
twitter,15a694e4ecbd03c6af7426bd2479b0387a9537518934f5fb783427718b9fd6e1,sleep,beam16,1,True,True,1,1,already_top3,-1.3152236938476562,daylight,-2.9559288024902344,1.6407051086425781,389,389,False,,
twitter,32c967e2dddb9aadd1af7caa33cbdc9fbf0a4dbc33f86d6d621eff83ade288d6,you,baseline,1,True,True,8,8,covered_below_top3,-4.118200302124023,what,-1.9133777618408203,-2.204822540283203,257,257,False,,
twitter,32c967e2dddb9aadd1af7caa33cbdc9fbf0a4dbc33f86d6d621eff83ade288d6,you,beam16,1,True,True,8,8,covered_below_top3,-4.118200302124023,what,-1.9133777618408203,-2.204822540283203,384,384,False,,
twitter,18d270872e130060a88fc80188c622b62e7707f8f87c1dce65c4c2a0a5e1bbc6,thanks,baseline,1,True,True,97,97,covered_below_top3,-7.680316925048828,at,-3.2589797973632812,-4.421337127685547,257,257,False,,
twitter,18d270872e130060a88fc80188c622b62e7707f8f87c1dce65c4c2a0a5e1bbc6,thanks,beam16,1,True,True,102,102,covered_below_top3,-7.680316925048828,at,-3.2589797973632812,-4.421337127685547,385,385,False,,
twitter,6242214577b7b93e50ca579e4fa48ef52f8fdd602ba68e4f0995347e744d6c42,like,baseline,1,True,True,3,3,already_top3,-4.289379119873047,i,-4.439365386962891,0.14998626708984375,257,257,False,,
twitter,6242214577b7b93e50ca579e4fa48ef52f8fdd602ba68e4f0995347e744d6c42,like,beam16,1,True,True,3,3,already_top3,-4.289379119873047,i,-4.439365386962891,0.14998626708984375,385,385,False,,
twitter,5fab691f77dab0137f546ba241171d9d03b69686730374f0263a2f173e2c3fba,mg,baseline,1,True,False,,261,missing_still_below_top3,-12.574241638183594,feet,-2.7671680450439453,-9.807073593139648,261,262,False,,
twitter,5fab691f77dab0137f546ba241171d9d03b69686730374f0263a2f173e2c3fba,mg,beam16,1,True,False,,359,missing_still_below_top3,-12.574241638183594,feet,-2.7671680450439453,-9.807073593139648,389,390,False,,
twitter,e1cba0de4783d6012d270111f1191b9de9d61d7d2bec52c1f06d21e0850febd4,family,baseline,1,True,True,6,6,covered_below_top3,-4.3319091796875,friends,-3.718860626220703,-0.6130485534667969,265,265,False,,
twitter,e1cba0de4783d6012d270111f1191b9de9d61d7d2bec52c1f06d21e0850febd4,family,beam16,1,True,True,6,6,covered_below_top3,-4.3319091796875,friends,-3.718860626220703,-0.6130485534667969,393,393,False,,
twitter,715271246d5b36d0029a645b743b1a497f4009810e7f1e7e02c1442b04e60512,obsessed,baseline,1,True,True,109,109,covered_below_top3,-6.552909851074219,very,-3.5692996978759766,-2.983610153198242,256,256,False,,
twitter,715271246d5b36d0029a645b743b1a497f4009810e7f1e7e02c1442b04e60512,obsessed,beam16,1,True,True,109,109,covered_below_top3,-6.552909851074219,very,-3.5692996978759766,-2.983610153198242,384,384,False,,
twitter,0096640d99e82bedfd928a55f580fde2a62e08529d898101658ef36d8b1f5e61,so,baseline,1,True,True,6,6,covered_below_top3,-3.831165313720703,he,-2.9472389221191406,-0.8839263916015625,261,261,False,,
twitter,0096640d99e82bedfd928a55f580fde2a62e08529d898101658ef36d8b1f5e61,so,beam16,1,True,True,6,6,covered_below_top3,-3.831165313720703,he,-2.9472389221191406,-0.8839263916015625,389,389,False,,
twitter,77072aef2a68cf6f7437596e2f59493519aa1d3a3d53770725713ccb2d701e99,the,baseline,1,True,True,1,1,already_top3,-1.3783226013183594,your,-3.5349578857421875,2.156635284423828,257,257,False,,
twitter,77072aef2a68cf6f7437596e2f59493519aa1d3a3d53770725713ccb2d701e99,the,beam16,1,True,True,1,1,already_top3,-1.3783226013183594,your,-3.5349578857421875,2.156635284423828,385,385,False,,
twitter,e92e0de20685f8d42a5e4b3a1e74cf3de49003fdf6a81a403bc0e7a56a318dc7,caps,baseline,1,True,False,,239,missing_still_below_top3,-10.045984268188477,that,-4.506956100463867,-5.539028167724609,257,258,False,,
twitter,e92e0de20685f8d42a5e4b3a1e74cf3de49003fdf6a81a403bc0e7a56a318dc7,caps,beam16,1,True,False,,349,missing_still_below_top3,-10.045984268188477,that,-4.506956100463867,-5.539028167724609,385,386,False,,
twitter,69ceb18c129dc3fad662a352aaca19394fd4936989367a93b6de3aac1d02fba3,some,baseline,1,True,True,20,20,covered_below_top3,-5.261589050292969,a,-2.855377197265625,-2.4062118530273438,257,257,False,,
twitter,69ceb18c129dc3fad662a352aaca19394fd4936989367a93b6de3aac1d02fba3,some,beam16,1,True,True,20,20,covered_below_top3,-5.261589050292969,a,-2.855377197265625,-2.4062118530273438,385,385,False,,
twitter,c9dab0edc4e2e7d1a91c04c2747899eb19f3eace28c784b0d00bb55c950003a4,the,baseline,1,True,True,4,4,covered_below_top3,-3.3057117462158203,back,-3.1541500091552734,-0.15156173706054688,258,258,False,,
twitter,c9dab0edc4e2e7d1a91c04c2747899eb19f3eace28c784b0d00bb55c950003a4,the,beam16,1,True,True,4,4,covered_below_top3,-3.3057117462158203,back,-3.1541500091552734,-0.15156173706054688,386,386,False,,
twitter,849c1806bf1003397468bdd9be908d450e35ace05d6d4aa0a59539c638431891,break,baseline,1,True,True,1,1,already_top3,-2.0799942016601562,picture,-3.0954532623291016,1.0154590606689453,256,256,False,,
twitter,849c1806bf1003397468bdd9be908d450e35ace05d6d4aa0a59539c638431891,break,beam16,1,True,True,1,1,already_top3,-2.0799942016601562,picture,-3.0954532623291016,1.0154590606689453,384,384,False,,
twitter,a9d12d98e173f7ee6f07cd2834c479412ed1de60886e89acd05745f10c5d76d9,match,baseline,1,True,False,,251,missing_still_below_top3,-9.390596389770508,for,-3.579690933227539,-5.810905456542969,255,256,False,,
twitter,a9d12d98e173f7ee6f07cd2834c479412ed1de60886e89acd05745f10c5d76d9,match,beam16,1,True,False,,256,missing_still_below_top3,-9.390596389770508,for,-3.579690933227539,-5.810905456542969,383,384,False,,
twitter,73446818523bcb270e7fc25fb89b4ec943787c839b487af464f18bbf4435cf0f,follow,baseline,1,True,True,61,61,covered_below_top3,-6.229930877685547,do,-2.9011611938476562,-3.3287696838378906,265,265,False,,
twitter,73446818523bcb270e7fc25fb89b4ec943787c839b487af464f18bbf4435cf0f,follow,beam16,1,True,True,61,61,covered_below_top3,-6.229930877685547,do,-2.9011611938476562,-3.3287696838378906,393,393,False,,
twitter,e04ffb8d24175bc8b3982a774537945dea69da09acd3c7a4a7e6a112452df1b8,a,baseline,1,True,True,1,1,already_top3,-1.5308856964111328,recognition,-2.906961441040039,1.3760757446289062,256,256,False,,
twitter,e04ffb8d24175bc8b3982a774537945dea69da09acd3c7a4a7e6a112452df1b8,a,beam16,1,True,True,1,1,already_top3,-1.5308856964111328,recognition,-2.906961441040039,1.3760757446289062,384,384,False,,
twitter,9a50654db7add54463b163ffd2e9f9ae9b36dcf64f79f939dc5df57ee954860b,be,baseline,1,True,True,1,1,already_top3,-2.4051761627197266,keep,-3.4847240447998047,1.0795478820800781,258,258,False,,
twitter,9a50654db7add54463b163ffd2e9f9ae9b36dcf64f79f939dc5df57ee954860b,be,beam16,1,True,True,1,1,already_top3,-2.4051761627197266,keep,-3.4847240447998047,1.0795478820800781,386,386,False,,
twitter,596f8891b928fd990c3607aaffe8ff1c028c870dcd43bb2e6316a932fc973d60,today,baseline,1,True,True,1,1,already_top3,-2.349660873413086,fun,-2.794057846069336,0.44439697265625,255,255,False,,
twitter,596f8891b928fd990c3607aaffe8ff1c028c870dcd43bb2e6316a932fc973d60,today,beam16,1,True,True,1,1,already_top3,-2.349660873413086,fun,-2.794057846069336,0.44439697265625,383,383,False,,
twitter,30f4b358af21cba366ce0b70738123c8e026f35ddfe92a89a8ae17b0d1a6370e,awards,baseline,1,True,True,1,1,already_top3,-0.23958969116210938,for,-5.005222320556641,4.765632629394531,255,255,False,,
twitter,30f4b358af21cba366ce0b70738123c8e026f35ddfe92a89a8ae17b0d1a6370e,awards,beam16,1,True,True,1,1,already_top3,-0.23958969116210938,for,-5.005222320556641,4.765632629394531,383,383,False,,
twitter,e09f9b84f637d3f3f82d70b3dd25b31ceddecda3fe5f8458b54007b2ac7497d1,stars,baseline,1,True,True,3,3,already_top3,-3.159212112426758,sky,-3.3233413696289062,0.16412925720214844,258,258,False,,
twitter,e09f9b84f637d3f3f82d70b3dd25b31ceddecda3fe5f8458b54007b2ac7497d1,stars,beam16,1,True,True,3,3,already_top3,-3.159212112426758,sky,-3.3233413696289062,0.16412925720214844,386,386,False,,
twitter,1a59b452ab38e1e96e55849b11a4342460627a0cb7bc99786ead879bbe6ee5d1,virus,baseline,1,True,True,140,140,covered_below_top3,-7.342967987060547,ride,-2.717906951904297,-4.62506103515625,259,259,False,,
twitter,1a59b452ab38e1e96e55849b11a4342460627a0cb7bc99786ead879bbe6ee5d1,virus,beam16,1,True,True,140,140,covered_below_top3,-7.342967987060547,ride,-2.717906951904297,-4.62506103515625,387,387,False,,
twitter,2e6c8e2e2bf78b35c331df3d1d94877d89e886579e82e1ac062a2f79e377f6c5,are,baseline,1,True,True,1,1,already_top3,-2.433713912963867,should,-3.830049514770508,1.3963356018066406,257,257,False,,
twitter,2e6c8e2e2bf78b35c331df3d1d94877d89e886579e82e1ac062a2f79e377f6c5,are,beam16,1,True,True,1,1,already_top3,-2.433713912963867,should,-3.830049514770508,1.3963356018066406,384,384,False,,
twitter,8ce4fa11d077eda6a361995955957c6f9e4bb4af8c3ee36b9d435cbda6db3642,weekend,baseline,1,True,True,100,100,covered_below_top3,-7.951320648193359,week,-4.582733154296875,-3.3685874938964844,261,261,False,,
twitter,8ce4fa11d077eda6a361995955957c6f9e4bb4af8c3ee36b9d435cbda6db3642,weekend,beam16,1,True,True,100,100,covered_below_top3,-7.951320648193359,week,-4.582733154296875,-3.3685874938964844,386,386,False,,
twitter,b763d50745423912f217d11f5bf30bf666b1f222195bdd3c8d91ac8cd4357407,eat,baseline,1,True,True,9,9,covered_below_top3,-3.8668785095214844,stay,-3.35260009765625,-0.5142784118652344,259,259,False,,
twitter,b763d50745423912f217d11f5bf30bf666b1f222195bdd3c8d91ac8cd4357407,eat,beam16,1,True,True,9,9,covered_below_top3,-3.8668785095214844,stay,-3.35260009765625,-0.5142784118652344,387,387,False,,
twitter,27e9eedfbcbade73ba5ab6c12df81a3251a7e0a6f2c30f2287f0fd06ce80d85c,smoked,baseline,1,True,False,,256,missing_still_below_top3,-12.937423706054688,about,-4.0061187744140625,-8.931304931640625,255,256,False,,
twitter,27e9eedfbcbade73ba5ab6c12df81a3251a7e0a6f2c30f2287f0fd06ce80d85c,smoked,beam16,1,True,False,,301,missing_still_below_top3,-12.937423706054688,about,-4.0061187744140625,-8.931304931640625,383,384,False,,
twitter,6eb24b76a189948eb35c131de3337b1ea7012fed2bf47185b7988eed377a8c52,shades,baseline,1,True,False,,255,missing_still_below_top3,-10.346549987792969,my,-4.093456268310547,-6.253093719482422,257,258,False,,
twitter,6eb24b76a189948eb35c131de3337b1ea7012fed2bf47185b7988eed377a8c52,shades,beam16,1,True,False,,271,missing_still_below_top3,-10.346549987792969,my,-4.093456268310547,-6.253093719482422,385,386,False,,
twitter,20c7c7bc30bd60a01d2fd4a4d2de33852e9902ec01d99a328175b7c1971ae3b9,like,baseline,1,True,True,2,2,already_top3,-2.4010009765625,get,-2.4326343536376953,0.03163337707519531,259,259,True,2,0.034130096435546875
twitter,20c7c7bc30bd60a01d2fd4a4d2de33852e9902ec01d99a328175b7c1971ae3b9,like,beam16,1,True,True,2,2,already_top3,-2.4010009765625,get,-2.4326343536376953,0.03163337707519531,387,387,True,2,0.034130096435546875
twitter,ffd515ed396479c10f200d076f4fbf51cdf7cf9b89840f5d108d60b894e0ee4f,through,baseline,1,True,True,2,2,already_top3,-2.5463123321533203,out,-3.015890121459961,0.4695777893066406,258,258,False,,
twitter,ffd515ed396479c10f200d076f4fbf51cdf7cf9b89840f5d108d60b894e0ee4f,through,beam16,1,True,True,2,2,already_top3,-2.5463123321533203,out,-3.015890121459961,0.4695777893066406,386,386,False,,
twitter,c1b7df5e4e62b185eeac3e1fa9321cffb7c68347f97644314ff5fb6333b269cf,and,baseline,1,True,True,1,1,already_top3,-2.100513458251953,notebooks,-3.882946014404297,1.7824325561523438,258,258,False,,
twitter,c1b7df5e4e62b185eeac3e1fa9321cffb7c68347f97644314ff5fb6333b269cf,and,beam16,1,True,True,1,1,already_top3,-2.100513458251953,notebooks,-3.882946014404297,1.7824325561523438,386,386,False,,
twitter,7193190bd2c58c2dd45199aba8751257f0a4b568e0fc56e5edb7e43807a65839,some,baseline,1,True,True,18,18,covered_below_top3,-5.857213973999023,i,-3.802785873413086,-2.0544281005859375,255,255,False,,
twitter,7193190bd2c58c2dd45199aba8751257f0a4b568e0fc56e5edb7e43807a65839,some,beam16,1,True,True,18,18,covered_below_top3,-5.857213973999023,i,-3.802785873413086,-2.0544281005859375,383,383,False,,
twitter,4bd8331747eb0c97c07dceab4cc049b10d06d426189d13c5dd4a0f0042b1e1ed,much,baseline,1,True,True,1,1,already_top3,-0.2122039794921875,far,-4.665151596069336,4.452947616577148,256,256,False,,
twitter,4bd8331747eb0c97c07dceab4cc049b10d06d426189d13c5dd4a0f0042b1e1ed,much,beam16,1,True,True,1,1,already_top3,-0.2122039794921875,far,-4.665151596069336,4.452947616577148,384,384,False,,
twitter,8c884dff6169d2432657b44e4c7cfc6fe101db71a6a3d07c823ce59f380c1576,person,baseline,1,True,False,,232,missing_still_below_top3,-8.217010498046875,and,-3.9573631286621094,-4.259647369384766,256,257,False,,
twitter,8c884dff6169d2432657b44e4c7cfc6fe101db71a6a3d07c823ce59f380c1576,person,beam16,1,True,False,,244,missing_still_below_top3,-8.217010498046875,and,-3.9573631286621094,-4.259647369384766,384,385,False,,
twitter,2ebb6b9ab4bbf7a18d817d0c6902832d2005d7bcb58ba5915420fc8e4123eab6,proposal,baseline,1,True,False,,237,missing_still_below_top3,-9.106670379638672,on,-3.072620391845703,-6.034049987792969,258,259,False,,
twitter,2ebb6b9ab4bbf7a18d817d0c6902832d2005d7bcb58ba5915420fc8e4123eab6,proposal,beam16,1,True,False,,241,missing_still_below_top3,-9.106670379638672,on,-3.072620391845703,-6.034049987792969,386,387,False,,
twitter,573d7b7581b6a512cf256304d98c5a7bb0d064806feeeb113ba2f7dd1684332b,c,baseline,1,True,True,223,223,covered_below_top3,-7.538116455078125,car,-3.2140159606933594,-4.324100494384766,262,262,False,,
twitter,573d7b7581b6a512cf256304d98c5a7bb0d064806feeeb113ba2f7dd1684332b,c,beam16,1,True,True,225,225,covered_below_top3,-7.538116455078125,car,-3.2140159606933594,-4.324100494384766,390,390,False,,
twitter,1c37da36a39985cb148ad33eb52a0db5dfaa7c6039edddbfc33abab431cc1185,thee,baseline,1,True,False,,253,missing_still_below_top3,-12.315776824951172,the,-3.3662948608398438,-8.949481964111328,260,261,False,,
twitter,1c37da36a39985cb148ad33eb52a0db5dfaa7c6039edddbfc33abab431cc1185,thee,beam16,1,True,False,,323,missing_still_below_top3,-12.315776824951172,the,-3.3662948608398438,-8.949481964111328,388,389,False,,
twitter,1232df9cf6c5d77f894526a90fa024f3f771b99e91d9db96b521b30b2bc5ed76,well,baseline,1,True,True,1,1,already_top3,-1.2046852111816406,really,-3.3132057189941406,2.1085205078125,254,254,False,,
twitter,1232df9cf6c5d77f894526a90fa024f3f771b99e91d9db96b521b30b2bc5ed76,well,beam16,1,True,True,1,1,already_top3,-1.2046852111816406,really,-3.3132057189941406,2.1085205078125,382,382,False,,
twitter,4a15c246c8d18eaf83f76290ca735a86a419a9a451dcc68ed7f98d0fde488993,lol,baseline,1,True,False,,229,missing_still_below_top3,-9.211612701416016,will,-3.895549774169922,-5.316062927246094,257,258,False,,
twitter,4a15c246c8d18eaf83f76290ca735a86a419a9a451dcc68ed7f98d0fde488993,lol,beam16,1,True,False,,243,missing_still_below_top3,-9.211612701416016,will,-3.895549774169922,-5.316062927246094,384,385,False,,
twitter,b49c1c93243d63b1e694f9a778bf6a132e291af506a4c9c6facde4ad265c9160,williamalexanders,baseline,4,False,False,,246,missing_still_below_top3,-31.752729415893555,i,-4.762020111083984,-26.99070930480957,245,246,False,,
twitter,b49c1c93243d63b1e694f9a778bf6a132e291af506a4c9c6facde4ad265c9160,williamalexanders,beam16,4,False,False,,374,missing_still_below_top3,-31.752729415893555,i,-4.762020111083984,-26.99070930480957,373,374,False,,
twitter,5edff1dc1c7844917052c1eec7994a3f418db36946c7e552b1d61fef0c7d4ffe,soon,baseline,1,True,True,16,16,covered_below_top3,-4.462837219238281,now,-3.5099639892578125,-0.9528732299804688,257,257,False,,
twitter,5edff1dc1c7844917052c1eec7994a3f418db36946c7e552b1d61fef0c7d4ffe,soon,beam16,1,True,True,16,16,covered_below_top3,-4.462837219238281,now,-3.5099639892578125,-0.9528732299804688,384,384,False,,
twitter,0097402d392a71e678d1d1098ae0b8470961838f2ad5f78040aea1b23c7f8985,for,baseline,1,True,True,1,1,already_top3,-1.787689208984375,i,-2.7503089904785156,0.9626197814941406,255,255,False,,
twitter,0097402d392a71e678d1d1098ae0b8470961838f2ad5f78040aea1b23c7f8985,for,beam16,1,True,True,1,1,already_top3,-1.787689208984375,i,-2.7503089904785156,0.9626197814941406,383,383,False,,
twitter,4cd7e4c5d7ffe8f0863c8b4beb6876380f77ed01c16a144ccf73171b1704cc7e,do,baseline,1,True,True,1,1,already_top3,-0.15715408325195312,because,-4.872550964355469,4.715396881103516,255,255,False,,
twitter,4cd7e4c5d7ffe8f0863c8b4beb6876380f77ed01c16a144ccf73171b1704cc7e,do,beam16,1,True,True,1,1,already_top3,-0.15715408325195312,because,-4.872550964355469,4.715396881103516,383,383,False,,
twitter,0e9ad447f1f34f842bcf450e067d21f8de1345d751fab1212b37fe7a13921916,lol,baseline,1,True,True,5,5,covered_below_top3,-5.300230026245117,but,-5.275842666625977,-0.024387359619140625,255,255,True,5,-0.027265548706054688
twitter,0e9ad447f1f34f842bcf450e067d21f8de1345d751fab1212b37fe7a13921916,lol,beam16,1,True,True,5,5,covered_below_top3,-5.300230026245117,but,-5.275842666625977,-0.024387359619140625,381,381,True,5,-0.027265548706054688
twitter,2ae021839b8040aa9e97ca5d5afcb1e39b0ed4ab15687a1062b2f49315cd52b0,bed,baseline,1,True,True,23,23,covered_below_top3,-4.885631561279297,make,-3.3892974853515625,-1.4963340759277344,256,256,False,,
twitter,2ae021839b8040aa9e97ca5d5afcb1e39b0ed4ab15687a1062b2f49315cd52b0,bed,beam16,1,True,True,23,23,covered_below_top3,-4.885631561279297,make,-3.3892974853515625,-1.4963340759277344,384,384,False,,
twitter,4ed0a5e8a75b31ecac6317f52d4f6e9cbd3b1232a34fa0c68866c127ec5fc8d6,dumb,baseline,1,True,False,,252,missing_still_below_top3,-10.743854522705078,is,-4.286994934082031,-6.456859588623047,260,261,False,,
twitter,4ed0a5e8a75b31ecac6317f52d4f6e9cbd3b1232a34fa0c68866c127ec5fc8d6,dumb,beam16,1,True,False,,261,missing_still_below_top3,-10.743854522705078,is,-4.286994934082031,-6.456859588623047,388,389,False,,
twitter,5648c1cf7abfbff23aa2bed46e62883d1f096af0836ae019033ef97071cadc90,to,baseline,1,True,True,13,13,covered_below_top3,-4.367803573608398,marketing,-2.848875045776367,-1.5189285278320312,259,259,False,,
twitter,5648c1cf7abfbff23aa2bed46e62883d1f096af0836ae019033ef97071cadc90,to,beam16,1,True,True,13,13,covered_below_top3,-4.367803573608398,marketing,-2.848875045776367,-1.5189285278320312,387,387,False,,
twitter,9f89ed27fefcdbb774707a5064550c3e1d74a22a437d3a976e43d4e4a85cd005,of,baseline,1,True,True,1,1,already_top3,-0.07517623901367188,we,-6.246345520019531,6.171169281005859,259,259,False,,
twitter,9f89ed27fefcdbb774707a5064550c3e1d74a22a437d3a976e43d4e4a85cd005,of,beam16,1,True,True,1,1,already_top3,-0.07517623901367188,we,-6.246345520019531,6.171169281005859,384,384,False,,
twitter,844014e0d5cf653c9655e44c539c57a9b57b69b456b3f162cc18d010f6ddc3e3,one,baseline,1,True,True,21,21,covered_below_top3,-5.183231353759766,see,-2.19830322265625,-2.9849281311035156,257,257,False,,
twitter,844014e0d5cf653c9655e44c539c57a9b57b69b456b3f162cc18d010f6ddc3e3,one,beam16,1,True,True,21,21,covered_below_top3,-5.183231353759766,see,-2.19830322265625,-2.9849281311035156,385,385,False,,
twitter,5456dfa2912bf9814134ba5e54a7ecf4abadb0c2f405b94e1cde65d43e84b727,the,baseline,1,True,True,3,3,already_top3,-2.684907913208008,us,-3.2948474884033203,0.6099395751953125,257,257,False,,
twitter,5456dfa2912bf9814134ba5e54a7ecf4abadb0c2f405b94e1cde65d43e84b727,the,beam16,1,True,True,3,3,already_top3,-2.684907913208008,us,-3.2948474884033203,0.6099395751953125,385,385,False,,
twitter,3b004760a9f5a5820611eccf11683979fb0edce7b97b3730182ec720651f45c3,your,baseline,1,True,True,1,1,already_top3,-0.9393463134765625,that,-2.7676162719726562,1.8282699584960938,257,257,False,,
twitter,3b004760a9f5a5820611eccf11683979fb0edce7b97b3730182ec720651f45c3,your,beam16,1,True,True,1,1,already_top3,-0.9393463134765625,that,-2.7676162719726562,1.8282699584960938,385,385,False,,
twitter,9a0b03c53e996a8462b25c035cbb2d91ae6c2658e2a1565552ea7d61193af8b6,stomach,baseline,1,True,False,,257,missing_still_below_top3,-14.36593246459961,is,-3.406463623046875,-10.959468841552734,256,257,False,,
twitter,9a0b03c53e996a8462b25c035cbb2d91ae6c2658e2a1565552ea7d61193af8b6,stomach,beam16,1,True,False,,307,missing_still_below_top3,-14.36593246459961,is,-3.406463623046875,-10.959468841552734,384,385,False,,
twitter,c03c05b1749b3705ce9aa552cd3045e7bac5c5acb8596b4a296e07e3c677a093,weight,baseline,1,True,True,1,1,already_top3,-1.2535209655761719,fat,-3.490915298461914,2.237394332885742,257,257,False,,
twitter,c03c05b1749b3705ce9aa552cd3045e7bac5c5acb8596b4a296e07e3c677a093,weight,beam16,1,True,True,1,1,already_top3,-1.2535209655761719,fat,-3.490915298461914,2.237394332885742,385,385,False,,
twitter,edc2c7cace52cbd3b5b4487038f89727ab41a1842cc0a5e965c27af9b00a61f4,your,baseline,1,True,True,2,2,already_top3,-2.7438220977783203,the,-2.9309864044189453,0.187164306640625,257,257,False,,
twitter,edc2c7cace52cbd3b5b4487038f89727ab41a1842cc0a5e965c27af9b00a61f4,your,beam16,1,True,True,2,2,already_top3,-2.7438220977783203,the,-2.9309864044189453,0.187164306640625,385,385,False,,
twitter,776a2b80f2df32d8056da1dcd290b94e36fb5696d03a8da1899bd1271032d7cf,luck,baseline,1,True,True,8,8,covered_below_top3,-5.504955291748047,chemistry,-4.88507080078125,-0.6198844909667969,262,262,False,,
twitter,776a2b80f2df32d8056da1dcd290b94e36fb5696d03a8da1899bd1271032d7cf,luck,beam16,1,True,True,8,8,covered_below_top3,-5.504955291748047,chemistry,-4.88507080078125,-0.6198844909667969,390,390,False,,
twitter,62c0c31bd5486646650ce0673e187fcf397ecc3149f7f40d57dbc03c83207bd1,s,baseline,1,True,True,210,210,covered_below_top3,-9.209403991699219,this,-2.524568557739258,-6.684835433959961,255,255,False,,
twitter,62c0c31bd5486646650ce0673e187fcf397ecc3149f7f40d57dbc03c83207bd1,s,beam16,1,True,True,214,214,covered_below_top3,-9.209403991699219,this,-2.524568557739258,-6.684835433959961,383,383,False,,
twitter,f7c9f62d7b325db4e05fe08ebf3e215ab1d438021b9a05a39d28cb2b5b8089cf,full,baseline,1,True,True,25,25,covered_below_top3,-5.401981353759766,like,-2.9723854064941406,-2.429595947265625,259,259,False,,
twitter,f7c9f62d7b325db4e05fe08ebf3e215ab1d438021b9a05a39d28cb2b5b8089cf,full,beam16,1,True,True,25,25,covered_below_top3,-5.401981353759766,like,-2.9723854064941406,-2.429595947265625,387,387,False,,
twitter,d155d301343f2b4fe16d9aea8fbd1126cfe3c6743efca89ea07cc4c389c75a66,crew,baseline,1,True,False,,248,missing_still_below_top3,-9.594249725341797,win,-3.7806396484375,-5.813610076904297,255,256,False,,
twitter,d155d301343f2b4fe16d9aea8fbd1126cfe3c6743efca89ea07cc4c389c75a66,crew,beam16,1,True,False,,256,missing_still_below_top3,-9.594249725341797,win,-3.7806396484375,-5.813610076904297,383,384,False,,
twitter,60e10f866dd869f20f3214be7f032fc25c87645c968ce40219f02772dba757b8,statement,baseline,1,True,False,,246,missing_still_below_top3,-11.285564422607422,chocolate,-4.287059783935547,-6.998504638671875,260,261,False,,
twitter,60e10f866dd869f20f3214be7f032fc25c87645c968ce40219f02772dba757b8,statement,beam16,1,True,False,,265,missing_still_below_top3,-11.285564422607422,chocolate,-4.287059783935547,-6.998504638671875,388,389,False,,
twitter,ec985e4eb1f0f18f5f0c75ce7eb1faf2256034a00031582f6817b459d609ccee,can,baseline,1,True,True,4,4,covered_below_top3,-3.2905635833740234,have,-2.8470516204833984,-0.443511962890625,257,257,False,,
twitter,ec985e4eb1f0f18f5f0c75ce7eb1faf2256034a00031582f6817b459d609ccee,can,beam16,1,True,True,4,4,covered_below_top3,-3.2905635833740234,have,-2.8470516204833984,-0.443511962890625,384,384,False,,
twitter,c4a135f43c2cc222abfa7581da354db3f8ef029b86c68fe961a0f724b85c024e,too,baseline,1,True,True,9,9,covered_below_top3,-3.7323684692382812,because,-2.511688232421875,-1.2206802368164062,257,257,False,,
twitter,c4a135f43c2cc222abfa7581da354db3f8ef029b86c68fe961a0f724b85c024e,too,beam16,1,True,True,9,9,covered_below_top3,-3.7323684692382812,because,-2.511688232421875,-1.2206802368164062,384,384,False,,
twitter,a359c6fa23c3febf078d2ae7ac8e8f51b46223479f5985985cc1a4c62839858b,mom's,baseline,2,True,True,30,30,covered_below_top3,-5.548496246337891,fault,-3.008068084716797,-2.5404281616210938,258,258,False,,
twitter,a359c6fa23c3febf078d2ae7ac8e8f51b46223479f5985985cc1a4c62839858b,mom's,beam16,2,True,True,32,32,covered_below_top3,-5.548496246337891,fault,-3.008068084716797,-2.5404281616210938,385,385,False,,
twitter,81355f13ef38520a3fa175c45fccb1ebc2e82c7fcda5b5a05f217bfc294d8475,switching,baseline,1,True,False,,260,missing_still_below_top3,-13.634716033935547,so,-4.128429412841797,-9.50628662109375,259,260,False,,
twitter,81355f13ef38520a3fa175c45fccb1ebc2e82c7fcda5b5a05f217bfc294d8475,switching,beam16,1,True,False,,282,missing_still_below_top3,-13.634716033935547,so,-4.128429412841797,-9.50628662109375,385,386,False,,
twitter,a4bdd01162b17a2c16752bf7f219bdd51bc5fc5fe4f64aefe67c93797b3e71ef,asia,baseline,1,True,False,,256,missing_still_below_top3,-11.841363906860352,and,-2.817087173461914,-9.024276733398438,257,258,False,,
twitter,a4bdd01162b17a2c16752bf7f219bdd51bc5fc5fe4f64aefe67c93797b3e71ef,asia,beam16,1,True,False,,271,missing_still_below_top3,-11.841363906860352,and,-2.817087173461914,-9.024276733398438,385,386,False,,
twitter,6db5dc9936c01346136cd881631e4b62649fd8b450f6fced13c36a352ac52d77,room,baseline,1,True,True,27,27,covered_below_top3,-6.687894821166992,city,-4.644235610961914,-2.043659210205078,264,264,False,,
twitter,6db5dc9936c01346136cd881631e4b62649fd8b450f6fced13c36a352ac52d77,room,beam16,1,True,True,27,27,covered_below_top3,-6.687894821166992,city,-4.644235610961914,-2.043659210205078,392,392,False,,
twitter,2fad8a15418d25b22dec6baaf6889f0fc55101d26a0f2e5dbeaf138c3207bfb6,me,baseline,1,True,True,2,2,already_top3,-3.468067169189453,your,-4.454536437988281,0.9864692687988281,257,257,False,,
twitter,2fad8a15418d25b22dec6baaf6889f0fc55101d26a0f2e5dbeaf138c3207bfb6,me,beam16,1,True,True,2,2,already_top3,-3.468067169189453,your,-4.454536437988281,0.9864692687988281,385,385,False,,
twitter,8bbcdc15912ef984386f14a7da9d78a9c7d343749bc75174ed4e2dbee3e3193b,president,baseline,1,True,True,3,3,already_top3,-3.8537254333496094,book,-4.2849273681640625,0.4312019348144531,263,263,False,,
twitter,8bbcdc15912ef984386f14a7da9d78a9c7d343749bc75174ed4e2dbee3e3193b,president,beam16,1,True,True,3,3,already_top3,-3.8537254333496094,book,-4.2849273681640625,0.4312019348144531,391,391,False,,
twitter,8e6d2bd4724e2927294f5d7cc3560667f1cd8ab69c50db55c277d91dc684dedd,going,baseline,1,True,True,5,5,covered_below_top3,-3.3314552307128906,not,-2.9258499145507812,-0.4056053161621094,256,256,False,,
twitter,8e6d2bd4724e2927294f5d7cc3560667f1cd8ab69c50db55c277d91dc684dedd,going,beam16,1,True,True,5,5,covered_below_top3,-3.3314552307128906,not,-2.9258499145507812,-0.4056053161621094,384,384,False,,
twitter,2aeb67f9c66ec2016aaae4b7ef195e6d7e3e32e0d582fe1999cc89db9957c26c,just,baseline,1,True,True,21,21,covered_below_top3,-4.833263397216797,found,-3.255014419555664,-1.5782489776611328,257,257,False,,
twitter,2aeb67f9c66ec2016aaae4b7ef195e6d7e3e32e0d582fe1999cc89db9957c26c,just,beam16,1,True,True,23,23,covered_below_top3,-4.833263397216797,found,-3.255014419555664,-1.5782489776611328,384,384,False,,
twitter,f6fe7cd69758db5f74fceae387d304d775aab0dd02693680a441bd4bdf70c4d7,festivities,baseline,1,True,True,29,29,covered_below_top3,-5.456230163574219,fun,-3.606485366821289,-1.8497447967529297,263,263,False,,
twitter,f6fe7cd69758db5f74fceae387d304d775aab0dd02693680a441bd4bdf70c4d7,festivities,beam16,1,True,True,29,29,covered_below_top3,-5.456230163574219,fun,-3.606485366821289,-1.8497447967529297,391,391,False,,
twitter,b5d038ee1d021fdb3e3fdb568923af29b0cae566fe01aacb8d38e8ff1588e712,the,baseline,1,True,True,3,3,already_top3,-4.843084335327148,it,-4.890783309936523,0.047698974609375,257,257,True,3,0.06803512573242188
twitter,b5d038ee1d021fdb3e3fdb568923af29b0cae566fe01aacb8d38e8ff1588e712,the,beam16,1,True,True,3,3,already_top3,-4.843084335327148,it,-4.890783309936523,0.047698974609375,385,385,True,3,0.06803512573242188
twitter,ca8eda6a19c613fdf790a05ad0ae945985b525cd0b76f8f7d4ee97510b7ab93b,it's,baseline,2,True,False,,19,missing_still_below_top3,-5.0269317626953125,but,-3.5625,-1.4644317626953125,257,258,False,,
twitter,ca8eda6a19c613fdf790a05ad0ae945985b525cd0b76f8f7d4ee97510b7ab93b,it's,beam16,2,True,True,19,19,covered_below_top3,-5.025234222412109,but,-3.5625,-1.4627342224121094,384,384,False,,
twitter,43173392e4d9887970a17559f031851046bb021f40fe65c66d4e7ab01f930b0a,while,baseline,1,True,False,,248,missing_still_below_top3,-11.727584838867188,is,-6.706794738769531,-5.020790100097656,254,255,False,,
twitter,43173392e4d9887970a17559f031851046bb021f40fe65c66d4e7ab01f930b0a,while,beam16,1,True,False,,278,missing_still_below_top3,-11.727584838867188,is,-6.706794738769531,-5.020790100097656,382,383,False,,
twitter,8db7e24b2544417634594a52281091052da8e582dc5dfc585db143110de765c7,back,baseline,1,True,True,73,73,covered_below_top3,-7.878639221191406,this,-2.4297332763671875,-5.448905944824219,256,256,False,,
twitter,8db7e24b2544417634594a52281091052da8e582dc5dfc585db143110de765c7,back,beam16,1,True,True,73,73,covered_below_top3,-7.878639221191406,this,-2.4297332763671875,-5.448905944824219,384,384,False,,
twitter,5d23efa303e9328c4721917665efb9b78e212583d6b4b9e6ce9291cefa985043,and,baseline,1,True,True,13,13,covered_below_top3,-4.312080383300781,you,-3.0137863159179688,-1.2982940673828125,259,259,False,,
twitter,5d23efa303e9328c4721917665efb9b78e212583d6b4b9e6ce9291cefa985043,and,beam16,1,True,True,13,13,covered_below_top3,-4.312080383300781,you,-3.0137863159179688,-1.2982940673828125,384,384,False,,
twitter,a6af6422531a26b73cd526c789021a1880cfb6046d20c2326a8ed91fcd00def4,ha,baseline,1,True,False,,254,missing_still_below_top3,-9.91543197631836,and,-2.828540802001953,-7.086891174316406,258,259,False,,
twitter,a6af6422531a26b73cd526c789021a1880cfb6046d20c2326a8ed91fcd00def4,ha,beam16,1,True,False,,264,missing_still_below_top3,-9.91543197631836,and,-2.828540802001953,-7.086891174316406,386,387,False,,
twitter,ac829c81fe972e398922092ea11733f8848fd31646a9c71d42179f6f277973b3,now,baseline,1,True,True,1,1,already_top3,-0.9038047790527344,in,-3.8119449615478516,2.908140182495117,255,255,False,,
twitter,ac829c81fe972e398922092ea11733f8848fd31646a9c71d42179f6f277973b3,now,beam16,1,True,True,1,1,already_top3,-0.9038047790527344,in,-3.8119449615478516,2.908140182495117,383,383,False,,
twitter,213bdde73989a9f3ed4bfa69b17716e231dd80000d8fbc6a52f261633d956afb,every,baseline,1,True,False,,229,missing_still_below_top3,-8.88210678100586,news,-4.36322021484375,-4.518886566162109,255,256,False,,
twitter,213bdde73989a9f3ed4bfa69b17716e231dd80000d8fbc6a52f261633d956afb,every,beam16,1,True,False,,230,missing_still_below_top3,-8.88210678100586,news,-4.36322021484375,-4.518886566162109,383,384,False,,
twitter,bd33e6d883de2fcc643bbc003faf4df5bbf7636a56908319adeb2cbe64a93da5,have,baseline,1,True,True,3,3,already_top3,-3.65606689453125,want,-3.6566505432128906,0.000583648681640625,256,256,True,4,-7.2479248046875e-05
twitter,bd33e6d883de2fcc643bbc003faf4df5bbf7636a56908319adeb2cbe64a93da5,have,beam16,1,True,True,5,5,covered_below_top3,-3.65606689453125,prefer,-3.3766632080078125,-0.2794036865234375,383,383,True,6,-0.2915992736816406
twitter,f27410e33b324619c296874c215e6fac43ba3f0f7e761cc95556f71fdcec111d,to,baseline,1,True,True,1,1,already_top3,-0.5349655151367188,on,-3.6454524993896484,3.1104869842529297,256,256,False,,
twitter,f27410e33b324619c296874c215e6fac43ba3f0f7e761cc95556f71fdcec111d,to,beam16,1,True,True,1,1,already_top3,-0.5349655151367188,on,-3.6454524993896484,3.1104869842529297,384,384,False,,
twitter,c94404d008e17b7c25cfce6430a74d1d6126f8971c1fe59416e59b631bde4160,some,baseline,1,True,True,17,17,covered_below_top3,-4.971279144287109,up,-2.544342041015625,-2.4269371032714844,255,255,False,,
twitter,c94404d008e17b7c25cfce6430a74d1d6126f8971c1fe59416e59b631bde4160,some,beam16,1,True,True,17,17,covered_below_top3,-4.971279144287109,up,-2.544342041015625,-2.4269371032714844,383,383,False,,
twitter,285500729a4e2a6a2d2da10479c42f81391a9107a57bdf2cabf7faaef5b92076,clock,baseline,1,True,True,1,1,already_top3,-1.3775272369384766,watch,-3.2213897705078125,1.843862533569336,260,260,False,,
twitter,285500729a4e2a6a2d2da10479c42f81391a9107a57bdf2cabf7faaef5b92076,clock,beam16,1,True,True,1,1,already_top3,-1.3775272369384766,watch,-3.2213897705078125,1.843862533569336,388,388,False,,
twitter,81ee1a6ba057033baac61937c5aa5ebe5db567dcbc1d6cdc1ffb0f75d97d07a6,friends,baseline,1,True,True,1,1,already_top3,-1.8619632720947266,in,-3.590921401977539,1.7289581298828125,260,260,False,,
twitter,81ee1a6ba057033baac61937c5aa5ebe5db567dcbc1d6cdc1ffb0f75d97d07a6,friends,beam16,1,True,True,1,1,already_top3,-1.8619632720947266,in,-3.590921401977539,1.7289581298828125,388,388,False,,
twitter,199d1f09a54eea11a3b242bf34abe38d8e9772bc0578bfde17869abe078d0974,we,baseline,1,True,True,1,1,already_top3,-1.6310615539550781,i,-2.5268630981445312,0.8958015441894531,257,257,False,,
twitter,199d1f09a54eea11a3b242bf34abe38d8e9772bc0578bfde17869abe078d0974,we,beam16,1,True,True,1,1,already_top3,-1.6310615539550781,i,-2.5268630981445312,0.8958015441894531,383,383,False,,
twitter,373407d9a381c0760c1c15ad0635c4c8eed5ed001f7b9a03a18a38b86981a2ee,okay,baseline,1,True,True,52,52,covered_below_top3,-6.130523681640625,you,-3.7884521484375,-2.342071533203125,258,258,False,,
twitter,373407d9a381c0760c1c15ad0635c4c8eed5ed001f7b9a03a18a38b86981a2ee,okay,beam16,1,True,True,53,53,covered_below_top3,-6.130523681640625,you,-3.7884521484375,-2.342071533203125,383,383,False,,
twitter,902a53b84eb9475b3d7ee8d68a522b3f738eb5da100aff7f7bb1f6763261afa0,dumplings,baseline,2,True,False,,261,missing_still_below_top3,-14.273597717285156,candidates,-3.220104217529297,-11.05349349975586,260,261,False,,
twitter,902a53b84eb9475b3d7ee8d68a522b3f738eb5da100aff7f7bb1f6763261afa0,dumplings,beam16,2,True,False,,342,missing_still_below_top3,-14.273597717285156,candidates,-3.220104217529297,-11.05349349975586,388,389,False,,
twitter,1998877dbefed5ddbb500723704541f7a48c148d6d7f1ff9755ccfca78647eea,lift,baseline,1,True,False,,245,missing_still_below_top3,-9.587589263916016,you,-3.1002750396728516,-6.487314224243164,256,257,False,,
twitter,1998877dbefed5ddbb500723704541f7a48c148d6d7f1ff9755ccfca78647eea,lift,beam16,1,True,False,,247,missing_still_below_top3,-9.587589263916016,you,-3.1002750396728516,-6.487314224243164,384,385,False,,
twitter,852d549c03e0bece7f94512b3aa895152e795e9da14d1bf1f51fe83bc4fd1358,direct,baseline,1,True,True,102,102,covered_below_top3,-6.963644027709961,fluorescence,-4.034822463989258,-2.928821563720703,267,267,False,,
twitter,852d549c03e0bece7f94512b3aa895152e795e9da14d1bf1f51fe83bc4fd1358,direct,beam16,1,True,True,108,108,covered_below_top3,-6.963644027709961,fluorescence,-4.034822463989258,-2.928821563720703,395,395,False,,
twitter,7e46f8a353f81ac241ec4ce43b1eb4f897a4dc4fb27070a67b87f0ba162adbe2,being,baseline,1,True,True,18,18,covered_below_top3,-5.756549835205078,the,-3.6789932250976562,-2.077556610107422,260,260,False,,
twitter,7e46f8a353f81ac241ec4ce43b1eb4f897a4dc4fb27070a67b87f0ba162adbe2,being,beam16,1,True,True,18,18,covered_below_top3,-5.756549835205078,the,-3.6789932250976562,-2.077556610107422,388,388,False,,
twitter,ead5d850634654e9dfaaf39fc44be7c3c5d325402692f7294c4c1f6487043fa1,here,baseline,1,True,True,20,20,covered_below_top3,-6.288097381591797,with,-4.6154022216796875,-1.6726951599121094,259,259,False,,
twitter,ead5d850634654e9dfaaf39fc44be7c3c5d325402692f7294c4c1f6487043fa1,here,beam16,1,True,True,20,20,covered_below_top3,-6.288097381591797,with,-4.6154022216796875,-1.6726951599121094,387,387,False,,
twitter,47466196cec03da35d16b7fb818aa4737acfee31df16a0da00a9f27a75c97884,from,baseline,1,True,True,8,8,covered_below_top3,-5.457399368286133,end,-2.005044937133789,-3.4523544311523438,252,252,False,,
twitter,47466196cec03da35d16b7fb818aa4737acfee31df16a0da00a9f27a75c97884,from,beam16,1,True,True,8,8,covered_below_top3,-5.457399368286133,end,-2.005044937133789,-3.4523544311523438,380,380,False,,
twitter,a82e5755238a3d58ad57fa8c679400ea519673cf5475930905806fc2f3bf1f78,to,baseline,1,True,True,1,1,already_top3,-0.5911140441894531,you,-4.242942810058594,3.6518287658691406,254,254,False,,
twitter,a82e5755238a3d58ad57fa8c679400ea519673cf5475930905806fc2f3bf1f78,to,beam16,1,True,True,1,1,already_top3,-0.5911140441894531,you,-4.242942810058594,3.6518287658691406,382,382,False,,
twitter,46726648c6730dbd983b22f838f92ee33917036fc1462af7db2b6c142cdbad6d,love,baseline,1,True,True,24,24,covered_below_top3,-6.376705169677734,need,-4.016460418701172,-2.3602447509765625,257,257,False,,
twitter,46726648c6730dbd983b22f838f92ee33917036fc1462af7db2b6c142cdbad6d,love,beam16,1,True,True,24,24,covered_below_top3,-6.376705169677734,need,-4.016460418701172,-2.3602447509765625,383,383,False,,
twitter,4bd4d66e4dab5afa7571d2d3e76eb4573903a97c29f417c3c8b4b7141b9def6a,hunches,baseline,3,True,False,,258,missing_still_below_top3,-12.761484146118164,boss,-3.974454879760742,-8.787029266357422,258,259,False,,
twitter,4bd4d66e4dab5afa7571d2d3e76eb4573903a97c29f417c3c8b4b7141b9def6a,hunches,beam16,3,True,False,,287,missing_still_below_top3,-12.761484146118164,boss,-3.974454879760742,-8.787029266357422,386,387,False,,
twitter,31ba39017ad7153b3cc9de47dbf5a7b071e48d9d83b293fbbb3500cbc7bcb835,played,baseline,1,True,True,103,103,covered_below_top3,-6.965494155883789,said,-3.089933395385742,-3.875560760498047,258,258,False,,
twitter,31ba39017ad7153b3cc9de47dbf5a7b071e48d9d83b293fbbb3500cbc7bcb835,played,beam16,1,True,True,104,104,covered_below_top3,-6.965494155883789,said,-3.089933395385742,-3.875560760498047,385,385,False,,
twitter,a65a90740755f4dc78afc8e1090b2fc2141126006c8c5713907147adc62144ce,long,baseline,1,True,False,,234,missing_still_below_top3,-10.19999885559082,is,-6.292280197143555,-3.9077186584472656,272,273,False,,
twitter,a65a90740755f4dc78afc8e1090b2fc2141126006c8c5713907147adc62144ce,long,beam16,1,True,False,,260,missing_still_below_top3,-10.19999885559082,is,-6.292280197143555,-3.9077186584472656,400,401,False,,
twitter,0477c7dce52fce657dfd40a3fbc5dc8cb5c8479e1449298b5f536a3161a72dfd,might,baseline,1,True,True,18,18,covered_below_top3,-5.231525421142578,we,-2.573577880859375,-2.657947540283203,258,258,False,,
twitter,0477c7dce52fce657dfd40a3fbc5dc8cb5c8479e1449298b5f536a3161a72dfd,might,beam16,1,True,True,19,19,covered_below_top3,-5.231525421142578,we,-2.573577880859375,-2.657947540283203,385,385,False,,
twitter,deb6e618ead2a07270f3d145195f4e6cdb0eb0a094ed56e6dc5419904dc58470,up,baseline,1,True,True,5,5,covered_below_top3,-3.632862091064453,at,-3.210285186767578,-0.422576904296875,255,255,False,,
twitter,deb6e618ead2a07270f3d145195f4e6cdb0eb0a094ed56e6dc5419904dc58470,up,beam16,1,True,True,5,5,covered_below_top3,-3.632862091064453,at,-3.210285186767578,-0.422576904296875,383,383,False,,
twitter,67faeb2b306e292e8770b1c04d8df55781b0d95443537b8add19d1960defbf86,to,baseline,1,True,True,1,1,already_top3,-1.8456497192382812,so,-3.21307373046875,1.3674240112304688,259,259,False,,
twitter,67faeb2b306e292e8770b1c04d8df55781b0d95443537b8add19d1960defbf86,to,beam16,1,True,True,1,1,already_top3,-1.8456497192382812,so,-3.21307373046875,1.3674240112304688,387,387,False,,
twitter,6d1e24c3edbe49ea6f526e615a679294616467ce9e8c1599232afb9013acc8b1,sever,baseline,1,True,False,,259,missing_still_below_top3,-11.179466247558594,email,-3.8964080810546875,-7.283058166503906,258,259,False,,
twitter,6d1e24c3edbe49ea6f526e615a679294616467ce9e8c1599232afb9013acc8b1,sever,beam16,1,True,False,,270,missing_still_below_top3,-11.179466247558594,email,-3.8964080810546875,-7.283058166503906,386,387,False,,
twitter,921902a0a48b56c8ac2fb720f69d96499a321463b6efe39254dd6c8e70b2ea05,been,baseline,1,True,True,1,1,already_top3,-0.28227996826171875,guys,-4.733076095581055,4.450796127319336,257,257,False,,
twitter,921902a0a48b56c8ac2fb720f69d96499a321463b6efe39254dd6c8e70b2ea05,been,beam16,1,True,True,1,1,already_top3,-0.28227996826171875,guys,-4.733076095581055,4.450796127319336,385,385,False,,
twitter,7461d185d85fa4d987fed4cefea3ae41d7adc9b64d89e8daa2e65ed99ddbbd37,can,baseline,1,True,True,1,1,already_top3,-2.137969970703125,ever,-3.1553726196289062,1.0174026489257812,257,257,False,,
twitter,7461d185d85fa4d987fed4cefea3ae41d7adc9b64d89e8daa2e65ed99ddbbd37,can,beam16,1,True,True,1,1,already_top3,-2.137969970703125,ever,-3.1553726196289062,1.0174026489257812,385,385,False,,
twitter,5da4794e5d908d18fff019e405d814de8f53298fd38a72ead9eb521f9af0e1da,fun,baseline,1,True,True,3,3,already_top3,-2.8910369873046875,to,-3.1117401123046875,0.220703125,263,263,False,,
twitter,5da4794e5d908d18fff019e405d814de8f53298fd38a72ead9eb521f9af0e1da,fun,beam16,1,True,True,3,3,already_top3,-2.8910369873046875,to,-3.1117401123046875,0.220703125,391,391,False,,
twitter,11feebcaead082609623d2bd79b976689c010bcaa714db53ccbba5027db0244c,talk,baseline,1,True,True,11,11,covered_below_top3,-4.537128448486328,with,-3.3807830810546875,-1.1563453674316406,260,260,False,,
twitter,11feebcaead082609623d2bd79b976689c010bcaa714db53ccbba5027db0244c,talk,beam16,1,True,True,11,11,covered_below_top3,-4.537128448486328,with,-3.3807830810546875,-1.1563453674316406,388,388,False,,
twitter,6a7f0edc32ff3c62b62d379140f878c7a32602b8cc759ad334c478cd811e206f,usually,baseline,1,True,True,26,26,covered_below_top3,-4.895862579345703,like,-2.8492355346679688,-2.0466270446777344,258,258,False,,
twitter,6a7f0edc32ff3c62b62d379140f878c7a32602b8cc759ad334c478cd811e206f,usually,beam16,1,True,True,26,26,covered_below_top3,-4.895862579345703,like,-2.8492355346679688,-2.0466270446777344,386,386,False,,
twitter,40378766252c3541dadcc2be4c3f1db80b86441a3f7c7b6821ccd55fe0f7688e,here,baseline,1,True,True,4,4,covered_below_top3,-3.292469024658203,new,-3.2918167114257812,-0.000652313232421875,261,261,True,3,0.016021728515625
twitter,40378766252c3541dadcc2be4c3f1db80b86441a3f7c7b6821ccd55fe0f7688e,here,beam16,1,True,True,4,4,covered_below_top3,-3.292469024658203,new,-3.2918167114257812,-0.000652313232421875,388,388,True,3,0.016021728515625
twitter,93263e2696ca8851f6401c570e3067cd1f3fa90987b9d28782987a200b175dd7,than,baseline,1,True,True,6,6,covered_below_top3,-3.6860885620117188,money,-3.138580322265625,-0.5475082397460938,263,263,False,,
twitter,93263e2696ca8851f6401c570e3067cd1f3fa90987b9d28782987a200b175dd7,than,beam16,1,True,True,8,8,covered_below_top3,-3.6860885620117188,marketable,-2.593219757080078,-1.0928688049316406,391,391,False,,
twitter,e547023248d55a72e5882a23afbbdb7ecb145abbc042972a5b4a1e7c286b5c97,but,baseline,1,True,True,13,13,covered_below_top3,-4.557760238647461,i,-3.2845020294189453,-1.2732582092285156,255,255,False,,
twitter,e547023248d55a72e5882a23afbbdb7ecb145abbc042972a5b4a1e7c286b5c97,but,beam16,1,True,True,13,13,covered_below_top3,-4.557760238647461,i,-3.2845020294189453,-1.2732582092285156,383,383,False,,
twitter,f74372cd86ff9aec6e797461e37336833e89628a7961cbc8e6db1035f2ccfa5a,a,baseline,1,True,True,4,4,covered_below_top3,-3.167062759399414,updates,-2.859403610229492,-0.3076591491699219,256,256,False,,
twitter,f74372cd86ff9aec6e797461e37336833e89628a7961cbc8e6db1035f2ccfa5a,a,beam16,1,True,True,4,4,covered_below_top3,-3.167062759399414,updates,-2.859403610229492,-0.3076591491699219,384,384,False,,
twitter,c292c5da0a8aa4090089d9d97845f09b373bd1a4fab39ac64c8b2d50e15433e8,aurora,baseline,2,True,False,,260,missing_still_below_top3,-13.962587356567383,what,-2.7322463989257812,-11.230340957641602,259,260,False,,
twitter,c292c5da0a8aa4090089d9d97845f09b373bd1a4fab39ac64c8b2d50e15433e8,aurora,beam16,2,True,False,,375,missing_still_below_top3,-13.962587356567383,what,-2.7322463989257812,-11.230340957641602,383,384,False,,
twitter,dcc14d16f7054c2c367dcd0c6a87c15f5f0c15ae78e541d1269e7f7aaec62a40,like,baseline,1,True,True,39,39,covered_below_top3,-5.667072296142578,have,-3.353343963623047,-2.3137283325195312,256,256,False,,
twitter,dcc14d16f7054c2c367dcd0c6a87c15f5f0c15ae78e541d1269e7f7aaec62a40,like,beam16,1,True,True,41,41,covered_below_top3,-5.667072296142578,have,-3.353343963623047,-2.3137283325195312,384,384,False,,
twitter,79fc16f082a53b70dcb5823d8e767a8d278a31d5b930d16abbf2bc865ab87a29,throat,baseline,1,True,True,53,53,covered_below_top3,-6.860237121582031,the,-2.496763229370117,-4.363473892211914,256,256,False,,
twitter,79fc16f082a53b70dcb5823d8e767a8d278a31d5b930d16abbf2bc865ab87a29,throat,beam16,1,True,True,53,53,covered_below_top3,-6.860237121582031,the,-2.496763229370117,-4.363473892211914,384,384,False,,
twitter,bbd51ba170f12ab70463d6f1ac422424a8de8a3cb4c2fba12ac0806ad653de14,body,baseline,1,True,True,123,123,covered_below_top3,-7.34962272644043,time,-2.8315906524658203,-4.518032073974609,258,258,False,,
twitter,bbd51ba170f12ab70463d6f1ac422424a8de8a3cb4c2fba12ac0806ad653de14,body,beam16,1,True,True,123,123,covered_below_top3,-7.34962272644043,time,-2.8315906524658203,-4.518032073974609,386,386,False,,
twitter,bf720fb323cabe569fc0c729246ba69e710e10bef5c41350135b40b005bd5cbc,shoes,baseline,1,True,True,1,1,already_top3,-0.038173675537109375,sandals,-6.866483688354492,6.828310012817383,264,264,False,,
twitter,bf720fb323cabe569fc0c729246ba69e710e10bef5c41350135b40b005bd5cbc,shoes,beam16,1,True,True,1,1,already_top3,-0.038173675537109375,sandals,-6.866483688354492,6.828310012817383,392,392,False,,
twitter,33176fac8eb3c5980c8ce7a3a079403a7a92d0c429d04ac276999d3b9efcc40e,to,baseline,1,True,True,1,1,already_top3,-0.12559127807617188,yet,-5.676116943359375,5.550525665283203,258,258,False,,
twitter,33176fac8eb3c5980c8ce7a3a079403a7a92d0c429d04ac276999d3b9efcc40e,to,beam16,1,True,True,1,1,already_top3,-0.12559127807617188,yet,-5.676116943359375,5.550525665283203,386,386,False,,
twitter,b0a3eb688a9ed1792d3270d8877c4fbcfa817a5647ca04c01822e2af6e47bce1,i,baseline,1,True,True,12,12,covered_below_top3,-4.39436149597168,for,-3.7444934844970703,-0.6498680114746094,253,253,False,,
twitter,b0a3eb688a9ed1792d3270d8877c4fbcfa817a5647ca04c01822e2af6e47bce1,i,beam16,1,True,True,12,12,covered_below_top3,-4.39436149597168,for,-3.7444934844970703,-0.6498680114746094,381,381,False,,
twitter,f55392584b9aa853d858c78bd07b84787d804e61d9ed02f4fc3806012b13aab1,data,baseline,1,True,True,5,5,covered_below_top3,-4.118019104003906,moon,-3.462696075439453,-0.6553230285644531,258,258,False,,
twitter,f55392584b9aa853d858c78bd07b84787d804e61d9ed02f4fc3806012b13aab1,data,beam16,1,True,True,5,5,covered_below_top3,-4.118019104003906,moon,-3.462696075439453,-0.6553230285644531,386,386,False,,
twitter,809e0ee79efc2f3a759933e2c0ba6316af226c07596a7b090ba4ae1c3793ea16,the,baseline,1,True,True,3,3,already_top3,-2.9007415771484375,no,-3.3347244262695312,0.43398284912109375,256,256,False,,
twitter,809e0ee79efc2f3a759933e2c0ba6316af226c07596a7b090ba4ae1c3793ea16,the,beam16,1,True,True,3,3,already_top3,-2.9007415771484375,no,-3.3347244262695312,0.43398284912109375,384,384,False,,
twitter,bb450818aa1a7aa0956a4594d032b48f69f193eabb07232a8b4f7e822e43b8f7,go,baseline,1,True,True,7,7,covered_below_top3,-3.3413238525390625,find,-2.981761932373047,-0.3595619201660156,258,258,False,,
twitter,bb450818aa1a7aa0956a4594d032b48f69f193eabb07232a8b4f7e822e43b8f7,go,beam16,1,True,True,7,7,covered_below_top3,-3.3413238525390625,find,-2.981761932373047,-0.3595619201660156,385,385,False,,
twitter,fe9aea0725a9b4f7f77ee9ca321331930c68150c8d7586189e84dac83bc98527,smile,baseline,1,True,False,,256,missing_still_below_top3,-9.596996307373047,can,-3.4895973205566406,-6.107398986816406,259,260,False,,
twitter,fe9aea0725a9b4f7f77ee9ca321331930c68150c8d7586189e84dac83bc98527,smile,beam16,1,True,False,,258,missing_still_below_top3,-9.596996307373047,can,-3.4895973205566406,-6.107398986816406,386,387,False,,
twitter,59c8013c1df2516be4e002d7ee5dc36ff478a31814f9f385375a62c2af9af28f,air,baseline,1,True,True,2,2,already_top3,-3.4504947662353516,mini,-5.696079254150391,2.245584487915039,260,260,False,,
twitter,59c8013c1df2516be4e002d7ee5dc36ff478a31814f9f385375a62c2af9af28f,air,beam16,1,True,True,2,2,already_top3,-3.4504947662353516,mini,-5.696079254150391,2.245584487915039,388,388,False,,
twitter,c70e91e99cf2912963ae14ea563d7f6a0f2cc9f2dc6421716e822c023904f063,more,baseline,1,True,True,1,1,already_top3,-0.04523468017578125,mor,-6.933246612548828,6.888011932373047,259,259,False,,
twitter,c70e91e99cf2912963ae14ea563d7f6a0f2cc9f2dc6421716e822c023904f063,more,beam16,1,True,True,1,1,already_top3,-0.04523468017578125,mor,-6.933246612548828,6.888011932373047,387,387,False,,
twitter,9a47a95bc12f2aa1939db2722ece91281ed34bc3cb5dc78c7d8683ac6b54459e,now,baseline,1,True,True,1,1,already_top3,-0.8560791015625,this,-4.538448333740234,3.6823692321777344,255,255,False,,
twitter,9a47a95bc12f2aa1939db2722ece91281ed34bc3cb5dc78c7d8683ac6b54459e,now,beam16,1,True,True,1,1,already_top3,-0.8560791015625,this,-4.538448333740234,3.6823692321777344,383,383,False,,
twitter,9f596c8b340e5579121fe3cbf4ed65a7f06281bb559da4fcd1609c70202daf55,great,baseline,1,True,True,1,1,already_top3,-2.429546356201172,good,-4.059574127197266,1.6300277709960938,256,256,False,,
twitter,9f596c8b340e5579121fe3cbf4ed65a7f06281bb559da4fcd1609c70202daf55,great,beam16,1,True,True,1,1,already_top3,-2.429546356201172,good,-4.059574127197266,1.6300277709960938,384,384,False,,
twitter,5845c97b3512784107edf2caa483973f1c25fa58f3016bdfc5c8cc5c5c371ec6,me,baseline,1,True,True,1,1,already_top3,-1.3479690551757812,and,-2.745006561279297,1.3970375061035156,256,256,False,,
twitter,5845c97b3512784107edf2caa483973f1c25fa58f3016bdfc5c8cc5c5c371ec6,me,beam16,1,True,True,1,1,already_top3,-1.3479690551757812,and,-2.745006561279297,1.3970375061035156,384,384,False,,
twitter,b27b3d0377cbcd6718d8c822aaf77a17ef393d6a4fcb941374d69e544f0c3575,use,baseline,1,True,True,84,84,covered_below_top3,-7.114910125732422,an,-3.663604736328125,-3.451305389404297,258,258,False,,
twitter,b27b3d0377cbcd6718d8c822aaf77a17ef393d6a4fcb941374d69e544f0c3575,use,beam16,1,True,True,84,84,covered_below_top3,-7.114910125732422,an,-3.663604736328125,-3.451305389404297,386,386,False,,
twitter,9f79e8c5c80f3aba95ada2f4aef6041b37939f57129dd1db1f2181fbd04e5042,marines,baseline,2,True,False,,8,missing_still_below_top3,-4.373987197875977,station,-3.831087112426758,-0.5429000854492188,257,258,False,,
twitter,9f79e8c5c80f3aba95ada2f4aef6041b37939f57129dd1db1f2181fbd04e5042,marines,beam16,2,True,True,8,8,covered_below_top3,-4.373331069946289,station,-3.831087112426758,-0.5422439575195312,385,385,False,,
twitter,22fae40bf33210d9d9182fc2e0d9fa6af181892540d70a85ac30761b004fae28,fat,baseline,1,True,True,78,78,covered_below_top3,-6.863067626953125,happy,-2.7610702514648438,-4.101997375488281,256,256,False,,
twitter,22fae40bf33210d9d9182fc2e0d9fa6af181892540d70a85ac30761b004fae28,fat,beam16,1,True,True,78,78,covered_below_top3,-6.863067626953125,happy,-2.7610702514648438,-4.101997375488281,384,384,False,,
twitter,32f268119de2bd12e0346c67a845729dc776f86303b39ccb717e78cd398507e8,choose,baseline,1,True,False,,253,missing_still_below_top3,-8.439510345458984,have,-2.9393692016601562,-5.500141143798828,256,257,False,,
twitter,32f268119de2bd12e0346c67a845729dc776f86303b39ccb717e78cd398507e8,choose,beam16,1,True,False,,253,missing_still_below_top3,-8.439510345458984,have,-2.9393692016601562,-5.500141143798828,384,385,False,,
twitter,c5001b759d4255d9d99249504f5825f7270277a69eb98950c0c660367ff87f0f,game,baseline,1,True,True,1,1,already_top3,-1.7416267395019531,weekend,-3.2578392028808594,1.5162124633789062,260,260,False,,
twitter,c5001b759d4255d9d99249504f5825f7270277a69eb98950c0c660367ff87f0f,game,beam16,1,True,True,1,1,already_top3,-1.7416267395019531,weekend,-3.2578392028808594,1.5162124633789062,388,388,False,,
twitter,d891394d05c619ba0126116ccf0a162175f3c43d2a2b8ff9c6c487250edbdfa1,straight,baseline,1,True,True,1,1,already_top3,-0.17145538330078125,apart,-4.685977935791016,4.514522552490234,255,255,False,,
twitter,d891394d05c619ba0126116ccf0a162175f3c43d2a2b8ff9c6c487250edbdfa1,straight,beam16,1,True,True,1,1,already_top3,-0.17145538330078125,apart,-4.685977935791016,4.514522552490234,383,383,False,,
twitter,b95b34d913c70639530352536a33f9bf9060015b2be2c88d7b5c1c845269d754,oops,baseline,2,True,False,,254,missing_still_below_top3,-11.826215744018555,test,-2.7845516204833984,-9.041664123535156,256,257,False,,
twitter,b95b34d913c70639530352536a33f9bf9060015b2be2c88d7b5c1c845269d754,oops,beam16,2,True,False,,280,missing_still_below_top3,-11.826215744018555,test,-2.7845516204833984,-9.041664123535156,384,385,False,,
twitter,ac89f2a7955950ec02599105a1614abb3f4104367afa142be93471c1ebcc3ecb,me,baseline,1,True,True,1,1,already_top3,-0.5814437866210938,this,-3.4877548217773438,2.90631103515625,258,258,False,,
twitter,ac89f2a7955950ec02599105a1614abb3f4104367afa142be93471c1ebcc3ecb,me,beam16,1,True,True,1,1,already_top3,-0.5814437866210938,this,-3.4877548217773438,2.90631103515625,386,386,False,,
twitter,ea9917e5f5a88e57a6617dcf19ddeaddd5efff6900c5a6534023908de52f068c,a,baseline,1,True,True,7,7,covered_below_top3,-3.967395782470703,the,-3.4574623107910156,-0.5099334716796875,256,256,False,,
twitter,ea9917e5f5a88e57a6617dcf19ddeaddd5efff6900c5a6534023908de52f068c,a,beam16,1,True,True,7,7,covered_below_top3,-3.967395782470703,the,-3.4574623107910156,-0.5099334716796875,384,384,False,,
twitter,5d833968865957ff0f6ffb3cc7614be6eef69123047bbc7eb21449c8e2397322,in,baseline,1,True,True,1,1,already_top3,-2.396636962890625,from,-3.2234420776367188,0.8268051147460938,256,256,False,,
twitter,5d833968865957ff0f6ffb3cc7614be6eef69123047bbc7eb21449c8e2397322,in,beam16,1,True,True,1,1,already_top3,-2.396636962890625,from,-3.2234420776367188,0.8268051147460938,384,384,False,,
twitter,375c1b92f7b6b45aa92f099cd69c5bec185e26923f28c7603a7729d2f454fd17,and,baseline,1,True,True,2,2,already_top3,-3.408794403076172,the,-4.4755706787109375,1.0667762756347656,262,262,False,,
twitter,375c1b92f7b6b45aa92f099cd69c5bec185e26923f28c7603a7729d2f454fd17,and,beam16,1,True,True,2,2,already_top3,-3.408794403076172,the,-4.4755706787109375,1.0667762756347656,389,389,False,,
twitter,387723458c66e408b808eea48466bd2a4491a21256a26dae9182cf3d44129cb6,sing,baseline,1,True,False,,252,missing_still_below_top3,-9.86693000793457,don't,-3.0679187774658203,-6.79901123046875,260,261,False,,
twitter,387723458c66e408b808eea48466bd2a4491a21256a26dae9182cf3d44129cb6,sing,beam16,1,True,False,,253,missing_still_below_top3,-9.86693000793457,don't,-3.0679187774658203,-6.79901123046875,386,387,False,,
twitter,8518ff3fb26573151335180001388035d15db267be49fbedc8a536ff4ddf13d2,of,baseline,1,True,True,1,1,already_top3,-1.0426483154296875,for,-3.3251914978027344,2.282543182373047,256,256,False,,
twitter,8518ff3fb26573151335180001388035d15db267be49fbedc8a536ff4ddf13d2,of,beam16,1,True,True,1,1,already_top3,-1.0426483154296875,for,-3.3251914978027344,2.282543182373047,383,383,False,,
twitter,ae3cb31e730e8d6ff4a36774656af36b1ca5e587f54a9d94d476e03228593dc4,situations,baseline,1,True,True,1,1,already_top3,-0.9723625183105469,mood,-3.275360107421875,2.302997589111328,256,256,False,,
twitter,ae3cb31e730e8d6ff4a36774656af36b1ca5e587f54a9d94d476e03228593dc4,situations,beam16,1,True,True,1,1,already_top3,-0.9723625183105469,mood,-3.275360107421875,2.302997589111328,384,384,False,,
twitter,328c9209a3de3fdaf822820e1ee5de94478fd62dace121ea1a6a98e37716328e,he's,baseline,2,True,False,,104,missing_still_below_top3,-6.879726409912109,and,-3.150318145751953,-3.7294082641601562,257,258,False,,
twitter,328c9209a3de3fdaf822820e1ee5de94478fd62dace121ea1a6a98e37716328e,he's,beam16,2,True,True,106,106,covered_below_top3,-6.878513336181641,and,-3.150318145751953,-3.7281951904296875,385,385,False,,
twitter,326f3b0b39b9dcaf1d2cf9f3e90992436dcbc926df8e1d2eab7b4632ca4a77a3,there,baseline,1,True,True,205,205,covered_below_top3,-9.256820678710938,many,-2.6193275451660156,-6.637493133544922,256,256,False,,
twitter,326f3b0b39b9dcaf1d2cf9f3e90992436dcbc926df8e1d2eab7b4632ca4a77a3,there,beam16,1,True,True,216,216,covered_below_top3,-9.256820678710938,many,-2.6193275451660156,-6.637493133544922,383,383,False,,
twitter,46ed9093252d808efd080738ac8b971774ff65d4855f1e9b1d9a724053e99cac,to,baseline,1,True,True,1,1,already_top3,-0.5403175354003906,and,-3.446666717529297,2.9063491821289062,255,255,False,,
twitter,46ed9093252d808efd080738ac8b971774ff65d4855f1e9b1d9a724053e99cac,to,beam16,1,True,True,1,1,already_top3,-0.5403175354003906,and,-3.446666717529297,2.9063491821289062,383,383,False,,
twitter,9f74c34eec961cc2b0b8ae65dfa4a05dfdfc6791418be9fac80637c0e15583d0,different,baseline,1,True,True,55,55,covered_below_top3,-6.367214202880859,few,-3.3665428161621094,-3.00067138671875,256,256,False,,
twitter,9f74c34eec961cc2b0b8ae65dfa4a05dfdfc6791418be9fac80637c0e15583d0,different,beam16,1,True,True,56,56,covered_below_top3,-6.367214202880859,few,-3.3665428161621094,-3.00067138671875,384,384,False,,
twitter,ccfabe1eadc855ccace4c88a4917ef55de6a7f146cf1e30a4f57aa6132087ec3,marlee,baseline,2,True,False,,257,missing_still_below_top3,-15.461118698120117,i,-2.537921905517578,-12.923196792602539,256,257,False,,
twitter,ccfabe1eadc855ccace4c88a4917ef55de6a7f146cf1e30a4f57aa6132087ec3,marlee,beam16,2,True,False,,380,missing_still_below_top3,-15.461118698120117,i,-2.537921905517578,-12.923196792602539,384,385,False,,
twitter,c51426101d1a758badb57e27958db81cf763686f20d96d0fbc3ffba043a39ad5,will,baseline,1,True,True,17,17,covered_below_top3,-6.111835479736328,need,-4.016460418701172,-2.0953750610351562,257,257,False,,
twitter,c51426101d1a758badb57e27958db81cf763686f20d96d0fbc3ffba043a39ad5,will,beam16,1,True,True,17,17,covered_below_top3,-6.111835479736328,need,-4.016460418701172,-2.0953750610351562,383,383,False,,
twitter,1d3c212f340ef54aa374be0ca0fd4b2f88e9cf01d7d452a071f091d4b995f5f0,stuff,baseline,1,True,True,73,73,covered_below_top3,-6.551210403442383,and,-3.4452152252197266,-3.1059951782226562,259,259,False,,
twitter,1d3c212f340ef54aa374be0ca0fd4b2f88e9cf01d7d452a071f091d4b995f5f0,stuff,beam16,1,True,True,73,73,covered_below_top3,-6.551210403442383,and,-3.4452152252197266,-3.1059951782226562,387,387,False,,
twitter,4af22471a3d09c919657f196d9db3d6bea1f5070cb6fab3bf2a20aa9aef9980f,ehrlich,baseline,3,True,False,,92,missing_still_below_top3,-9.37508773803711,smith,-5.155460357666016,-4.219627380371094,268,269,False,,
twitter,4af22471a3d09c919657f196d9db3d6bea1f5070cb6fab3bf2a20aa9aef9980f,ehrlich,beam16,3,True,False,,181,missing_still_below_top3,-9.37508773803711,davis,-5.152801513671875,-4.222286224365234,395,396,False,,
twitter,4be446364a169c258e081d5428cb43451f6a3f949a3d375a50e8d861727ad131,cute,baseline,1,True,True,49,49,covered_below_top3,-5.9307708740234375,amazing,-2.9458999633789062,-2.9848709106445312,256,256,False,,
twitter,4be446364a169c258e081d5428cb43451f6a3f949a3d375a50e8d861727ad131,cute,beam16,1,True,True,49,49,covered_below_top3,-5.9307708740234375,amazing,-2.9458999633789062,-2.9848709106445312,384,384,False,,
twitter,8cc119a2b38be5497a86a0580cb8a34be3e60c7b859c126885ede12522114106,my,baseline,1,True,True,1,1,already_top3,-1.927978515625,a,-3.44561767578125,1.51763916015625,256,256,False,,
twitter,8cc119a2b38be5497a86a0580cb8a34be3e60c7b859c126885ede12522114106,my,beam16,1,True,True,1,1,already_top3,-1.927978515625,a,-3.44561767578125,1.51763916015625,384,384,False,,
twitter,284c2400932f5997114bfeda6f0c04bf2b4a7d871d4ec8195c83649a8ca05d64,forward,baseline,1,True,True,1,1,already_top3,-0.250823974609375,to,-4.080924987792969,3.8301010131835938,255,255,False,,
twitter,284c2400932f5997114bfeda6f0c04bf2b4a7d871d4ec8195c83649a8ca05d64,forward,beam16,1,True,True,1,1,already_top3,-0.250823974609375,to,-4.080924987792969,3.8301010131835938,383,383,False,,
twitter,699caf411cea0da0dd2295781eb4539818da2a949c7c1302681f6fe17b36202f,are,baseline,1,True,True,4,4,covered_below_top3,-3.5307979583740234,to,-2.9212284088134766,-0.6095695495605469,255,255,False,,
twitter,699caf411cea0da0dd2295781eb4539818da2a949c7c1302681f6fe17b36202f,are,beam16,1,True,True,4,4,covered_below_top3,-3.5307979583740234,to,-2.9212284088134766,-0.6095695495605469,383,383,False,,
twitter,9f707829bf840b5bfe458637b67ab793ab1417bcd7655f788cbafb872c287af3,or,baseline,1,True,True,73,73,covered_below_top3,-6.379581451416016,meant,-2.9407882690429688,-3.438793182373047,257,257,False,,
twitter,9f707829bf840b5bfe458637b67ab793ab1417bcd7655f788cbafb872c287af3,or,beam16,1,True,True,73,73,covered_below_top3,-6.379581451416016,meant,-2.9407882690429688,-3.438793182373047,385,385,False,,
twitter,ea5a7b1f00a68fbfbd9f755d72ead415f5ce81e2cd9dfb5bd1b2edee69ceac63,his,baseline,1,True,True,2,2,already_top3,-2.1414852142333984,that,-4.658021926879883,2.5165367126464844,261,261,False,,
twitter,ea5a7b1f00a68fbfbd9f755d72ead415f5ce81e2cd9dfb5bd1b2edee69ceac63,his,beam16,1,True,True,2,2,already_top3,-2.1414852142333984,that,-4.658021926879883,2.5165367126464844,388,388,False,,
twitter,0e42cf2f38a7260c4b2092eca7220f5d546ecfcbefc6af0b1bbbde8d6557d88a,fear,baseline,1,True,True,22,22,covered_below_top3,-5.5569610595703125,it,-2.2724647521972656,-3.284496307373047,258,258,False,,
twitter,0e42cf2f38a7260c4b2092eca7220f5d546ecfcbefc6af0b1bbbde8d6557d88a,fear,beam16,1,True,True,23,23,covered_below_top3,-5.5569610595703125,it,-2.2724647521972656,-3.284496307373047,383,383,False,,
twitter,272fdf2f54872e1fe6db26455e88f76916b1c93d5bcb2d449fe589e4c01db54b,science,baseline,1,True,False,,208,missing_still_below_top3,-7.863227844238281,nice,-3.4718399047851562,-4.391387939453125,263,264,False,,
twitter,272fdf2f54872e1fe6db26455e88f76916b1c93d5bcb2d449fe589e4c01db54b,science,beam16,1,True,False,,209,missing_still_below_top3,-7.863227844238281,nice,-3.4718399047851562,-4.391387939453125,391,392,False,,
twitter,67901d6851532497872fd5d5c6972be60cb47a7d292d0e0d8603fa6c296cc2de,the,baseline,1,True,True,3,3,already_top3,-2.801349639892578,up,-3.1611785888671875,0.3598289489746094,256,256,False,,
twitter,67901d6851532497872fd5d5c6972be60cb47a7d292d0e0d8603fa6c296cc2de,the,beam16,1,True,True,3,3,already_top3,-2.801349639892578,up,-3.1611785888671875,0.3598289489746094,384,384,False,,
twitter,b9ea7f780b30fe7c7b813eb89aab943c6dbc96b0b1162a88b4f0b6e0702a8dc8,it,baseline,1,True,True,2,2,already_top3,-1.7745304107666016,that,-3.663484573364258,1.8889541625976562,256,256,False,,
twitter,b9ea7f780b30fe7c7b813eb89aab943c6dbc96b0b1162a88b4f0b6e0702a8dc8,it,beam16,1,True,True,2,2,already_top3,-1.7745304107666016,that,-3.663484573364258,1.8889541625976562,384,384,False,,
twitter,6da19ab67fc77b38f51b37f338f5d9ef1147a4744188288c31b6993aa1d8a9de,unnatural,baseline,1,True,False,,261,missing_still_below_top3,-12.584535598754883,not,-3.521688461303711,-9.062847137451172,260,261,False,,
twitter,6da19ab67fc77b38f51b37f338f5d9ef1147a4744188288c31b6993aa1d8a9de,unnatural,beam16,1,True,False,,266,missing_still_below_top3,-12.584535598754883,not,-3.521688461303711,-9.062847137451172,388,389,False,,
twitter,d0f9ae922f59da6f898a5a3252caceb48b7cdbb5fd45272512db53bd20594006,buy,baseline,1,True,True,42,42,covered_below_top3,-5.890216827392578,get,-2.8282470703125,-3.061969757080078,256,256,False,,
twitter,d0f9ae922f59da6f898a5a3252caceb48b7cdbb5fd45272512db53bd20594006,buy,beam16,1,True,True,42,42,covered_below_top3,-5.890216827392578,get,-2.8282470703125,-3.061969757080078,384,384,False,,
twitter,ccc3f53a5c2bf415f223d7d08f6c5d98b4210903b0a4e5004fac4034aeb0405d,or,baseline,1,True,True,20,20,covered_below_top3,-5.3904876708984375,any,-2.7030792236328125,-2.687408447265625,253,253,False,,
twitter,ccc3f53a5c2bf415f223d7d08f6c5d98b4210903b0a4e5004fac4034aeb0405d,or,beam16,1,True,True,20,20,covered_below_top3,-5.3904876708984375,any,-2.7030792236328125,-2.687408447265625,381,381,False,,
twitter,061989eb4b6f043e6b703c545a41434606597ee5a333ca6cb23a0817f0c1cad3,tag,baseline,1,True,True,83,83,covered_below_top3,-7.288259506225586,to,-2.4064273834228516,-4.881832122802734,257,257,False,,
twitter,061989eb4b6f043e6b703c545a41434606597ee5a333ca6cb23a0817f0c1cad3,tag,beam16,1,True,True,83,83,covered_below_top3,-7.288259506225586,to,-2.4064273834228516,-4.881832122802734,385,385,False,,
twitter,0147524498f6dcb7f6c1df9732d3db5bdd194c1dbe51d591b8b3e5139ca943bf,damn,baseline,1,True,False,,253,missing_still_below_top3,-8.970731735229492,we,-4.688295364379883,-4.282436370849609,259,260,False,,
twitter,0147524498f6dcb7f6c1df9732d3db5bdd194c1dbe51d591b8b3e5139ca943bf,damn,beam16,1,True,False,,264,missing_still_below_top3,-8.970731735229492,we,-4.688295364379883,-4.282436370849609,384,385,False,,
twitter,cc0c913577f11e97b3814b51feda487a2334d3d424406075bd0fc517c7f664a6,a,baseline,1,True,True,1,1,already_top3,-2.3251895904541016,born,-3.850698471069336,1.5255088806152344,259,259,False,,
twitter,cc0c913577f11e97b3814b51feda487a2334d3d424406075bd0fc517c7f664a6,a,beam16,1,True,True,1,1,already_top3,-2.3251895904541016,born,-3.850698471069336,1.5255088806152344,387,387,False,,
twitter,a0bbdb92233059108829c0e28d980428e110f66a0e8ffd39ce7afa742d09c5f8,you,baseline,1,True,True,4,4,covered_below_top3,-4.222038269042969,it,-4.050083160400391,-0.17195510864257812,257,257,False,,
twitter,a0bbdb92233059108829c0e28d980428e110f66a0e8ffd39ce7afa742d09c5f8,you,beam16,1,True,True,4,4,covered_below_top3,-4.222038269042969,it,-4.050083160400391,-0.17195510864257812,383,383,False,,
twitter,741f2d626df4f575e6e7d696afde4686117f08a5f2c4249020ffcd8bfd7e4841,hungover,baseline,2,True,False,,257,missing_still_below_top3,-11.96639633178711,close,-3.4782848358154297,-8.48811149597168,256,257,False,,
twitter,741f2d626df4f575e6e7d696afde4686117f08a5f2c4249020ffcd8bfd7e4841,hungover,beam16,2,True,False,,269,missing_still_below_top3,-11.96639633178711,close,-3.4782848358154297,-8.48811149597168,384,385,False,,
twitter,90de0b9bf908cce0650179964fd20ed72d13a26eb1dda59215f3b606899e96b8,to,baseline,1,True,True,1,1,already_top3,-1.4192276000976562,in,-3.140676498413086,1.7214488983154297,256,256,False,,
twitter,90de0b9bf908cce0650179964fd20ed72d13a26eb1dda59215f3b606899e96b8,to,beam16,1,True,True,1,1,already_top3,-1.4192276000976562,in,-3.140676498413086,1.7214488983154297,384,384,False,,
twitter,83e20cc4f51e11e49a754eb6faea5d4888cc5f90c72dbe7e3dc7dbb0e3162c59,very,baseline,1,True,False,,189,missing_still_below_top3,-9.086585998535156,and,-2.7111244201660156,-6.375461578369141,256,257,False,,
twitter,83e20cc4f51e11e49a754eb6faea5d4888cc5f90c72dbe7e3dc7dbb0e3162c59,very,beam16,1,True,False,,193,missing_still_below_top3,-9.086585998535156,and,-2.7111244201660156,-6.375461578369141,384,385,False,,
twitter,b96d2800bb083eca035544b0bce72eb11b2a87d29603cde9ba1f402d620305e4,around,baseline,1,True,True,31,31,covered_below_top3,-5.726154327392578,it,-2.517101287841797,-3.2090530395507812,255,255,False,,
twitter,b96d2800bb083eca035544b0bce72eb11b2a87d29603cde9ba1f402d620305e4,around,beam16,1,True,True,31,31,covered_below_top3,-5.726154327392578,it,-2.517101287841797,-3.2090530395507812,383,383,False,,
twitter,fd6506494e3f316c3b2eda02245b6f4562329d9cba728cf97d781c9a1035e0c2,bears,baseline,1,True,False,,243,missing_still_below_top3,-9.313941955566406,the,-2.9096336364746094,-6.404308319091797,260,261,False,,
twitter,fd6506494e3f316c3b2eda02245b6f4562329d9cba728cf97d781c9a1035e0c2,bears,beam16,1,True,False,,248,missing_still_below_top3,-9.313941955566406,the,-2.9096336364746094,-6.404308319091797,388,389,False,,
twitter,c563b541beccb4e46375d7b78233b7b595c9a8709a9370cfe4c33c30f86e8534,love,baseline,1,True,True,158,158,covered_below_top3,-7.674400329589844,for,-3.7340660095214844,-3.9403343200683594,255,255,False,,
twitter,c563b541beccb4e46375d7b78233b7b595c9a8709a9370cfe4c33c30f86e8534,love,beam16,1,True,True,162,162,covered_below_top3,-7.674400329589844,for,-3.7340660095214844,-3.9403343200683594,382,382,False,,
twitter,370616af8584db52e81e96e840a0ff24dc7c1376825dfaba821586a6ceaef0c7,but,baseline,1,True,True,1,1,already_top3,-1.6976051330566406,school,-3.936553955078125,2.2389488220214844,257,257,False,,
twitter,370616af8584db52e81e96e840a0ff24dc7c1376825dfaba821586a6ceaef0c7,but,beam16,1,True,True,1,1,already_top3,-1.6976051330566406,school,-3.936553955078125,2.2389488220214844,385,385,False,,
twitter,6a006bee7a8ef46994e698dab791821ae894519158bac09839b9c7720982447b,an,baseline,1,True,True,54,54,covered_below_top3,-6.222723007202148,the,-2.806324005126953,-3.4163990020751953,258,258,False,,
twitter,6a006bee7a8ef46994e698dab791821ae894519158bac09839b9c7720982447b,an,beam16,1,True,True,54,54,covered_below_top3,-6.222723007202148,the,-2.806324005126953,-3.4163990020751953,386,386,False,,
twitter,0ff7cdb2a6d5207e493f159f4831ba1c9bb2f34ab75304c94333523c20d86c68,that,baseline,1,True,True,1,1,already_top3,-1.8779258728027344,you,-2.2502403259277344,0.372314453125,256,256,False,,
twitter,0ff7cdb2a6d5207e493f159f4831ba1c9bb2f34ab75304c94333523c20d86c68,that,beam16,1,True,True,1,1,already_top3,-1.8779258728027344,you,-2.2502403259277344,0.372314453125,383,383,False,,
twitter,15ef1bcd3c9bd82e8daf1f10d502977edec7ff2968ad5926e2110b7ce29fb769,you're,baseline,2,True,False,,132,missing_still_below_top3,-7.587614059448242,and,-3.3045711517333984,-4.283042907714844,258,259,False,,
twitter,15ef1bcd3c9bd82e8daf1f10d502977edec7ff2968ad5926e2110b7ce29fb769,you're,beam16,2,True,False,,137,missing_still_below_top3,-7.587614059448242,and,-3.3045711517333984,-4.283042907714844,384,385,False,,
twitter,48654f6b05fb402f5989d578766c2dd54dc40403e9a190b13a1301030a08ad1f,the,baseline,1,True,True,1,1,already_top3,-1.2797107696533203,a,-2.7077789306640625,1.4280681610107422,257,257,False,,
twitter,48654f6b05fb402f5989d578766c2dd54dc40403e9a190b13a1301030a08ad1f,the,beam16,1,True,True,1,1,already_top3,-1.2797107696533203,a,-2.7077789306640625,1.4280681610107422,385,385,False,,
twitter,5ff210c8884d0102a275475473c5cba0c0f2db63e45b1be91cd5778b90e7d79e,hustle,baseline,1,True,True,5,5,covered_below_top3,-4.034149169921875,job,-3.7552051544189453,-0.2789440155029297,256,256,False,,
twitter,5ff210c8884d0102a275475473c5cba0c0f2db63e45b1be91cd5778b90e7d79e,hustle,beam16,1,True,True,5,5,covered_below_top3,-4.034149169921875,job,-3.7552051544189453,-0.2789440155029297,384,384,False,,
twitter,183c48d7a2aab033ccd20104e819d38f67433097750771e7821c6e7961c87ffd,rights,baseline,1,True,False,,254,missing_still_below_top3,-11.359485626220703,what,-3.3324203491210938,-8.02706527709961,258,259,False,,
twitter,183c48d7a2aab033ccd20104e819d38f67433097750771e7821c6e7961c87ffd,rights,beam16,1,True,False,,275,missing_still_below_top3,-11.359485626220703,what,-3.3324203491210938,-8.02706527709961,386,387,False,,
twitter,55ea2cb0b59a864f950473104cc288ed311999fe5b9c195d5edeb7479d4a9306,now,baseline,1,True,True,19,19,covered_below_top3,-5.003570556640625,in,-2.9108657836914062,-2.0927047729492188,256,256,False,,
twitter,55ea2cb0b59a864f950473104cc288ed311999fe5b9c195d5edeb7479d4a9306,now,beam16,1,True,True,19,19,covered_below_top3,-5.003570556640625,in,-2.9108657836914062,-2.0927047729492188,384,384,False,,
twitter,f1b5e9e6d6f733f94f78785c7b3acb329a53a736ebbc27d870531a64250b02e9,check,baseline,1,True,True,28,28,covered_below_top3,-5.043266296386719,know,-3.233551025390625,-1.8097152709960938,257,257,False,,
twitter,f1b5e9e6d6f733f94f78785c7b3acb329a53a736ebbc27d870531a64250b02e9,check,beam16,1,True,True,28,28,covered_below_top3,-5.043266296386719,know,-3.233551025390625,-1.8097152709960938,385,385,False,,
