candidate,source,line_hash,observed_word,canonical_target_tokens,baseline_rank_at3,expanded_rank_at3,baseline_covered,expanded_covered,gain,loss,baseline_first,baseline_second,baseline_third,expanded_first,expanded_second,expanded_third,baseline_target_log_score,expanded_target_log_score,synthetic_choice_correct
beam16,blogs,f27ea2d29c7104c919b3db28c6665a75f06509e20abfce2a096f6bd7fdee17a5,back,1,0,0,True,True,False,False,to,home,out,to,home,out,-3.4468841552734375,-3.4468841552734375,True
beam64,blogs,f27ea2d29c7104c919b3db28c6665a75f06509e20abfce2a096f6bd7fdee17a5,back,1,0,0,True,True,False,False,to,home,out,to,home,out,-3.4468841552734375,-3.4468841552734375,True
beam16,blogs,2e33f63c7626dbc369773847be674268e62ff845811d0f1a707abb82d030fda8,movie,1,0,0,True,True,False,False,of,to,and,of,to,and,-7.215431213378906,-7.215431213378906,True
beam64,blogs,2e33f63c7626dbc369773847be674268e62ff845811d0f1a707abb82d030fda8,movie,1,0,0,True,True,False,False,of,to,and,of,to,and,-7.215431213378906,-7.215431213378906,True
beam16,blogs,3a5c23d72140c92c25f4fbd08b9ac0feecee320dc88c6ee630121fbb1dc7ba3f,you,1,1,1,True,True,False,False,you,i,it,you,i,it,-0.5283241271972656,-0.5283241271972656,True
beam64,blogs,3a5c23d72140c92c25f4fbd08b9ac0feecee320dc88c6ee630121fbb1dc7ba3f,you,1,1,1,True,True,False,False,you,i,it,you,i,it,-0.5283241271972656,-0.5283241271972656,True
beam16,blogs,150f418fb152be9cb918f6a5cddb03c13ba3de68e7a2ad474b9d73f9888b10db,this,1,0,0,True,True,False,False,it,we,the,it,we,the,-3.7588539123535156,-3.7588539123535156,True
beam64,blogs,150f418fb152be9cb918f6a5cddb03c13ba3de68e7a2ad474b9d73f9888b10db,this,1,0,0,True,True,False,False,it,we,the,it,we,the,-3.7588539123535156,-3.7588539123535156,True
beam16,blogs,379382c7ed6229fb6a69c6e7589b03d3240417a25dc4be8d5bfa25a7d0e6a114,with,1,1,1,True,True,False,False,with,and,a,with,and,a,-0.27831268310546875,-0.27831268310546875,True
beam64,blogs,379382c7ed6229fb6a69c6e7589b03d3240417a25dc4be8d5bfa25a7d0e6a114,with,1,1,1,True,True,False,False,with,and,a,with,and,a,-0.27831268310546875,-0.27831268310546875,True
beam16,blogs,1a3d0e172a1fcc90d98522daac9c53c1add1ae3f5e1b59bfafdbaf7f15ea7e13,or,1,0,0,True,True,False,False,to,you,in,to,you,in,-3.420330047607422,-3.420330047607422,True
beam64,blogs,1a3d0e172a1fcc90d98522daac9c53c1add1ae3f5e1b59bfafdbaf7f15ea7e13,or,1,0,0,True,True,False,False,to,you,in,to,you,in,-3.420330047607422,-3.420330047607422,True
beam16,blogs,b1bdb15784994402f4445749c82f4d5fa4972fe0ae3f775cd198f3db707ed5c7,vendor,1,0,0,True,True,False,False,member,certified,part,member,certified,part,-7.746305465698242,-7.746305465698242,True
beam64,blogs,b1bdb15784994402f4445749c82f4d5fa4972fe0ae3f775cd198f3db707ed5c7,vendor,1,0,0,True,True,False,False,member,certified,part,member,certified,part,-7.746305465698242,-7.746305465698242,True
beam16,blogs,75ec673b2b31cde02d81eb99e409f3c60f43ed1afdb8d3477a01196e43e64dc7,there,1,0,0,True,True,False,False,i,the,i'm,i,the,i'm,-3.585308074951172,-3.585308074951172,True
beam64,blogs,75ec673b2b31cde02d81eb99e409f3c60f43ed1afdb8d3477a01196e43e64dc7,there,1,0,0,True,True,False,False,i,the,i'm,i,the,i'm,-3.585308074951172,-3.585308074951172,True
beam16,blogs,640a825583d8a72a7cd2175016d14e07d28d2bdd55709dbc8634270dfaec9da5,checkmark,2,0,0,False,False,False,False,on,to,the,on,to,the,,,True
beam64,blogs,640a825583d8a72a7cd2175016d14e07d28d2bdd55709dbc8634270dfaec9da5,checkmark,2,0,0,False,False,False,False,on,to,the,on,to,the,,,True
beam16,blogs,91507145be5cf1fad2815adf342860b6bdac455d8db048b0374aa8c35cea72ae,recommend,1,1,1,True,True,False,False,recommend,think,want,recommend,think,want,-1.3796615600585938,-1.3796615600585938,True
beam64,blogs,91507145be5cf1fad2815adf342860b6bdac455d8db048b0374aa8c35cea72ae,recommend,1,1,1,True,True,False,False,recommend,think,want,recommend,think,want,-1.3796615600585938,-1.3796615600585938,True
beam16,blogs,b72474f50716169e9748a2eb8e76b7ab5e47c06dda75b8e74db7920d216f09bc,daisy,2,0,0,False,False,False,False,the,us,or,the,us,or,,,True
beam64,blogs,b72474f50716169e9748a2eb8e76b7ab5e47c06dda75b8e74db7920d216f09bc,daisy,2,0,0,False,False,False,False,the,us,or,the,us,or,,,True
beam16,blogs,4e8895ae50463f9bb1588854743dfddeff57c6d568879614efeb3e276882ab37,it,1,0,0,True,True,False,False,cream,up,smart,cream,up,smart,-3.7481250762939453,-3.7481250762939453,True
beam64,blogs,4e8895ae50463f9bb1588854743dfddeff57c6d568879614efeb3e276882ab37,it,1,0,0,True,True,False,False,cream,up,smart,cream,up,smart,-3.7481250762939453,-3.7481250762939453,True
beam16,blogs,8334b4540dfa719754aa0de65ed2e2986c1843ed87663872cd9a57a7753146d8,on,1,0,0,True,True,False,False,of,has,is,of,has,is,-3.188488006591797,-3.188488006591797,True
beam64,blogs,8334b4540dfa719754aa0de65ed2e2986c1843ed87663872cd9a57a7753146d8,on,1,0,0,True,True,False,False,of,has,is,of,has,is,-3.188488006591797,-3.188488006591797,True
beam16,blogs,c32c3e1300b8358f8bf7ec24bd106bbef01d3579e2c273272d5efc7b145fa792,a,1,0,0,True,True,False,False,the,your,it,the,your,it,-3.0756492614746094,-3.0756492614746094,False
beam64,blogs,c32c3e1300b8358f8bf7ec24bd106bbef01d3579e2c273272d5efc7b145fa792,a,1,0,0,True,True,False,False,the,your,it,the,your,it,-3.0756492614746094,-3.0756492614746094,False
beam16,blogs,41b8bc114e6a873a647502ff550d0b54a9f7fdb2fdb10bff657a8df21d400073,project,1,0,0,False,False,False,False,friends,hearts,to,friends,hearts,to,,,False
beam64,blogs,41b8bc114e6a873a647502ff550d0b54a9f7fdb2fdb10bff657a8df21d400073,project,1,0,0,False,False,False,False,friends,hearts,to,friends,hearts,to,,,False
beam16,blogs,b57186493fa3a2c547d996aa77e54272d923628b38b4516aea24441809f9338e,could,1,0,0,True,True,False,False,is,fees,will,is,fees,will,-5.935464859008789,-5.935464859008789,True
beam64,blogs,b57186493fa3a2c547d996aa77e54272d923628b38b4516aea24441809f9338e,could,1,0,0,True,True,False,False,is,fees,will,is,fees,will,-5.935464859008789,-5.935464859008789,True
beam16,blogs,6fda27b4519c3b1f949aa789fafd4633a2f4715428108f635f869b6f6abb47e4,jake's,3,0,0,False,True,False,False,our,my,the,our,my,the,,-10.567070007324219,True
beam64,blogs,6fda27b4519c3b1f949aa789fafd4633a2f4715428108f635f869b6f6abb47e4,jake's,3,0,0,False,False,False,False,our,my,the,our,my,the,,,True
beam16,blogs,8e31aa2486bd2af28e15adf7c3e90c3c5b00791a9a32397ade5784dc34970532,were,1,2,2,True,True,False,False,of,were,are,of,were,are,-2.1425914764404297,-2.1425914764404297,True
beam64,blogs,8e31aa2486bd2af28e15adf7c3e90c3c5b00791a9a32397ade5784dc34970532,were,1,2,2,True,True,False,False,of,were,are,of,were,are,-2.1425914764404297,-2.1425914764404297,True
beam16,blogs,7d7f9e354d8330b014d1ef7c7cb1d9701045bc373464c2dff27577df2203228f,be,1,0,0,True,True,False,False,and,patience,courage,and,patience,courage,-7.016042709350586,-7.016042709350586,True
beam64,blogs,7d7f9e354d8330b014d1ef7c7cb1d9701045bc373464c2dff27577df2203228f,be,1,0,0,True,True,False,False,and,patience,courage,and,patience,courage,-7.016042709350586,-7.016042709350586,True
beam16,blogs,32cd52cb54a0a85df0b971cd8c0dec12b0e8fca77376c9ed9eed5d52992e76d9,espresso,1,0,0,False,False,False,False,family,i,and,family,i,and,,,True
beam64,blogs,32cd52cb54a0a85df0b971cd8c0dec12b0e8fca77376c9ed9eed5d52992e76d9,espresso,1,0,0,False,False,False,False,family,i,and,family,i,and,,,True
beam16,blogs,3f11bb930af28be6636d3b7d33c9d93c16b75c68d23c735cac8a5f410b6e3565,until,1,0,0,True,True,False,False,and,but,the,and,but,the,-5.139888763427734,-5.139888763427734,True
beam64,blogs,3f11bb930af28be6636d3b7d33c9d93c16b75c68d23c735cac8a5f410b6e3565,until,1,0,0,True,True,False,False,and,but,the,and,but,the,-5.139888763427734,-5.139888763427734,True
beam16,blogs,c3c80837aa0856c9606e04dcab979b22143dbe7815d5c469b05d365064138398,author,1,0,0,True,True,False,False,is,was,said,is,was,said,-7.469745635986328,-7.469745635986328,True
beam64,blogs,c3c80837aa0856c9606e04dcab979b22143dbe7815d5c469b05d365064138398,author,1,0,0,True,True,False,False,is,was,said,is,was,said,-7.469745635986328,-7.469745635986328,True
beam16,blogs,f9c18fac0730e3adf3d480213575a4cbb220eb2947050930de7197229981d9fd,wine,1,1,1,True,True,False,False,wine,champagne,red,wine,champagne,red,-0.5122566223144531,-0.5122566223144531,True
beam64,blogs,f9c18fac0730e3adf3d480213575a4cbb220eb2947050930de7197229981d9fd,wine,1,1,1,True,True,False,False,wine,champagne,red,wine,champagne,red,-0.5122566223144531,-0.5122566223144531,True
beam16,blogs,3de6e4df992e71eb825eca79e7a59069fc50a064448f89979e471bcc3c22ba75,man,1,3,3,True,True,False,False,the,a,man,the,a,man,-4.777252197265625,-4.777252197265625,True
beam64,blogs,3de6e4df992e71eb825eca79e7a59069fc50a064448f89979e471bcc3c22ba75,man,1,3,3,True,True,False,False,the,a,man,the,a,man,-4.777252197265625,-4.777252197265625,True
beam16,blogs,cd672f6d7025d9ad0026cbba9bb3fe3ed6e71093ac88175f8ac2bc4e94f32a5a,cream,1,1,1,True,True,False,False,cream,creams,and,cream,creams,and,-0.05889129638671875,-0.05889129638671875,True
beam64,blogs,cd672f6d7025d9ad0026cbba9bb3fe3ed6e71093ac88175f8ac2bc4e94f32a5a,cream,1,1,1,True,True,False,False,cream,creams,and,cream,creams,and,-0.05889129638671875,-0.05889129638671875,True
beam16,blogs,ffffbefc9a109669ff1a3ad2756ffb1b534daee5f90fa1162e36b37538116f43,queen,1,0,0,False,False,False,False,rain,in,that,rain,in,that,,,True
beam64,blogs,ffffbefc9a109669ff1a3ad2756ffb1b534daee5f90fa1162e36b37538116f43,queen,1,0,0,False,False,False,False,rain,in,that,rain,in,that,,,True
beam16,blogs,bf42c863d826b55a8070e1b8271fe6f2e04ddbc417207c1f1eb541701a91196f,that,1,1,1,True,True,False,False,that,of,to,that,of,to,-0.9852371215820312,-0.9852371215820312,True
beam64,blogs,bf42c863d826b55a8070e1b8271fe6f2e04ddbc417207c1f1eb541701a91196f,that,1,1,1,True,True,False,False,that,of,to,that,of,to,-0.9852371215820312,-0.9852371215820312,True
beam16,blogs,d67f3e27829d44de0441ec7eed10ea7e2c56c932e9f84f5bd174bd098965c994,license,1,0,0,False,False,False,False,smoke,choice,hot,smoke,choice,hot,,,False
beam64,blogs,d67f3e27829d44de0441ec7eed10ea7e2c56c932e9f84f5bd174bd098965c994,license,1,0,0,False,False,False,False,smoke,choice,hot,smoke,choice,hot,,,False
beam16,blogs,0989b5237eb48e59cad83dca5762b211d7ce5641230183f24ce883fe76205abd,our,1,1,1,True,True,False,False,our,life,the,our,life,the,-0.4268836975097656,-0.4268836975097656,True
beam64,blogs,0989b5237eb48e59cad83dca5762b211d7ce5641230183f24ce883fe76205abd,our,1,1,1,True,True,False,False,our,life,the,our,life,the,-0.4268836975097656,-0.4268836975097656,True
beam16,blogs,5cd9b83ec4ed2b0d02e2007d2c0408dba6b5ac9fc94263f469660eb274c34f1b,little,1,0,0,True,True,False,False,me,the,sunday,me,the,sunday,-5.270534515380859,-5.270534515380859,True
beam64,blogs,5cd9b83ec4ed2b0d02e2007d2c0408dba6b5ac9fc94263f469660eb274c34f1b,little,1,0,0,True,True,False,False,me,the,sunday,me,the,sunday,-5.270534515380859,-5.270534515380859,True
beam16,blogs,dce1fad10ecb15835e20e771fa9582bbfa84509f2029a76bc26617a09e82b6b4,be,1,1,1,True,True,False,False,be,mean,refer,be,mean,refer,-0.050136566162109375,-0.050136566162109375,True
beam64,blogs,dce1fad10ecb15835e20e771fa9582bbfa84509f2029a76bc26617a09e82b6b4,be,1,1,1,True,True,False,False,be,mean,refer,be,mean,refer,-0.050136566162109375,-0.050136566162109375,True
beam16,blogs,cf963c65aa4e6aec5caff27f73e21a65cd1c496deca38dead971f519caa4a10f,he,1,0,0,True,True,False,False,in,i,and,in,i,and,-3.3887672424316406,-3.3887672424316406,True
beam64,blogs,cf963c65aa4e6aec5caff27f73e21a65cd1c496deca38dead971f519caa4a10f,he,1,0,0,True,True,False,False,in,i,and,in,i,and,-3.3887672424316406,-3.3887672424316406,True
beam16,blogs,eb9f5bb77c9a3c3e31f269b25b42f96b69b7430186e38f0867f9015ccaa73417,benefit,1,0,0,False,False,False,False,only,peace,essence,only,peace,essence,,,True
beam64,blogs,eb9f5bb77c9a3c3e31f269b25b42f96b69b7430186e38f0867f9015ccaa73417,benefit,1,0,0,False,False,False,False,only,peace,essence,only,peace,essence,,,True
beam16,blogs,bd8985b74110ad26e2fc4ca3546ed2b4395d03a592c0585c2d7de7e26f1fab49,a,1,0,0,True,True,False,False,by,in,through,by,in,through,-6.881801605224609,-6.881801605224609,True
beam64,blogs,bd8985b74110ad26e2fc4ca3546ed2b4395d03a592c0585c2d7de7e26f1fab49,a,1,0,0,True,True,False,False,by,in,through,by,in,through,-6.881801605224609,-6.881801605224609,True
beam16,blogs,7cc50f2dcfa90fef70167174027dcc0a2745896138b6bca25927ca90a44949c9,got,1,0,0,True,True,False,False,took,walked,went,didn't,took,walked,-4.568286895751953,-4.568286895751953,True
beam64,blogs,7cc50f2dcfa90fef70167174027dcc0a2745896138b6bca25927ca90a44949c9,got,1,0,0,True,True,False,False,took,walked,went,didn't,took,walked,-4.568286895751953,-4.568286895751953,True
beam16,blogs,1c5951e89a7e0d1267c533d6451876a1334d82fe301be34c567c2f0ab8d99491,to,1,1,1,True,True,False,False,to,a,you,to,a,you,-0.16351699829101562,-0.16351699829101562,True
beam64,blogs,1c5951e89a7e0d1267c533d6451876a1334d82fe301be34c567c2f0ab8d99491,to,1,1,1,True,True,False,False,to,a,you,to,a,you,-0.16351699829101562,-0.16351699829101562,True
beam16,blogs,b25f994e529814b9fdf2bb21c64f49575041399a9bbcac0b4eea0554023236f1,coffee,1,0,0,False,False,False,False,the,a,they,the,a,they,,,True
beam64,blogs,b25f994e529814b9fdf2bb21c64f49575041399a9bbcac0b4eea0554023236f1,coffee,1,0,0,False,False,False,False,the,a,they,the,a,they,,,True
beam16,blogs,7a3925616ed56a8b85d5847676ae5aa6555e924f9eafdd9a0c743f1a2e30b300,alone,1,0,0,True,True,False,False,the,a,not,the,a,not,-6.703899383544922,-6.703899383544922,True
beam64,blogs,7a3925616ed56a8b85d5847676ae5aa6555e924f9eafdd9a0c743f1a2e30b300,alone,1,0,0,True,True,False,False,the,a,not,the,a,not,-6.703899383544922,-6.703899383544922,True
beam16,blogs,7ed840123b75f79024bc8d1dc218fd0f321c243a4f61574d890d2d41b9ef8f5c,breakdown,1,0,0,False,False,False,False,for,and,set,for,and,set,,,True
beam64,blogs,7ed840123b75f79024bc8d1dc218fd0f321c243a4f61574d890d2d41b9ef8f5c,breakdown,1,0,0,False,False,False,False,for,and,set,for,and,set,,,True
beam16,blogs,352c4a5237c0f7936acfceaf5fcb6ad851c1ec3bec851f002f8f2afc631ec909,pieces,1,0,0,False,False,False,False,is,and,time,is,and,time,,,True
beam64,blogs,352c4a5237c0f7936acfceaf5fcb6ad851c1ec3bec851f002f8f2afc631ec909,pieces,1,0,0,False,False,False,False,is,and,time,is,and,time,,,True
beam16,blogs,d2060adc06b000c7a152cb9ebd9c97fc8482baccbb7d26a051b8c99ecedb0020,surely,1,0,0,False,False,False,False,come,are,in,come,are,in,,,False
beam64,blogs,d2060adc06b000c7a152cb9ebd9c97fc8482baccbb7d26a051b8c99ecedb0020,surely,1,0,0,False,False,False,False,come,are,in,come,are,in,,,False
beam16,blogs,48a8a3b3ef24a02d736f34936f68558dd17258253c096871ec4c33fd0feda660,what,1,0,0,True,True,False,False,is,the,of,is,the,of,-8.135173797607422,-8.135173797607422,True
beam64,blogs,48a8a3b3ef24a02d736f34936f68558dd17258253c096871ec4c33fd0feda660,what,1,0,0,True,True,False,False,is,the,of,is,the,of,-8.135173797607422,-8.135173797607422,True
beam16,blogs,19d04f212bb0c9a83fc08d9844cccf7fa83000c4c8f5d5bf0bacd5a1bfdbcfe1,catch,1,0,0,False,False,False,False,in,important,on,in,important,on,,,True
beam64,blogs,19d04f212bb0c9a83fc08d9844cccf7fa83000c4c8f5d5bf0bacd5a1bfdbcfe1,catch,1,0,0,False,False,False,False,in,important,on,in,important,on,,,True
beam16,blogs,7cc7aa0a9cd8c2f9e0ad4e8bdde615c25d284ba8b1ce1e13bc16ad6ea987bf57,my,1,2,2,True,True,False,False,this,my,the,this,my,the,-2.66162109375,-2.66162109375,True
beam64,blogs,7cc7aa0a9cd8c2f9e0ad4e8bdde615c25d284ba8b1ce1e13bc16ad6ea987bf57,my,1,2,2,True,True,False,False,this,my,the,this,my,the,-2.66162109375,-2.66162109375,True
beam16,blogs,8af68e87d85431bd6bc7a862171855c16c0791857530d46d4dfec1deddc23696,tin,1,0,0,False,False,False,False,is,the,of,is,the,of,,,True
beam64,blogs,8af68e87d85431bd6bc7a862171855c16c0791857530d46d4dfec1deddc23696,tin,1,0,0,False,False,False,False,is,the,of,is,the,of,,,True
beam16,blogs,f4f91a0016cfe63d6bc462744ca56478e36afc5c906dfa42905d004ead7ac90a,arab,1,2,0,True,True,False,True,indian,arab,american,egyptian,iranian,indian,-3.2891769409179688,-3.2891769409179688,True
beam64,blogs,f4f91a0016cfe63d6bc462744ca56478e36afc5c906dfa42905d004ead7ac90a,arab,1,2,0,True,True,False,True,indian,arab,american,egyptian,iranian,indian,-3.2891769409179688,-3.2891769409179688,True
beam16,blogs,d5054b72c01dd6e1d22489654daa3ef8d380be567c39326fe54107968958b2e0,had,1,2,2,True,True,False,False,were,had,did,were,had,didn't,-2.8395023345947266,-2.8395023345947266,True
beam64,blogs,d5054b72c01dd6e1d22489654daa3ef8d380be567c39326fe54107968958b2e0,had,1,2,2,True,True,False,False,were,had,did,were,had,didn't,-2.8395023345947266,-2.8395023345947266,True
beam16,blogs,bb30fe263c00366818d0e6d06bfd8e9569b764d3ccb1384e3a002358c31381ae,enough,1,1,1,True,True,False,False,enough,highly,too,enough,highly,too,-0.2050323486328125,-0.2050323486328125,True
beam64,blogs,bb30fe263c00366818d0e6d06bfd8e9569b764d3ccb1384e3a002358c31381ae,enough,1,1,1,True,True,False,False,enough,highly,too,enough,highly,too,-0.2050323486328125,-0.2050323486328125,True
beam16,blogs,d267074911573a6de4266cd018b5ff9d916c188df7e0bc04617ed99ed72e7548,way,1,1,1,True,True,False,False,way,thing,of,way,thing,of,-2.7828311920166016,-2.7828311920166016,True
beam64,blogs,d267074911573a6de4266cd018b5ff9d916c188df7e0bc04617ed99ed72e7548,way,1,1,1,True,True,False,False,way,thing,of,way,thing,of,-2.7828311920166016,-2.7828311920166016,True
beam16,blogs,289ecbb05bd1df116b388dfce818a704ce3b45504536e71478dbb35484478a89,didn't,2,1,1,True,True,False,False,didn't,happened,never,didn't,happened,never,-0.6754875183105469,-0.6754875183105469,True
beam64,blogs,289ecbb05bd1df116b388dfce818a704ce3b45504536e71478dbb35484478a89,didn't,2,1,1,True,True,False,False,didn't,happened,never,didn't,happened,never,-0.6754875183105469,-0.6754875183105469,True
beam16,blogs,27b71126ec92112afb54eb000137182029bfcd0ebc3d6dbd6cd6d9483e3a4234,make,1,0,0,True,True,False,False,the,a,i,the,a,i,-8.045360565185547,-8.045360565185547,True
beam64,blogs,27b71126ec92112afb54eb000137182029bfcd0ebc3d6dbd6cd6d9483e3a4234,make,1,0,0,True,True,False,False,the,a,i,the,a,i,-8.045360565185547,-8.045360565185547,True
beam16,blogs,ddede43370fa553ae2705c278f52107fabdba65412378756953c6d27913bcf0a,dead,1,0,0,True,True,False,False,a,the,one,a,the,one,-5.900785446166992,-5.900785446166992,True
beam64,blogs,ddede43370fa553ae2705c278f52107fabdba65412378756953c6d27913bcf0a,dead,1,0,0,True,True,False,False,a,the,one,a,the,one,-5.900785446166992,-5.900785446166992,True
beam16,blogs,5918f37fca3c7089c9f83756790ef55fa02549c3383a53e67e7ec28401bb412b,your,1,3,3,True,True,False,False,to,the,your,to,the,your,-1.8706016540527344,-1.8706016540527344,True
beam64,blogs,5918f37fca3c7089c9f83756790ef55fa02549c3383a53e67e7ec28401bb412b,your,1,3,3,True,True,False,False,to,the,your,to,the,your,-1.8706016540527344,-1.8706016540527344,True
beam16,blogs,2a2c45f7d25bf1f3be66a95a02a88f42d3b03e2016e5bce15e735cc9c26910a8,excited,1,1,1,True,True,False,False,excited,looking,happy,excited,looking,happy,-0.3486213684082031,-0.3486213684082031,True
beam64,blogs,2a2c45f7d25bf1f3be66a95a02a88f42d3b03e2016e5bce15e735cc9c26910a8,excited,1,1,1,True,True,False,False,excited,looking,happy,excited,looking,happy,-0.3486213684082031,-0.3486213684082031,True
beam16,blogs,1b318a52a1fc587e9425cc21811759c771ea51381d41a018d6a4bd3d02cc45ae,that,1,1,1,True,True,False,False,that,even,who,that,even,who,-1.72003173828125,-1.72003173828125,True
beam64,blogs,1b318a52a1fc587e9425cc21811759c771ea51381d41a018d6a4bd3d02cc45ae,that,1,1,1,True,True,False,False,that,even,who,that,even,who,-1.72003173828125,-1.72003173828125,True
beam16,blogs,580589c89a508ed2f4b1766886ba623bec667f18bbb282189b3d36ecd412209c,gorgeous,1,0,0,True,True,False,False,just,the,a,just,the,a,-5.722095489501953,-5.722095489501953,True
beam64,blogs,580589c89a508ed2f4b1766886ba623bec667f18bbb282189b3d36ecd412209c,gorgeous,1,0,0,True,True,False,False,just,the,a,just,the,a,-5.722095489501953,-5.722095489501953,True
beam16,blogs,50b9d5391f73c1fe0c14b262ff5abeb64fa1e880491b3cdf9736900d8f29a7a3,them,1,1,1,True,True,False,False,them,me,him,them,me,him,-0.23904800415039062,-0.23904800415039062,True
beam64,blogs,50b9d5391f73c1fe0c14b262ff5abeb64fa1e880491b3cdf9736900d8f29a7a3,them,1,1,1,True,True,False,False,them,me,him,them,me,him,-0.23904800415039062,-0.23904800415039062,True
beam16,blogs,929846bf043468a80ab4f13004e997e29b18248e39cd61f60c2f2483e82ae9d9,pop,1,0,0,False,False,False,False,is,life,family,is,life,family,,,False
beam64,blogs,929846bf043468a80ab4f13004e997e29b18248e39cd61f60c2f2483e82ae9d9,pop,1,0,0,False,False,False,False,is,life,family,is,life,family,,,False
beam16,blogs,361aa83793b17e1cb64a7e78bebe2c9dde88d0751b7ef508242823501bf26cf1,is,1,2,2,True,True,False,False,in,is,was,in,is,was,-2.1214542388916016,-2.1214542388916016,True
beam64,blogs,361aa83793b17e1cb64a7e78bebe2c9dde88d0751b7ef508242823501bf26cf1,is,1,2,2,True,True,False,False,in,is,was,in,is,was,-2.1214542388916016,-2.1214542388916016,True
beam16,blogs,0ec1f7437566873287fb4ce2337545d15b04fc9859d7c9df732eaf3828b639ff,and,1,1,1,True,True,False,False,and,it,to,and,selfishness,it,-1.2484130859375,-1.2484130859375,True
beam64,blogs,0ec1f7437566873287fb4ce2337545d15b04fc9859d7c9df732eaf3828b639ff,and,1,1,1,True,True,False,False,and,it,to,and,selfishness,it,-1.2484130859375,-1.2484130859375,True
beam16,blogs,8a408670d1fffe106c3249c50114ed0ee76b8aba4d1cea1ba97bbef380613c9a,transformed,1,2,2,True,True,False,False,elevated,transformed,made,elevated,transformed,made,-1.9981117248535156,-1.9981117248535156,True
beam64,blogs,8a408670d1fffe106c3249c50114ed0ee76b8aba4d1cea1ba97bbef380613c9a,transformed,1,2,2,True,True,False,False,elevated,transformed,made,elevated,transformed,made,-1.9981117248535156,-1.9981117248535156,True
beam16,blogs,d3aa691ddc018a6d5fadf674929c511806af19a69aa261d8c173c0ea587b5c3f,she,1,1,1,True,True,False,False,she,and,out,she,and,out,-2.4652442932128906,-2.4652442932128906,True
beam64,blogs,d3aa691ddc018a6d5fadf674929c511806af19a69aa261d8c173c0ea587b5c3f,she,1,1,1,True,True,False,False,she,and,out,she,and,out,-2.4652442932128906,-2.4652442932128906,True
beam16,blogs,59d0f2409d827263bcda66b91fcabe32b1ef885a9550d6898df2a271a5ec034d,isn't,2,0,0,False,False,False,False,of,thing,day,of,thing,day,,,True
beam64,blogs,59d0f2409d827263bcda66b91fcabe32b1ef885a9550d6898df2a271a5ec034d,isn't,2,0,0,False,False,False,False,of,thing,day,of,thing,day,,,True
beam16,blogs,c49d87c5affe4e36ae34217c03e51abadf80293b674c00e50068902705ba16ca,checking,1,0,0,True,True,False,False,she,i,turning,she,i,turning,-6.9712371826171875,-6.9712371826171875,True
beam64,blogs,c49d87c5affe4e36ae34217c03e51abadf80293b674c00e50068902705ba16ca,checking,1,0,0,True,True,False,False,she,i,turning,she,i,turning,-6.9712371826171875,-6.9712371826171875,True
beam16,blogs,769d17e744efc9f359f472b33b7eb105cfeacd41c8a520c02c0c4aadd552c805,also,1,0,0,True,True,False,False,be,even,have,be,even,have,-4.741672515869141,-4.741672515869141,True
beam64,blogs,769d17e744efc9f359f472b33b7eb105cfeacd41c8a520c02c0c4aadd552c805,also,1,0,0,True,True,False,False,be,even,have,be,even,have,-4.741672515869141,-4.741672515869141,True
beam16,blogs,14fc8df07a8d53d992cd72761a6265695f6c1fdeced1febb4fa01fc775b2777e,to,1,1,1,True,True,False,False,to,and,minded,to,and,minded,-0.292449951171875,-0.292449951171875,True
beam64,blogs,14fc8df07a8d53d992cd72761a6265695f6c1fdeced1febb4fa01fc775b2777e,to,1,1,1,True,True,False,False,to,and,minded,to,and,minded,-0.292449951171875,-0.292449951171875,True
beam16,blogs,83a1203467cbe6489cac8a50d562ea477b423c9ebb81fd31272f9342e90ffc34,thoughts,1,0,0,True,True,False,False,strengths,talents,perspectives,strengths,talents,perspectives,-3.598367691040039,-3.598367691040039,True
beam64,blogs,83a1203467cbe6489cac8a50d562ea477b423c9ebb81fd31272f9342e90ffc34,thoughts,1,0,0,True,True,False,False,strengths,talents,perspectives,strengths,talents,perspectives,-3.598367691040039,-3.598367691040039,True
beam16,blogs,6d5ed27525ca9d74933058c30ac43026dc1e3f55835b8ebe864d70b14add954c,has,1,3,3,True,True,False,False,is,was,has,is,was,has,-2.8283023834228516,-2.8283023834228516,True
beam64,blogs,6d5ed27525ca9d74933058c30ac43026dc1e3f55835b8ebe864d70b14add954c,has,1,3,3,True,True,False,False,is,was,has,is,was,has,-2.8283023834228516,-2.8283023834228516,True
beam16,blogs,a84b2495026668563d2d2b80e26c295978500cb674de72c200fcd9aa5d99ab93,fine,1,0,0,True,True,False,False,lot,way,good,lot,way,good,-6.673097610473633,-6.673097610473633,True
beam64,blogs,a84b2495026668563d2d2b80e26c295978500cb674de72c200fcd9aa5d99ab93,fine,1,0,0,True,True,False,False,lot,way,good,lot,way,good,-6.673097610473633,-6.673097610473633,True
beam16,blogs,f388cd77a4ea5c2114bec4dec6f7757e3b4fbae9eb400d8097f0d77d02748e35,to,1,1,1,True,True,False,False,to,and,of,to,and,of,-1.1115989685058594,-1.1115989685058594,True
beam64,blogs,f388cd77a4ea5c2114bec4dec6f7757e3b4fbae9eb400d8097f0d77d02748e35,to,1,1,1,True,True,False,False,to,and,of,to,and,of,-1.1115989685058594,-1.1115989685058594,True
beam16,blogs,e950195b249e4732f401a15b796b714944447b9025203d3108daf112473e750e,hasn't,2,0,0,False,False,False,False,minimum,has,congress,minimum,has,congress,,,True
beam64,blogs,e950195b249e4732f401a15b796b714944447b9025203d3108daf112473e750e,hasn't,2,0,0,False,False,False,False,minimum,has,congress,minimum,has,congress,,,True
beam16,blogs,5ddc58f751c00ce74fe573241d6f045e9a5c1e0e56b5d4d43fb3f7a0556007a1,soundtrack,1,0,0,True,True,False,False,song,tune,and,song,tune,and,-7.197929382324219,-7.197929382324219,True
beam64,blogs,5ddc58f751c00ce74fe573241d6f045e9a5c1e0e56b5d4d43fb3f7a0556007a1,soundtrack,1,0,0,True,True,False,False,song,tune,and,song,tune,and,-7.197929382324219,-7.197929382324219,True
beam16,blogs,3e691c6574767bc1494057f084358db0f018e395f8195813f147b4177033d5bf,potency,1,0,0,False,False,False,False,dance,rap,lyrics,dance,rap,lyrics,,,True
beam64,blogs,3e691c6574767bc1494057f084358db0f018e395f8195813f147b4177033d5bf,potency,1,0,0,False,False,False,False,dance,rap,lyrics,dance,rap,lyrics,,,True
beam16,blogs,50c3f1c845a617b0e1552789043c90e959d925ed130f6f05de05d4c07d96a2b7,least,1,1,1,True,True,False,False,least,the,first,least,the,first,-0.2775001525878906,-0.2775001525878906,True
beam64,blogs,50c3f1c845a617b0e1552789043c90e959d925ed130f6f05de05d4c07d96a2b7,least,1,1,1,True,True,False,False,least,the,first,least,the,first,-0.2775001525878906,-0.2775001525878906,True
beam16,blogs,4054deecb174f717e2fe6fe7bd4095a27d06200b8043af5b7d915eb985ef27a3,of,1,1,1,True,True,False,False,of,and,they,of,and,they,-0.32888031005859375,-0.32888031005859375,True
beam64,blogs,4054deecb174f717e2fe6fe7bd4095a27d06200b8043af5b7d915eb985ef27a3,of,1,1,1,True,True,False,False,of,and,they,of,and,they,-0.32888031005859375,-0.32888031005859375,True
beam16,blogs,e7e127780d035bd0c76f2ac65a8d93edc08d0bd8ee5b7014ad0f28d53b615cdd,does,1,0,0,True,True,False,False,to,she,should,to,she,should,-6.860633850097656,-6.860633850097656,False
beam64,blogs,e7e127780d035bd0c76f2ac65a8d93edc08d0bd8ee5b7014ad0f28d53b615cdd,does,1,0,0,True,True,False,False,to,she,should,to,she,should,-6.860633850097656,-6.860633850097656,False
beam16,blogs,0999a671801d5c56c9233b675d4d7065e41fde5cde8dd4a5a64a1220029d3e22,with,1,0,0,True,True,False,False,the,his,for,the,his,for,-2.747303009033203,-2.747303009033203,True
beam64,blogs,0999a671801d5c56c9233b675d4d7065e41fde5cde8dd4a5a64a1220029d3e22,with,1,0,0,True,True,False,False,the,his,for,the,his,for,-2.747303009033203,-2.747303009033203,True
beam16,blogs,67220dc16dbbefd83c149fb4bd803213d89492cd5fc9f6acec32669b8f0253fe,the,1,1,1,True,True,False,False,the,over,you,the,over,you,-1.2077140808105469,-1.2077140808105469,True
beam64,blogs,67220dc16dbbefd83c149fb4bd803213d89492cd5fc9f6acec32669b8f0253fe,the,1,1,1,True,True,False,False,the,over,you,the,over,you,-1.2077140808105469,-1.2077140808105469,True
beam16,blogs,764597b8401ca8bd3f09abd8c82151731453da8f44bdc36f11bb4997b73165d2,shaun,2,0,0,False,False,False,False,that,and,pieces,that,and,pieces,,,False
beam64,blogs,764597b8401ca8bd3f09abd8c82151731453da8f44bdc36f11bb4997b73165d2,shaun,2,0,0,False,False,False,False,that,and,pieces,that,and,pieces,,,False
beam16,blogs,75fbc187e71ed80033bdace43c3626ab186cb429aaca32b6f08c9b1b0b8444b6,i,1,2,2,True,True,False,False,that,i,for,that,i,for,-1.8659133911132812,-1.8659133911132812,True
beam64,blogs,75fbc187e71ed80033bdace43c3626ab186cb429aaca32b6f08c9b1b0b8444b6,i,1,2,2,True,True,False,False,that,i,for,that,i,for,-1.8659133911132812,-1.8659133911132812,True
beam16,blogs,cd15e561e7fc867b9c2e835e800154bd0be757e6d640fadc314f677476e5b7b5,me,1,0,0,False,False,False,False,small,large,white,small,large,white,,,False
beam64,blogs,cd15e561e7fc867b9c2e835e800154bd0be757e6d640fadc314f677476e5b7b5,me,1,0,0,False,False,False,False,small,large,white,small,large,white,,,False
beam16,blogs,ae8bf5c69965afe9d176327f89b31a40337814b960d80ae01bc968dd46cc3349,about,1,3,3,True,True,False,False,and,to,about,and,to,about,-4.66240119934082,-4.66240119934082,True
beam64,blogs,ae8bf5c69965afe9d176327f89b31a40337814b960d80ae01bc968dd46cc3349,about,1,3,3,True,True,False,False,and,to,about,and,to,about,-4.66240119934082,-4.66240119934082,True
beam16,blogs,249ceba8002b87707e882c3b63b9feb25d5764164d7de7b50b6a4e442032994b,first,1,0,0,True,True,False,False,are,have,can,are,have,can,-7.499395370483398,-7.499395370483398,False
beam64,blogs,249ceba8002b87707e882c3b63b9feb25d5764164d7de7b50b6a4e442032994b,first,1,0,0,True,True,False,False,are,have,can,are,have,can,-7.499395370483398,-7.499395370483398,False
beam16,blogs,088086dcb5715f8edea12bf99b220bd79151ef92d8d5639b9ce6ff2af750aa3c,until,1,1,1,True,True,False,False,until,in,on,until,in,on,-0.6729812622070312,-0.6729812622070312,True
beam64,blogs,088086dcb5715f8edea12bf99b220bd79151ef92d8d5639b9ce6ff2af750aa3c,until,1,1,1,True,True,False,False,until,in,on,until,in,on,-0.6729812622070312,-0.6729812622070312,True
beam16,blogs,535e5a5dfe34014f1aa3060f920ac58e2b09d9acea67a8f520c8f578cbe60864,my,1,2,2,True,True,False,False,the,my,a,the,my,a,-1.700286865234375,-1.700286865234375,True
beam64,blogs,535e5a5dfe34014f1aa3060f920ac58e2b09d9acea67a8f520c8f578cbe60864,my,1,2,2,True,True,False,False,the,my,a,the,my,a,-1.700286865234375,-1.700286865234375,True
beam16,blogs,69d90146172c7597139af760c5db39978c46da358088125d8d8018e407866988,your,1,2,2,True,True,False,False,the,your,scratch,the,your,serato,-1.8675708770751953,-1.8675708770751953,True
beam64,blogs,69d90146172c7597139af760c5db39978c46da358088125d8d8018e407866988,your,1,2,2,True,True,False,False,the,your,scratch,the,your,serato,-1.8675708770751953,-1.8675708770751953,True
beam16,blogs,30a9f0776e80a74797c413ea192774c5b1e6e0e956f224b86e82f54713ec3e08,people,1,0,0,True,True,False,False,i,you,the,i,you,the,-3.2950210571289062,-3.2950210571289062,True
beam64,blogs,30a9f0776e80a74797c413ea192774c5b1e6e0e956f224b86e82f54713ec3e08,people,1,0,0,True,True,False,False,i,you,the,i,you,the,-3.2950210571289062,-3.2950210571289062,True
beam16,blogs,f90f6dbdc4c899da2381c21acdcbcba25e82f0028d37b93e8e9c2b37b334b20b,wrinkling,2,0,0,False,False,False,False,beginning,appearance,surface,beginning,appearance,surface,,,True
beam64,blogs,f90f6dbdc4c899da2381c21acdcbcba25e82f0028d37b93e8e9c2b37b334b20b,wrinkling,2,0,0,False,False,False,False,beginning,appearance,surface,beginning,appearance,surface,,,True
beam16,blogs,67a5c87095d7430d61a213350a487b0accdd17112ceed832ba93af6dc39b3e4d,the,1,1,1,True,True,False,False,the,my,a,the,my,a,-0.9586410522460938,-0.9586410522460938,True
beam64,blogs,67a5c87095d7430d61a213350a487b0accdd17112ceed832ba93af6dc39b3e4d,the,1,1,1,True,True,False,False,the,my,a,the,my,a,-0.9586410522460938,-0.9586410522460938,True
beam16,blogs,eb7d4242ad15e73cca7b4e53af9564d1a63b6a510e7a56c218d37b0d625547f8,too,1,0,0,True,True,False,False,been,a,to,been,a,to,-4.479948043823242,-4.479948043823242,True
beam64,blogs,eb7d4242ad15e73cca7b4e53af9564d1a63b6a510e7a56c218d37b0d625547f8,too,1,0,0,True,True,False,False,been,a,to,been,a,to,-4.479948043823242,-4.479948043823242,True
beam16,blogs,b8daf113cf9a3b6204e823218b188ffcbfa85bf1e8b8f9d229d75376f9be2ee5,so,1,0,0,True,True,False,False,the,a,that,the,a,that,-3.0177001953125,-3.0177001953125,True
beam64,blogs,b8daf113cf9a3b6204e823218b188ffcbfa85bf1e8b8f9d229d75376f9be2ee5,so,1,0,0,True,True,False,False,the,a,that,the,a,that,-3.0177001953125,-3.0177001953125,True
beam16,blogs,95124b3051baf8659f3adaebbdb44983593a0997272bee4d373b5bc38414521f,memorabilia,2,0,0,False,False,False,False,jerseys,jersey,and,jerseys,jersey,and,,,True
beam64,blogs,95124b3051baf8659f3adaebbdb44983593a0997272bee4d373b5bc38414521f,memorabilia,2,0,0,False,True,False,False,jerseys,jersey,and,jerseys,jersey,and,,-6.528383255004883,True
beam16,blogs,282b497fbec0178811613bbdba5ff9eec0c1ee54a0094898833227e3195cc29c,exaggerating,2,0,0,False,False,False,False,saying,sure,a,saying,sure,a,,,True
beam64,blogs,282b497fbec0178811613bbdba5ff9eec0c1ee54a0094898833227e3195cc29c,exaggerating,2,0,0,False,True,False,False,saying,sure,a,saying,sure,a,,-4.581193923950195,True
beam16,blogs,509296d7af69829fce10c4fd63587460123a0b8af109b6cb341c049eaba5f153,ago,1,1,1,True,True,False,False,ago,back,and,ago,back,and,-0.17567062377929688,-0.17567062377929688,True
beam64,blogs,509296d7af69829fce10c4fd63587460123a0b8af109b6cb341c049eaba5f153,ago,1,1,1,True,True,False,False,ago,back,and,ago,back,and,-0.17567062377929688,-0.17567062377929688,True
beam16,blogs,a7b1855e998e5636d2a0ea7547dbefcac979b5cd94d74c0ecf03157e070feca3,over,1,0,0,True,True,False,False,to,home,in,to,home,in,-3.263063430786133,-3.263063430786133,True
beam64,blogs,a7b1855e998e5636d2a0ea7547dbefcac979b5cd94d74c0ecf03157e070feca3,over,1,0,0,True,True,False,False,to,home,in,to,home,in,-3.263063430786133,-3.263063430786133,True
beam16,blogs,67a15e555ce8350272b10576f900f5bbf03ba45fcdc6732e5989f6021fd1c734,not,1,0,0,True,True,False,False,a,an,the,a,an,the,-4.438358306884766,-4.438358306884766,True
beam64,blogs,67a15e555ce8350272b10576f900f5bbf03ba45fcdc6732e5989f6021fd1c734,not,1,0,0,True,True,False,False,a,an,the,a,an,the,-4.438358306884766,-4.438358306884766,True
beam16,blogs,ffc6a00a75bcc4917e4e5405de5b513c8567c6ff1c829ba5510ed5166a084c1b,to,1,1,1,True,True,False,False,to,for,the,to,for,the,-0.33748626708984375,-0.33748626708984375,True
beam64,blogs,ffc6a00a75bcc4917e4e5405de5b513c8567c6ff1c829ba5510ed5166a084c1b,to,1,1,1,True,True,False,False,to,for,the,to,for,the,-0.33748626708984375,-0.33748626708984375,True
beam16,blogs,6bb422a226d7c6f7d2a40d30f944587021e16c54880bcf2b3e0743660ea40c56,our,1,0,0,True,True,False,False,it,dinner,the,it,dinner,the,-6.366540908813477,-6.366540908813477,True
beam64,blogs,6bb422a226d7c6f7d2a40d30f944587021e16c54880bcf2b3e0743660ea40c56,our,1,0,0,True,True,False,False,it,dinner,the,it,dinner,the,-6.366540908813477,-6.366540908813477,True
beam16,blogs,057f13ec60395b2844f2b28f3d1291cf3e85e1064f584ee4e0e2a85179a21d5e,it,1,1,1,True,True,False,False,it,what,they,it,what,they,-0.16312026977539062,-0.16312026977539062,True
beam64,blogs,057f13ec60395b2844f2b28f3d1291cf3e85e1064f584ee4e0e2a85179a21d5e,it,1,1,1,True,True,False,False,it,what,they,it,what,they,-0.16312026977539062,-0.16312026977539062,True
beam16,blogs,7313906fc7c18edc1cf436c1f991cd4fef7cf0778b3cd69a6e5b24f5aa353540,addicted,1,0,0,True,True,False,False,much,impressed,excited,much,impressed,excited,-6.847280502319336,-6.847280502319336,True
beam64,blogs,7313906fc7c18edc1cf436c1f991cd4fef7cf0778b3cd69a6e5b24f5aa353540,addicted,1,0,0,True,True,False,False,much,impressed,excited,much,impressed,excited,-6.847280502319336,-6.847280502319336,True
beam16,blogs,97e5167a0cd7d3e8ca22727841a734bdb5bd80e62a3d8258538561178346eb78,closed,1,0,0,True,True,False,False,public,scenes,facade,public,scenes,facade,-4.695274353027344,-4.695274353027344,True
beam64,blogs,97e5167a0cd7d3e8ca22727841a734bdb5bd80e62a3d8258538561178346eb78,closed,1,0,0,True,True,False,False,public,scenes,facade,public,scenes,facade,-4.695274353027344,-4.695274353027344,True
beam16,blogs,d79c04c6f0e22149c1c9006a42e3e9c7f9df76cb6e1390cfdcebabcbb51bb8a9,bar,1,2,2,True,True,False,False,of,bar,and,of,bar,and,-1.8752365112304688,-1.8752365112304688,True
beam64,blogs,d79c04c6f0e22149c1c9006a42e3e9c7f9df76cb6e1390cfdcebabcbb51bb8a9,bar,1,2,2,True,True,False,False,of,bar,and,of,bar,and,-1.8752365112304688,-1.8752365112304688,True
beam16,blogs,4dd737184fc361b8cf976ef430f2dd21985f4e868137c42a996e8e3e695ccd95,a,1,2,2,True,True,False,False,the,a,their,the,a,their,-1.7814617156982422,-1.7814617156982422,True
beam64,blogs,4dd737184fc361b8cf976ef430f2dd21985f4e868137c42a996e8e3e695ccd95,a,1,2,2,True,True,False,False,the,a,their,the,a,their,-1.7814617156982422,-1.7814617156982422,True
beam16,blogs,ac9a8a0d3cfe9c7bb2f3b752bf5c26ab3c69ed2f372c9839e4d8b1fbf6ed0331,is,1,1,1,True,True,False,False,is,will,was,is,will,was,-0.9001121520996094,-0.9001121520996094,True
beam64,blogs,ac9a8a0d3cfe9c7bb2f3b752bf5c26ab3c69ed2f372c9839e4d8b1fbf6ed0331,is,1,1,1,True,True,False,False,is,will,was,is,will,was,-0.9001121520996094,-0.9001121520996094,True
beam16,blogs,9dbee1eacb6a2dc2637f5fc3d44059ea4bcf626edc2c4f21d738ac16c883e40a,intending,1,0,0,False,False,False,False,a,in,to,a,in,to,,,True
beam64,blogs,9dbee1eacb6a2dc2637f5fc3d44059ea4bcf626edc2c4f21d738ac16c883e40a,intending,1,0,0,False,False,False,False,a,in,to,a,in,to,,,True
beam16,blogs,62a099be03468391755a96421abbe0f9e5b0162d527f2962dcdadf8c95573dcd,wise,1,3,3,True,True,False,False,and,twists,wise,and,twists,wise,-2.4701194763183594,-2.4701194763183594,True
beam64,blogs,62a099be03468391755a96421abbe0f9e5b0162d527f2962dcdadf8c95573dcd,wise,1,3,3,True,True,False,False,and,twists,wise,and,twists,wise,-2.4701194763183594,-2.4701194763183594,True
beam16,blogs,091877a1635d9a665633883b50bd5dc36bc5ca9e5585d0983bb1a29b4a8c3d1e,with,1,1,1,True,True,False,False,with,much,too,with,much,too,-0.3017768859863281,-0.3017768859863281,True
beam64,blogs,091877a1635d9a665633883b50bd5dc36bc5ca9e5585d0983bb1a29b4a8c3d1e,with,1,1,1,True,True,False,False,with,much,too,with,much,too,-0.3017768859863281,-0.3017768859863281,True
beam16,blogs,9c8d9ad6fa9079fd13f306d57eee0dc27528927bc26c393dd88fe8a4394bd34b,him,1,0,0,True,True,False,False,the,his,new,the,his,new,-4.100078582763672,-4.100078582763672,True
beam64,blogs,9c8d9ad6fa9079fd13f306d57eee0dc27528927bc26c393dd88fe8a4394bd34b,him,1,0,0,True,True,False,False,the,his,new,the,his,new,-4.100078582763672,-4.100078582763672,True
beam16,blogs,a891f0e31026aea17b7e618ecb1770f88745de47af609e61c3c463d370c1008d,results,1,0,0,True,True,False,False,is,can,will,is,can,will,-6.700565338134766,-6.700565338134766,True
beam64,blogs,a891f0e31026aea17b7e618ecb1770f88745de47af609e61c3c463d370c1008d,results,1,0,0,True,True,False,False,is,can,will,is,can,will,-6.700565338134766,-6.700565338134766,True
beam16,blogs,5d92b68393bbdb849fc1ebfad9c6b34cd6538758370ddc7ad3629fced60a5d7f,and,1,1,1,True,True,False,False,and,i,we,and,i,we,-2.290342330932617,-2.290342330932617,True
beam64,blogs,5d92b68393bbdb849fc1ebfad9c6b34cd6538758370ddc7ad3629fced60a5d7f,and,1,1,1,True,True,False,False,and,i,we,and,i,we,-2.290342330932617,-2.290342330932617,True
beam16,blogs,74dfb95052a454d55132e41c8b4dcaef8477b01e8c7ab901d723b5f0e161b6e2,used,1,1,1,True,True,False,False,used,associated,considered,used,associated,considered,-0.7194328308105469,-0.7194328308105469,True
beam64,blogs,74dfb95052a454d55132e41c8b4dcaef8477b01e8c7ab901d723b5f0e161b6e2,used,1,1,1,True,True,False,False,used,associated,considered,used,associated,considered,-0.7194328308105469,-0.7194328308105469,True
beam16,blogs,8cd3930f92a0a8ebcb133d931ebe48117c56b2235e341a4583296c55f8c9e250,an,1,3,3,True,True,False,False,a,about,an,a,about,an,-3.230733871459961,-3.230733871459961,False
beam64,blogs,8cd3930f92a0a8ebcb133d931ebe48117c56b2235e341a4583296c55f8c9e250,an,1,3,3,True,True,False,False,a,about,an,a,about,an,-3.230733871459961,-3.230733871459961,False
beam16,blogs,30490f8f285188f117b5dc1339c3693c23a69819f1a0ee69322f604d9ec499eb,alone,1,1,1,True,True,False,False,alone,be,out,alone,be,out,-0.2358856201171875,-0.2358856201171875,True
beam64,blogs,30490f8f285188f117b5dc1339c3693c23a69819f1a0ee69322f604d9ec499eb,alone,1,1,1,True,True,False,False,alone,be,out,alone,be,out,-0.2358856201171875,-0.2358856201171875,True
beam16,blogs,24d039524a223ce53179db33269afa83fdae9e4d5d1e4ab8858082ff731c2a15,use,1,0,0,True,True,False,False,and,i,the,and,i,the,-6.982875823974609,-6.982875823974609,False
beam64,blogs,24d039524a223ce53179db33269afa83fdae9e4d5d1e4ab8858082ff731c2a15,use,1,0,0,True,True,False,False,and,i,the,and,i,the,-6.982875823974609,-6.982875823974609,False
beam16,blogs,f4d9e25f742070aec6a949d7197d30714a6a67b120226b3d1eaf85136351db0c,the,1,1,1,True,True,False,False,the,time,his,the,time,his,-0.5465774536132812,-0.5465774536132812,True
beam64,blogs,f4d9e25f742070aec6a949d7197d30714a6a67b120226b3d1eaf85136351db0c,the,1,1,1,True,True,False,False,the,time,his,the,time,his,-0.5465774536132812,-0.5465774536132812,True
beam16,blogs,6a4e3a33617c4fe6ab7ef6486f850708e32ea6014ca3d9c67dc608012463a971,my,1,0,0,True,True,False,False,the,a,you,the,a,you,-5.019622802734375,-5.019622802734375,True
beam64,blogs,6a4e3a33617c4fe6ab7ef6486f850708e32ea6014ca3d9c67dc608012463a971,my,1,0,0,True,True,False,False,the,a,you,the,a,you,-5.019622802734375,-5.019622802734375,True
beam16,blogs,301733dbfab361290501489be559d8c81ed730e6b752acea9cfe4fcaf92b9900,to,1,2,2,True,True,False,False,me,to,that,me,to,that,-1.8343582153320312,-1.8343582153320312,True
beam64,blogs,301733dbfab361290501489be559d8c81ed730e6b752acea9cfe4fcaf92b9900,to,1,2,2,True,True,False,False,me,to,that,me,to,that,-1.8343582153320312,-1.8343582153320312,True
beam16,blogs,e9d59ebbbf86bfaf89c2a88befb5ab14401779a524e927d619a1ab87e0d8bba2,else,1,0,0,True,True,False,False,is,are,do,is,are,do,-6.544713973999023,-6.544713973999023,True
beam64,blogs,e9d59ebbbf86bfaf89c2a88befb5ab14401779a524e927d619a1ab87e0d8bba2,else,1,0,0,True,True,False,False,is,are,do,is,are,do,-6.544713973999023,-6.544713973999023,True
beam16,blogs,5dbfe67d0d54de168c6c7693cf911b389b643c7605560d75c61dcc324cb7c9f9,boke,2,0,0,False,False,False,False,the,our,my,the,our,my,,,True
beam64,blogs,5dbfe67d0d54de168c6c7693cf911b389b643c7605560d75c61dcc324cb7c9f9,boke,2,0,0,False,False,False,False,the,our,my,the,our,my,,,True
beam16,blogs,2bc6ee6e94906badea024b70b2aac8873e18f8f12396aa3e20a49321e0c12021,others,1,0,0,True,True,False,False,the,those,other,the,those,other,-3.3918914794921875,-3.3918914794921875,True
beam64,blogs,2bc6ee6e94906badea024b70b2aac8873e18f8f12396aa3e20a49321e0c12021,others,1,0,0,True,True,False,False,the,those,other,the,those,other,-3.3918914794921875,-3.3918914794921875,True
beam16,blogs,ff60fd0c2b5a8c0d0e293887350048ce6489caf891ebef6202418289bce6e77b,seasonal,1,0,0,False,False,False,False,is,by,the,is,by,the,,,True
beam64,blogs,ff60fd0c2b5a8c0d0e293887350048ce6489caf891ebef6202418289bce6e77b,seasonal,1,0,0,False,False,False,False,is,by,the,is,by,the,,,True
beam16,blogs,944a591a2802feee58d0ee711428ff20c4f16e702aa72d72ea4fc1c77057c67e,a,1,0,0,True,True,False,False,it,that,this,it,that,this,-3.0418853759765625,-3.0418853759765625,True
beam64,blogs,944a591a2802feee58d0ee711428ff20c4f16e702aa72d72ea4fc1c77057c67e,a,1,0,0,True,True,False,False,it,that,this,it,that,this,-3.0418853759765625,-3.0418853759765625,True
beam16,blogs,beef00b6a3aa10e4e2713d2e117c6719e5cb12f4b8b0a792a21f714430ed2461,pretty,1,0,0,True,True,False,False,shocked,not,a,shocked,not,a,-4.210075378417969,-4.210075378417969,True
beam64,blogs,beef00b6a3aa10e4e2713d2e117c6719e5cb12f4b8b0a792a21f714430ed2461,pretty,1,0,0,True,True,False,False,shocked,not,a,shocked,not,a,-4.210075378417969,-4.210075378417969,True
beam16,blogs,19e0072349b355cd43d26b51eadf2572e236292a915cd0aa89f9925e0f5698ab,so,1,0,0,True,True,False,False,than,and,they,than,and,they,-5.281970977783203,-5.281970977783203,False
beam64,blogs,19e0072349b355cd43d26b51eadf2572e236292a915cd0aa89f9925e0f5698ab,so,1,0,0,True,True,False,False,than,and,they,than,and,they,-5.281970977783203,-5.281970977783203,False
beam16,blogs,8ef449862b952c2f06d7826273498842fcab93118caae140feddbdbe83c8041c,dump,1,0,0,False,False,False,False,are,were,escape,are,were,escape,,,True
beam64,blogs,8ef449862b952c2f06d7826273498842fcab93118caae140feddbdbe83c8041c,dump,1,0,0,False,False,False,False,are,were,escape,are,were,escape,,,True
beam16,blogs,320adf1e1f032ade513e367aced54481158d7c681490476bb74e6b441fbb3bab,could,1,0,0,True,True,False,False,would,is,of,would,is,of,-3.489665985107422,-3.489665985107422,True
beam64,blogs,320adf1e1f032ade513e367aced54481158d7c681490476bb74e6b441fbb3bab,could,1,0,0,True,True,False,False,would,is,of,would,is,of,-3.489665985107422,-3.489665985107422,True
beam16,blogs,c6d4ce500ccf0dc7143630ddf7223fb8b6b76bfa002279192c3545fdb861acb6,and,1,0,0,True,True,False,False,the,his,for,the,his,for,-4.4646453857421875,-4.4646453857421875,True
beam64,blogs,c6d4ce500ccf0dc7143630ddf7223fb8b6b76bfa002279192c3545fdb861acb6,and,1,0,0,True,True,False,False,the,his,for,the,his,for,-4.4646453857421875,-4.4646453857421875,True
beam16,blogs,15f360109886ff0f2398f4d545d27e15c381c7503de8c07a802bdc9a087b07fc,found,1,1,1,True,True,False,False,found,viewed,seen,found,viewed,seen,-1.2179908752441406,-1.2179908752441406,True
beam64,blogs,15f360109886ff0f2398f4d545d27e15c381c7503de8c07a802bdc9a087b07fc,found,1,1,1,True,True,False,False,found,viewed,seen,found,viewed,seen,-1.2179908752441406,-1.2179908752441406,True
beam16,blogs,e3791dab62432b0c9d68c62beb88e6e1ccd7edd5db8d9e4ac1abd8c0702be29e,for,1,2,2,True,True,False,False,to,for,what,to,for,what,-1.0576858520507812,-1.0576858520507812,True
beam64,blogs,e3791dab62432b0c9d68c62beb88e6e1ccd7edd5db8d9e4ac1abd8c0702be29e,for,1,2,2,True,True,False,False,to,for,what,to,for,what,-1.0576858520507812,-1.0576858520507812,True
beam16,blogs,43d332dee0b904d3c1628d681c718914a3a73d93364206589288c37e89b50d76,would,1,0,0,True,True,False,False,have,am,need,have,am,need,-5.7561798095703125,-5.7561798095703125,True
beam64,blogs,43d332dee0b904d3c1628d681c718914a3a73d93364206589288c37e89b50d76,would,1,0,0,True,True,False,False,have,am,need,have,am,need,-5.7561798095703125,-5.7561798095703125,True
beam16,blogs,5dd00d3232116b0907ceba5c43642c30d11be8c789c72e3f8564adffbc66023a,on,1,0,0,True,True,False,False,it,a,the,it,a,the,-5.2863922119140625,-5.2863922119140625,True
beam64,blogs,5dd00d3232116b0907ceba5c43642c30d11be8c789c72e3f8564adffbc66023a,on,1,0,0,True,True,False,False,it,a,the,it,a,the,-5.2863922119140625,-5.2863922119140625,True
beam16,blogs,c433dc10bed170d2610880bff6d5d7da9a684d3c8988c279672f97489717f38a,his,1,3,3,True,True,False,False,them,the,his,them,the,his,-2.2538681030273438,-2.2538681030273438,True
beam64,blogs,c433dc10bed170d2610880bff6d5d7da9a684d3c8988c279672f97489717f38a,his,1,3,3,True,True,False,False,them,the,his,them,the,his,-2.2538681030273438,-2.2538681030273438,True
beam16,blogs,451722abcc2bdcd0e5cb1f504d40f921e803606a0a2a01ae74a833a2677bfe21,pat,1,0,0,True,True,False,False,the,his,you,the,his,you,-7.998577117919922,-7.998577117919922,True
beam64,blogs,451722abcc2bdcd0e5cb1f504d40f921e803606a0a2a01ae74a833a2677bfe21,pat,1,0,0,True,True,False,False,the,his,you,the,his,you,-7.998577117919922,-7.998577117919922,True
beam16,blogs,438dfe05145e2bfe0049ede47edccf11088ea8d06067ee48d0cc70c4cf10712e,absence,1,0,0,True,True,False,False,that,to,not,that,to,not,-8.250968933105469,-8.250968933105469,True
beam64,blogs,438dfe05145e2bfe0049ede47edccf11088ea8d06067ee48d0cc70c4cf10712e,absence,1,0,0,True,True,False,False,that,to,not,that,to,not,-8.250968933105469,-8.250968933105469,True
beam16,blogs,06a5c73a7734d956a1b27794f679da9667df483aca4d715063af2d78edb2095e,will,1,0,0,True,True,False,False,calls,promises,says,calls,promises,says,-3.7200145721435547,-3.7200145721435547,True
beam64,blogs,06a5c73a7734d956a1b27794f679da9667df483aca4d715063af2d78edb2095e,will,1,0,0,True,True,False,False,calls,promises,says,calls,promises,says,-3.7200145721435547,-3.7200145721435547,True
beam16,blogs,da2ec48c8e7089305013b793d4e852d26eaddb6f08b1c9e52eea32c50b80818d,holding,1,2,2,True,True,False,False,dressed,holding,wearing,dressed,holding,wearing,-2.421630859375,-2.421630859375,True
beam64,blogs,da2ec48c8e7089305013b793d4e852d26eaddb6f08b1c9e52eea32c50b80818d,holding,1,2,2,True,True,False,False,dressed,holding,wearing,dressed,holding,wearing,-2.421630859375,-2.421630859375,True
beam16,blogs,a7e42b1871c48384f4c2dfb5293403f48ec9efc1cf0ca6c9b5d283a0ec871daa,a,1,0,0,True,True,False,False,yet,now,this,yet,now,this,-7.149936676025391,-7.149936676025391,True
beam64,blogs,a7e42b1871c48384f4c2dfb5293403f48ec9efc1cf0ca6c9b5d283a0ec871daa,a,1,0,0,True,True,False,False,yet,now,this,yet,now,this,-7.149936676025391,-7.149936676025391,True
beam16,blogs,4b8c6b4cbab8492c1c03e6e11f89dc2fe2b4a48390af288c1a01e91b3a09706c,quarter,1,0,0,True,True,False,False,year,day,week,year,day,week,-7.776817321777344,-7.776817321777344,True
beam64,blogs,4b8c6b4cbab8492c1c03e6e11f89dc2fe2b4a48390af288c1a01e91b3a09706c,quarter,1,0,0,True,True,False,False,year,day,week,year,day,week,-7.776817321777344,-7.776817321777344,True
beam16,blogs,81ab4d2a755bb70f92120ee3d8eb11095d8d9b27eb22b5c5faed15f0963db1c6,rebecca,2,0,0,False,False,False,False,anne,mary,alice,anne,susan,barbara,,,True
beam64,blogs,81ab4d2a755bb70f92120ee3d8eb11095d8d9b27eb22b5c5faed15f0963db1c6,rebecca,2,0,0,False,True,False,False,anne,mary,alice,anne,susan,barbara,,-5.6595458984375,True
beam16,blogs,a4330c45c8991563700271f6f8b8e220f41119f7eb838e5413b94b5a4a73e962,services,1,0,0,False,False,False,False,static,void,int,static,void,int,,,True
beam64,blogs,a4330c45c8991563700271f6f8b8e220f41119f7eb838e5413b94b5a4a73e962,services,1,0,0,False,False,False,False,static,void,int,static,void,int,,,True
beam16,blogs,76cedcf8ab9c21f8b1389d7ece4b23b7e7a2d05965cd0ae3862b9f74e3a62504,annoyance,1,0,0,False,False,False,False,the,a,as,the,a,as,,,True
beam64,blogs,76cedcf8ab9c21f8b1389d7ece4b23b7e7a2d05965cd0ae3862b9f74e3a62504,annoyance,1,0,0,False,False,False,False,the,a,as,the,a,as,,,True
beam16,blogs,179ec92938bfecceef666117b544d94386d97b6edd1f0a343cf1957f3a395bd8,books,1,3,3,True,True,False,False,and,book,books,and,book,books,-3.1282577514648438,-3.1282577514648438,True
beam64,blogs,179ec92938bfecceef666117b544d94386d97b6edd1f0a343cf1957f3a395bd8,books,1,3,3,True,True,False,False,and,book,books,and,book,books,-3.1282577514648438,-3.1282577514648438,True
beam16,blogs,ae8ab4794661237a7a3384e23b25a1ed1045fa9c7ffb13456fbd63d1c3112065,and,1,1,1,True,True,False,False,and,i,the,and,i,the,-1.4532737731933594,-1.4532737731933594,True
beam64,blogs,ae8ab4794661237a7a3384e23b25a1ed1045fa9c7ffb13456fbd63d1c3112065,and,1,1,1,True,True,False,False,and,i,the,and,i,the,-1.4532737731933594,-1.4532737731933594,True
beam16,blogs,fd4b176499e87ac7ba1fd7ab79f3d65a409c50e2542a933c90a8d17c6acdfdf4,ago,1,1,1,True,True,False,False,ago,back,old,ago,back,old,-0.05777740478515625,-0.05777740478515625,True
beam64,blogs,fd4b176499e87ac7ba1fd7ab79f3d65a409c50e2542a933c90a8d17c6acdfdf4,ago,1,1,1,True,True,False,False,ago,back,old,ago,back,old,-0.05777740478515625,-0.05777740478515625,True
beam16,blogs,05cd15e66d0926b7d521b824a542ddd09ad264d663e67ccbc53cd72f8a85a3c7,riot,1,0,0,False,False,False,False,you,the,your,you,the,your,,,False
beam64,blogs,05cd15e66d0926b7d521b824a542ddd09ad264d663e67ccbc53cd72f8a85a3c7,riot,1,0,0,False,False,False,False,you,the,your,you,the,your,,,False
beam16,blogs,cbdaf8d123838f408601324e84b4ca29b11ca226f400da1b2e7db52da552012a,or,1,0,0,True,True,False,False,and,breast,sausage,and,breast,sausage,-4.9393768310546875,-4.9393768310546875,True
beam64,blogs,cbdaf8d123838f408601324e84b4ca29b11ca226f400da1b2e7db52da552012a,or,1,0,0,True,True,False,False,and,breast,sausage,and,breast,sausage,-4.9393768310546875,-4.9393768310546875,True
beam16,blogs,0ea53809eccb3a953b4e8be7cf5159b0b7a3653187b3d59177b599770d546c1c,that,1,1,1,True,True,False,False,that,and,with,that,and,with,-1.4901466369628906,-1.4901466369628906,True
beam64,blogs,0ea53809eccb3a953b4e8be7cf5159b0b7a3653187b3d59177b599770d546c1c,that,1,1,1,True,True,False,False,that,and,with,that,and,with,-1.4901466369628906,-1.4901466369628906,True
beam16,blogs,285c8d26edf037e359c00d0152bf525bced924549c300a89327df90b43ab0112,after,1,0,0,True,True,False,False,and,in,is,and,in,is,-6.053745269775391,-6.053745269775391,True
beam64,blogs,285c8d26edf037e359c00d0152bf525bced924549c300a89327df90b43ab0112,after,1,0,0,True,True,False,False,and,in,is,and,in,is,-6.053745269775391,-6.053745269775391,True
beam16,blogs,dc0990e106cfefb238974b070a67cb06aa19ab22ca4c1d7b2568b2ac48840f55,thy,1,0,0,False,False,False,False,talk,pride,but,talk,pride,but,,,False
beam64,blogs,dc0990e106cfefb238974b070a67cb06aa19ab22ca4c1d7b2568b2ac48840f55,thy,1,0,0,False,False,False,False,talk,pride,but,talk,pride,but,,,False
beam16,blogs,2310f9018f334d5cea26c51572604ee994ba0f75067ad4e55f60b051720eb666,choices,1,1,1,True,True,False,False,choices,food,decisions,choices,food,decisions,-0.23593521118164062,-0.23593521118164062,True
beam64,blogs,2310f9018f334d5cea26c51572604ee994ba0f75067ad4e55f60b051720eb666,choices,1,1,1,True,True,False,False,choices,food,decisions,choices,food,decisions,-0.23593521118164062,-0.23593521118164062,True
beam16,blogs,ed1730a70dd632b9c1f59f50100c1039da72f55f8cb9f7da3fdf1d49c9e04fb0,of,1,1,1,True,True,False,False,of,to,with,of,to,with,-0.022365570068359375,-0.022365570068359375,True
beam64,blogs,ed1730a70dd632b9c1f59f50100c1039da72f55f8cb9f7da3fdf1d49c9e04fb0,of,1,1,1,True,True,False,False,of,to,with,of,to,with,-0.022365570068359375,-0.022365570068359375,True
beam16,blogs,b91c60eefa07efc8d8c766b76dd128ca4a516d7c24cf713f1b5f3064169935e2,love,1,0,0,True,True,False,False,have,am,need,have,am,need,-6.376705169677734,-6.376705169677734,True
beam64,blogs,b91c60eefa07efc8d8c766b76dd128ca4a516d7c24cf713f1b5f3064169935e2,love,1,0,0,True,True,False,False,have,am,need,have,am,need,-6.376705169677734,-6.376705169677734,True
beam16,blogs,0c6dd475cb7252e558272ed5476de7ec6792bdc4fde6bbede235965bfe6f5080,if,1,0,0,True,True,False,False,i,the,it's,i,the,it's,-3.439685821533203,-3.439685821533203,True
beam64,blogs,0c6dd475cb7252e558272ed5476de7ec6792bdc4fde6bbede235965bfe6f5080,if,1,0,0,True,True,False,False,i,the,it's,i,the,it's,-3.439685821533203,-3.439685821533203,True
beam16,blogs,b04ed46d0f25dfef118ccab2a0ea2635e5d2c55ad0a77ed20858623e46b686ed,nelly,2,0,0,False,False,False,False,and,to,in,and,to,in,,,True
beam64,blogs,b04ed46d0f25dfef118ccab2a0ea2635e5d2c55ad0a77ed20858623e46b686ed,nelly,2,0,0,False,False,False,False,and,to,in,and,to,in,,,True
beam16,blogs,d4b71e71cae5e44e4118081553ec5530ee80dce7a886c85749d9e45377fe699c,simply,1,0,0,True,True,False,False,more,better,much,more,better,much,-5.415349960327148,-5.415349960327148,True
beam64,blogs,d4b71e71cae5e44e4118081553ec5530ee80dce7a886c85749d9e45377fe699c,simply,1,0,0,True,True,False,False,more,better,much,more,better,much,-5.415349960327148,-5.415349960327148,True
beam16,blogs,819892f3f9c07c0b6ecc3bbfde5dc87757f4a7c446f8bf6430a38284ec3786f2,shop,1,0,0,True,True,False,False,home,office,house,home,office,house,-6.773248672485352,-6.773248672485352,True
beam64,blogs,819892f3f9c07c0b6ecc3bbfde5dc87757f4a7c446f8bf6430a38284ec3786f2,shop,1,0,0,True,True,False,False,home,office,house,home,office,house,-6.773248672485352,-6.773248672485352,True
beam16,blogs,b5b776f2980c8378cb1f2834e76e814863e4b7411f5de5b9493cbf1430db1fda,together,1,0,0,True,True,False,False,us,me,the,us,me,the,-5.861413955688477,-5.861413955688477,True
beam64,blogs,b5b776f2980c8378cb1f2834e76e814863e4b7411f5de5b9493cbf1430db1fda,together,1,0,0,True,True,False,False,us,me,the,us,me,the,-5.861413955688477,-5.861413955688477,True
beam16,blogs,181e694b77fc212dac9d06987bbeeffa7e9aaf649b8a06eb3cd97de3ecf0d4a2,be,1,0,0,True,True,False,False,is,and,i,is,and,i,-5.559719085693359,-5.559719085693359,False
beam64,blogs,181e694b77fc212dac9d06987bbeeffa7e9aaf649b8a06eb3cd97de3ecf0d4a2,be,1,0,0,True,True,False,False,is,and,i,is,and,i,-5.559719085693359,-5.559719085693359,False
beam16,blogs,816866080550f09f99095e912c60005960caff3b6aeaeca9f6f643f77caf856e,a,1,2,2,True,True,False,False,to,a,the,to,a,the,-2.0646438598632812,-2.0646438598632812,True
beam64,blogs,816866080550f09f99095e912c60005960caff3b6aeaeca9f6f643f77caf856e,a,1,2,2,True,True,False,False,to,a,the,to,a,the,-2.0646438598632812,-2.0646438598632812,True
beam16,blogs,b40e9b17841eed5a6bf44e893dd5557121bd34ddea8bbfc9b36047d0f351938e,think,1,0,0,True,True,False,False,have,am,need,have,am,need,-5.384197235107422,-5.384197235107422,True
beam64,blogs,b40e9b17841eed5a6bf44e893dd5557121bd34ddea8bbfc9b36047d0f351938e,think,1,0,0,True,True,False,False,have,am,need,have,am,need,-5.384197235107422,-5.384197235107422,True
beam16,blogs,2bde01ba2ca285280be21974bb2e818ec57704b1a06bd18594851fa19afa68f3,comment,1,1,1,True,True,False,False,comment,post,rant,comment,post,rant,-1.2681655883789062,-1.2681655883789062,True
beam64,blogs,2bde01ba2ca285280be21974bb2e818ec57704b1a06bd18594851fa19afa68f3,comment,1,1,1,True,True,False,False,comment,post,rant,comment,post,rant,-1.2681655883789062,-1.2681655883789062,True
beam16,blogs,0df4a64477ae5b424ff425316f9868d2cd3af3672519dbcb50a7eaec81655be2,southern,1,0,0,True,True,False,False,the,this,new,the,this,new,-5.772106170654297,-5.772106170654297,True
beam64,blogs,0df4a64477ae5b424ff425316f9868d2cd3af3672519dbcb50a7eaec81655be2,southern,1,0,0,True,True,False,False,the,this,new,the,this,new,-5.772106170654297,-5.772106170654297,True
beam16,blogs,75b9bc23fa68a45c5cbb5357bdd745a44b141fe9cd1baca335426cb31bd26ac2,to,1,0,0,True,True,False,False,and,from,but,and,from,but,-4.323650360107422,-4.323650360107422,True
beam64,blogs,75b9bc23fa68a45c5cbb5357bdd745a44b141fe9cd1baca335426cb31bd26ac2,to,1,0,0,True,True,False,False,and,from,but,and,from,but,-4.323650360107422,-4.323650360107422,True
beam16,blogs,41c11852c3d7f62f07a039d1a1353a98b852abb90e4cec23d5d062f5956925c3,but,1,1,1,True,True,False,False,but,too,so,but,too,so,-1.4975776672363281,-1.4975776672363281,True
beam64,blogs,41c11852c3d7f62f07a039d1a1353a98b852abb90e4cec23d5d062f5956925c3,but,1,1,1,True,True,False,False,but,too,so,but,too,so,-1.4975776672363281,-1.4975776672363281,True
beam16,blogs,fe647385e8934d869c08d261ba262604a358a7082418ec109d6a3917992de0ce,force,1,0,0,False,False,False,False,importance,truth,power,importance,truth,power,,,True
beam64,blogs,fe647385e8934d869c08d261ba262604a358a7082418ec109d6a3917992de0ce,force,1,0,0,False,False,False,False,importance,truth,power,importance,truth,power,,,True
beam16,blogs,cabc98d4eebefe718f9bb866ac66dd8d3314f88b39d4c5a53ab8c13e188e5d42,how,1,0,0,True,True,False,False,the,a,that,the,a,that,-5.505121231079102,-5.505121231079102,True
beam64,blogs,cabc98d4eebefe718f9bb866ac66dd8d3314f88b39d4c5a53ab8c13e188e5d42,how,1,0,0,True,True,False,False,the,a,that,the,a,that,-5.505121231079102,-5.505121231079102,True
beam16,blogs,9134bc3a8054df8751179dad332786de55d8d30cc5836cc9f7cf5e2da9efa5df,was,1,0,0,True,True,False,False,think,don't,i,think,don't,i,-2.899768829345703,-2.899768829345703,True
beam64,blogs,9134bc3a8054df8751179dad332786de55d8d30cc5836cc9f7cf5e2da9efa5df,was,1,0,0,True,True,False,False,think,don't,i,think,don't,i,-2.899768829345703,-2.899768829345703,True
beam16,blogs,8a3a45ac9c16931b8304e58742820a06356dab7e3180d238153ad969014baf7b,at,1,0,0,True,True,False,False,and,the,of,and,the,of,-5.917621612548828,-5.917621612548828,False
beam64,blogs,8a3a45ac9c16931b8304e58742820a06356dab7e3180d238153ad969014baf7b,at,1,0,0,True,True,False,False,and,the,of,and,the,of,-5.917621612548828,-5.917621612548828,False
beam16,blogs,6ae9a8233ae0006692e733fab7dbe811f257308042e32824cb1f91a858c9b7ad,i,1,0,0,True,True,False,False,is,are,was,is,are,was,-6.248476028442383,-6.248476028442383,False
beam64,blogs,6ae9a8233ae0006692e733fab7dbe811f257308042e32824cb1f91a858c9b7ad,i,1,0,0,True,True,False,False,is,are,was,is,are,was,-6.248476028442383,-6.248476028442383,False
beam16,blogs,c8239036c7ba0f97df365063fb3ff245075aedc7576879a800cb5ef00a5dcf57,i,1,1,1,True,True,False,False,i,they,there,i,i've,i'm,-1.5532608032226562,-1.5532608032226562,True
beam64,blogs,c8239036c7ba0f97df365063fb3ff245075aedc7576879a800cb5ef00a5dcf57,i,1,1,1,True,True,False,False,i,they,there,i,i've,i'm,-1.5532608032226562,-1.5532608032226562,True
beam16,blogs,7d03b2aca820442d1dd4ed0758332bbf7c0221d6fc21adbdce3f3770b285ae6a,easily,1,0,0,True,True,False,False,much,bad,many,much,bad,many,-7.57145881652832,-7.57145881652832,True
beam64,blogs,7d03b2aca820442d1dd4ed0758332bbf7c0221d6fc21adbdce3f3770b285ae6a,easily,1,0,0,True,True,False,False,much,bad,many,much,bad,many,-7.57145881652832,-7.57145881652832,True
beam16,blogs,834f59365e75020a10a53d47e8e8ad53d12910d3ee6d4b5ff3c7c32bcdfbf393,which,1,0,0,True,True,False,False,to,for,one,to,for,one,-3.5694408416748047,-3.5694408416748047,True
beam64,blogs,834f59365e75020a10a53d47e8e8ad53d12910d3ee6d4b5ff3c7c32bcdfbf393,which,1,0,0,True,True,False,False,to,for,one,to,for,one,-3.5694408416748047,-3.5694408416748047,True
beam16,blogs,c80f10ca557aefbfa87690f531b64b36706a0a3def3a7f273afe4fbde70f3e71,of,1,1,1,True,True,False,False,of,about,to,of,about,to,-0.2662849426269531,-0.2662849426269531,True
beam64,blogs,c80f10ca557aefbfa87690f531b64b36706a0a3def3a7f273afe4fbde70f3e71,of,1,1,1,True,True,False,False,of,about,to,of,about,to,-0.2662849426269531,-0.2662849426269531,True
beam16,blogs,85b823a7393ea003b8c1fd3cf03bcae450129384d78f6ebf341f48f63e33b66e,greetings,1,0,0,False,False,False,False,on,in,is,on,in,is,,,True
beam64,blogs,85b823a7393ea003b8c1fd3cf03bcae450129384d78f6ebf341f48f63e33b66e,greetings,1,0,0,False,False,False,False,on,in,is,on,in,is,,,True
beam16,blogs,8c62b466ff3e7bad679361a0c4a94c8e8d1c980db7d24f1a942c3cea49c9d9cd,bad,1,0,0,True,True,False,False,great,lot,good,great,lot,good,-4.1342926025390625,-4.1342926025390625,True
beam64,blogs,8c62b466ff3e7bad679361a0c4a94c8e8d1c980db7d24f1a942c3cea49c9d9cd,bad,1,0,0,True,True,False,False,great,lot,good,great,lot,good,-4.1342926025390625,-4.1342926025390625,True
beam16,blogs,2225ec3cbc148f64c837bd4f0dfa7ca8d15d475f90d759ac9d6746e670f48b58,by,1,0,0,True,True,False,False,and,the,of,and,the,of,-5.870197296142578,-5.870197296142578,True
beam64,blogs,2225ec3cbc148f64c837bd4f0dfa7ca8d15d475f90d759ac9d6746e670f48b58,by,1,0,0,True,True,False,False,and,the,of,and,the,of,-5.870197296142578,-5.870197296142578,True
beam16,blogs,78ce70ab8fcd0433ee30382fe3d07bfa99bcc9551dbaadaf1bce0ff3b72043d2,a,1,0,0,True,True,False,False,the,them,it,the,them,it,-3.5404052734375,-3.5404052734375,True
beam64,blogs,78ce70ab8fcd0433ee30382fe3d07bfa99bcc9551dbaadaf1bce0ff3b72043d2,a,1,0,0,True,True,False,False,the,them,it,the,them,it,-3.5404052734375,-3.5404052734375,True
beam16,blogs,87877f6b81280379d0fc181f082d80c0a7fc942a8038c03eb870ce02c115e670,abandonment,1,0,0,False,False,False,False,snow,neglect,ice,snow,neglect,ice,,,True
beam64,blogs,87877f6b81280379d0fc181f082d80c0a7fc942a8038c03eb870ce02c115e670,abandonment,1,0,0,False,False,False,False,snow,neglect,ice,snow,neglect,ice,,,True
beam16,blogs,d58f95aac1deaa47a480250ca69c64722f6033cf98241eb12c54075b4e8c0cbf,carry,1,0,0,False,False,False,False,in,the,i,in,the,i,,,True
beam64,blogs,d58f95aac1deaa47a480250ca69c64722f6033cf98241eb12c54075b4e8c0cbf,carry,1,0,0,False,False,False,False,in,the,i,in,the,i,,,True
beam16,blogs,02822979e79f67ce6acf619f7ac6f6811666876fb03211931a0d22f5e2f357c9,to,1,1,1,True,True,False,False,to,and,that,to,and,that,-1.5057296752929688,-1.5057296752929688,True
beam64,blogs,02822979e79f67ce6acf619f7ac6f6811666876fb03211931a0d22f5e2f357c9,to,1,1,1,True,True,False,False,to,and,that,to,and,that,-1.5057296752929688,-1.5057296752929688,True
beam16,blogs,62398e7fe9510a2356e4ac9a0605e35d2f75d6537c9e5f6a0ef16a11df64f3c2,are,1,2,2,True,True,False,False,have,are,see,have,are,see,-2.192108154296875,-2.192108154296875,True
beam64,blogs,62398e7fe9510a2356e4ac9a0605e35d2f75d6537c9e5f6a0ef16a11df64f3c2,are,1,2,2,True,True,False,False,have,are,see,have,are,see,-2.192108154296875,-2.192108154296875,True
beam16,blogs,125a21d647198b9a9b4e532e1c21173099b5b77a2505eca5d495dd18b38ee645,you're,2,0,0,True,True,False,False,the,you,a,the,you,a,-5.491649627685547,-5.491649627685547,True
beam64,blogs,125a21d647198b9a9b4e532e1c21173099b5b77a2505eca5d495dd18b38ee645,you're,2,0,0,True,True,False,False,the,you,a,the,you,a,-5.491649627685547,-5.491649627685547,True
beam16,blogs,4d0020fcf352e469a312236972f4d1d7fcc55128719c4b47a8c3279484cc2335,craving,1,0,0,True,True,False,False,wanting,begging,hooked,wanting,begging,hooked,-4.721996307373047,-4.721996307373047,True
beam64,blogs,4d0020fcf352e469a312236972f4d1d7fcc55128719c4b47a8c3279484cc2335,craving,1,0,0,True,True,False,False,wanting,begging,hooked,wanting,begging,hooked,-4.721996307373047,-4.721996307373047,True
beam16,blogs,ff506e4767af50216ac5a9b0569f13991d6dfa9ea57ac2e3a34de3687712c5ae,myself,1,0,0,True,True,False,False,from,to,was,from,to,was,-5.257293701171875,-5.257293701171875,True
beam64,blogs,ff506e4767af50216ac5a9b0569f13991d6dfa9ea57ac2e3a34de3687712c5ae,myself,1,0,0,True,True,False,False,from,to,was,from,to,was,-5.257293701171875,-5.257293701171875,True
beam16,blogs,94231909c40f07766cf97675658be0eb54956ef50a074d39a685824e15438b3d,now,1,1,1,True,True,False,False,now,about,at,now,about,at,-0.00899505615234375,-0.00899505615234375,True
beam64,blogs,94231909c40f07766cf97675658be0eb54956ef50a074d39a685824e15438b3d,now,1,1,1,True,True,False,False,now,about,at,now,about,at,-0.00899505615234375,-0.00899505615234375,True
beam16,blogs,49a0ee2e414502b63d9df3d56c069e4f3895b41506ade52623cda2dacae3f022,out,1,0,0,True,True,False,False,the,a,it,the,a,it,-6.302791595458984,-6.302791595458984,False
beam64,blogs,49a0ee2e414502b63d9df3d56c069e4f3895b41506ade52623cda2dacae3f022,out,1,0,0,True,True,False,False,the,a,it,the,a,it,-6.302791595458984,-6.302791595458984,False
beam16,blogs,48c2d41352191f36f12cce7ff0364f45f7fe2c0830b9313412e361daa76b25cf,it,1,1,1,True,True,False,False,it,the,that,it,the,that,-0.11516571044921875,-0.11516571044921875,True
beam64,blogs,48c2d41352191f36f12cce7ff0364f45f7fe2c0830b9313412e361daa76b25cf,it,1,1,1,True,True,False,False,it,the,that,it,the,that,-0.11516571044921875,-0.11516571044921875,True
beam16,blogs,c5dc16b9b66ed2581bfd3b55c3b434c368c281fe8da26099c3f65a756d49d2d3,private,1,0,0,True,True,False,False,the,taxpayers,individuals,the,taxpayers,individuals,-3.8343238830566406,-3.8343238830566406,True
beam64,blogs,c5dc16b9b66ed2581bfd3b55c3b434c368c281fe8da26099c3f65a756d49d2d3,private,1,0,0,True,True,False,False,the,taxpayers,individuals,the,taxpayers,individuals,-3.8343238830566406,-3.8343238830566406,True
beam16,blogs,25bf1823372cac021e74991c577919cb77df32328e8310f6891118e46f7b0afe,control,1,0,0,True,True,False,False,a,the,love,a,the,love,-5.712453842163086,-5.712453842163086,True
beam64,blogs,25bf1823372cac021e74991c577919cb77df32328e8310f6891118e46f7b0afe,control,1,0,0,True,True,False,False,a,the,love,a,the,love,-5.712453842163086,-5.712453842163086,True
beam16,blogs,99297c1b0394f506185f5c7caf08666e663565bdd3b300b86e65fd4fff2bd1f7,co,1,0,0,True,True,False,False,the,his,other,the,his,other,-6.045497894287109,-6.045497894287109,True
beam64,blogs,99297c1b0394f506185f5c7caf08666e663565bdd3b300b86e65fd4fff2bd1f7,co,1,0,0,True,True,False,False,the,his,other,the,his,other,-6.045497894287109,-6.045497894287109,True
beam16,blogs,78b55d6b0f18438c47e60fce7e1b4234a0a7375c0f83b3afab4cb125ace2f96b,isn't,2,0,0,False,False,False,False,tree,bush,in,tree,bush,in,,,False
beam64,blogs,78b55d6b0f18438c47e60fce7e1b4234a0a7375c0f83b3afab4cb125ace2f96b,isn't,2,0,0,False,False,False,False,tree,bush,in,tree,bush,in,,,False
beam16,blogs,4e56cdabed510a78bff69e4e7dd0386e670d803935709b84e3166dd1c4e2b39a,purpose,1,0,0,True,True,False,False,magic,sparkle,spark,magic,sparkle,spark,-5.813938140869141,-5.813938140869141,True
beam64,blogs,4e56cdabed510a78bff69e4e7dd0386e670d803935709b84e3166dd1c4e2b39a,purpose,1,0,0,True,True,False,False,magic,sparkle,spark,magic,sparkle,spark,-5.813938140869141,-5.813938140869141,True
beam16,blogs,81a2e1df0e2008e3c66562bcfbae4a8fce030a337c9503eaf7744a0ec5a3aeca,have,1,2,2,True,True,False,False,are,have,were,are,have,were,-2.9252490997314453,-2.9252490997314453,True
beam64,blogs,81a2e1df0e2008e3c66562bcfbae4a8fce030a337c9503eaf7744a0ec5a3aeca,have,1,2,2,True,True,False,False,are,have,were,are,have,were,-2.9252490997314453,-2.9252490997314453,True
beam16,blogs,21fc094822685d1b42829562e9b20fc04500bc9ffe43ac0caaf104448e242180,total,1,0,0,False,False,False,False,of,none,at,of,none,at,,,True
beam64,blogs,21fc094822685d1b42829562e9b20fc04500bc9ffe43ac0caaf104448e242180,total,1,0,0,False,False,False,False,of,none,at,of,none,at,,,True
beam16,blogs,99dba9a6a0e3d175783facc4da880a998e55a6ba3191f9e797e333df760e04c1,i,1,1,1,True,True,False,False,i,in,and,i,in,and,-2.1052780151367188,-2.1052780151367188,True
beam64,blogs,99dba9a6a0e3d175783facc4da880a998e55a6ba3191f9e797e333df760e04c1,i,1,1,1,True,True,False,False,i,in,and,i,in,and,-2.1052780151367188,-2.1052780151367188,True
beam16,blogs,9c80a57bf0374f50d9139dde80c889481b2fdf9f5e1f66e2f0dede2504e7fc11,swinburne,4,0,0,False,False,False,False,university,and,malaysia,university,and,universiti,,,True
beam64,blogs,9c80a57bf0374f50d9139dde80c889481b2fdf9f5e1f66e2f0dede2504e7fc11,swinburne,4,0,0,False,False,False,False,university,and,malaysia,university,and,universiti,,,True
beam16,blogs,d6732e82c7c7c93932196cca218a17cc01d85c909e5c3a596ce816c8c176499b,also,1,0,0,True,True,False,False,what,the,how,what,the,how,-7.353271484375,-7.353271484375,False
beam64,blogs,d6732e82c7c7c93932196cca218a17cc01d85c909e5c3a596ce816c8c176499b,also,1,0,0,True,True,False,False,what,the,how,what,the,how,-7.353271484375,-7.353271484375,False
beam16,blogs,c329ccf68f3d1473f59497cd2ddeb670fa914c495cf411ba9cafb25a93a3d917,have,1,1,1,True,True,False,False,have,are,can,have,are,can,-3.093019485473633,-3.093019485473633,True
beam64,blogs,c329ccf68f3d1473f59497cd2ddeb670fa914c495cf411ba9cafb25a93a3d917,have,1,1,1,True,True,False,False,have,are,can,have,are,can,-3.093019485473633,-3.093019485473633,True
beam16,blogs,3b84ebce6ba992d9e3dadeed4c7f7c006a25dbb0cc7d08f2d44fd0d71b97a2df,of,1,1,1,True,True,False,False,of,for,and,of,for,and,-1.1140327453613281,-1.1140327453613281,True
beam64,blogs,3b84ebce6ba992d9e3dadeed4c7f7c006a25dbb0cc7d08f2d44fd0d71b97a2df,of,1,1,1,True,True,False,False,of,for,and,of,for,and,-1.1140327453613281,-1.1140327453613281,True
beam16,blogs,c42b839afbb205b2384d1dd940a6e59e0a1f362d1c8ace78dddde19b54cf800d,which,1,0,0,True,True,False,False,finance,fund,pay,finance,fund,pay,-5.466564178466797,-5.466564178466797,True
beam64,blogs,c42b839afbb205b2384d1dd940a6e59e0a1f362d1c8ace78dddde19b54cf800d,which,1,0,0,True,True,False,False,finance,fund,pay,finance,fund,pay,-5.466564178466797,-5.466564178466797,True
beam16,news,39689551a658251ab71594ed7115c7a6509428446424c987ef0334f4e1259cf2,lore,1,3,3,True,True,False,False,legend,folklore,lore,legend,folklore,lore,-3.0955028533935547,-3.0955028533935547,True
beam64,news,39689551a658251ab71594ed7115c7a6509428446424c987ef0334f4e1259cf2,lore,1,3,3,True,True,False,False,legend,folklore,lore,legend,folklore,lore,-3.0955028533935547,-3.0955028533935547,True
beam16,news,6c2ecc04f145627cf6e3af34bbf5fceab3446b954aeb6d2cd83bc149efeee194,to,1,2,2,True,True,False,False,on,to,and,on,to,and,-2.5188369750976562,-2.5188369750976562,True
beam64,news,6c2ecc04f145627cf6e3af34bbf5fceab3446b954aeb6d2cd83bc149efeee194,to,1,2,2,True,True,False,False,on,to,and,on,to,and,-2.5188369750976562,-2.5188369750976562,True
beam16,news,f294c79166f854531a597096235f35d4b90621bd2f1e6c1a36bfe2a7caa6c144,week,1,1,1,True,True,False,False,week,year,month,week,year,month,-1.1346664428710938,-1.1346664428710938,True
beam64,news,f294c79166f854531a597096235f35d4b90621bd2f1e6c1a36bfe2a7caa6c144,week,1,1,1,True,True,False,False,week,year,month,week,year,month,-1.1346664428710938,-1.1346664428710938,True
beam16,news,1a66f0288092379e7c51f0169eb3e0aee0a661d07e1c3cae13f925c8e58ac0e4,i,1,1,1,True,True,False,False,i,he,to,i,he,i'd,-1.1663284301757812,-1.1663284301757812,True
beam64,news,1a66f0288092379e7c51f0169eb3e0aee0a661d07e1c3cae13f925c8e58ac0e4,i,1,1,1,True,True,False,False,i,he,to,i,he,i'd,-1.1663284301757812,-1.1663284301757812,True
beam16,news,ca147c951ee4d9853546c34222eed78802527f4887856cd2889ec07a345d7ce5,revenue,1,1,1,True,True,False,False,revenue,operations,business,revenue,operations,business,-1.8788032531738281,-1.8788032531738281,True
beam64,news,ca147c951ee4d9853546c34222eed78802527f4887856cd2889ec07a345d7ce5,revenue,1,1,1,True,True,False,False,revenue,operations,business,revenue,operations,business,-1.8788032531738281,-1.8788032531738281,True
beam16,news,839e8f0cc656dd3309e4dd0144311fd085253962f1976a46ed9512608f19c2af,bear,1,0,0,False,False,False,False,a,an,his,a,an,his,,,True
beam64,news,839e8f0cc656dd3309e4dd0144311fd085253962f1976a46ed9512608f19c2af,bear,1,0,0,False,False,False,False,a,an,his,a,an,his,,,True
beam16,news,37ad009ab98fd6a08ca9c0f908964a8e4d48070a2b1a95f160564e77129f44fa,a,1,1,1,True,True,False,False,a,his,the,a,his,the,-0.8245468139648438,-0.8245468139648438,True
beam64,news,37ad009ab98fd6a08ca9c0f908964a8e4d48070a2b1a95f160564e77129f44fa,a,1,1,1,True,True,False,False,a,his,the,a,his,the,-0.8245468139648438,-0.8245468139648438,True
beam16,news,f78e73021a8caef1bc4e6c5f91f0e1da70aaf340c6b7934383b441f2acb63b44,s,1,1,1,True,True,False,False,s,k,n,s,k,n,-1.4756507873535156,-1.4756507873535156,True
beam64,news,f78e73021a8caef1bc4e6c5f91f0e1da70aaf340c6b7934383b441f2acb63b44,s,1,1,1,True,True,False,False,s,k,n,s,k,n,-1.4756507873535156,-1.4756507873535156,True
beam16,news,0e66323d8a74c4a0cbc1cc636b10af05c0e4b1d5f0c292d173d9ba8dd631f354,concession,1,0,0,True,True,False,False,effort,bid,attempt,effort,bid,attempt,-4.826272964477539,-4.826272964477539,True
beam64,news,0e66323d8a74c4a0cbc1cc636b10af05c0e4b1d5f0c292d173d9ba8dd631f354,concession,1,0,0,True,True,False,False,effort,bid,attempt,effort,bid,attempt,-4.826272964477539,-4.826272964477539,True
beam16,news,d823d0c6826a6086c07837b8b036ff2d50385575f290b3819667e1a10f821493,sheriff,1,0,0,True,True,False,False,in,as,at,in,as,at,-8.423973083496094,-8.423973083496094,True
beam64,news,d823d0c6826a6086c07837b8b036ff2d50385575f290b3819667e1a10f821493,sheriff,1,0,0,True,True,False,False,in,as,at,in,as,at,-8.423973083496094,-8.423973083496094,True
beam16,news,4fae3c1054dbe16a575cadd9751ac2f041699c12fcc82d694f84aecd55924d2d,the,1,1,1,True,True,False,False,the,a,in,the,a,in,-1.0477409362792969,-1.0477409362792969,True
beam64,news,4fae3c1054dbe16a575cadd9751ac2f041699c12fcc82d694f84aecd55924d2d,the,1,1,1,True,True,False,False,the,a,in,the,a,in,-1.0477409362792969,-1.0477409362792969,True
beam16,news,861cf299c1c71a57e4d6df354d502abb6a141bd5b898a80075a0061ed593626a,gay,1,0,0,False,False,False,False,that,a,the,that,a,the,,,False
beam64,news,861cf299c1c71a57e4d6df354d502abb6a141bd5b898a80075a0061ed593626a,gay,1,0,0,False,False,False,False,that,a,the,that,a,the,,,False
beam16,news,2a1cfd24662a05e21a6c424c5596896e1e849e72e0350d176c4594c175ed6b3c,opponents,1,0,0,False,False,False,False,the,this,my,the,this,my,,,False
beam64,news,2a1cfd24662a05e21a6c424c5596896e1e849e72e0350d176c4594c175ed6b3c,opponents,1,0,0,False,False,False,False,the,this,my,the,this,my,,,False
beam16,news,02abbfee4ecb9712806b34f90968f8ca0bf1879fd88f601a90ae7adcb0e6712e,being,1,0,0,True,True,False,False,the,a,she,the,a,she,-5.213695526123047,-5.213695526123047,True
beam64,news,02abbfee4ecb9712806b34f90968f8ca0bf1879fd88f601a90ae7adcb0e6712e,being,1,0,0,True,True,False,False,the,a,she,the,a,she,-5.213695526123047,-5.213695526123047,True
beam16,news,4c44ce85b112b78e0dd597b040cfaeaba8389a76a5cbcd5d9cea8a2d9a76780b,river,1,0,0,True,True,False,False,wilderness,dream,flag,wilderness,dream,flag,-5.306215286254883,-5.306215286254883,True
beam64,news,4c44ce85b112b78e0dd597b040cfaeaba8389a76a5cbcd5d9cea8a2d9a76780b,river,1,0,0,True,True,False,False,wilderness,dream,flag,wilderness,dream,flag,-5.306215286254883,-5.306215286254883,True
beam16,news,c8a428b6be6f1549d9a18da4fdb08bbd464801a9817516283c0d7f1630bbffe2,driven,1,0,0,True,True,False,False,fueled,blamed,exacerbated,fueled,blamed,exacerbated,-3.8144798278808594,-3.8144798278808594,True
beam64,news,c8a428b6be6f1549d9a18da4fdb08bbd464801a9817516283c0d7f1630bbffe2,driven,1,0,0,True,True,False,False,fueled,blamed,exacerbated,fueled,blamed,exacerbated,-3.8144798278808594,-3.8144798278808594,True
beam16,news,646077b12ef792901090b66ed5252595010e1c765fed1db784bf60d80b2a88b7,will,1,2,2,True,True,False,False,is,will,was,is,will,was,-2.5864295959472656,-2.5864295959472656,True
beam64,news,646077b12ef792901090b66ed5252595010e1c765fed1db784bf60d80b2a88b7,will,1,2,2,True,True,False,False,is,will,was,is,will,was,-2.5864295959472656,-2.5864295959472656,True
beam16,news,54584530ecb30860adbb367cc94c8b191e75dde863942b9140fe71b653393e20,florida,1,0,0,False,False,False,False,many,all,the,many,all,the,,,False
beam64,news,54584530ecb30860adbb367cc94c8b191e75dde863942b9140fe71b653393e20,florida,1,0,0,False,False,False,False,many,all,the,many,all,the,,,False
beam16,news,144ca05566dd24f560b15b10ca2c972157001d5edbca186ef1fe1282f095aa57,you,1,1,1,True,True,False,False,you,or,in,you,or,in,-1.7589569091796875,-1.7589569091796875,True
beam64,news,144ca05566dd24f560b15b10ca2c972157001d5edbca186ef1fe1282f095aa57,you,1,1,1,True,True,False,False,you,or,in,you,or,in,-1.7589569091796875,-1.7589569091796875,True
beam16,news,e4928570ac166b05d2c0d2c972359b12530aa8a4a4c4a740ee7e0b47b9830f2a,an,1,3,3,True,True,False,False,track,tabs,an,track,tabs,an,-1.9042091369628906,-1.9042091369628906,True
beam64,news,e4928570ac166b05d2c0d2c972359b12530aa8a4a4c4a740ee7e0b47b9830f2a,an,1,3,3,True,True,False,False,track,tabs,an,track,tabs,an,-1.9042091369628906,-1.9042091369628906,True
beam16,news,5f95e525324509c46723ab472dcf0774885b260f53ca88dcde746c4e4dbf6e13,of,1,1,1,True,True,False,False,of,the,it,of,the,it,-2.082386016845703,-2.082386016845703,True
beam64,news,5f95e525324509c46723ab472dcf0774885b260f53ca88dcde746c4e4dbf6e13,of,1,1,1,True,True,False,False,of,the,it,of,the,it,-2.082386016845703,-2.082386016845703,True
beam16,news,28eb0c6c3f4ca7829380954075933745835cafad3213297117ae208557e3a2b4,johnson,2,2,2,True,True,False,False,brown,johnson,smith,brown,johnson,smith,-4.209987640380859,-4.209987640380859,True
beam64,news,28eb0c6c3f4ca7829380954075933745835cafad3213297117ae208557e3a2b4,johnson,2,2,2,True,True,False,False,brown,johnson,smith,brown,johnson,smith,-4.209987640380859,-4.209987640380859,True
beam16,news,116018768100217f6dd4602cbfe1bbc9f984a0995184125aaf534cc4e3c02ce6,incident,1,0,0,False,False,False,False,is,will,problem,is,will,problem,,,True
beam64,news,116018768100217f6dd4602cbfe1bbc9f984a0995184125aaf534cc4e3c02ce6,incident,1,0,0,False,False,False,False,is,will,problem,is,will,problem,,,True
beam16,news,74afef640a8ed3d4f81b202dd5c709962ff35e59d64611c6a3664e958bd2657b,expected,1,1,1,True,True,False,False,expected,falling,possible,expected,falling,possible,-1.2149391174316406,-1.2149391174316406,True
beam64,news,74afef640a8ed3d4f81b202dd5c709962ff35e59d64611c6a3664e958bd2657b,expected,1,1,1,True,True,False,False,expected,falling,possible,expected,falling,possible,-1.2149391174316406,-1.2149391174316406,True
beam16,news,fa5593f7c18481c876ea98d640194154c73a228e380bb0866da5c84f08192406,this,1,0,0,True,True,False,False,in,and,during,in,and,during,-3.468050003051758,-3.468050003051758,True
beam64,news,fa5593f7c18481c876ea98d640194154c73a228e380bb0866da5c84f08192406,this,1,0,0,True,True,False,False,in,and,during,in,and,during,-3.468050003051758,-3.468050003051758,True
beam16,news,c45b0eff06db86efa4bafb956f1067864fd56b76b36070c495224c147bf4eafa,they,1,0,0,True,True,False,False,that,day,to,that,day,to,-7.252386093139648,-7.252386093139648,True
beam64,news,c45b0eff06db86efa4bafb956f1067864fd56b76b36070c495224c147bf4eafa,they,1,0,0,True,True,False,False,that,day,to,that,day,to,-7.252386093139648,-7.252386093139648,True
beam16,news,1ddbfc8f4c1accec06540a7fb736a07af895a1c94a91a5e9859d26c91c9d6966,or,1,0,0,True,True,False,False,as,but,it,as,but,it,-3.9760665893554688,-3.9760665893554688,True
beam64,news,1ddbfc8f4c1accec06540a7fb736a07af895a1c94a91a5e9859d26c91c9d6966,or,1,0,0,True,True,False,False,as,but,it,as,but,it,-3.9760665893554688,-3.9760665893554688,True
beam16,news,6c3cad1556b7e83c07251cfa4de64c231d1ac17e5947bb5097ac3defb6a0647f,to,1,0,0,True,True,False,False,in,according,that,in,according,that,-5.470663070678711,-5.470663070678711,True
beam64,news,6c3cad1556b7e83c07251cfa4de64c231d1ac17e5947bb5097ac3defb6a0647f,to,1,0,0,True,True,False,False,in,according,that,in,according,that,-5.470663070678711,-5.470663070678711,True
beam16,news,c34774d56b228e4fc9c4f199ade1c835628d0738134b7bee7d00c169e6c716b3,calculation,1,0,0,True,True,False,False,compromise,strategy,reality,stalemate,compromise,strategy,-7.2804718017578125,-7.2804718017578125,True
beam64,news,c34774d56b228e4fc9c4f199ade1c835628d0738134b7bee7d00c169e6c716b3,calculation,1,0,0,True,True,False,False,compromise,strategy,reality,stalemate,compromise,strategy,-7.2804718017578125,-7.2804718017578125,True
beam16,news,b7fc5d7c188768e544f34bfb6c778758335fe0c557d5aea0e9afa66e614d7441,is,1,0,0,True,True,False,False,said,was,added,said,was,added,-3.6981163024902344,-3.6981163024902344,True
beam64,news,b7fc5d7c188768e544f34bfb6c778758335fe0c557d5aea0e9afa66e614d7441,is,1,0,0,True,True,False,False,said,was,added,said,was,added,-3.6981163024902344,-3.6981163024902344,True
beam16,news,5da581c2742ad2fcd1e8419d98b57e7f05b774ca3117e5e31379e4122555fc90,even,1,0,0,True,True,False,False,and,i,dogs,and,i,dogs,-6.591331481933594,-6.591331481933594,True
beam64,news,5da581c2742ad2fcd1e8419d98b57e7f05b774ca3117e5e31379e4122555fc90,even,1,0,0,True,True,False,False,and,i,dogs,and,i,dogs,-6.591331481933594,-6.591331481933594,True
beam16,news,3716bd14c457d7c87865150d23fcfae71b98fe678b64bdfca1e916c6ba3d2967,crane,1,0,0,False,False,False,False,the,their,trout,the,their,trout,,,False
beam64,news,3716bd14c457d7c87865150d23fcfae71b98fe678b64bdfca1e916c6ba3d2967,crane,1,0,0,False,False,False,False,the,their,trout,the,their,trout,,,False
beam16,news,6bb9d51f8283f9bc67d71f02e3550bfe3b4898a1926a6c28621b624fbdbc5e72,minnesota,2,0,0,True,True,False,False,michigan,wisconsin,chicago,michigan,wisconsin,chicago,-3.4852561950683594,-3.4852561950683594,True
beam64,news,6bb9d51f8283f9bc67d71f02e3550bfe3b4898a1926a6c28621b624fbdbc5e72,minnesota,2,0,0,True,True,False,False,michigan,wisconsin,chicago,michigan,wisconsin,chicago,-3.4852561950683594,-3.4852561950683594,True
beam16,news,b37171009697f46f3e536bd1cd7b4f693bb79682e5bd19a4efee4a1ad47cf74a,some,1,0,0,True,True,False,False,many,the,his,many,the,his,-3.057126998901367,-3.057126998901367,True
beam64,news,b37171009697f46f3e536bd1cd7b4f693bb79682e5bd19a4efee4a1ad47cf74a,some,1,0,0,True,True,False,False,many,the,his,many,the,his,-3.057126998901367,-3.057126998901367,True
beam16,news,bdee0a11fda5eed2e0e46ef128d02422b536a091fa35255f6cf793b324f760f2,but,1,1,1,True,True,False,False,but,and,for,but,and,for,-1.4126091003417969,-1.4126091003417969,True
beam64,news,bdee0a11fda5eed2e0e46ef128d02422b536a091fa35255f6cf793b324f760f2,but,1,1,1,True,True,False,False,but,and,for,but,and,for,-1.4126091003417969,-1.4126091003417969,True
beam16,news,3dbcba6a0e5c5ff8c8b61723f7a238e47f19bdf87f30208a7e00e311a9ccef29,and,1,2,2,True,True,False,False,the,and,as,the,and,as,-2.892873764038086,-2.892873764038086,True
beam64,news,3dbcba6a0e5c5ff8c8b61723f7a238e47f19bdf87f30208a7e00e311a9ccef29,and,1,2,2,True,True,False,False,the,and,as,the,and,as,-2.892873764038086,-2.892873764038086,True
beam16,news,8c0fdc0b410bdac1604ab0393009f32bdcce20c061339f6695a3ae83322ccaea,plays,1,3,3,True,True,False,False,a,the,plays,a,the,plays,-2.7493133544921875,-2.7493133544921875,True
beam64,news,8c0fdc0b410bdac1604ab0393009f32bdcce20c061339f6695a3ae83322ccaea,plays,1,3,3,True,True,False,False,a,the,plays,a,the,plays,-2.7493133544921875,-2.7493133544921875,True
beam16,news,5671840d29f8ed528fa0b588f190b94036a96e5c8f3df2b2d143182821db9a5c,pending,1,2,2,True,True,False,False,being,pending,in,being,pending,in,-2.7777442932128906,-2.7777442932128906,True
beam64,news,5671840d29f8ed528fa0b588f190b94036a96e5c8f3df2b2d143182821db9a5c,pending,1,2,2,True,True,False,False,being,pending,in,being,pending,in,-2.7777442932128906,-2.7777442932128906,True
beam16,news,7994ef125c9fa26c4ef445104acca367da1af670f36f62278bad67f2be0e5c2c,meet,1,0,0,True,True,False,False,new,personal,world,new,personal,world,-6.279623031616211,-6.279623031616211,True
beam64,news,7994ef125c9fa26c4ef445104acca367da1af670f36f62278bad67f2be0e5c2c,meet,1,0,0,True,True,False,False,new,personal,world,new,personal,world,-6.279623031616211,-6.279623031616211,True
beam16,news,4e719bb5eda6c6c6b49c93102ecf609b160317b5b276bb4ae02d172eb1fa7755,person,1,0,0,True,True,False,False,was,being,one,was,being,one,-6.612733840942383,-6.612733840942383,True
beam64,news,4e719bb5eda6c6c6b49c93102ecf609b160317b5b276bb4ae02d172eb1fa7755,person,1,0,0,True,True,False,False,was,being,one,was,being,one,-6.612733840942383,-6.612733840942383,True
beam16,news,cf6aefe72ec3b0a537a839b2c17d197c1babf6e73378f5c2524da5978ef3cf0e,will,1,0,0,True,True,False,False,air,airline,use,air,airline,use,-7.283079147338867,-7.283079147338867,True
beam64,news,cf6aefe72ec3b0a537a839b2c17d197c1babf6e73378f5c2524da5978ef3cf0e,will,1,0,0,True,True,False,False,air,airline,use,air,airline,use,-7.283079147338867,-7.283079147338867,True
beam16,news,774cf0d15caa1b45c16bd688a862c35fa6198d73b69a784b5f5ada6343c8f8f8,offer,1,0,0,True,True,False,False,other,business,compensation,other,business,compensation,-5.782581329345703,-5.782581329345703,True
beam64,news,774cf0d15caa1b45c16bd688a862c35fa6198d73b69a784b5f5ada6343c8f8f8,offer,1,0,0,True,True,False,False,other,business,compensation,other,business,compensation,-5.782581329345703,-5.782581329345703,True
beam16,news,b3df094efdb01fd8c751037bf3bfa87d58cc6a009bb5fe59bd53d93e67848878,saturday,2,0,0,False,False,False,False,from,and,at,from,and,at,,,False
beam64,news,b3df094efdb01fd8c751037bf3bfa87d58cc6a009bb5fe59bd53d93e67848878,saturday,2,0,0,False,False,False,False,from,and,at,from,and,at,,,False
beam16,news,4e1595f4a4005b7f2b28df5c15e2e26a19db54562fdd2539825d32654605af3e,know,1,3,3,True,True,False,False,be,have,know,be,have,know,-3.1744728088378906,-3.1744728088378906,True
beam64,news,4e1595f4a4005b7f2b28df5c15e2e26a19db54562fdd2539825d32654605af3e,know,1,3,3,True,True,False,False,be,have,know,be,have,know,-3.1744728088378906,-3.1744728088378906,True
beam16,news,42b599e0bcf2d6a628c306cfaebd4343df6d6144bcd4b2d843612007f9c8e734,year,1,1,1,True,True,False,False,year,season,century,year,season,century,-1.1093063354492188,-1.1093063354492188,True
beam64,news,42b599e0bcf2d6a628c306cfaebd4343df6d6144bcd4b2d843612007f9c8e734,year,1,1,1,True,True,False,False,year,season,century,year,season,century,-1.1093063354492188,-1.1093063354492188,True
beam16,news,cd2f346bd065aa18e6cfb84285bb7b8dbc10cb9cd84b750e58e3e7522d73cc4e,feel,1,0,0,True,True,False,False,be,never,have,be,never,have,-4.396799087524414,-4.396799087524414,True
beam64,news,cd2f346bd065aa18e6cfb84285bb7b8dbc10cb9cd84b750e58e3e7522d73cc4e,feel,1,0,0,True,True,False,False,be,never,have,be,never,have,-4.396799087524414,-4.396799087524414,True
beam16,news,f2f53e2249e1dfad8feea717d37e94e2e581dfc135135584259a1e616b879ed4,a,1,1,1,True,True,False,False,a,the,his,a,the,his,-1.2598495483398438,-1.2598495483398438,True
beam64,news,f2f53e2249e1dfad8feea717d37e94e2e581dfc135135584259a1e616b879ed4,a,1,1,1,True,True,False,False,a,the,his,a,the,his,-1.2598495483398438,-1.2598495483398438,True
beam16,news,4fc2f16b0fdc86b4be4e1d255ca818417a8ae2861aae8fe7bbf44959954e4b09,came,1,3,3,True,True,False,False,was,had,came,was,had,came,-1.8544425964355469,-1.8544425964355469,True
beam64,news,4fc2f16b0fdc86b4be4e1d255ca818417a8ae2861aae8fe7bbf44959954e4b09,came,1,3,3,True,True,False,False,was,had,came,was,had,came,-1.8544425964355469,-1.8544425964355469,True
beam16,news,12c8f76c7f8dc2f8b327d8664cec9e39c3eeff9f48d0893438db19881ca7a806,set,1,3,3,True,True,False,False,the,in,set,the,in,set,-3.5220489501953125,-3.5220489501953125,True
beam64,news,12c8f76c7f8dc2f8b327d8664cec9e39c3eeff9f48d0893438db19881ca7a806,set,1,3,3,True,True,False,False,the,in,set,the,in,set,-3.5220489501953125,-3.5220489501953125,True
beam16,news,78e68eb1bf28d10b5cc120a673dab18929a2e1f5c4b10c755f72b70fb33de64a,spinach,1,0,0,True,True,False,False,food,formula,milk,food,formula,milk,-5.393880844116211,-5.393880844116211,True
beam64,news,78e68eb1bf28d10b5cc120a673dab18929a2e1f5c4b10c755f72b70fb33de64a,spinach,1,0,0,True,True,False,False,food,formula,milk,food,formula,milk,-5.393880844116211,-5.393880844116211,True
beam16,news,1bdc2b39bd2b59782b1e047db91d07cc060213095d6624b1b218ec437b5a29dd,up,1,1,1,True,True,False,False,up,through,to,up,through,to,-0.3262367248535156,-0.3262367248535156,True
beam64,news,1bdc2b39bd2b59782b1e047db91d07cc060213095d6624b1b218ec437b5a29dd,up,1,1,1,True,True,False,False,up,through,to,up,through,to,-0.3262367248535156,-0.3262367248535156,True
beam16,news,ab3f5368470b8af96538041ca153f157191b36603b2c1839c3aa20cd2dd9c7af,heavy,1,0,0,True,True,False,False,the,your,a,the,your,a,-6.135471343994141,-6.135471343994141,True
beam64,news,ab3f5368470b8af96538041ca153f157191b36603b2c1839c3aa20cd2dd9c7af,heavy,1,0,0,True,True,False,False,the,your,a,the,your,a,-6.135471343994141,-6.135471343994141,True
beam16,news,e1d3a9a2e2218a7dec19f789543169e2e3de735fe189fbeb92b3b8678976ba8e,some,1,0,0,True,True,False,False,the,and,he,the,and,merriman,-5.743782043457031,-5.743782043457031,True
beam64,news,e1d3a9a2e2218a7dec19f789543169e2e3de735fe189fbeb92b3b8678976ba8e,some,1,0,0,True,True,False,False,the,and,he,the,and,merriman,-5.743782043457031,-5.743782043457031,True
beam16,news,bb9ff2e5ee1c68c385818dee12530169ff1f64f97caaa5c9a11330c740a7e1cb,from,1,0,0,True,True,False,False,and,she,the,and,she,the,-5.644037246704102,-5.644037246704102,False
beam64,news,bb9ff2e5ee1c68c385818dee12530169ff1f64f97caaa5c9a11330c740a7e1cb,from,1,0,0,True,True,False,False,and,she,the,and,she,the,-5.644037246704102,-5.644037246704102,False
beam16,news,30e043e791e0ec9367a3827077433d98bf5c9879c7b604a2226af614f7da9728,campaign,1,0,0,True,True,False,False,political,voting,election,political,voting,election,-4.796138763427734,-4.796138763427734,True
beam64,news,30e043e791e0ec9367a3827077433d98bf5c9879c7b604a2226af614f7da9728,campaign,1,0,0,True,True,False,False,political,voting,election,political,voting,election,-4.796138763427734,-4.796138763427734,True
beam16,news,0331fc2936e46ab649f06baed71821db53e7e44b69fd5d2267f6c72cdfab26f1,make,1,2,2,True,True,False,False,get,make,take,get,make,take,-2.704916000366211,-2.704916000366211,True
beam64,news,0331fc2936e46ab649f06baed71821db53e7e44b69fd5d2267f6c72cdfab26f1,make,1,2,2,True,True,False,False,get,make,take,get,make,take,-2.704916000366211,-2.704916000366211,True
beam16,news,f9cb0ccef9080b10d5f8c7e67a749935be30804298056361c663e78e5380d3e4,to,1,1,1,True,True,False,False,to,on,out,to,on,out,-0.21224212646484375,-0.21224212646484375,True
beam64,news,f9cb0ccef9080b10d5f8c7e67a749935be30804298056361c663e78e5380d3e4,to,1,1,1,True,True,False,False,to,on,out,to,on,out,-0.21224212646484375,-0.21224212646484375,True
beam16,news,459f3683c0af47d6b24df0aa3ae3c5d19ba8ca1f97915dabf46a3d5e9b10d67f,to,1,1,1,True,True,False,False,to,who,with,to,who,with,-0.2528419494628906,-0.2528419494628906,True
beam64,news,459f3683c0af47d6b24df0aa3ae3c5d19ba8ca1f97915dabf46a3d5e9b10d67f,to,1,1,1,True,True,False,False,to,who,with,to,who,with,-0.2528419494628906,-0.2528419494628906,True
beam16,news,4f070648b67f58eb808415dcc2ab1d2ddc63041070b4df6fd84d3d4e4246a7d6,straight,1,0,0,False,False,False,False,in,of,with,in,of,with,,,True
beam64,news,4f070648b67f58eb808415dcc2ab1d2ddc63041070b4df6fd84d3d4e4246a7d6,straight,1,0,0,False,False,False,False,in,of,with,in,of,with,,,True
beam16,news,ed33a9ed9b76ba9439010243d04f123de12adfbe78ee243e0109975dca9a3e23,galveston's,4,0,0,False,True,False,False,the,port,san,the,galveston,port,,-6.746307373046875,True
beam64,news,ed33a9ed9b76ba9439010243d04f123de12adfbe78ee243e0109975dca9a3e23,galveston's,4,0,0,False,True,False,False,the,port,san,the,galveston,port,,-6.743690490722656,True
beam16,news,56775191a039dbb699f1efe02cd92fc3f8317b370a6ce813b11d66a8f6a2887a,ronler,3,0,0,False,False,False,False,the,a,about,the,a,about,,,False
beam64,news,56775191a039dbb699f1efe02cd92fc3f8317b370a6ce813b11d66a8f6a2887a,ronler,3,0,0,False,False,False,False,the,a,about,the,a,about,,,False
beam16,news,a8e55d5d4606b80477a96fb831412ab2c33de776369983d30c42ba66aae4ba48,and,1,1,1,True,True,False,False,and,new,north,and,new,north,-1.6194095611572266,-1.6194095611572266,True
beam64,news,a8e55d5d4606b80477a96fb831412ab2c33de776369983d30c42ba66aae4ba48,and,1,1,1,True,True,False,False,and,new,north,and,new,north,-1.6194095611572266,-1.6194095611572266,True
beam16,news,e0e870c1c223833a2074950473e9b01112b66acd18d9504b14012ab08c095008,game,1,0,0,True,True,False,False,win,first,second,win,first,team's,-3.366008758544922,-3.366008758544922,True
beam64,news,e0e870c1c223833a2074950473e9b01112b66acd18d9504b14012ab08c095008,game,1,0,0,True,True,False,False,win,first,second,win,first,team's,-3.366008758544922,-3.366008758544922,True
beam16,news,058c7954af51e5e79f522eb5a501a9b19786174b03d31ddfb020ee3c8b9a2241,medical,1,0,0,True,True,False,False,learning,love,learners,learning,love,learners,-7.504983901977539,-7.504983901977539,True
beam64,news,058c7954af51e5e79f522eb5a501a9b19786174b03d31ddfb020ee3c8b9a2241,medical,1,0,0,True,True,False,False,learning,love,learners,learning,love,learners,-7.504983901977539,-7.504983901977539,True
beam16,news,b77f2c064cfa1a3389045c89d6dce3e9780cd33141457e776b78f2881f8a07d6,morning,1,1,1,True,True,False,False,morning,in,afternoon,morning,in,afternoon,-1.2232780456542969,-1.2232780456542969,True
beam64,news,b77f2c064cfa1a3389045c89d6dce3e9780cd33141457e776b78f2881f8a07d6,morning,1,1,1,True,True,False,False,morning,in,afternoon,morning,in,afternoon,-1.2232780456542969,-1.2232780456542969,True
beam16,news,f51c265bc6b6d9cd99d8c32d92de5d693e273b8c1131fc068fddfbdd0ad489b1,brands,1,0,0,True,True,False,False,said,is,has,said,is,has,-5.148721694946289,-5.148721694946289,True
beam64,news,f51c265bc6b6d9cd99d8c32d92de5d693e273b8c1131fc068fddfbdd0ad489b1,brands,1,0,0,True,True,False,False,said,is,has,said,is,has,-5.148721694946289,-5.148721694946289,True
beam16,news,3fde210eac279ef4508c6253126251fe376fb94671ed68c0b9035afb36b1a900,course,1,0,0,True,True,False,False,the,a,an,the,a,an,-8.256622314453125,-8.256622314453125,False
beam64,news,3fde210eac279ef4508c6253126251fe376fb94671ed68c0b9035afb36b1a900,course,1,0,0,True,True,False,False,the,a,an,the,a,an,-8.256622314453125,-8.256622314453125,False
beam16,news,af0eff7d74c50f90ce4380ad3b0b09dc2b1e85a9d773ce785645437d7e4c243d,honolulu,2,0,0,False,False,False,False,the,santa,florida,the,santa,florida,,,True
beam64,news,af0eff7d74c50f90ce4380ad3b0b09dc2b1e85a9d773ce785645437d7e4c243d,honolulu,2,0,0,False,False,False,False,the,santa,florida,the,santa,florida,,,True
beam16,news,b24d75fccc88e23ebad8e6d5ffd98a5c90660f98c5de1d0a96a479ee3c414709,and,1,1,1,True,True,False,False,and,the,cdc,and,the,cdc,-0.31615447998046875,-0.31615447998046875,True
beam64,news,b24d75fccc88e23ebad8e6d5ffd98a5c90660f98c5de1d0a96a479ee3c414709,and,1,1,1,True,True,False,False,and,the,cdc,and,the,cdc,-0.31615447998046875,-0.31615447998046875,True
beam16,news,e8431d7e2aca0c332bdb4fb12a3437627ea9bf8d3af729818166a5599e4e05dc,learned,1,0,0,True,True,False,False,received,has,sent,received,has,sent,-5.583309173583984,-5.583309173583984,True
beam64,news,e8431d7e2aca0c332bdb4fb12a3437627ea9bf8d3af729818166a5599e4e05dc,learned,1,0,0,True,True,False,False,received,has,sent,received,has,sent,-5.583309173583984,-5.583309173583984,True
beam16,news,2158c8ec63f910c2464e23c47eef690aef01bc75a2c0b28912de38d1eb72ff90,st,1,0,0,True,True,False,False,is,on,said,is,on,said,-6.798175811767578,-6.798175811767578,True
beam64,news,2158c8ec63f910c2464e23c47eef690aef01bc75a2c0b28912de38d1eb72ff90,st,1,0,0,True,True,False,False,is,on,said,is,on,said,-6.798175811767578,-6.798175811767578,True
beam16,news,fe70a797f900a43c80d0f6306a83eef1d349b1ab30fd4cec815bb5457ea3cbcc,did,1,1,1,True,True,False,False,did,had,changed,did,had,changed,-1.7023487091064453,-1.7023487091064453,True
beam64,news,fe70a797f900a43c80d0f6306a83eef1d349b1ab30fd4cec815bb5457ea3cbcc,did,1,1,1,True,True,False,False,did,had,changed,did,had,changed,-1.7023487091064453,-1.7023487091064453,True
beam16,news,41015826a600daf9196a1aa0d162ad3c699954e16b886bdd40820c6cbe1f67be,said,1,1,1,True,True,False,False,said,says,was,said,says,was,-0.7067070007324219,-0.7067070007324219,True
beam64,news,41015826a600daf9196a1aa0d162ad3c699954e16b886bdd40820c6cbe1f67be,said,1,1,1,True,True,False,False,said,says,was,said,says,was,-0.7067070007324219,-0.7067070007324219,True
beam16,news,eb38b7bfb699d3c8aa31af7df2a403e183f02209b4279a14728cbe3fd617bcb8,against,1,3,3,True,True,False,False,of,to,against,of,to,against,-2.472829818725586,-2.472829818725586,True
beam64,news,eb38b7bfb699d3c8aa31af7df2a403e183f02209b4279a14728cbe3fd617bcb8,against,1,3,3,True,True,False,False,of,to,against,of,to,against,-2.472829818725586,-2.472829818725586,True
beam16,news,10ce4a884e0495a64aa4627e5edb3b2089d5fe54b0bbca86741f7dc94acdf3f8,art,1,0,0,False,False,False,False,information,patient,data,information,patient,data,,,True
beam64,news,10ce4a884e0495a64aa4627e5edb3b2089d5fe54b0bbca86741f7dc94acdf3f8,art,1,0,0,False,False,False,False,information,patient,data,information,patient,data,,,True
beam16,news,25a2744f7c7fe940870b7ef49440cb63437aa6be04505aec212e8a4626a3ab2c,of,1,1,1,True,True,False,False,of,for,and,of,for,and,-0.00897979736328125,-0.00897979736328125,True
beam64,news,25a2744f7c7fe940870b7ef49440cb63437aa6be04505aec212e8a4626a3ab2c,of,1,1,1,True,True,False,False,of,for,and,of,for,and,-0.00897979736328125,-0.00897979736328125,True
beam16,news,ae6a0271bbfcd565a855457e1d392aee06bc5a354e63e1d1d36b5e652f1110bb,realized,1,0,0,False,False,False,False,have,are,can,have,are,can,,,False
beam64,news,ae6a0271bbfcd565a855457e1d392aee06bc5a354e63e1d1d36b5e652f1110bb,realized,1,0,0,False,False,False,False,have,are,can,have,are,can,,,False
beam16,news,4c11b8777c73e9ce54766448a43fffb9ec2413b65bdd2440607dd8a5b92a7aac,that,1,0,0,True,True,False,False,would,was,will,would,was,will,-3.5639495849609375,-3.5639495849609375,True
beam64,news,4c11b8777c73e9ce54766448a43fffb9ec2413b65bdd2440607dd8a5b92a7aac,that,1,0,0,True,True,False,False,would,was,will,would,was,will,-3.5639495849609375,-3.5639495849609375,True
beam16,news,90d2061a65f5d0652113a62d18ebcd036fb99af8f38c0e8f0ea4e714307d3f76,louis,1,0,0,True,True,False,False,is,the,a,is,the,a,-12.525579452514648,-12.525579452514648,False
beam64,news,90d2061a65f5d0652113a62d18ebcd036fb99af8f38c0e8f0ea4e714307d3f76,louis,1,0,0,True,True,False,False,is,the,a,is,the,a,-12.525579452514648,-12.525579452514648,False
beam16,news,24942e614c5d526e7741bbd4b7965fced9d3b3479db57abb48a94712d2d35c90,from,1,1,1,True,True,False,False,from,for,and,from,for,and,-0.2964363098144531,-0.2964363098144531,True
beam64,news,24942e614c5d526e7741bbd4b7965fced9d3b3479db57abb48a94712d2d35c90,from,1,1,1,True,True,False,False,from,for,and,from,for,and,-0.2964363098144531,-0.2964363098144531,True
beam16,news,9fb28038c0781f639166bac66e6dd67672d78250f8e90eeae31bfb81dd8e6ace,new,1,0,0,True,True,False,False,city,hometown,home,city,hometown,home,-4.0679473876953125,-4.0679473876953125,True
beam64,news,9fb28038c0781f639166bac66e6dd67672d78250f8e90eeae31bfb81dd8e6ace,new,1,0,0,True,True,False,False,city,hometown,home,city,hometown,home,-4.0679473876953125,-4.0679473876953125,True
beam16,news,0c380c53b2851423fc5203119a957e4ed478c7f1fee32afae8887d79bd82c2ab,you,1,1,1,True,True,False,False,you,i,we,you,i,we,-0.2674407958984375,-0.2674407958984375,True
beam64,news,0c380c53b2851423fc5203119a957e4ed478c7f1fee32afae8887d79bd82c2ab,you,1,1,1,True,True,False,False,you,i,we,you,i,we,-0.2674407958984375,-0.2674407958984375,True
beam16,news,3bd1b13f117dd481d63762770b22acc58100da8311ffb8e3f303a0599f8f45b1,away,1,2,2,True,True,False,False,to,away,a,to,away,a,-1.7522811889648438,-1.7522811889648438,True
beam64,news,3bd1b13f117dd481d63762770b22acc58100da8311ffb8e3f303a0599f8f45b1,away,1,2,2,True,True,False,False,to,away,a,to,away,a,-1.7522811889648438,-1.7522811889648438,True
beam16,news,521877de27a539807a4a67e901a22757fbe8bcd95c0d282b19e4e0b6069c7f9c,accused,1,0,0,True,True,False,False,on,for,and,on,for,and,-4.932941436767578,-4.932941436767578,True
beam64,news,521877de27a539807a4a67e901a22757fbe8bcd95c0d282b19e4e0b6069c7f9c,accused,1,0,0,True,True,False,False,on,for,and,on,for,and,-4.932941436767578,-4.932941436767578,True
beam16,news,aa9e11819eeb739f488911ff9746c6d997eee7b02f413b2d346d3c4403ffcc11,activities,1,0,0,False,False,False,False,than,things,to,than,things,to,,,True
beam64,news,aa9e11819eeb739f488911ff9746c6d997eee7b02f413b2d346d3c4403ffcc11,activities,1,0,0,False,False,False,False,than,things,to,than,things,to,,,True
beam16,news,a71d4ea1b06a05c22fcf0e74ff7f98b5aac6a770133ad86ac9f09780dbda233e,new,1,1,1,True,True,False,False,new,news,television,new,news,newyork,-0.7235202789306641,-0.7235202789306641,True
beam64,news,a71d4ea1b06a05c22fcf0e74ff7f98b5aac6a770133ad86ac9f09780dbda233e,new,1,1,1,True,True,False,False,new,news,television,new,news,newyork,-0.7235202789306641,-0.7235202789306641,True
beam16,news,d52c8a2db321e01934e287ff413008837b3ca412a43430a1caf029000d3b8957,not,1,1,1,True,True,False,False,not,be,never,not,be,never,-1.7032890319824219,-1.7032890319824219,True
beam64,news,d52c8a2db321e01934e287ff413008837b3ca412a43430a1caf029000d3b8957,not,1,1,1,True,True,False,False,not,be,never,not,be,never,-1.7032890319824219,-1.7032890319824219,True
beam16,news,50aed777704d8ad6b46a0884da82037c97dbb9853f0f087b15635e737c21b456,with,1,1,1,True,True,False,False,with,and,who,with,and,who,-2.122039794921875,-2.122039794921875,True
beam64,news,50aed777704d8ad6b46a0884da82037c97dbb9853f0f087b15635e737c21b456,with,1,1,1,True,True,False,False,with,and,who,with,and,who,-2.122039794921875,-2.122039794921875,True
beam16,news,b12490ca02ebb3223554d092b3366ecc308eaeb853ddbe996ba1197eb6a09d15,i,1,0,0,True,True,False,False,and,or,if,and,or,if,-5.077558517456055,-5.077558517456055,True
beam64,news,b12490ca02ebb3223554d092b3366ecc308eaeb853ddbe996ba1197eb6a09d15,i,1,0,0,True,True,False,False,and,or,if,and,or,if,-5.077558517456055,-5.077558517456055,True
beam16,news,744e3bf841548dce8f8cb6bc3d679db7501efc3fc1dfbbda6a0518237936d39e,this,1,0,0,True,True,False,False,the,sports,politics,the,sports,politics,-5.571310043334961,-5.571310043334961,True
beam64,news,744e3bf841548dce8f8cb6bc3d679db7501efc3fc1dfbbda6a0518237936d39e,this,1,0,0,True,True,False,False,the,sports,politics,the,sports,politics,-5.571310043334961,-5.571310043334961,True
beam16,news,c60f2bbb0be3c8922e883ac3c9bf964b19f303027626a9632f18f84ab709098b,for,1,2,2,True,True,False,False,to,for,of,to,for,of,-1.4159469604492188,-1.4159469604492188,True
beam64,news,c60f2bbb0be3c8922e883ac3c9bf964b19f303027626a9632f18f84ab709098b,for,1,2,2,True,True,False,False,to,for,of,to,for,of,-1.4159469604492188,-1.4159469604492188,True
beam16,news,8eacca2f0496df7ca99ad5c739232e3120454c8f34985a8837cb4a0c96128a82,going,1,0,0,True,True,False,False,the,leaving,a,the,leaving,a,-4.144474029541016,-4.144474029541016,True
beam64,news,8eacca2f0496df7ca99ad5c739232e3120454c8f34985a8837cb4a0c96128a82,going,1,0,0,True,True,False,False,the,leaving,a,the,leaving,a,-4.144474029541016,-4.144474029541016,True
beam16,news,908241db5e3aa99ec85e6f06621a212a47cc434f44a2043fc901f50cf1ac5c5a,union,1,0,0,True,True,False,False,state,city,board,state,city,board,-5.201810836791992,-5.201810836791992,True
beam64,news,908241db5e3aa99ec85e6f06621a212a47cc434f44a2043fc901f50cf1ac5c5a,union,1,0,0,True,True,False,False,state,city,board,state,city,board,-5.201810836791992,-5.201810836791992,True
beam16,news,8e999cc1b5d3c43fa017fb3d373d633adba728926a2d01eae0c05614e4b83e11,consecutive,1,2,2,True,True,False,False,loss,consecutive,straight,loss,consecutive,straight,-1.4380474090576172,-1.4380474090576172,True
beam64,news,8e999cc1b5d3c43fa017fb3d373d633adba728926a2d01eae0c05614e4b83e11,consecutive,1,2,2,True,True,False,False,loss,consecutive,straight,loss,consecutive,straight,-1.4380474090576172,-1.4380474090576172,True
beam16,news,1fe35ae8f55e3f01a97fbfe0f7969ea3e168bf8d331c0b2fab93446cda82b705,first,1,0,0,True,True,False,False,official,white,agency,official,white,agency,-3.9227161407470703,-3.9227161407470703,True
beam64,news,1fe35ae8f55e3f01a97fbfe0f7969ea3e168bf8d331c0b2fab93446cda82b705,first,1,0,0,True,True,False,False,official,white,agency,official,white,agency,-3.9227161407470703,-3.9227161407470703,True
beam16,news,e2c4266fcc6aab7b6d603c2ffbf7767e273ed22118debf3aa48ae832e5d050d9,a,1,1,1,True,True,False,False,a,been,to,a,been,to,-1.5040321350097656,-1.5040321350097656,True
beam64,news,e2c4266fcc6aab7b6d603c2ffbf7767e273ed22118debf3aa48ae832e5d050d9,a,1,1,1,True,True,False,False,a,been,to,a,been,to,-1.5040321350097656,-1.5040321350097656,True
beam16,news,9181036b17982a4481215a72f27db6b306fbbfcb552af74b64b1b880485ff409,companion,1,0,0,False,False,False,False,and,a,the,and,a,the,,,False
beam64,news,9181036b17982a4481215a72f27db6b306fbbfcb552af74b64b1b880485ff409,companion,1,0,0,False,False,False,False,and,a,the,and,a,the,,,False
beam16,news,7ce78cc37b45ac0e7ce2b3c02fc352c0a7c3733001f25945fbddddac49bca33e,and,1,0,0,True,True,False,False,be,even,run,be,even,run,-7.034826278686523,-7.034826278686523,True
beam64,news,7ce78cc37b45ac0e7ce2b3c02fc352c0a7c3733001f25945fbddddac49bca33e,and,1,0,0,True,True,False,False,be,even,run,be,even,run,-7.034826278686523,-7.034826278686523,True
beam16,news,d03c55a68c2e0b83f9efc4cf6918536785a7839f6a281c6a219ced081c0558d1,the,1,3,3,True,True,False,False,they,i,the,they,i,the,-2.632171630859375,-2.632171630859375,True
beam64,news,d03c55a68c2e0b83f9efc4cf6918536785a7839f6a281c6a219ced081c0558d1,the,1,3,3,True,True,False,False,they,i,the,they,i,the,-2.632171630859375,-2.632171630859375,True
beam16,news,30f9c8bd931ee8b516a42e35a4cc5bdc081037f88dac1a28f55cb65b117f44be,death,1,0,0,True,True,False,False,work,the,a,work,the,a,-3.284116744995117,-3.284116744995117,True
beam64,news,30f9c8bd931ee8b516a42e35a4cc5bdc081037f88dac1a28f55cb65b117f44be,death,1,0,0,True,True,False,False,work,the,a,work,the,a,-3.284116744995117,-3.284116744995117,True
beam16,news,ecf67d80dd2b669b371d575896019d0f9c44815bc1cdaaebefb8fd73ab83a3a3,skeptically,2,0,0,False,False,False,False,in,on,during,in,on,during,,,True
beam64,news,ecf67d80dd2b669b371d575896019d0f9c44815bc1cdaaebefb8fd73ab83a3a3,skeptically,2,0,0,False,False,False,False,in,on,during,in,on,during,,,True
beam16,news,6872a7585d41e0c343ed57560e83e9f9b3bbdadfa5716f127c9573b4f77e4f4a,that,1,3,3,True,True,False,False,the,it,that,the,it,that,-2.9928741455078125,-2.9928741455078125,True
beam64,news,6872a7585d41e0c343ed57560e83e9f9b3bbdadfa5716f127c9573b4f77e4f4a,that,1,3,3,True,True,False,False,the,it,that,the,it,that,-2.9928741455078125,-2.9928741455078125,True
beam16,news,da005c11de5373fbd3c1b27950518656556e66c1fdececeee105b0de71f7183e,no,1,3,3,True,True,False,False,been,not,no,been,not,no,-2.8895492553710938,-2.8895492553710938,True
beam64,news,da005c11de5373fbd3c1b27950518656556e66c1fdececeee105b0de71f7183e,no,1,3,3,True,True,False,False,been,not,no,been,not,no,-2.8895492553710938,-2.8895492553710938,True
beam16,news,7f9ed6116dc3ccca188b22bbd121848805e3e6c0280e9bf0faa4d0d72ea94eab,would,1,1,1,True,True,False,False,would,might,could,would,might,could,-0.255584716796875,-0.255584716796875,True
beam64,news,7f9ed6116dc3ccca188b22bbd121848805e3e6c0280e9bf0faa4d0d72ea94eab,would,1,1,1,True,True,False,False,would,might,could,would,might,could,-0.255584716796875,-0.255584716796875,True
beam16,news,098c69117b8881e56d058e8fc6b29d9c017f12ef3f55cdec9600fef0686337b7,told,1,0,0,False,False,False,False,have,am,need,have,am,need,,,False
beam64,news,098c69117b8881e56d058e8fc6b29d9c017f12ef3f55cdec9600fef0686337b7,told,1,0,0,False,False,False,False,have,am,need,have,am,need,,,False
beam16,news,3e90153b6c55a74f72f4805d5b35e74a7176b561502cb6f601aa5c19555612ad,enrichment,1,0,0,False,False,False,False,school,district,neighborhood,school,district,neighborhood,,,True
beam64,news,3e90153b6c55a74f72f4805d5b35e74a7176b561502cb6f601aa5c19555612ad,enrichment,1,0,0,False,False,False,False,school,district,neighborhood,school,district,neighborhood,,,True
beam16,news,4ea26a8abb5eb600ca358cdbb8d965a39b172db8a82187b9fdffc05078a04e6c,assemblyman,2,0,0,False,False,False,False,the,a,that,the,a,that,,,False
beam64,news,4ea26a8abb5eb600ca358cdbb8d965a39b172db8a82187b9fdffc05078a04e6c,assemblyman,2,0,0,False,False,False,False,the,a,that,the,a,that,,,False
beam16,news,9c7c01565b3472a352b333f8df678db211956321d35604d528fef38a494be67b,appliances,1,3,3,True,True,False,False,windows,light,appliances,windows,light,appliances,-2.2294139862060547,-2.2294139862060547,True
beam64,news,9c7c01565b3472a352b333f8df678db211956321d35604d528fef38a494be67b,appliances,1,3,3,True,True,False,False,windows,light,appliances,windows,light,appliances,-2.2294139862060547,-2.2294139862060547,True
beam16,news,bfce216ebb64ab7b37aaa1ad2ec6930d76944bddbb59599c7271e3235f76c5b1,sounds,1,0,0,True,True,False,False,i,you,the,i,you,the,-8.689872741699219,-8.689872741699219,True
beam64,news,bfce216ebb64ab7b37aaa1ad2ec6930d76944bddbb59599c7271e3235f76c5b1,sounds,1,0,0,True,True,False,False,i,you,the,i,you,the,-8.689872741699219,-8.689872741699219,True
beam16,news,a637ac5d25eed8e246172972466e0d3912c04cd1727c1fbd187b04a39cec57f8,before,1,3,3,True,True,False,False,ago,or,before,ago,or,before,-2.9778385162353516,-2.9778385162353516,True
beam64,news,a637ac5d25eed8e246172972466e0d3912c04cd1727c1fbd187b04a39cec57f8,before,1,3,3,True,True,False,False,ago,or,before,ago,or,before,-2.9778385162353516,-2.9778385162353516,True
beam16,news,871db16bb3649712406373bde33de2f9b2e70809cac90ab89aee8e7a8965007e,neighborhoods,1,0,0,True,True,False,False,st,the,their,st,the,their,-6.472532272338867,-6.472532272338867,True
beam64,news,871db16bb3649712406373bde33de2f9b2e70809cac90ab89aee8e7a8965007e,neighborhoods,1,0,0,True,True,False,False,st,the,their,st,the,their,-6.472532272338867,-6.472532272338867,True
beam16,news,04955e59e44c3d1fe568ad784c149fd27cb07c8951039910fe850170b3a5f7c9,percent,1,0,0,True,True,False,False,a,one,half,a,one,half,-9.61777114868164,-9.61777114868164,False
beam64,news,04955e59e44c3d1fe568ad784c149fd27cb07c8951039910fe850170b3a5f7c9,percent,1,0,0,True,True,False,False,a,one,half,a,one,half,-9.61777114868164,-9.61777114868164,False
beam16,news,27d047ef104b9c698c32eb137aad6579d18acdef310b0d6e32cea34c114152cd,salt,1,0,0,True,True,False,False,to,another,a,to,another,a,-6.514129638671875,-6.514129638671875,True
beam64,news,27d047ef104b9c698c32eb137aad6579d18acdef310b0d6e32cea34c114152cd,salt,1,0,0,True,True,False,False,to,another,a,to,another,a,-6.514129638671875,-6.514129638671875,True
beam16,news,a5a03e1b6dfaa5c72e856c47f83077d7bd8e9eee9b525d8b7d9b55d88c66a1bd,cockhearn,3,0,0,False,False,False,False,and,lee,l,and,lee,l,,,False
beam64,news,a5a03e1b6dfaa5c72e856c47f83077d7bd8e9eee9b525d8b7d9b55d88c66a1bd,cockhearn,3,0,0,False,False,False,False,and,lee,l,and,lee,l,,,False
beam16,news,282b3eb9a4a95f5bdaf1dea6cbcde775ec85edf2dde99b5e7976a6f3d5ed92f9,mix,1,0,0,True,True,False,False,and,who,is,and,who,is,-5.9110870361328125,-5.9110870361328125,True
beam64,news,282b3eb9a4a95f5bdaf1dea6cbcde775ec85edf2dde99b5e7976a6f3d5ed92f9,mix,1,0,0,True,True,False,False,and,who,is,and,who,is,-5.9110870361328125,-5.9110870361328125,True
beam16,news,f7a5ccdda258e974e83fe9f104198c9f5accd26baf72e040e130975e6992b5b7,community,1,1,1,True,True,False,False,community,magazine,store,community,magazine,store,-2.5426158905029297,-2.5426158905029297,True
beam64,news,f7a5ccdda258e974e83fe9f104198c9f5accd26baf72e040e130975e6992b5b7,community,1,1,1,True,True,False,False,community,magazine,store,community,magazine,store,-2.5426158905029297,-2.5426158905029297,True
beam16,news,f6598d7e48476f99679c5f1f7c192238d0cd5429b44fa780c54477867db0e109,is,1,0,0,True,True,False,False,happens,comes,could,happens,comes,could,-3.4654369354248047,-3.4654369354248047,True
beam64,news,f6598d7e48476f99679c5f1f7c192238d0cd5429b44fa780c54477867db0e109,is,1,0,0,True,True,False,False,happens,comes,could,happens,comes,could,-3.4654369354248047,-3.4654369354248047,True
beam16,news,359d4444be2889d954000a7ab74ac3dd0147a0f04c61fcd71435e6ea51a92728,schools,1,0,0,False,False,False,False,new,government,world,new,government,world,,,False
beam64,news,359d4444be2889d954000a7ab74ac3dd0147a0f04c61fcd71435e6ea51a92728,schools,1,0,0,False,False,False,False,new,government,world,new,government,world,,,False
beam16,news,6e0bd811c023c67ac39a75d263bf61379bc87cda9c6d6e94b8bb64779c337af2,the,1,1,1,True,True,False,False,the,round,a,the,round,a,-0.7013740539550781,-0.7013740539550781,True
beam64,news,6e0bd811c023c67ac39a75d263bf61379bc87cda9c6d6e94b8bb64779c337af2,the,1,1,1,True,True,False,False,the,round,a,the,round,a,-0.7013740539550781,-0.7013740539550781,True
beam16,news,aa24099cad7b67a065888d588754adaa691f018cc6689350f30653d56ce3d73f,friend,1,1,1,True,True,False,False,friend,sister,cousin,friend,sister,cousin,-1.8011531829833984,-1.8011531829833984,True
beam64,news,aa24099cad7b67a065888d588754adaa691f018cc6689350f30653d56ce3d73f,friend,1,1,1,True,True,False,False,friend,sister,cousin,friend,sister,cousin,-1.8011531829833984,-1.8011531829833984,True
beam16,news,239259695c52c86465507b4ef59edf4c9a9c2f0395508cede1f19385724ebf60,cases,1,1,1,True,True,False,False,cases,lawsuits,as,cases,lawsuits,as,-1.4353141784667969,-1.4353141784667969,True
beam64,news,239259695c52c86465507b4ef59edf4c9a9c2f0395508cede1f19385724ebf60,cases,1,1,1,True,True,False,False,cases,lawsuits,as,cases,lawsuits,as,-1.4353141784667969,-1.4353141784667969,True
beam16,news,8b539b4fb5c53fd3c0710eb1b96869ec52862b093fa2697969d9175392c9f9fb,is,1,1,1,True,True,False,False,is,are,the,is,are,the,-1.5227165222167969,-1.5227165222167969,True
beam64,news,8b539b4fb5c53fd3c0710eb1b96869ec52862b093fa2697969d9175392c9f9fb,is,1,1,1,True,True,False,False,is,are,the,is,are,the,-1.5227165222167969,-1.5227165222167969,True
beam16,news,84a5a50565049300800edc1acb556c2463c23040a7d89f3b0890b6812d339149,bobby,2,0,0,False,False,False,False,is,was,has,is,was,has,,,False
beam64,news,84a5a50565049300800edc1acb556c2463c23040a7d89f3b0890b6812d339149,bobby,2,0,0,False,False,False,False,is,was,has,is,was,has,,,False
beam16,news,46b859be6ee7509dd423d6040eb320b6f3527d819021d3bb31f0ce6145622138,bosnians,3,0,0,False,False,False,False,you,we,they,you,we,they,,,True
beam64,news,46b859be6ee7509dd423d6040eb320b6f3527d819021d3bb31f0ce6145622138,bosnians,3,0,0,False,True,False,False,you,we,they,you,we,they,,-7.360654830932617,True
beam16,news,5741bc44e322a87b8a92fa9f6e1e67345186c2a2fe4cd2d146a026015f08f88c,stacked,1,3,3,True,True,False,False,in,against,stacked,in,against,stacked,-3.1266326904296875,-3.1266326904296875,True
beam64,news,5741bc44e322a87b8a92fa9f6e1e67345186c2a2fe4cd2d146a026015f08f88c,stacked,1,3,3,True,True,False,False,in,against,stacked,in,against,stacked,-3.1266326904296875,-3.1266326904296875,True
beam16,news,7aa3e7997cf19aeb21f2325f177d3ba95d637bca8bcac03720a8925eb530bbba,cup,1,0,0,True,True,False,False,car,race,cars,car,race,cars,-3.4054508209228516,-3.4054508209228516,True
beam64,news,7aa3e7997cf19aeb21f2325f177d3ba95d637bca8bcac03720a8925eb530bbba,cup,1,0,0,True,True,False,False,car,race,cars,car,race,cars,-3.4054508209228516,-3.4054508209228516,True
beam16,news,ca9fd4227b451efa0901592488ca295a6246a1df18bf4969c7fe63db67bef064,off,1,1,1,True,True,False,False,off,of,people,off,of,people,-0.07580184936523438,-0.07580184936523438,True
beam64,news,ca9fd4227b451efa0901592488ca295a6246a1df18bf4969c7fe63db67bef064,off,1,1,1,True,True,False,False,off,of,people,off,of,people,-0.07580184936523438,-0.07580184936523438,True
beam16,news,326ee4a1e2932b2fc5b804f37b674a354f113b7c75370272449b56ca4337d46a,have,1,2,2,True,True,False,False,be,have,not,be,have,not,-1.849334716796875,-1.849334716796875,True
beam64,news,326ee4a1e2932b2fc5b804f37b674a354f113b7c75370272449b56ca4337d46a,have,1,2,2,True,True,False,False,be,have,not,be,have,not,-1.849334716796875,-1.849334716796875,True
beam16,news,4a494f2ad85e8f721de807f3044c2c35a33a042c0e8337ec1fc1049662e6bdf9,few,1,3,3,True,True,False,False,place,restaurant,few,place,restaurant,few,-3.6538467407226562,-3.6538467407226562,True
beam64,news,4a494f2ad85e8f721de807f3044c2c35a33a042c0e8337ec1fc1049662e6bdf9,few,1,3,3,True,True,False,False,place,restaurant,few,place,restaurant,few,-3.6538467407226562,-3.6538467407226562,True
beam16,news,ec4a5af7a407d1e1083797269b92315f2943da4bda5c4ae8faf063d61f5193e9,miss,1,1,1,True,True,False,False,miss,leave,be,miss,leave,be,-0.38085174560546875,-0.38085174560546875,True
beam64,news,ec4a5af7a407d1e1083797269b92315f2943da4bda5c4ae8faf063d61f5193e9,miss,1,1,1,True,True,False,False,miss,leave,be,miss,leave,be,-0.38085174560546875,-0.38085174560546875,True
beam16,news,be1551997cd535f0fdb95b6f4c9ea852de6821b2e7019dc7ab31ed0629abfb5b,member,1,0,0,True,True,False,False,law,rule,policy,law,rule,policy,-7.447658538818359,-7.447658538818359,True
beam64,news,be1551997cd535f0fdb95b6f4c9ea852de6821b2e7019dc7ab31ed0629abfb5b,member,1,0,0,True,True,False,False,law,rule,policy,law,rule,policy,-7.447658538818359,-7.447658538818359,True
beam16,news,2ab9093119e75ec17bc2b2e29930b84e0b148f9a6f3838d217aa1d69aaf3bc66,set,1,0,0,True,True,False,False,had,and,used,had,and,used,-4.028963088989258,-4.028963088989258,True
beam64,news,2ab9093119e75ec17bc2b2e29930b84e0b148f9a6f3838d217aa1d69aaf3bc66,set,1,0,0,True,True,False,False,had,and,used,had,and,used,-4.028963088989258,-4.028963088989258,True
beam16,news,a42d16131885950be14af6ff27a3c7efb3ff00e0a8fbd92f2858dcad75f1d560,and,1,0,0,True,True,False,False,rejected,opposed,defended,rejected,opposed,defended,-3.944826126098633,-3.944826126098633,True
beam64,news,a42d16131885950be14af6ff27a3c7efb3ff00e0a8fbd92f2858dcad75f1d560,and,1,0,0,True,True,False,False,rejected,opposed,defended,rejected,opposed,defended,-3.944826126098633,-3.944826126098633,True
beam16,news,d3fba8e9f1b4cc752b0ab821a3434912789a307ecd7f5acd7ee6a3c07f3d31f9,started,1,0,0,True,True,False,False,have,am,need,have,am,need,-7.813434600830078,-7.813434600830078,True
beam64,news,d3fba8e9f1b4cc752b0ab821a3434912789a307ecd7f5acd7ee6a3c07f3d31f9,started,1,0,0,True,True,False,False,have,am,need,have,am,need,-7.813434600830078,-7.813434600830078,True
beam16,news,54606765b718f78152128075fc52868c39c213bd94b822a868d42dfb01b5bc2f,visited,1,0,0,True,True,False,False,received,been,arrested,received,been,arrested,-7.002574920654297,-7.002574920654297,True
beam64,news,54606765b718f78152128075fc52868c39c213bd94b822a868d42dfb01b5bc2f,visited,1,0,0,True,True,False,False,received,been,arrested,received,been,arrested,-7.002574920654297,-7.002574920654297,True
beam16,news,3d5a72bc3f832a91487057e3d1a4bbb71493cb3e8939de994fb537223ac7245c,host,1,1,1,True,True,False,False,host,compete,be,host,compete,be,-1.8460464477539062,-1.8460464477539062,True
beam64,news,3d5a72bc3f832a91487057e3d1a4bbb71493cb3e8939de994fb537223ac7245c,host,1,1,1,True,True,False,False,host,compete,be,host,compete,be,-1.8460464477539062,-1.8460464477539062,True
beam16,news,56db48bbc02e1488cc6623b86bd8f31c1867aa5cc5e76cf66d1323ed89aa5f6f,comerica,2,0,0,False,False,False,False,the,home,san,the,home,san,,,True
beam64,news,56db48bbc02e1488cc6623b86bd8f31c1867aa5cc5e76cf66d1323ed89aa5f6f,comerica,2,0,0,False,False,False,False,the,home,san,the,home,san,,,True
beam16,news,a1d91be882ba2ca416f10727852d629e1c2cb2db52bd8a9f4b6b48dc92081227,have,1,0,0,True,True,False,False,that,surrounding,are,that,surrounding,are,-3.4215831756591797,-3.4215831756591797,True
beam64,news,a1d91be882ba2ca416f10727852d629e1c2cb2db52bd8a9f4b6b48dc92081227,have,1,0,0,True,True,False,False,that,surrounding,are,that,surrounding,are,-3.4215831756591797,-3.4215831756591797,True
beam16,news,a9de33bddac7a303fac0f61166a7a93eb2d9c832ed52c93c19014c40250942ab,sees,1,0,0,True,True,False,False,is,has,will,is,has,will,-5.098011016845703,-5.098011016845703,True
beam64,news,a9de33bddac7a303fac0f61166a7a93eb2d9c832ed52c93c19014c40250942ab,sees,1,0,0,True,True,False,False,is,has,will,is,has,will,-5.098011016845703,-5.098011016845703,True
beam16,news,6e5fca00f1ae3f9a18e52f998ade26f0202971b21caf1d6c5ac5e72da8f2f358,walker,1,0,0,True,True,False,False,smith,brown,hill,smith,johnson,jones,-7.263755798339844,-7.263755798339844,True
beam64,news,6e5fca00f1ae3f9a18e52f998ade26f0202971b21caf1d6c5ac5e72da8f2f358,walker,1,0,0,True,True,False,False,smith,brown,hill,smith,johnson,jones,-7.263755798339844,-7.263755798339844,True
beam16,news,e84d7f07137c81199ceb14d3930fb7f712a1c46413c70ee1401aa557e2ba92b6,that,1,0,0,True,True,False,False,to,the,a,to,the,a,-4.151336669921875,-4.151336669921875,True
beam64,news,e84d7f07137c81199ceb14d3930fb7f712a1c46413c70ee1401aa557e2ba92b6,that,1,0,0,True,True,False,False,to,the,a,to,the,a,-4.151336669921875,-4.151336669921875,True
beam16,news,b56cbfcb7ae80af748d0690193249ca39bb60d61522df623498dda785d151440,team,1,0,0,True,True,False,False,top,bid,status,top,bid,status,-5.264772415161133,-5.264772415161133,True
beam64,news,b56cbfcb7ae80af748d0690193249ca39bb60d61522df623498dda785d151440,team,1,0,0,True,True,False,False,top,bid,status,top,bid,status,-5.264772415161133,-5.264772415161133,True
beam16,news,ed1ceab8259a13d2ec375d58ced706564f999260f4686bf0be542acfb669e338,to,1,2,2,True,True,False,False,time,to,of,time,to,of,-2.6535186767578125,-2.6535186767578125,True
beam64,news,ed1ceab8259a13d2ec375d58ced706564f999260f4686bf0be542acfb669e338,to,1,2,2,True,True,False,False,time,to,of,time,to,of,-2.6535186767578125,-2.6535186767578125,True
beam16,news,d09e0e132e5c20cf282974ef756d4b00ebca153fd991da659c27a8667ff253e1,eclipse,1,0,0,True,True,False,False,is,star,and,is,star,and,-10.437747955322266,-10.437747955322266,True
beam64,news,d09e0e132e5c20cf282974ef756d4b00ebca153fd991da659c27a8667ff253e1,eclipse,1,0,0,True,True,False,False,is,star,and,is,star,and,-10.437747955322266,-10.437747955322266,True
beam16,news,5a1878d44cdfd752bda49b63a48529b18ff7c754da32e73e58cf214c1e6cd988,proposed,1,0,0,True,True,False,False,project,construction,redevelopment,project,construction,redevelopment,-6.287448883056641,-6.287448883056641,True
beam64,news,5a1878d44cdfd752bda49b63a48529b18ff7c754da32e73e58cf214c1e6cd988,proposed,1,0,0,True,True,False,False,project,construction,redevelopment,project,construction,redevelopment,-6.287448883056641,-6.287448883056641,True
beam16,news,255336bef0a5777e79a0dfbdeb91e8ddef900e280dd375f65e130b960c3848c5,meet,1,1,1,True,True,False,False,meet,provide,make,meet,provide,make,-2.8356056213378906,-2.8356056213378906,True
beam64,news,255336bef0a5777e79a0dfbdeb91e8ddef900e280dd375f65e130b960c3848c5,meet,1,1,1,True,True,False,False,meet,provide,make,meet,provide,make,-2.8356056213378906,-2.8356056213378906,True
beam16,news,433393233fce9ceb95b581cad00c6e960ffe364364a8bdc6251088d5493b406e,amazing,1,1,1,True,True,False,False,amazing,incredible,act,amazing,incredible,act,-1.7291374206542969,-1.7291374206542969,True
beam64,news,433393233fce9ceb95b581cad00c6e960ffe364364a8bdc6251088d5493b406e,amazing,1,1,1,True,True,False,False,amazing,incredible,act,amazing,incredible,act,-1.7291374206542969,-1.7291374206542969,True
beam16,news,57d94905fad1678a861dfd95010ab2cd0eaf033a73bd388f99214b3c50901a93,heavy,1,0,0,False,False,False,False,little,bit,lot,little,bit,lot,,,True
beam64,news,57d94905fad1678a861dfd95010ab2cd0eaf033a73bd388f99214b3c50901a93,heavy,1,0,0,False,False,False,False,little,bit,lot,little,bit,lot,,,True
beam16,news,c1e43e0533e2849ea181116e5d599d709adda0f5c6858a6e75ccb5d14c5eecf1,my,1,1,1,True,True,False,False,my,a,the,my,a,the,-1.3075199127197266,-1.3075199127197266,True
beam64,news,c1e43e0533e2849ea181116e5d599d709adda0f5c6858a6e75ccb5d14c5eecf1,my,1,1,1,True,True,False,False,my,a,the,my,a,the,-1.3075199127197266,-1.3075199127197266,True
beam16,news,07f146942fd4f89aaadfa640ff86b28e878e572ff15834cec63f5ababe42a020,against,1,0,0,True,True,False,False,in,and,for,in,and,for,-3.6750335693359375,-3.6750335693359375,True
beam64,news,07f146942fd4f89aaadfa640ff86b28e878e572ff15834cec63f5ababe42a020,against,1,0,0,True,True,False,False,in,and,for,in,and,for,-3.6750335693359375,-3.6750335693359375,True
beam16,news,2e075e9b5fddf44a34a0869d57a9420e0feef661a06d38c97261702d49686a0f,was,1,3,3,True,True,False,False,are,were,was,are,were,was,-2.028118133544922,-2.028118133544922,True
beam64,news,2e075e9b5fddf44a34a0869d57a9420e0feef661a06d38c97261702d49686a0f,was,1,3,3,True,True,False,False,are,were,was,are,were,was,-2.028118133544922,-2.028118133544922,True
beam16,news,c8d10be22d466d31056637c04dc569d87a1a9170d678f0292b333273c1dc5d83,has,1,2,2,True,True,False,False,said,has,did,said,has,did,-2.148988723754883,-2.148988723754883,True
beam64,news,c8d10be22d466d31056637c04dc569d87a1a9170d678f0292b333273c1dc5d83,has,1,2,2,True,True,False,False,said,has,did,said,has,did,-2.148988723754883,-2.148988723754883,True
beam16,news,36ac85f0453c73fa5f2f0355eb882e92d1fc531ad42f4c3e29236498be475676,tax,1,0,0,False,False,False,False,the,a,an,the,a,an,,,False
beam64,news,36ac85f0453c73fa5f2f0355eb882e92d1fc531ad42f4c3e29236498be475676,tax,1,0,0,False,False,False,False,the,a,an,the,a,an,,,False
beam16,news,1b615d4e9211a5670e08a0b77e88f95e58df65c15953200d7c8d3c7a6079a39c,up,1,1,1,True,True,False,False,up,our,the,up,our,the,-0.3189582824707031,-0.3189582824707031,True
beam64,news,1b615d4e9211a5670e08a0b77e88f95e58df65c15953200d7c8d3c7a6079a39c,up,1,1,1,True,True,False,False,up,our,the,up,our,the,-0.3189582824707031,-0.3189582824707031,True
beam16,news,b271833adf6e606ecc00d7599e50846565465bdb39900e88b909d7ff98177005,make,1,1,1,True,True,False,False,make,mean,say,make,mean,say,-0.5496654510498047,-0.5496654510498047,True
beam64,news,b271833adf6e606ecc00d7599e50846565465bdb39900e88b909d7ff98177005,make,1,1,1,True,True,False,False,make,mean,say,make,mean,say,-0.5496654510498047,-0.5496654510498047,True
beam16,news,eb88a29ef37d63e94d103d32596a17756540558a0bcf8fb1a46b21042c45f98a,he,1,0,0,True,True,False,False,said,i,is,said,i,is,-6.0041656494140625,-6.0041656494140625,True
beam64,news,eb88a29ef37d63e94d103d32596a17756540558a0bcf8fb1a46b21042c45f98a,he,1,0,0,True,True,False,False,said,i,is,said,i,is,-6.0041656494140625,-6.0041656494140625,True
beam16,news,88ebfbb1c53b99af5e32ddc5c1013ad143d2fe44ed4afd5c9aad468ba8a30737,though,1,0,0,False,False,False,False,of,the,movie,of,the,movie,,,False
beam64,news,88ebfbb1c53b99af5e32ddc5c1013ad143d2fe44ed4afd5c9aad468ba8a30737,though,1,0,0,False,False,False,False,of,the,movie,of,the,movie,,,False
beam16,news,1af4e751b6c8b3708eb57c5a696639286c5cc8b4b48cde282fe7c4829def3dff,is,1,1,1,True,True,False,False,is,was,can,is,was,can,-2.390584945678711,-2.390584945678711,True
beam64,news,1af4e751b6c8b3708eb57c5a696639286c5cc8b4b48cde282fe7c4829def3dff,is,1,1,1,True,True,False,False,is,was,can,is,was,can,-2.390584945678711,-2.390584945678711,True
beam16,news,8fe6ec8437c27cb0aee85ecfac83832269358a6ebd7c5c84e057269eb44e457d,us,1,0,0,True,True,False,False,him,michael,with,him,michael,with,-3.541067123413086,-3.541067123413086,False
beam64,news,8fe6ec8437c27cb0aee85ecfac83832269358a6ebd7c5c84e057269eb44e457d,us,1,0,0,True,True,False,False,him,michael,with,him,michael,with,-3.541067123413086,-3.541067123413086,False
beam16,news,33f717ad8752ab87043eda3bf852f68119aecafbd6ed1e495a83b87edd839e58,internally,1,0,0,False,False,False,False,two,a,one,two,a,one,,,True
beam64,news,33f717ad8752ab87043eda3bf852f68119aecafbd6ed1e495a83b87edd839e58,internally,1,0,0,False,False,False,False,two,a,one,two,a,one,,,True
beam16,news,f86c6898db9e94f5324a7b3fabf6757cb32edb1bc4071e635a0aea61f46e4c5e,definitely,1,0,0,False,False,False,False,i,then,the,i,then,the,,,True
beam64,news,f86c6898db9e94f5324a7b3fabf6757cb32edb1bc4071e635a0aea61f46e4c5e,definitely,1,0,0,False,False,False,False,i,then,the,i,then,the,,,True
beam16,news,e32253463a8348535c8c047764caa30ea92066fa252eee025a95f90900c9a3a2,agricultural,1,3,3,True,True,False,False,crop,fruit,agricultural,crop,fruit,agricultural,-2.381227493286133,-2.381227493286133,True
beam64,news,e32253463a8348535c8c047764caa30ea92066fa252eee025a95f90900c9a3a2,agricultural,1,3,3,True,True,False,False,crop,fruit,agricultural,crop,fruit,agricultural,-2.381227493286133,-2.381227493286133,True
beam16,news,686d39d3049efad3a4c1d1276e3c97828cdc0ed431a02f04c14e2566111e6c8c,election,1,0,0,False,False,False,False,clause,charge,letter,clause,charge,letter,,,True
beam64,news,686d39d3049efad3a4c1d1276e3c97828cdc0ed431a02f04c14e2566111e6c8c,election,1,0,0,False,False,False,False,clause,charge,letter,clause,charge,letter,,,True
beam16,news,85d0f5300ad457e0bc817cda083e3d15d80e7795382cc68523262089467a89d9,of,1,1,1,True,True,False,False,of,that,if,of,that,if,-0.33045196533203125,-0.33045196533203125,True
beam64,news,85d0f5300ad457e0bc817cda083e3d15d80e7795382cc68523262089467a89d9,of,1,1,1,True,True,False,False,of,that,if,of,that,if,-0.33045196533203125,-0.33045196533203125,True
beam16,news,0d6b71940dfd03b2e4325ff659ecc5682b2ec19c211af34cf704e88d089124cc,that,1,1,1,True,True,False,False,that,how,the,that,how,the,-1.953664779663086,-1.953664779663086,True
beam64,news,0d6b71940dfd03b2e4325ff659ecc5682b2ec19c211af34cf704e88d089124cc,that,1,1,1,True,True,False,False,that,how,the,that,how,the,-1.953664779663086,-1.953664779663086,True
beam16,news,29b02305f0712bc88c8c1261d4c87ea1bf5ba4e03bc3f8ba64f9fb3003c73853,decision,1,1,1,True,True,False,False,decision,announcement,meeting,decision,announcement,meeting,-3.392688751220703,-3.392688751220703,True
beam64,news,29b02305f0712bc88c8c1261d4c87ea1bf5ba4e03bc3f8ba64f9fb3003c73853,decision,1,1,1,True,True,False,False,decision,announcement,meeting,decision,announcement,meeting,-3.392688751220703,-3.392688751220703,True
beam16,news,e74c1ea6cabae975f113e906efb668afea9aeaba8ba92dca189dc50dd014c2ba,schaefer,3,0,0,False,False,False,False,smith,brown,martin,myers,jones,smith,,,True
beam64,news,e74c1ea6cabae975f113e906efb668afea9aeaba8ba92dca189dc50dd014c2ba,schaefer,3,0,0,False,False,False,False,smith,brown,martin,myers,jones,williams,,,True
beam16,news,c42f645b0dca494476b9066cdce860105260306027efc4c39075f9e3d9563df4,their,1,1,1,True,True,False,False,their,beer,a,their,beer,a,-2.4573936462402344,-2.4573936462402344,True
beam64,news,c42f645b0dca494476b9066cdce860105260306027efc4c39075f9e3d9563df4,their,1,1,1,True,True,False,False,their,beer,a,their,beer,a,-2.4573936462402344,-2.4573936462402344,True
beam16,news,fc564631bebbda3cfa7a3627290093ab4a0f6b40ee48286780be872ae191e0fb,was,1,3,3,True,True,False,False,nor,said,was,nor,said,was,-2.5126285552978516,-2.5126285552978516,True
beam64,news,fc564631bebbda3cfa7a3627290093ab4a0f6b40ee48286780be872ae191e0fb,was,1,3,3,True,True,False,False,nor,said,was,nor,said,was,-2.5126285552978516,-2.5126285552978516,True
beam16,news,ac9a1cbd4806de503c2f09f61741a66674c08ffe26151de782d0ec5a34aec06a,newspapers,1,0,0,True,True,False,False,its,the,itself,its,the,itself,-7.065324783325195,-7.065324783325195,True
beam64,news,ac9a1cbd4806de503c2f09f61741a66674c08ffe26151de782d0ec5a34aec06a,newspapers,1,0,0,True,True,False,False,its,the,itself,its,the,itself,-7.065324783325195,-7.065324783325195,True
beam16,news,c8b85cfc9bea2b281a6fb4d736b31e1ae09a21ce5fd9446ae208966b8eaa9fd3,of,1,1,1,True,True,False,False,of,is,has,of,is,has,-0.6026687622070312,-0.6026687622070312,True
beam64,news,c8b85cfc9bea2b281a6fb4d736b31e1ae09a21ce5fd9446ae208966b8eaa9fd3,of,1,1,1,True,True,False,False,of,is,has,of,is,has,-0.6026687622070312,-0.6026687622070312,True
beam16,news,ab9fd156d7fca2d488ff69394f14580cb9f19094ab9362d5cf7fc739ebd95593,officers,1,0,0,False,False,False,False,the,more,about,the,more,about,,,True
beam64,news,ab9fd156d7fca2d488ff69394f14580cb9f19094ab9362d5cf7fc739ebd95593,officers,1,0,0,False,False,False,False,the,more,about,the,more,about,,,True
beam16,news,86ef91a837f26c60a094b0f94a496fba30d09393ee01a1fab51aee4af7cca0d1,vindicated,2,0,0,False,False,False,False,able,in,looking,able,in,looking,,,True
beam64,news,86ef91a837f26c60a094b0f94a496fba30d09393ee01a1fab51aee4af7cca0d1,vindicated,2,0,0,False,False,False,False,able,in,looking,able,in,looking,,,True
beam16,news,c0b092feca32a6e5fccee245d1490df3337d12fbc9316a6b22a314829d2c91d2,and,1,0,0,True,True,False,False,neighborhood,area,park,neighborhood,area,park,-5.58836555480957,-5.58836555480957,True
beam64,news,c0b092feca32a6e5fccee245d1490df3337d12fbc9316a6b22a314829d2c91d2,and,1,0,0,True,True,False,False,neighborhood,area,park,neighborhood,area,park,-5.58836555480957,-5.58836555480957,True
beam16,news,a634b5a0f50b7adb72c92bdb593386468a7274e809ae981207c6e64f2f801d36,necessary,1,0,0,True,True,False,False,best,support,same,best,support,same,-4.275163650512695,-4.275163650512695,True
beam64,news,a634b5a0f50b7adb72c92bdb593386468a7274e809ae981207c6e64f2f801d36,necessary,1,0,0,True,True,False,False,best,support,same,best,support,same,-4.275163650512695,-4.275163650512695,True
beam16,news,3dee073e693ec7cc66e83c22a7c70c75e16f85074882fa236bb9ffda291c1e39,tobias,2,0,0,False,False,False,False,michael,david,peter,michael,david,thomas,,,True
beam64,news,3dee073e693ec7cc66e83c22a7c70c75e16f85074882fa236bb9ffda291c1e39,tobias,2,0,0,False,False,False,False,michael,david,peter,michael,david,thomas,,,True
beam16,news,58bdb7708399bc629cf254f381ba55bc3a8e7adeea136de75440494b24cadf88,the,1,0,0,True,True,False,False,to,many,do,to,many,do,-4.838651657104492,-4.838651657104492,True
beam64,news,58bdb7708399bc629cf254f381ba55bc3a8e7adeea136de75440494b24cadf88,the,1,0,0,True,True,False,False,to,many,do,to,many,do,-4.838651657104492,-4.838651657104492,True
beam16,news,c32ccd38d3685b6aed19f7d133e08d8a4bdbd6f81183fb50f759138fd92ba5ca,initiatives,1,0,0,True,True,False,False,success,experience,successes,success,experience,successes,-6.507579803466797,-6.507579803466797,True
beam64,news,c32ccd38d3685b6aed19f7d133e08d8a4bdbd6f81183fb50f759138fd92ba5ca,initiatives,1,0,0,True,True,False,False,success,experience,successes,success,experience,successes,-6.507579803466797,-6.507579803466797,True
beam16,news,8be47da154e2f9cd6d7d4457a565045d1c066df5ef74bf30b53c9fa0c7e88a03,guile,2,0,0,False,False,False,False,quarterback,coach,players,quarterback,coach,players,,,True
beam64,news,8be47da154e2f9cd6d7d4457a565045d1c066df5ef74bf30b53c9fa0c7e88a03,guile,2,0,0,False,False,False,False,quarterback,coach,players,quarterback,coach,players,,,True
beam16,news,f9915c5a956811312db5d37823a700a2ae56756da3ec13538c2b673b48b77555,with,1,0,0,True,True,False,False,in,on,friday,in,on,friday,-2.929788589477539,-2.929788589477539,True
beam64,news,f9915c5a956811312db5d37823a700a2ae56756da3ec13538c2b673b48b77555,with,1,0,0,True,True,False,False,in,on,friday,in,on,friday,-2.929788589477539,-2.929788589477539,True
beam16,news,1eb694dbe7867ce934be7c9b3587a71f361b7b8451e881f8e6b828b88333fd89,hits,1,0,0,True,True,False,False,accomplishments,achievements,accomplishment,accomplishments,achievements,accomplishment,-2.9940032958984375,-2.9940032958984375,True
beam64,news,1eb694dbe7867ce934be7c9b3587a71f361b7b8451e881f8e6b828b88333fd89,hits,1,0,0,True,True,False,False,accomplishments,achievements,accomplishment,accomplishments,achievements,accomplishment,-2.9940032958984375,-2.9940032958984375,True
beam16,news,88684643f90ef38fe7193f14c65ae5a718e484968c707a5ef25073f8dd68fce3,employees,1,1,1,True,True,False,False,employees,journalists,editors,employees,journalists,editors,-1.7112808227539062,-1.7112808227539062,True
beam64,news,88684643f90ef38fe7193f14c65ae5a718e484968c707a5ef25073f8dd68fce3,employees,1,1,1,True,True,False,False,employees,journalists,editors,employees,journalists,editors,-1.7112808227539062,-1.7112808227539062,True
beam16,news,a6825354d2eec97c8ec5af281c3e8ffb8d8d8d1b79fda38cf2d090111b929572,should,1,0,0,True,True,False,False,is,and,was,is,and,was,-8.077682495117188,-8.077682495117188,True
beam64,news,a6825354d2eec97c8ec5af281c3e8ffb8d8d8d1b79fda38cf2d090111b929572,should,1,0,0,True,True,False,False,is,and,was,is,and,was,-8.077682495117188,-8.077682495117188,True
beam16,news,fc31b76770d45bb6edf3a2d261bcd4e1e607a8cfdc6fa01042753364297e4907,the,1,1,1,True,True,False,False,the,what,it,the,what,it,-1.0768585205078125,-1.0768585205078125,True
beam64,news,fc31b76770d45bb6edf3a2d261bcd4e1e607a8cfdc6fa01042753364297e4907,the,1,1,1,True,True,False,False,the,what,it,the,what,it,-1.0768585205078125,-1.0768585205078125,True
beam16,news,9f49b5c70ba25f6143128ae546aaccc82bb16458882334b8b31f2f4822e921e1,have,1,3,3,True,True,False,False,are,like,have,are,like,have,-2.0304832458496094,-2.0304832458496094,True
beam64,news,9f49b5c70ba25f6143128ae546aaccc82bb16458882334b8b31f2f4822e921e1,have,1,3,3,True,True,False,False,are,like,have,are,like,have,-2.0304832458496094,-2.0304832458496094,True
beam16,news,cc4cac49b2fa3a54ad87d0bfe66e9af25ea6dff9593f772ada978367c9c2195b,plant,1,0,0,False,False,False,False,fire,police,bus,fire,police,bus,,,True
beam64,news,cc4cac49b2fa3a54ad87d0bfe66e9af25ea6dff9593f772ada978367c9c2195b,plant,1,0,0,False,False,False,False,fire,police,bus,fire,police,bus,,,True
beam16,news,167a7a8d42de7964f3b67bce94140ce4c328a06ad649a91a4970945638056555,initiated,1,0,0,True,True,False,False,completed,published,conducted,completed,published,conducted,-4.669660568237305,-4.669660568237305,True
beam64,news,167a7a8d42de7964f3b67bce94140ce4c328a06ad649a91a4970945638056555,initiated,1,0,0,True,True,False,False,completed,published,conducted,completed,published,conducted,-4.669660568237305,-4.669660568237305,True
beam16,news,93b7fa846956a2a6f0047c1160bf4b816ea84b328f324607005a86c7782e1510,said,1,1,1,True,True,False,False,said,is,will,said,is,will,-1.6036224365234375,-1.6036224365234375,True
beam64,news,93b7fa846956a2a6f0047c1160bf4b816ea84b328f324607005a86c7782e1510,said,1,1,1,True,True,False,False,said,is,will,said,is,will,-1.6036224365234375,-1.6036224365234375,True
beam16,news,ca672140801740fa7e44ccb50cf3d62fedde66c3a5920ca1d5f3d8f7a911757a,as,1,1,1,True,True,False,False,as,that,a,as,that,a,-0.38134002685546875,-0.38134002685546875,True
beam64,news,ca672140801740fa7e44ccb50cf3d62fedde66c3a5920ca1d5f3d8f7a911757a,as,1,1,1,True,True,False,False,as,that,a,as,that,a,-0.38134002685546875,-0.38134002685546875,True
beam16,news,09104adbbf177a82e40cd474f07579ce08cddba2cc227bcd2cffa96f9f4d89e1,union,1,0,0,False,False,False,False,the,that,he,the,that,he,,,False
beam64,news,09104adbbf177a82e40cd474f07579ce08cddba2cc227bcd2cffa96f9f4d89e1,union,1,0,0,False,False,False,False,the,that,he,the,that,he,,,False
beam16,news,d516d891abce8f32f976c0d236d0119d3febe3291cf8be64d26fb417d7592c85,early,1,0,0,False,False,False,False,church,and,park,church,and,park,,,True
beam64,news,d516d891abce8f32f976c0d236d0119d3febe3291cf8be64d26fb417d7592c85,early,1,0,0,False,False,False,False,church,and,park,church,and,park,,,True
beam16,news,f3413e35de07bfd9f9076f1a158e5543ec7ac734d404122088009c8189ee8f9a,bipartisan,1,0,0,False,False,False,False,by,to,in,by,to,in,,,True
beam64,news,f3413e35de07bfd9f9076f1a158e5543ec7ac734d404122088009c8189ee8f9a,bipartisan,1,0,0,False,False,False,False,by,to,in,by,to,in,,,True
beam16,news,de57ad01097c4cc7f5470453b943e6145ff69e2bf1b79d1e536d53d93b84b04f,performed,1,0,0,False,False,False,False,the,a,pressure,the,a,pressure,,,True
beam64,news,de57ad01097c4cc7f5470453b943e6145ff69e2bf1b79d1e536d53d93b84b04f,performed,1,0,0,False,False,False,False,the,a,pressure,the,a,pressure,,,True
beam16,news,b5dc2f7788c74acce6e43c045174d96d2e7b70f4cfef5c47d92ee53874b5bb71,live,1,1,1,True,True,False,False,live,maintain,get,live,maintain,get,-1.1830101013183594,-1.1830101013183594,True
beam64,news,b5dc2f7788c74acce6e43c045174d96d2e7b70f4cfef5c47d92ee53874b5bb71,live,1,1,1,True,True,False,False,live,maintain,get,live,maintain,get,-1.1830101013183594,-1.1830101013183594,True
beam16,news,1c5d35be79b538775e698f89355b94f0302377a7c61ce779379e95e859e707aa,engaged,1,0,0,False,False,False,False,and,in,at,and,in,at,,,True
beam64,news,1c5d35be79b538775e698f89355b94f0302377a7c61ce779379e95e859e707aa,engaged,1,0,0,False,False,False,False,and,in,at,and,in,at,,,True
beam16,news,4e972432a73c7ae0453cb19a81e36627db0998bf107a674ddbec36741d6e64a4,authorities,1,0,0,False,False,False,False,and,he,the,and,he,the,,,False
beam64,news,4e972432a73c7ae0453cb19a81e36627db0998bf107a674ddbec36741d6e64a4,authorities,1,0,0,False,False,False,False,and,he,the,and,he,the,,,False
beam16,news,d059e8e226e0b25d55ccc60d3aa43a4e8a9b58cfcc56cf14632d0df3b6cfdcb9,to,1,0,0,True,True,False,False,who,in,that,who,in,that,-2.6003074645996094,-2.6003074645996094,True
beam64,news,d059e8e226e0b25d55ccc60d3aa43a4e8a9b58cfcc56cf14632d0df3b6cfdcb9,to,1,0,0,True,True,False,False,who,in,that,who,in,that,-2.6003074645996094,-2.6003074645996094,True
beam16,news,3ef46b5cb40d754b49c3295ee42a0e355a320570bb0d098bd2a3a3056b515030,washington,1,0,0,True,True,False,False,the,a,this,the,a,this,-8.842731475830078,-8.842731475830078,True
beam64,news,3ef46b5cb40d754b49c3295ee42a0e355a320570bb0d098bd2a3a3056b515030,washington,1,0,0,True,True,False,False,the,a,this,the,a,this,-8.842731475830078,-8.842731475830078,True
beam16,news,a874f75209440bb071a191dd05a161a87ccd784eda42e7e7de864f56b055ca0c,designer,1,0,0,False,False,False,False,captain,hull,bell,captain,hull,bell,,,True
beam64,news,a874f75209440bb071a191dd05a161a87ccd784eda42e7e7de864f56b055ca0c,designer,1,0,0,False,False,False,False,captain,hull,bell,captain,hull,bell,,,True
beam16,news,f09f9938da425a316e51b810e49e8b3689991ed7ae8f56fbd0462d3181cab1d8,asking,1,0,0,True,True,False,False,to,urging,and,to,urging,and,-4.080314636230469,-4.080314636230469,True
beam64,news,f09f9938da425a316e51b810e49e8b3689991ed7ae8f56fbd0462d3181cab1d8,asking,1,0,0,True,True,False,False,to,urging,and,to,urging,and,-4.080314636230469,-4.080314636230469,True
beam16,twitter,0b47768892825fbb67c0fd7ef034fc3d9ca4f538935f2982b8cfa060bb474e07,george,2,0,0,False,False,False,False,i,is,in,i,is,in,,,True
beam64,twitter,0b47768892825fbb67c0fd7ef034fc3d9ca4f538935f2982b8cfa060bb474e07,george,2,0,0,False,False,False,False,i,is,in,i,is,in,,,True
beam16,twitter,8fd775c6e85956b3f4a903f04670274c0ac7c81ec4c6a57ef1b32a479576eb28,it's,2,0,0,False,False,False,False,house,in,sale,house,in,sale,,,False
beam64,twitter,8fd775c6e85956b3f4a903f04670274c0ac7c81ec4c6a57ef1b32a479576eb28,it's,2,0,0,False,False,False,False,house,in,sale,house,in,sale,,,False
beam16,twitter,6d0eb2bc6cd35b877206783f8a9d46ce8e6854d59ffd3ea0ebc0f7f0c5d016d8,tomorrow,1,0,0,False,False,False,False,street,city,james,street,city,james,,,False
beam64,twitter,6d0eb2bc6cd35b877206783f8a9d46ce8e6854d59ffd3ea0ebc0f7f0c5d016d8,tomorrow,1,0,0,False,False,False,False,street,city,james,street,city,james,,,False
beam16,twitter,a2f919a254bf1060d6ba5683957881bab5d921361f013c7ccf6bf0f3455a58bd,or,1,0,0,True,True,False,False,and,in,from,and,in,from,-4.779430389404297,-4.779430389404297,True
beam64,twitter,a2f919a254bf1060d6ba5683957881bab5d921361f013c7ccf6bf0f3455a58bd,or,1,0,0,True,True,False,False,and,in,from,and,in,from,-4.779430389404297,-4.779430389404297,True
beam16,twitter,6b223ce5d8317e398914df3c836084ec5fd28ec4e2b994983e61068124d5643e,o,1,0,0,True,True,False,False,the,this,a,the,this,a,-9.482538223266602,-9.482538223266602,True
beam64,twitter,6b223ce5d8317e398914df3c836084ec5fd28ec4e2b994983e61068124d5643e,o,1,0,0,True,True,False,False,the,this,a,the,this,a,-9.482538223266602,-9.482538223266602,True
beam16,twitter,8dd3ec4c63741630d204ea20918c325247e8ecf771582957f344e17ab44c71f5,knew,1,0,0,True,True,False,False,have,am,need,have,am,need,-7.853126525878906,-7.853126525878906,True
beam64,twitter,8dd3ec4c63741630d204ea20918c325247e8ecf771582957f344e17ab44c71f5,knew,1,0,0,True,True,False,False,have,am,need,have,am,need,-7.853126525878906,-7.853126525878906,True
beam16,twitter,5e899337393186e8ed1e694fbcfccf82c381e789269f0182772b15b23132d6b0,omg,2,0,0,False,False,False,False,s,i,is,s,i,is,,,False
beam64,twitter,5e899337393186e8ed1e694fbcfccf82c381e789269f0182772b15b23132d6b0,omg,2,0,0,False,False,False,False,s,i,is,s,i,is,,,False
beam16,twitter,5e5340f267f7ed5adb97466d7fe894182ef7d2ade66e21a8339b1da7787aa041,be,1,1,1,True,True,False,False,be,have,tell,be,have,tell,-1.8631420135498047,-1.8631420135498047,True
beam64,twitter,5e5340f267f7ed5adb97466d7fe894182ef7d2ade66e21a8339b1da7787aa041,be,1,1,1,True,True,False,False,be,have,tell,be,have,tell,-1.8631420135498047,-1.8631420135498047,True
beam16,twitter,8b05e8104c7cbcf50536ccd7809004fa0f0ef1341417388f897f0e9135117e15,at,1,0,0,True,True,False,False,you,with,the,you,with,the,-4.1889801025390625,-4.1889801025390625,True
beam64,twitter,8b05e8104c7cbcf50536ccd7809004fa0f0ef1341417388f897f0e9135117e15,at,1,0,0,True,True,False,False,you,with,the,you,with,the,-4.1889801025390625,-4.1889801025390625,True
beam16,twitter,7a2c752e9e7b7d5e67149eb28068708a707147c15b85a36023a3abd9910c5bbc,bang,1,0,0,False,False,False,False,and,in,as,and,in,as,,,False
beam64,twitter,7a2c752e9e7b7d5e67149eb28068708a707147c15b85a36023a3abd9910c5bbc,bang,1,0,0,False,False,False,False,and,in,as,and,in,as,,,False
beam16,twitter,029f5c904bd5e63a18f20627dcf5260615e4af823d78a2714601241fa1d67eb4,twitter,1,1,1,True,True,False,False,twitter,my,instagram,twitter,my,instagram,-0.6152687072753906,-0.6152687072753906,True
beam64,twitter,029f5c904bd5e63a18f20627dcf5260615e4af823d78a2714601241fa1d67eb4,twitter,1,1,1,True,True,False,False,twitter,my,instagram,twitter,my,instagram,-0.6152687072753906,-0.6152687072753906,True
beam16,twitter,aef988fdbdaa2416fdbd6100ec3653760887823522b2e87f9fe15d6adf0f3e70,roommates,2,0,0,False,False,False,False,kids,guys,boys,kids,guys,boys,,,True
beam64,twitter,aef988fdbdaa2416fdbd6100ec3653760887823522b2e87f9fe15d6adf0f3e70,roommates,2,0,0,False,False,False,False,kids,guys,boys,kids,guys,boys,,,True
beam16,twitter,47def72de0a8f62d1b4d368e445713a891bfecfd7f6ac8135f89bf88c8e23353,you,1,0,0,True,True,False,False,the,some,your,the,some,your,-3.941295623779297,-3.941295623779297,True
beam64,twitter,47def72de0a8f62d1b4d368e445713a891bfecfd7f6ac8135f89bf88c8e23353,you,1,0,0,True,True,False,False,the,some,your,the,some,your,-3.941295623779297,-3.941295623779297,True
beam16,twitter,c65112d871aeeb9cea3f2a2e3fd90a84222c76ff24372ed803ff78d07a20f438,worse,1,0,0,True,True,False,False,the,a,to,the,a,to,-6.11817741394043,-6.11817741394043,True
beam64,twitter,c65112d871aeeb9cea3f2a2e3fd90a84222c76ff24372ed803ff78d07a20f438,worse,1,0,0,True,True,False,False,the,a,to,the,a,to,-6.11817741394043,-6.11817741394043,True
beam16,twitter,54b37275012c471849cf7d7455e478896528f847d9d1d32968f0de2b56dc83f5,way,1,0,0,True,True,False,False,the,a,if,the,a,if,-7.875255584716797,-7.875255584716797,False
beam64,twitter,54b37275012c471849cf7d7455e478896528f847d9d1d32968f0de2b56dc83f5,way,1,0,0,True,True,False,False,the,a,if,the,a,if,-7.875255584716797,-7.875255584716797,False
beam16,twitter,087ba0f7951cc7195bb4169f9c932fd5c8b5abecbc61fc278c24e00c9389c79c,weekend,1,0,0,True,True,False,False,day,week,morning,day,week,morning,-3.4710311889648438,-3.4710311889648438,True
beam64,twitter,087ba0f7951cc7195bb4169f9c932fd5c8b5abecbc61fc278c24e00c9389c79c,weekend,1,0,0,True,True,False,False,day,week,morning,day,week,morning,-3.4710311889648438,-3.4710311889648438,True
beam16,twitter,164a11f5c4eaadf5025afe2b2b8e69eb86e0f295b652be86b0a6180380a5add2,love,1,3,3,True,True,False,False,have,like,love,have,like,love,-2.39501953125,-2.39501953125,True
beam64,twitter,164a11f5c4eaadf5025afe2b2b8e69eb86e0f295b652be86b0a6180380a5add2,love,1,3,3,True,True,False,False,have,like,love,have,like,love,-2.39501953125,-2.39501953125,True
beam16,twitter,de484d1a367742db5a086161221548330995b48009bfa01f7b349a31e6677e71,keiki,2,0,0,False,False,False,False,person,year,day,person,year,day,,,True
beam64,twitter,de484d1a367742db5a086161221548330995b48009bfa01f7b349a31e6677e71,keiki,2,0,0,False,False,False,False,person,year,day,person,year,day,,,True
beam16,twitter,e27d061a9966141efe574ee1ae8bb18f7318bea45a774d7aae95abecb6e66ab7,day,1,0,0,True,True,False,False,is,was,will,is,was,will,-7.561454772949219,-7.561454772949219,False
beam64,twitter,e27d061a9966141efe574ee1ae8bb18f7318bea45a774d7aae95abecb6e66ab7,day,1,0,0,True,True,False,False,is,was,will,is,was,will,-7.561454772949219,-7.561454772949219,False
beam16,twitter,4a6765978046e9c4850f7e8fb9d02132599e460f072aeed3e98bc7eab8e8435c,cheating,1,0,0,False,False,False,False,for,by,and,for,by,and,,,False
beam64,twitter,4a6765978046e9c4850f7e8fb9d02132599e460f072aeed3e98bc7eab8e8435c,cheating,1,0,0,False,False,False,False,for,by,and,for,by,and,,,False
beam16,twitter,1cc09e9cc0e35f18f40f3a44acb160180b3e4764cf1f5f5e79f382fb09bf87f8,like,1,0,0,True,True,False,False,a,been,to,a,been,to,-7.945652008056641,-7.945652008056641,False
beam64,twitter,1cc09e9cc0e35f18f40f3a44acb160180b3e4764cf1f5f5e79f382fb09bf87f8,like,1,0,0,True,True,False,False,a,been,to,a,been,to,-7.945652008056641,-7.945652008056641,False
beam16,twitter,f0782c28633af696b2c95fdc39ac801ea6d0ed9974c2f42c3687f797f1bfd949,detroit,2,0,0,True,True,False,False,channel,team,bar,channel,team,bar,-12.110601425170898,-12.110601425170898,False
beam64,twitter,f0782c28633af696b2c95fdc39ac801ea6d0ed9974c2f42c3687f797f1bfd949,detroit,2,0,0,True,True,False,False,channel,team,bar,channel,team,bar,-12.110601425170898,-12.110601425170898,False
beam16,twitter,907e30acec6c5233c0baceeb249232d72349f9428a46b0bad3d009aaeda3b3a1,the,1,1,1,True,True,False,False,the,your,all,the,your,all,-1.0967063903808594,-1.0967063903808594,True
beam64,twitter,907e30acec6c5233c0baceeb249232d72349f9428a46b0bad3d009aaeda3b3a1,the,1,1,1,True,True,False,False,the,your,all,the,your,all,-1.0967063903808594,-1.0967063903808594,True
beam16,twitter,15a694e4ecbd03c6af7426bd2479b0387a9537518934f5fb783427718b9fd6e1,sleep,1,1,1,True,True,False,False,sleep,my,free,sleep,my,free,-1.3152236938476562,-1.3152236938476562,True
beam64,twitter,15a694e4ecbd03c6af7426bd2479b0387a9537518934f5fb783427718b9fd6e1,sleep,1,1,1,True,True,False,False,sleep,my,free,sleep,my,free,-1.3152236938476562,-1.3152236938476562,True
beam16,twitter,32c967e2dddb9aadd1af7caa33cbdc9fbf0a4dbc33f86d6d621eff83ade288d6,you,1,0,0,True,True,False,False,the,your,what,the,your,what,-4.118200302124023,-4.118200302124023,True
beam64,twitter,32c967e2dddb9aadd1af7caa33cbdc9fbf0a4dbc33f86d6d621eff83ade288d6,you,1,0,0,True,True,False,False,the,your,what,the,your,what,-4.118200302124023,-4.118200302124023,True
beam16,twitter,18d270872e130060a88fc80188c622b62e7707f8f87c1dce65c4c2a0a5e1bbc6,thanks,1,0,0,True,True,False,False,and,themselves,at,and,themselves,at,-7.680316925048828,-7.680316925048828,True
beam64,twitter,18d270872e130060a88fc80188c622b62e7707f8f87c1dce65c4c2a0a5e1bbc6,thanks,1,0,0,True,True,False,False,and,themselves,at,and,themselves,at,-7.680316925048828,-7.680316925048828,True
beam16,twitter,6242214577b7b93e50ca579e4fa48ef52f8fdd602ba68e4f0995347e744d6c42,like,1,3,3,True,True,False,False,and,up,like,and,up,like,-4.289379119873047,-4.289379119873047,False
beam64,twitter,6242214577b7b93e50ca579e4fa48ef52f8fdd602ba68e4f0995347e744d6c42,like,1,3,3,True,True,False,False,and,up,like,and,up,like,-4.289379119873047,-4.289379119873047,False
beam16,twitter,5fab691f77dab0137f546ba241171d9d03b69686730374f0263a2f173e2c3fba,mg,1,0,0,False,False,False,False,bike,horse,feet,bike,horse,feet,,,False
beam64,twitter,5fab691f77dab0137f546ba241171d9d03b69686730374f0263a2f173e2c3fba,mg,1,0,0,False,False,False,False,bike,horse,feet,bike,horse,feet,,,False
beam16,twitter,e1cba0de4783d6012d270111f1191b9de9d61d7d2bec52c1f06d21e0850febd4,family,1,0,0,True,True,False,False,people,dogs,friends,people,dogs,friends,-4.3319091796875,-4.3319091796875,True
beam64,twitter,e1cba0de4783d6012d270111f1191b9de9d61d7d2bec52c1f06d21e0850febd4,family,1,0,0,True,True,False,False,people,dogs,friends,people,dogs,friends,-4.3319091796875,-4.3319091796875,True
beam16,twitter,715271246d5b36d0029a645b743b1a497f4009810e7f1e7e02c1442b04e60512,obsessed,1,0,0,True,True,False,False,going,in,very,going,in,very,-6.552909851074219,-6.552909851074219,True
beam64,twitter,715271246d5b36d0029a645b743b1a497f4009810e7f1e7e02c1442b04e60512,obsessed,1,0,0,True,True,False,False,going,in,very,going,in,very,-6.552909851074219,-6.552909851074219,True
beam16,twitter,0096640d99e82bedfd928a55f580fde2a62e08529d898101658ef36d8b1f5e61,so,1,0,0,True,True,False,False,and,his,he,and,his,he,-3.831165313720703,-3.831165313720703,True
beam64,twitter,0096640d99e82bedfd928a55f580fde2a62e08529d898101658ef36d8b1f5e61,so,1,0,0,True,True,False,False,and,his,he,and,his,he,-3.831165313720703,-3.831165313720703,True
beam16,twitter,77072aef2a68cf6f7437596e2f59493519aa1d3a3d53770725713ccb2d701e99,the,1,1,1,True,True,False,False,the,my,this,the,my,this,-1.3783226013183594,-1.3783226013183594,True
beam64,twitter,77072aef2a68cf6f7437596e2f59493519aa1d3a3d53770725713ccb2d701e99,the,1,1,1,True,True,False,False,the,my,this,the,my,this,-1.3783226013183594,-1.3783226013183594,True
beam16,twitter,e92e0de20685f8d42a5e4b3a1e74cf3de49003fdf6a81a403bc0e7a56a318dc7,caps,1,0,0,False,False,False,False,the,a,that,the,a,that,,,True
beam64,twitter,e92e0de20685f8d42a5e4b3a1e74cf3de49003fdf6a81a403bc0e7a56a318dc7,caps,1,0,0,False,False,False,False,the,a,that,the,a,that,,,True
beam16,twitter,69ceb18c129dc3fad662a352aaca19394fd4936989367a93b6de3aac1d02fba3,some,1,0,0,True,True,False,False,more,over,a,more,over,a,-5.261589050292969,-5.261589050292969,True
beam64,twitter,69ceb18c129dc3fad662a352aaca19394fd4936989367a93b6de3aac1d02fba3,some,1,0,0,True,True,False,False,more,over,a,more,over,a,-5.261589050292969,-5.261589050292969,True
beam16,twitter,c9dab0edc4e2e7d1a91c04c2747899eb19f3eace28c784b0d00bb55c950003a4,the,1,0,0,True,True,False,False,still,a,back,still,a,back,-3.3057117462158203,-3.3057117462158203,False
beam64,twitter,c9dab0edc4e2e7d1a91c04c2747899eb19f3eace28c784b0d00bb55c950003a4,the,1,0,0,True,True,False,False,still,a,back,still,a,back,-3.3057117462158203,-3.3057117462158203,False
beam16,twitter,849c1806bf1003397468bdd9be908d450e35ace05d6d4aa0a59539c638431891,break,1,1,1,True,True,False,False,break,look,shot,break,look,shot,-2.0799942016601562,-2.0799942016601562,True
beam64,twitter,849c1806bf1003397468bdd9be908d450e35ace05d6d4aa0a59539c638431891,break,1,1,1,True,True,False,False,break,look,shot,break,look,shot,-2.0799942016601562,-2.0799942016601562,True
beam16,twitter,a9d12d98e173f7ee6f07cd2834c479412ed1de60886e89acd05745f10c5d76d9,match,1,0,0,False,False,False,False,store,w,for,store,w,for,,,False
beam64,twitter,a9d12d98e173f7ee6f07cd2834c479412ed1de60886e89acd05745f10c5d76d9,match,1,0,0,False,False,False,False,store,w,for,store,w,for,,,False
beam16,twitter,73446818523bcb270e7fc25fb89b4ec943787c839b487af464f18bbf4435cf0f,follow,1,0,0,True,True,False,False,be,have,do,be,have,do,-6.229930877685547,-6.229930877685547,True
beam64,twitter,73446818523bcb270e7fc25fb89b4ec943787c839b487af464f18bbf4435cf0f,follow,1,0,0,True,True,False,False,be,have,do,be,have,do,-6.229930877685547,-6.229930877685547,True
beam16,twitter,e04ffb8d24175bc8b3982a774537945dea69da09acd3c7a4a7e6a112452df1b8,a,1,1,1,True,True,False,False,a,to,the,a,to,the,-1.5308856964111328,-1.5308856964111328,True
beam64,twitter,e04ffb8d24175bc8b3982a774537945dea69da09acd3c7a4a7e6a112452df1b8,a,1,1,1,True,True,False,False,a,to,the,a,to,the,-1.5308856964111328,-1.5308856964111328,True
beam16,twitter,9a50654db7add54463b163ffd2e9f9ae9b36dcf64f79f939dc5df57ee954860b,be,1,1,1,True,True,False,False,be,remember,try,be,remember,try,-2.4051761627197266,-2.4051761627197266,True
beam64,twitter,9a50654db7add54463b163ffd2e9f9ae9b36dcf64f79f939dc5df57ee954860b,be,1,1,1,True,True,False,False,be,remember,try,be,remember,try,-2.4051761627197266,-2.4051761627197266,True
beam16,twitter,596f8891b928fd990c3607aaffe8ff1c028c870dcd43bb2e6316a932fc973d60,today,1,1,1,True,True,False,False,today,for,else,today,for,else,-2.349660873413086,-2.349660873413086,True
beam64,twitter,596f8891b928fd990c3607aaffe8ff1c028c870dcd43bb2e6316a932fc973d60,today,1,1,1,True,True,False,False,today,for,else,today,for,else,-2.349660873413086,-2.349660873413086,True
beam16,twitter,30f4b358af21cba366ce0b70738123c8e026f35ddfe92a89a8ae17b0d1a6370e,awards,1,1,1,True,True,False,False,awards,award,this,awards,award,this,-0.23958969116210938,-0.23958969116210938,True
beam64,twitter,30f4b358af21cba366ce0b70738123c8e026f35ddfe92a89a8ae17b0d1a6370e,awards,1,1,1,True,True,False,False,awards,award,this,awards,award,this,-0.23958969116210938,-0.23958969116210938,True
beam16,twitter,e09f9b84f637d3f3f82d70b3dd25b31ceddecda3fe5f8458b54007b2ac7497d1,stars,1,3,3,True,True,False,False,moon,heart,stars,moon,heart,stars,-3.159212112426758,-3.159212112426758,True
beam64,twitter,e09f9b84f637d3f3f82d70b3dd25b31ceddecda3fe5f8458b54007b2ac7497d1,stars,1,3,3,True,True,False,False,moon,heart,stars,moon,heart,stars,-3.159212112426758,-3.159212112426758,True
beam16,twitter,1a59b452ab38e1e96e55849b11a4342460627a0cb7bc99786ead879bbe6ee5d1,virus,1,0,0,True,True,False,False,glimpse,cold,ride,glimpse,cold,ride,-7.342967987060547,-7.342967987060547,True
beam64,twitter,1a59b452ab38e1e96e55849b11a4342460627a0cb7bc99786ead879bbe6ee5d1,virus,1,0,0,True,True,False,False,glimpse,cold,ride,glimpse,cold,ride,-7.342967987060547,-7.342967987060547,True
beam16,twitter,2e6c8e2e2bf78b35c331df3d1d94877d89e886579e82e1ac062a2f79e377f6c5,are,1,1,1,True,True,False,False,are,have,can,are,have,can,-2.433713912963867,-2.433713912963867,True
beam64,twitter,2e6c8e2e2bf78b35c331df3d1d94877d89e886579e82e1ac062a2f79e377f6c5,are,1,1,1,True,True,False,False,are,have,can,are,have,can,-2.433713912963867,-2.433713912963867,True
beam16,twitter,8ce4fa11d077eda6a361995955957c6f9e4bb4af8c3ee36b9d435cbda6db3642,weekend,1,0,0,True,True,False,False,year,day,week,year,day,week,-7.951320648193359,-7.951320648193359,True
beam64,twitter,8ce4fa11d077eda6a361995955957c6f9e4bb4af8c3ee36b9d435cbda6db3642,weekend,1,0,0,True,True,False,False,year,day,week,year,day,week,-7.951320648193359,-7.951320648193359,True
beam16,twitter,b763d50745423912f217d11f5bf30bf666b1f222195bdd3c8d91ac8cd4357407,eat,1,0,0,True,True,False,False,live,be,stay,live,be,stay,-3.8668785095214844,-3.8668785095214844,True
beam64,twitter,b763d50745423912f217d11f5bf30bf666b1f222195bdd3c8d91ac8cd4357407,eat,1,0,0,True,True,False,False,live,be,stay,live,be,stay,-3.8668785095214844,-3.8668785095214844,True
beam16,twitter,27e9eedfbcbade73ba5ab6c12df81a3251a7e0a6f2c30f2287f0fd06ce80d85c,smoked,1,0,0,False,False,False,False,i,and,about,i,and,about,,,False
beam64,twitter,27e9eedfbcbade73ba5ab6c12df81a3251a7e0a6f2c30f2287f0fd06ce80d85c,smoked,1,0,0,False,False,False,False,i,and,about,i,and,about,,,False
beam16,twitter,6eb24b76a189948eb35c131de3337b1ea7012fed2bf47185b7988eed377a8c52,shades,1,0,0,False,False,False,False,the,a,my,the,a,my,,,True
beam64,twitter,6eb24b76a189948eb35c131de3337b1ea7012fed2bf47185b7988eed377a8c52,shades,1,0,0,False,False,False,False,the,a,my,the,a,my,,,True
beam16,twitter,20c7c7bc30bd60a01d2fd4a4d2de33852e9902ec01d99a328175b7c1971ae3b9,like,1,2,2,True,True,False,False,are,like,have,are,like,have,-2.4010009765625,-2.4010009765625,True
beam64,twitter,20c7c7bc30bd60a01d2fd4a4d2de33852e9902ec01d99a328175b7c1971ae3b9,like,1,2,2,True,True,False,False,are,like,have,are,like,have,-2.4010009765625,-2.4010009765625,True
beam16,twitter,ffd515ed396479c10f200d076f4fbf51cdf7cf9b89840f5d108d60b894e0ee4f,through,1,2,2,True,True,False,False,to,through,for,to,through,for,-2.5463123321533203,-2.5463123321533203,True
beam64,twitter,ffd515ed396479c10f200d076f4fbf51cdf7cf9b89840f5d108d60b894e0ee4f,through,1,2,2,True,True,False,False,to,through,for,to,through,for,-2.5463123321533203,-2.5463123321533203,True
beam16,twitter,c1b7df5e4e62b185eeac3e1fa9321cffb7c68347f97644314ff5fb6333b269cf,and,1,1,1,True,True,False,False,and,are,for,and,are,for,-2.100513458251953,-2.100513458251953,True
beam64,twitter,c1b7df5e4e62b185eeac3e1fa9321cffb7c68347f97644314ff5fb6333b269cf,and,1,1,1,True,True,False,False,and,are,for,and,are,for,-2.100513458251953,-2.100513458251953,True
beam16,twitter,7193190bd2c58c2dd45199aba8751257f0a4b568e0fc56e5edb7e43807a65839,some,1,0,0,True,True,False,False,you,the,i,you,the,i,-5.857213973999023,-5.857213973999023,True
beam64,twitter,7193190bd2c58c2dd45199aba8751257f0a4b568e0fc56e5edb7e43807a65839,some,1,0,0,True,True,False,False,you,the,i,you,the,i,-5.857213973999023,-5.857213973999023,True
beam16,twitter,4bd8331747eb0c97c07dceab4cc049b10d06d426189d13c5dd4a0f0042b1e1ed,much,1,1,1,True,True,False,False,much,i,do,much,i,do,-0.2122039794921875,-0.2122039794921875,True
beam64,twitter,4bd8331747eb0c97c07dceab4cc049b10d06d426189d13c5dd4a0f0042b1e1ed,much,1,1,1,True,True,False,False,much,i,do,much,i,do,-0.2122039794921875,-0.2122039794921875,True
beam16,twitter,8c884dff6169d2432657b44e4c7cfc6fe101db71a6a3d07c823ce59f380c1576,person,1,0,0,False,False,False,False,i,that,and,i,that,and,,,False
beam64,twitter,8c884dff6169d2432657b44e4c7cfc6fe101db71a6a3d07c823ce59f380c1576,person,1,0,0,False,False,False,False,i,that,and,i,that,and,,,False
beam16,twitter,2ebb6b9ab4bbf7a18d817d0c6902832d2005d7bcb58ba5915420fc8e4123eab6,proposal,1,0,0,False,False,False,False,is,was,on,is,was,on,,,True
beam64,twitter,2ebb6b9ab4bbf7a18d817d0c6902832d2005d7bcb58ba5915420fc8e4123eab6,proposal,1,0,0,False,False,False,False,is,was,on,is,was,on,,,True
beam16,twitter,573d7b7581b6a512cf256304d98c5a7bb0d064806feeeb113ba2f7dd1684332b,c,1,0,0,True,True,False,False,job,phone,car,job,phone,car,-7.538116455078125,-7.538116455078125,True
beam64,twitter,573d7b7581b6a512cf256304d98c5a7bb0d064806feeeb113ba2f7dd1684332b,c,1,0,0,True,True,False,False,job,phone,car,job,phone,car,-7.538116455078125,-7.538116455078125,True
beam16,twitter,1c37da36a39985cb148ad33eb52a0db5dfaa7c6039edddbfc33abab431cc1185,thee,1,0,0,False,False,False,False,a,kids,the,a,kids,the,,,False
beam64,twitter,1c37da36a39985cb148ad33eb52a0db5dfaa7c6039edddbfc33abab431cc1185,thee,1,0,0,False,False,False,False,a,kids,the,a,kids,the,,,False
beam16,twitter,1232df9cf6c5d77f894526a90fa024f3f771b99e91d9db96b521b30b2bc5ed76,well,1,1,1,True,True,False,False,well,great,off,well,great,off,-1.2046852111816406,-1.2046852111816406,True
beam64,twitter,1232df9cf6c5d77f894526a90fa024f3f771b99e91d9db96b521b30b2bc5ed76,well,1,1,1,True,True,False,False,well,great,off,well,great,off,-1.2046852111816406,-1.2046852111816406,True
beam16,twitter,4a15c246c8d18eaf83f76290ca735a86a419a9a451dcc68ed7f98d0fde488993,lol,1,0,0,False,False,False,False,is,yeah,will,is,yeah,will,,,True
beam64,twitter,4a15c246c8d18eaf83f76290ca735a86a419a9a451dcc68ed7f98d0fde488993,lol,1,0,0,False,False,False,False,is,yeah,will,is,yeah,will,,,True
beam16,twitter,b49c1c93243d63b1e694f9a778bf6a132e291af506a4c9c6facde4ad265c9160,williamalexanders,4,0,0,False,False,False,False,the,a,i,the,a,i,,,False
beam64,twitter,b49c1c93243d63b1e694f9a778bf6a132e291af506a4c9c6facde4ad265c9160,williamalexanders,4,0,0,False,False,False,False,the,a,i,the,a,i,,,False
beam16,twitter,5edff1dc1c7844917052c1eec7994a3f418db36946c7e552b1d61fef0c7d4ffe,soon,1,0,0,True,True,False,False,and,for,now,and,for,now,-4.462837219238281,-4.462837219238281,True
beam64,twitter,5edff1dc1c7844917052c1eec7994a3f418db36946c7e552b1d61fef0c7d4ffe,soon,1,0,0,True,True,False,False,and,for,now,and,for,now,-4.462837219238281,-4.462837219238281,True
beam16,twitter,0097402d392a71e678d1d1098ae0b8470961838f2ad5f78040aea1b23c7f8985,for,1,1,1,True,True,False,False,for,of,like,for,of,like,-1.787689208984375,-1.787689208984375,True
beam64,twitter,0097402d392a71e678d1d1098ae0b8470961838f2ad5f78040aea1b23c7f8985,for,1,1,1,True,True,False,False,for,of,like,for,of,like,-1.787689208984375,-1.787689208984375,True
beam16,twitter,4cd7e4c5d7ffe8f0863c8b4beb6876380f77ed01c16a144ccf73171b1704cc7e,do,1,1,1,True,True,False,False,do,try,be,do,try,be,-0.15715408325195312,-0.15715408325195312,True
beam64,twitter,4cd7e4c5d7ffe8f0863c8b4beb6876380f77ed01c16a144ccf73171b1704cc7e,do,1,1,1,True,True,False,False,do,try,be,do,try,be,-0.15715408325195312,-0.15715408325195312,True
beam16,twitter,0e9ad447f1f34f842bcf450e067d21f8de1345d751fab1212b37fe7a13921916,lol,1,0,0,True,True,False,False,i,what,but,i,what,but,-5.300230026245117,-5.300230026245117,True
beam64,twitter,0e9ad447f1f34f842bcf450e067d21f8de1345d751fab1212b37fe7a13921916,lol,1,0,0,True,True,False,False,i,what,but,i,what,but,-5.300230026245117,-5.300230026245117,True
beam16,twitter,2ae021839b8040aa9e97ca5d5afcb1e39b0ed4ab15687a1062b2f49315cd52b0,bed,1,0,0,True,True,False,False,be,try,make,be,try,make,-4.885631561279297,-4.885631561279297,True
beam64,twitter,2ae021839b8040aa9e97ca5d5afcb1e39b0ed4ab15687a1062b2f49315cd52b0,bed,1,0,0,True,True,False,False,be,try,make,be,try,make,-4.885631561279297,-4.885631561279297,True
beam16,twitter,4ed0a5e8a75b31ecac6317f52d4f6e9cbd3b1232a34fa0c68866c127ec5fc8d6,dumb,1,0,0,False,False,False,False,on,i,is,on,i,is,,,True
beam64,twitter,4ed0a5e8a75b31ecac6317f52d4f6e9cbd3b1232a34fa0c68866c127ec5fc8d6,dumb,1,0,0,False,False,False,False,on,i,is,on,i,is,,,True
beam16,twitter,5648c1cf7abfbff23aa2bed46e62883d1f096af0836ae019033ef97071cadc90,to,1,0,0,True,True,False,False,and,social,marketing,and,social,marketing,-4.367803573608398,-4.367803573608398,False
beam64,twitter,5648c1cf7abfbff23aa2bed46e62883d1f096af0836ae019033ef97071cadc90,to,1,0,0,True,True,False,False,and,social,marketing,and,social,marketing,-4.367803573608398,-4.367803573608398,False
beam16,twitter,9f89ed27fefcdbb774707a5064550c3e1d74a22a437d3a976e43d4e4a85cd005,of,1,1,1,True,True,False,False,of,i,i'm,of,i,i'm,-0.07517623901367188,-0.07517623901367188,True
beam64,twitter,9f89ed27fefcdbb774707a5064550c3e1d74a22a437d3a976e43d4e4a85cd005,of,1,1,1,True,True,False,False,of,i,i'm,of,i,i'm,-0.07517623901367188,-0.07517623901367188,True
beam16,twitter,844014e0d5cf653c9655e44c539c57a9b57b69b456b3f162cc18d010f6ddc3e3,one,1,0,0,True,True,False,False,the,our,see,the,our,see,-5.183231353759766,-5.183231353759766,True
beam64,twitter,844014e0d5cf653c9655e44c539c57a9b57b69b456b3f162cc18d010f6ddc3e3,one,1,0,0,True,True,False,False,the,our,see,the,our,see,-5.183231353759766,-5.183231353759766,True
beam16,twitter,5456dfa2912bf9814134ba5e54a7ecf4abadb0c2f405b94e1cde65d43e84b727,the,1,3,3,True,True,False,False,it,up,the,it,up,the,-2.684907913208008,-2.684907913208008,True
beam64,twitter,5456dfa2912bf9814134ba5e54a7ecf4abadb0c2f405b94e1cde65d43e84b727,the,1,3,3,True,True,False,False,it,up,the,it,up,the,-2.684907913208008,-2.684907913208008,True
beam16,twitter,3b004760a9f5a5820611eccf11683979fb0edce7b97b3730182ec720651f45c3,your,1,1,1,True,True,False,False,your,my,the,your,my,the,-0.9393463134765625,-0.9393463134765625,True
beam64,twitter,3b004760a9f5a5820611eccf11683979fb0edce7b97b3730182ec720651f45c3,your,1,1,1,True,True,False,False,your,my,the,your,my,the,-0.9393463134765625,-0.9393463134765625,True
beam16,twitter,9a0b03c53e996a8462b25c035cbb2d91ae6c2658e2a1565552ea7d61193af8b6,stomach,1,0,0,False,False,False,False,to,for,is,to,for,is,,,False
beam64,twitter,9a0b03c53e996a8462b25c035cbb2d91ae6c2658e2a1565552ea7d61193af8b6,stomach,1,0,0,False,False,False,False,to,for,is,to,for,is,,,False
beam16,twitter,c03c05b1749b3705ce9aa552cd3045e7bac5c5acb8596b4a296e07e3c677a093,weight,1,1,1,True,True,False,False,weight,a,some,weight,a,some,-1.2535209655761719,-1.2535209655761719,True
beam64,twitter,c03c05b1749b3705ce9aa552cd3045e7bac5c5acb8596b4a296e07e3c677a093,weight,1,1,1,True,True,False,False,weight,a,some,weight,a,some,-1.2535209655761719,-1.2535209655761719,True
beam16,twitter,edc2c7cace52cbd3b5b4487038f89727ab41a1842cc0a5e965c27af9b00a61f4,your,1,2,2,True,True,False,False,it,your,up,it,your,up,-2.7438220977783203,-2.7438220977783203,True
beam64,twitter,edc2c7cace52cbd3b5b4487038f89727ab41a1842cc0a5e965c27af9b00a61f4,your,1,2,2,True,True,False,False,it,your,up,it,your,up,-2.7438220977783203,-2.7438220977783203,True
beam16,twitter,776a2b80f2df32d8056da1dcd290b94e36fb5696d03a8da1899bd1271032d7cf,luck,1,0,0,True,True,False,False,morning,day,chemistry,morning,day,chemistry,-5.504955291748047,-5.504955291748047,True
beam64,twitter,776a2b80f2df32d8056da1dcd290b94e36fb5696d03a8da1899bd1271032d7cf,luck,1,0,0,True,True,False,False,morning,day,chemistry,morning,day,chemistry,-5.504955291748047,-5.504955291748047,True
beam16,twitter,62c0c31bd5486646650ce0673e187fcf397ecc3149f7f40d57dbc03c83207bd1,s,1,0,0,True,True,False,False,your,the,this,your,the,this,-9.209403991699219,-9.209403991699219,False
beam64,twitter,62c0c31bd5486646650ce0673e187fcf397ecc3149f7f40d57dbc03c83207bd1,s,1,0,0,True,True,False,False,your,the,this,your,the,this,-9.209403991699219,-9.209403991699219,False
beam16,twitter,f7c9f62d7b325db4e05fe08ebf3e215ab1d438021b9a05a39d28cb2b5b8089cf,full,1,0,0,True,True,False,False,black,the,like,black,the,like,-5.401981353759766,-5.401981353759766,True
beam64,twitter,f7c9f62d7b325db4e05fe08ebf3e215ab1d438021b9a05a39d28cb2b5b8089cf,full,1,0,0,True,True,False,False,black,the,like,black,the,like,-5.401981353759766,-5.401981353759766,True
beam16,twitter,d155d301343f2b4fe16d9aea8fbd1126cfe3c6743efca89ea07cc4c389c75a66,crew,1,0,0,False,False,False,False,the,i,win,the,i,win,,,True
beam64,twitter,d155d301343f2b4fe16d9aea8fbd1126cfe3c6743efca89ea07cc4c389c75a66,crew,1,0,0,False,False,False,False,the,i,win,the,i,win,,,True
beam16,twitter,60e10f866dd869f20f3214be7f032fc25c87645c968ce40219f02772dba757b8,statement,1,0,0,False,False,False,False,meal,cookbook,chocolate,meal,cookbook,chocolate,,,False
beam64,twitter,60e10f866dd869f20f3214be7f032fc25c87645c968ce40219f02772dba757b8,statement,1,0,0,False,False,False,False,meal,cookbook,chocolate,meal,cookbook,chocolate,,,False
beam16,twitter,ec985e4eb1f0f18f5f0c75ce7eb1faf2256034a00031582f6817b459d609ccee,can,1,0,0,True,True,False,False,will,am,have,will,am,have,-3.2905635833740234,-3.2905635833740234,True
beam64,twitter,ec985e4eb1f0f18f5f0c75ce7eb1faf2256034a00031582f6817b459d609ccee,can,1,0,0,True,True,False,False,will,am,have,will,am,have,-3.2905635833740234,-3.2905635833740234,True
beam16,twitter,c4a135f43c2cc222abfa7581da354db3f8ef029b86c68fe961a0f724b85c024e,too,1,0,0,True,True,False,False,and,i,because,and,i,because,-3.7323684692382812,-3.7323684692382812,True
beam64,twitter,c4a135f43c2cc222abfa7581da354db3f8ef029b86c68fe961a0f724b85c024e,too,1,0,0,True,True,False,False,and,i,because,and,i,because,-3.7323684692382812,-3.7323684692382812,True
beam16,twitter,a359c6fa23c3febf078d2ae7ac8e8f51b46223479f5985985cc1a4c62839858b,mom's,2,0,0,True,True,False,False,first,turn,fault,first,turn,fault,-5.548496246337891,-5.548496246337891,True
beam64,twitter,a359c6fa23c3febf078d2ae7ac8e8f51b46223479f5985985cc1a4c62839858b,mom's,2,0,0,True,True,False,False,first,turn,fault,first,turn,fault,-5.548496246337891,-5.548496246337891,True
beam16,twitter,81355f13ef38520a3fa175c45fccb1ebc2e82c7fcda5b5a05f217bfc294d8475,switching,1,0,0,False,False,False,False,yeah,i,so,yeah,i,so,,,False
beam64,twitter,81355f13ef38520a3fa175c45fccb1ebc2e82c7fcda5b5a05f217bfc294d8475,switching,1,0,0,False,False,False,False,yeah,i,so,yeah,i,so,,,False
beam16,twitter,a4bdd01162b17a2c16752bf7f219bdd51bc5fc5fe4f64aefe67c93797b3e71ef,asia,1,0,0,False,False,False,False,to,on,and,to,on,and,,,False
beam64,twitter,a4bdd01162b17a2c16752bf7f219bdd51bc5fc5fe4f64aefe67c93797b3e71ef,asia,1,0,0,False,False,False,False,to,on,and,to,on,and,,,False
beam16,twitter,6db5dc9936c01346136cd881631e4b62649fd8b450f6fced13c36a352ac52d77,room,1,0,0,True,True,False,False,trouble,for,city,trouble,for,city,-6.687894821166992,-6.687894821166992,True
beam64,twitter,6db5dc9936c01346136cd881631e4b62649fd8b450f6fced13c36a352ac52d77,room,1,0,0,True,True,False,False,trouble,for,city,trouble,for,city,-6.687894821166992,-6.687894821166992,True
beam16,twitter,2fad8a15418d25b22dec6baaf6889f0fc55101d26a0f2e5dbeaf138c3207bfb6,me,1,2,2,True,True,False,False,that,me,the,that,me,the,-3.468067169189453,-3.468067169189453,True
beam64,twitter,2fad8a15418d25b22dec6baaf6889f0fc55101d26a0f2e5dbeaf138c3207bfb6,me,1,2,2,True,True,False,False,that,me,the,that,me,the,-3.468067169189453,-3.468067169189453,True
beam16,twitter,8bbcdc15912ef984386f14a7da9d78a9c7d343749bc75174ed4e2dbee3e3193b,president,1,3,3,True,True,False,False,year,generation,president,year,generation,president,-3.8537254333496094,-3.8537254333496094,True
beam64,twitter,8bbcdc15912ef984386f14a7da9d78a9c7d343749bc75174ed4e2dbee3e3193b,president,1,3,3,True,True,False,False,year,generation,president,year,generation,president,-3.8537254333496094,-3.8537254333496094,True
beam16,twitter,8e6d2bd4724e2927294f5d7cc3560667f1cd8ab69c50db55c277d91dc684dedd,going,1,0,0,True,True,False,False,so,a,not,so,a,not,-3.3314552307128906,-3.3314552307128906,False
beam64,twitter,8e6d2bd4724e2927294f5d7cc3560667f1cd8ab69c50db55c277d91dc684dedd,going,1,0,0,True,True,False,False,so,a,not,so,a,not,-3.3314552307128906,-3.3314552307128906,False
beam16,twitter,2aeb67f9c66ec2016aaae4b7ef195e6d7e3e32e0d582fe1999cc89db9957c26c,just,1,0,0,True,True,False,False,was,have,found,was,have,found,-4.833263397216797,-4.833263397216797,True
beam64,twitter,2aeb67f9c66ec2016aaae4b7ef195e6d7e3e32e0d582fe1999cc89db9957c26c,just,1,0,0,True,True,False,False,was,have,found,was,have,found,-4.833263397216797,-4.833263397216797,True
beam16,twitter,f6fe7cd69758db5f74fceae387d304d775aab0dd02693680a441bd4bdf70c4d7,festivities,1,0,0,True,True,False,False,day,next,fun,day,next,fun,-5.456230163574219,-5.456230163574219,True
beam64,twitter,f6fe7cd69758db5f74fceae387d304d775aab0dd02693680a441bd4bdf70c4d7,festivities,1,0,0,True,True,False,False,day,next,fun,day,next,fun,-5.456230163574219,-5.456230163574219,True
beam16,twitter,b5d038ee1d021fdb3e3fdb568923af29b0cae566fe01aacb8d38e8ff1588e712,the,1,3,3,True,True,False,False,is,and,the,is,and,the,-4.843084335327148,-4.843084335327148,True
beam64,twitter,b5d038ee1d021fdb3e3fdb568923af29b0cae566fe01aacb8d38e8ff1588e712,the,1,3,3,True,True,False,False,is,and,the,is,and,the,-4.843084335327148,-4.843084335327148,True
beam16,twitter,ca8eda6a19c613fdf790a05ad0ae945985b525cd0b76f8f7d4ee97510b7ab93b,it's,2,0,0,False,True,False,False,and,i,but,and,i,but,,-5.025234222412109,True
beam64,twitter,ca8eda6a19c613fdf790a05ad0ae945985b525cd0b76f8f7d4ee97510b7ab93b,it's,2,0,0,False,True,False,False,and,i,but,and,i,but,,-5.025234222412109,True
beam16,twitter,43173392e4d9887970a17559f031851046bb021f40fe65c66d4e7ab01f930b0a,while,1,0,0,False,False,False,False,i,was,is,i,was,is,,,False
beam64,twitter,43173392e4d9887970a17559f031851046bb021f40fe65c66d4e7ab01f930b0a,while,1,0,0,False,False,False,False,i,was,is,i,was,is,,,False
beam16,twitter,8db7e24b2544417634594a52281091052da8e582dc5dfc585db143110de765c7,back,1,0,0,True,True,False,False,me,the,this,me,the,this,-7.878639221191406,-7.878639221191406,False
beam64,twitter,8db7e24b2544417634594a52281091052da8e582dc5dfc585db143110de765c7,back,1,0,0,True,True,False,False,me,the,this,me,the,this,-7.878639221191406,-7.878639221191406,False
beam16,twitter,5d23efa303e9328c4721917665efb9b78e212583d6b4b9e6ce9291cefa985043,and,1,0,0,True,True,False,False,about,of,you,about,of,you,-4.312080383300781,-4.312080383300781,False
beam64,twitter,5d23efa303e9328c4721917665efb9b78e212583d6b4b9e6ce9291cefa985043,and,1,0,0,True,True,False,False,about,of,you,about,of,you,-4.312080383300781,-4.312080383300781,False
beam16,twitter,a6af6422531a26b73cd526c789021a1880cfb6046d20c2326a8ed91fcd00def4,ha,1,0,0,False,False,False,False,i,but,and,i,but,and,,,True
beam64,twitter,a6af6422531a26b73cd526c789021a1880cfb6046d20c2326a8ed91fcd00def4,ha,1,0,0,False,False,False,False,i,but,and,i,but,and,,,True
beam16,twitter,ac829c81fe972e398922092ea11733f8848fd31646a9c71d42179f6f277973b3,now,1,1,1,True,True,False,False,now,here,next,now,here,next,-0.9038047790527344,-0.9038047790527344,True
beam64,twitter,ac829c81fe972e398922092ea11733f8848fd31646a9c71d42179f6f277973b3,now,1,1,1,True,True,False,False,now,here,next,now,here,next,-0.9038047790527344,-0.9038047790527344,True
beam16,twitter,213bdde73989a9f3ed4bfa69b17716e231dd80000d8fbc6a52f261633d956afb,every,1,0,0,False,False,False,False,and,the,news,and,the,news,,,False
beam64,twitter,213bdde73989a9f3ed4bfa69b17716e231dd80000d8fbc6a52f261633d956afb,every,1,0,0,False,False,False,False,and,the,news,and,the,news,,,False
beam16,twitter,bd33e6d883de2fcc643bbc003faf4df5bbf7636a56908319adeb2cbe64a93da5,have,1,3,0,True,True,False,True,i,prefer,have,i,i'm,prefer,-3.65606689453125,-3.65606689453125,True
beam64,twitter,bd33e6d883de2fcc643bbc003faf4df5bbf7636a56908319adeb2cbe64a93da5,have,1,3,0,True,True,False,True,i,prefer,have,i,i'm,prefer,-3.65606689453125,-3.65606689453125,True
beam16,twitter,f27410e33b324619c296874c215e6fac43ba3f0f7e761cc95556f71fdcec111d,to,1,1,1,True,True,False,False,to,out,into,to,out,into,-0.5349655151367188,-0.5349655151367188,True
beam64,twitter,f27410e33b324619c296874c215e6fac43ba3f0f7e761cc95556f71fdcec111d,to,1,1,1,True,True,False,False,to,out,into,to,out,into,-0.5349655151367188,-0.5349655151367188,True
beam16,twitter,c94404d008e17b7c25cfce6430a74d1d6126f8971c1fe59416e59b631bde4160,some,1,0,0,True,True,False,False,out,on,up,out,on,up,-4.971279144287109,-4.971279144287109,True
beam64,twitter,c94404d008e17b7c25cfce6430a74d1d6126f8971c1fe59416e59b631bde4160,some,1,0,0,True,True,False,False,out,on,up,out,on,up,-4.971279144287109,-4.971279144287109,True
beam16,twitter,285500729a4e2a6a2d2da10479c42f81391a9107a57bdf2cabf7faaef5b92076,clock,1,1,1,True,True,False,False,clock,car,up,clock,car,up,-1.3775272369384766,-1.3775272369384766,True
beam64,twitter,285500729a4e2a6a2d2da10479c42f81391a9107a57bdf2cabf7faaef5b92076,clock,1,1,1,True,True,False,False,clock,car,up,clock,car,up,-1.3775272369384766,-1.3775272369384766,True
beam16,twitter,81ee1a6ba057033baac61937c5aa5ebe5db567dcbc1d6cdc1ffb0f75d97d07a6,friends,1,1,1,True,True,False,False,friends,known,of,friends,known,of,-1.8619632720947266,-1.8619632720947266,True
beam64,twitter,81ee1a6ba057033baac61937c5aa5ebe5db567dcbc1d6cdc1ffb0f75d97d07a6,friends,1,1,1,True,True,False,False,friends,known,of,friends,known,of,-1.8619632720947266,-1.8619632720947266,True
beam16,twitter,199d1f09a54eea11a3b242bf34abe38d8e9772bc0578bfde17869abe078d0974,we,1,1,1,True,True,False,False,we,it,to,we,it,to,-1.6310615539550781,-1.6310615539550781,True
beam64,twitter,199d1f09a54eea11a3b242bf34abe38d8e9772bc0578bfde17869abe078d0974,we,1,1,1,True,True,False,False,we,it,to,we,it,to,-1.6310615539550781,-1.6310615539550781,True
beam16,twitter,373407d9a381c0760c1c15ad0635c4c8eed5ed001f7b9a03a18a38b86981a2ee,okay,1,0,0,True,True,False,False,i,yeah,you,i,yeah,you,-6.130523681640625,-6.130523681640625,True
beam64,twitter,373407d9a381c0760c1c15ad0635c4c8eed5ed001f7b9a03a18a38b86981a2ee,okay,1,0,0,True,True,False,False,i,yeah,you,i,yeah,you,-6.130523681640625,-6.130523681640625,True
beam16,twitter,902a53b84eb9475b3d7ee8d68a522b3f738eb5da100aff7f7bb1f6763261afa0,dumplings,2,0,0,False,False,False,False,candidate,new,candidates,candidate,new,candidates,,,False
beam64,twitter,902a53b84eb9475b3d7ee8d68a522b3f738eb5da100aff7f7bb1f6763261afa0,dumplings,2,0,0,False,False,False,False,candidate,new,candidates,candidate,new,candidates,,,False
beam16,twitter,1998877dbefed5ddbb500723704541f7a48c148d6d7f1ff9755ccfca78647eea,lift,1,0,0,False,False,False,False,the,a,you,the,a,you,,,True
beam64,twitter,1998877dbefed5ddbb500723704541f7a48c148d6d7f1ff9755ccfca78647eea,lift,1,0,0,False,False,False,False,the,a,you,the,a,you,,,True
beam16,twitter,852d549c03e0bece7f94512b3aa895152e795e9da14d1bf1f51fe83bc4fd1358,direct,1,0,0,True,True,False,False,technology,series,fluorescence,technology,series,fluorescence,-6.963644027709961,-6.963644027709961,True
beam64,twitter,852d549c03e0bece7f94512b3aa895152e795e9da14d1bf1f51fe83bc4fd1358,direct,1,0,0,True,True,False,False,technology,series,fluorescence,technology,series,fluorescence,-6.963644027709961,-6.963644027709961,True
beam16,twitter,7e46f8a353f81ac241ec4ce43b1eb4f897a4dc4fb27070a67b87f0ba162adbe2,being,1,0,0,True,True,False,False,to,a,the,to,a,the,-5.756549835205078,-5.756549835205078,True
beam64,twitter,7e46f8a353f81ac241ec4ce43b1eb4f897a4dc4fb27070a67b87f0ba162adbe2,being,1,0,0,True,True,False,False,to,a,the,to,a,the,-5.756549835205078,-5.756549835205078,True
beam16,twitter,ead5d850634654e9dfaaf39fc44be7c3c5d325402692f7294c4c1f6487043fa1,here,1,0,0,True,True,False,False,to,on,with,to,on,with,-6.288097381591797,-6.288097381591797,True
beam64,twitter,ead5d850634654e9dfaaf39fc44be7c3c5d325402692f7294c4c1f6487043fa1,here,1,0,0,True,True,False,False,to,on,with,to,on,with,-6.288097381591797,-6.288097381591797,True
beam16,twitter,47466196cec03da35d16b7fb818aa4737acfee31df16a0da00a9f27a75c97884,from,1,0,0,True,True,False,False,to,office,end,to,office,end,-5.457399368286133,-5.457399368286133,True
beam64,twitter,47466196cec03da35d16b7fb818aa4737acfee31df16a0da00a9f27a75c97884,from,1,0,0,True,True,False,False,to,office,end,to,office,end,-5.457399368286133,-5.457399368286133,True
beam16,twitter,a82e5755238a3d58ad57fa8c679400ea519673cf5475930905806fc2f3bf1f78,to,1,1,1,True,True,False,False,to,a,me,to,a,me,-0.5911140441894531,-0.5911140441894531,True
beam64,twitter,a82e5755238a3d58ad57fa8c679400ea519673cf5475930905806fc2f3bf1f78,to,1,1,1,True,True,False,False,to,a,me,to,a,me,-0.5911140441894531,-0.5911140441894531,True
beam16,twitter,46726648c6730dbd983b22f838f92ee33917036fc1462af7db2b6c142cdbad6d,love,1,0,0,True,True,False,False,have,am,need,have,am,need,-6.376705169677734,-6.376705169677734,True
beam64,twitter,46726648c6730dbd983b22f838f92ee33917036fc1462af7db2b6c142cdbad6d,love,1,0,0,True,True,False,False,have,am,need,have,am,need,-6.376705169677734,-6.376705169677734,True
beam16,twitter,4bd4d66e4dab5afa7571d2d3e76eb4573903a97c29f417c3c8b4b7141b9def6a,hunches,3,0,0,False,False,False,False,customer,customers,boss,customer,customers,boss,,,True
beam64,twitter,4bd4d66e4dab5afa7571d2d3e76eb4573903a97c29f417c3c8b4b7141b9def6a,hunches,3,0,0,False,False,False,False,customer,customers,boss,customer,customers,boss,,,True
beam16,twitter,31ba39017ad7153b3cc9de47dbf5a7b071e48d9d83b293fbbb3500cbc7bcb835,played,1,0,0,True,True,False,False,had,got,said,had,got,said,-6.965494155883789,-6.965494155883789,True
beam64,twitter,31ba39017ad7153b3cc9de47dbf5a7b071e48d9d83b293fbbb3500cbc7bcb835,played,1,0,0,True,True,False,False,had,got,said,had,got,said,-6.965494155883789,-6.965494155883789,True
beam16,twitter,a65a90740755f4dc78afc8e1090b2fc2141126006c8c5713907147adc62144ce,long,1,0,0,False,False,False,False,p,n,is,p,n,is,,,True
beam64,twitter,a65a90740755f4dc78afc8e1090b2fc2141126006c8c5713907147adc62144ce,long,1,0,0,False,False,False,False,p,n,is,p,n,is,,,True
beam16,twitter,0477c7dce52fce657dfd40a3fbc5dc8cb5c8479e1449298b5f536a3161a72dfd,might,1,0,0,True,True,False,False,the,is,we,the,is,we,-5.231525421142578,-5.231525421142578,True
beam64,twitter,0477c7dce52fce657dfd40a3fbc5dc8cb5c8479e1449298b5f536a3161a72dfd,might,1,0,0,True,True,False,False,the,is,we,the,is,we,-5.231525421142578,-5.231525421142578,True
beam16,twitter,deb6e618ead2a07270f3d145195f4e6cdb0eb0a094ed56e6dc5419904dc58470,up,1,0,0,True,True,False,False,for,forward,at,for,forward,at,-3.632862091064453,-3.632862091064453,True
beam64,twitter,deb6e618ead2a07270f3d145195f4e6cdb0eb0a094ed56e6dc5419904dc58470,up,1,0,0,True,True,False,False,for,forward,at,for,forward,at,-3.632862091064453,-3.632862091064453,True
beam16,twitter,67faeb2b306e292e8770b1c04d8df55781b0d95443537b8add19d1960defbf86,to,1,1,1,True,True,False,False,to,for,all,to,for,all,-1.8456497192382812,-1.8456497192382812,True
beam64,twitter,67faeb2b306e292e8770b1c04d8df55781b0d95443537b8add19d1960defbf86,to,1,1,1,True,True,False,False,to,for,all,to,for,all,-1.8456497192382812,-1.8456497192382812,True
beam16,twitter,6d1e24c3edbe49ea6f526e615a679294616467ce9e8c1599232afb9013acc8b1,sever,1,0,0,False,False,False,False,and,i,email,and,i,email,,,True
beam64,twitter,6d1e24c3edbe49ea6f526e615a679294616467ce9e8c1599232afb9013acc8b1,sever,1,0,0,False,False,False,False,and,i,email,and,i,email,,,True
beam16,twitter,921902a0a48b56c8ac2fb720f69d96499a321463b6efe39254dd6c8e70b2ea05,been,1,1,1,True,True,False,False,been,done,enjoyed,been,done,enjoyed,-0.28227996826171875,-0.28227996826171875,True
beam64,twitter,921902a0a48b56c8ac2fb720f69d96499a321463b6efe39254dd6c8e70b2ea05,been,1,1,1,True,True,False,False,been,done,enjoyed,been,done,enjoyed,-0.28227996826171875,-0.28227996826171875,True
beam16,twitter,7461d185d85fa4d987fed4cefea3ae41d7adc9b64d89e8daa2e65ed99ddbbd37,can,1,1,1,True,True,False,False,can,could,have,can,could,have,-2.137969970703125,-2.137969970703125,True
beam64,twitter,7461d185d85fa4d987fed4cefea3ae41d7adc9b64d89e8daa2e65ed99ddbbd37,can,1,1,1,True,True,False,False,can,could,have,can,could,have,-2.137969970703125,-2.137969970703125,True
beam16,twitter,5da4794e5d908d18fff019e405d814de8f53298fd38a72ead9eb521f9af0e1da,fun,1,3,3,True,True,False,False,time,free,fun,time,free,fun,-2.8910369873046875,-2.8910369873046875,True
beam64,twitter,5da4794e5d908d18fff019e405d814de8f53298fd38a72ead9eb521f9af0e1da,fun,1,3,3,True,True,False,False,time,free,fun,time,free,fun,-2.8910369873046875,-2.8910369873046875,True
beam16,twitter,11feebcaead082609623d2bd79b976689c010bcaa714db53ccbba5027db0244c,talk,1,0,0,True,True,False,False,discussion,on,with,discussion,on,with,-4.537128448486328,-4.537128448486328,True
beam64,twitter,11feebcaead082609623d2bd79b976689c010bcaa714db53ccbba5027db0244c,talk,1,0,0,True,True,False,False,discussion,on,with,discussion,on,with,-4.537128448486328,-4.537128448486328,True
beam16,twitter,6a7f0edc32ff3c62b62d379140f878c7a32602b8cc759ad334c478cd811e206f,usually,1,0,0,True,True,False,False,not,a,like,not,a,like,-4.895862579345703,-4.895862579345703,True
beam64,twitter,6a7f0edc32ff3c62b62d379140f878c7a32602b8cc759ad334c478cd811e206f,usually,1,0,0,True,True,False,False,not,a,like,not,a,like,-4.895862579345703,-4.895862579345703,True
beam16,twitter,40378766252c3541dadcc2be4c3f1db80b86441a3f7c7b6821ccd55fe0f7688e,here,1,0,0,True,True,False,False,the,your,new,the,your,new,-3.292469024658203,-3.292469024658203,True
beam64,twitter,40378766252c3541dadcc2be4c3f1db80b86441a3f7c7b6821ccd55fe0f7688e,here,1,0,0,True,True,False,False,the,your,new,the,your,new,-3.292469024658203,-3.292469024658203,True
beam16,twitter,93263e2696ca8851f6401c570e3067cd1f3fa90987b9d28782987a200b175dd7,than,1,0,0,True,True,False,False,competitive,attractive,money,employable,competitive,marketable,-3.6860885620117188,-3.6860885620117188,True
beam64,twitter,93263e2696ca8851f6401c570e3067cd1f3fa90987b9d28782987a200b175dd7,than,1,0,0,True,True,False,False,competitive,attractive,money,employable,competitive,marketable,-3.6860885620117188,-3.6860885620117188,True
beam16,twitter,e547023248d55a72e5882a23afbbdb7ecb145abbc042972a5b4a1e7c286b5c97,but,1,0,0,True,True,False,False,in,you,i,in,you,i,-4.557760238647461,-4.557760238647461,True
beam64,twitter,e547023248d55a72e5882a23afbbdb7ecb145abbc042972a5b4a1e7c286b5c97,but,1,0,0,True,True,False,False,in,you,i,in,you,i,-4.557760238647461,-4.557760238647461,True
beam16,twitter,f74372cd86ff9aec6e797461e37336833e89628a7961cbc8e6db1035f2ccfa5a,a,1,0,0,True,True,False,False,more,the,updates,more,the,updates,-3.167062759399414,-3.167062759399414,True
beam64,twitter,f74372cd86ff9aec6e797461e37336833e89628a7961cbc8e6db1035f2ccfa5a,a,1,0,0,True,True,False,False,more,the,updates,more,the,updates,-3.167062759399414,-3.167062759399414,True
beam16,twitter,c292c5da0a8aa4090089d9d97845f09b373bd1a4fab39ac64c8b2d50e15433e8,aurora,2,0,0,False,False,False,False,that,i,what,that,i,what,,,True
beam64,twitter,c292c5da0a8aa4090089d9d97845f09b373bd1a4fab39ac64c8b2d50e15433e8,aurora,2,0,0,False,False,False,False,that,i,what,that,i,what,,,True
beam16,twitter,dcc14d16f7054c2c367dcd0c6a87c15f5f0c15ae78e541d1269e7f7aaec62a40,like,1,0,0,True,True,False,False,i,are,have,i,are,have,-5.667072296142578,-5.667072296142578,False
beam64,twitter,dcc14d16f7054c2c367dcd0c6a87c15f5f0c15ae78e541d1269e7f7aaec62a40,like,1,0,0,True,True,False,False,i,are,have,i,are,have,-5.667072296142578,-5.667072296142578,False
beam16,twitter,79fc16f082a53b70dcb5823d8e767a8d278a31d5b930d16abbf2bc865ab87a29,throat,1,0,0,True,True,False,False,me,to,the,me,to,the,-6.860237121582031,-6.860237121582031,True
beam64,twitter,79fc16f082a53b70dcb5823d8e767a8d278a31d5b930d16abbf2bc865ab87a29,throat,1,0,0,True,True,False,False,me,to,the,me,to,the,-6.860237121582031,-6.860237121582031,True
beam16,twitter,bbd51ba170f12ab70463d6f1ac422424a8de8a3cb4c2fba12ac0806ad653de14,body,1,0,0,True,True,False,False,day,one,time,day,one,time,-7.34962272644043,-7.34962272644043,True
beam64,twitter,bbd51ba170f12ab70463d6f1ac422424a8de8a3cb4c2fba12ac0806ad653de14,body,1,0,0,True,True,False,False,day,one,time,day,one,time,-7.34962272644043,-7.34962272644043,True
beam16,twitter,bf720fb323cabe569fc0c729246ba69e710e10bef5c41350135b40b005bd5cbc,shoes,1,1,1,True,True,False,False,shoes,sneakers,shoe,shoes,sneakers,shoe,-0.038173675537109375,-0.038173675537109375,True
beam64,twitter,bf720fb323cabe569fc0c729246ba69e710e10bef5c41350135b40b005bd5cbc,shoes,1,1,1,True,True,False,False,shoes,sneakers,shoe,shoes,sneakers,shoe,-0.038173675537109375,-0.038173675537109375,True
beam16,twitter,33176fac8eb3c5980c8ce7a3a079403a7a92d0c429d04ac276999d3b9efcc40e,to,1,1,1,True,True,False,False,to,the,in,to,the,in,-0.12559127807617188,-0.12559127807617188,True
beam64,twitter,33176fac8eb3c5980c8ce7a3a079403a7a92d0c429d04ac276999d3b9efcc40e,to,1,1,1,True,True,False,False,to,the,in,to,the,in,-0.12559127807617188,-0.12559127807617188,True
beam16,twitter,b0a3eb688a9ed1792d3270d8877c4fbcfa817a5647ca04c01822e2af6e47bce1,i,1,0,0,True,True,False,False,you,to,for,you,to,for,-4.39436149597168,-4.39436149597168,True
beam64,twitter,b0a3eb688a9ed1792d3270d8877c4fbcfa817a5647ca04c01822e2af6e47bce1,i,1,0,0,True,True,False,False,you,to,for,you,to,for,-4.39436149597168,-4.39436149597168,True
beam16,twitter,f55392584b9aa853d858c78bd07b84787d804e61d9ed02f4fc3806012b13aab1,data,1,0,0,True,True,False,False,earth,planet,moon,earth,planet,moon,-4.118019104003906,-4.118019104003906,True
beam64,twitter,f55392584b9aa853d858c78bd07b84787d804e61d9ed02f4fc3806012b13aab1,data,1,0,0,True,True,False,False,earth,planet,moon,earth,planet,moon,-4.118019104003906,-4.118019104003906,True
beam16,twitter,809e0ee79efc2f3a759933e2c0ba6316af226c07596a7b090ba4ae1c3793ea16,the,1,3,3,True,True,False,False,a,been,the,a,been,the,-2.9007415771484375,-2.9007415771484375,True
beam64,twitter,809e0ee79efc2f3a759933e2c0ba6316af226c07596a7b090ba4ae1c3793ea16,the,1,3,3,True,True,False,False,a,been,the,a,been,the,-2.9007415771484375,-2.9007415771484375,True
beam16,twitter,bb450818aa1a7aa0956a4594d032b48f69f193eabb07232a8b4f7e822e43b8f7,go,1,0,0,True,True,False,False,get,see,find,get,see,find,-3.3413238525390625,-3.3413238525390625,True
beam64,twitter,bb450818aa1a7aa0956a4594d032b48f69f193eabb07232a8b4f7e822e43b8f7,go,1,0,0,True,True,False,False,get,see,find,get,see,find,-3.3413238525390625,-3.3413238525390625,True
beam16,twitter,fe9aea0725a9b4f7f77ee9ca321331930c68150c8d7586189e84dac83bc98527,smile,1,0,0,False,False,False,False,know,have,can,know,have,can,,,False
beam64,twitter,fe9aea0725a9b4f7f77ee9ca321331930c68150c8d7586189e84dac83bc98527,smile,1,0,0,False,False,False,False,know,have,can,know,have,can,,,False
beam16,twitter,59c8013c1df2516be4e002d7ee5dc36ff478a31814f9f385375a62c2af9af28f,air,1,2,2,True,True,False,False,pro,air,m,pro,air,m,-3.4504947662353516,-3.4504947662353516,True
beam64,twitter,59c8013c1df2516be4e002d7ee5dc36ff478a31814f9f385375a62c2af9af28f,air,1,2,2,True,True,False,False,pro,air,m,pro,air,m,-3.4504947662353516,-3.4504947662353516,True
beam16,twitter,c70e91e99cf2912963ae14ea563d7f6a0f2cc9f2dc6421716e822c023904f063,more,1,1,1,True,True,False,False,more,much,else,more,much,else,-0.04523468017578125,-0.04523468017578125,True
beam64,twitter,c70e91e99cf2912963ae14ea563d7f6a0f2cc9f2dc6421716e822c023904f063,more,1,1,1,True,True,False,False,more,much,else,more,much,else,-0.04523468017578125,-0.04523468017578125,True
beam16,twitter,9a47a95bc12f2aa1939db2722ece91281ed34bc3cb5dc78c7d8683ac6b54459e,now,1,1,1,True,True,False,False,now,right,i,now,right,i,-0.8560791015625,-0.8560791015625,True
beam64,twitter,9a47a95bc12f2aa1939db2722ece91281ed34bc3cb5dc78c7d8683ac6b54459e,now,1,1,1,True,True,False,False,now,right,i,now,right,i,-0.8560791015625,-0.8560791015625,True
beam16,twitter,9f596c8b340e5579121fe3cbf4ed65a7f06281bb559da4fcd1609c70202daf55,great,1,1,1,True,True,False,False,great,beautiful,shame,great,beautiful,shame,-2.429546356201172,-2.429546356201172,True
beam64,twitter,9f596c8b340e5579121fe3cbf4ed65a7f06281bb559da4fcd1609c70202daf55,great,1,1,1,True,True,False,False,great,beautiful,shame,great,beautiful,shame,-2.429546356201172,-2.429546356201172,True
beam16,twitter,5845c97b3512784107edf2caa483973f1c25fa58f3016bdfc5c8cc5c5c371ec6,me,1,1,1,True,True,False,False,me,us,people,me,us,people,-1.3479690551757812,-1.3479690551757812,True
beam64,twitter,5845c97b3512784107edf2caa483973f1c25fa58f3016bdfc5c8cc5c5c371ec6,me,1,1,1,True,True,False,False,me,us,people,me,us,people,-1.3479690551757812,-1.3479690551757812,True
beam16,twitter,b27b3d0377cbcd6718d8c822aaf77a17ef393d6a4fcb941374d69e544f0c3575,use,1,0,0,True,True,False,False,the,a,an,the,a,an,-7.114910125732422,-7.114910125732422,True
beam64,twitter,b27b3d0377cbcd6718d8c822aaf77a17ef393d6a4fcb941374d69e544f0c3575,use,1,0,0,True,True,False,False,the,a,an,the,a,an,-7.114910125732422,-7.114910125732422,True
beam16,twitter,9f79e8c5c80f3aba95ada2f4aef6041b37939f57129dd1db1f2181fbd04e5042,marines,2,0,0,False,True,False,False,is,ship,station,is,ship,station,,-4.373331069946289,True
beam64,twitter,9f79e8c5c80f3aba95ada2f4aef6041b37939f57129dd1db1f2181fbd04e5042,marines,2,0,0,False,True,False,False,is,ship,station,is,ship,station,,-4.373331069946289,True
beam16,twitter,22fae40bf33210d9d9182fc2e0d9fa6af181892540d70a85ac30761b004fae28,fat,1,0,0,True,True,False,False,sorry,excited,happy,sorry,excited,happy,-6.863067626953125,-6.863067626953125,True
beam64,twitter,22fae40bf33210d9d9182fc2e0d9fa6af181892540d70a85ac30761b004fae28,fat,1,0,0,True,True,False,False,sorry,excited,happy,sorry,excited,happy,-6.863067626953125,-6.863067626953125,True
beam16,twitter,32f268119de2bd12e0346c67a845729dc776f86303b39ccb717e78cd398507e8,choose,1,0,0,False,False,False,False,be,hit,have,be,hit,have,,,True
beam64,twitter,32f268119de2bd12e0346c67a845729dc776f86303b39ccb717e78cd398507e8,choose,1,0,0,False,False,False,False,be,hit,have,be,hit,have,,,True
beam16,twitter,c5001b759d4255d9d99249504f5825f7270277a69eb98950c0c660367ff87f0f,game,1,1,1,True,True,False,False,game,day,event,game,day,event,-1.7416267395019531,-1.7416267395019531,True
beam64,twitter,c5001b759d4255d9d99249504f5825f7270277a69eb98950c0c660367ff87f0f,game,1,1,1,True,True,False,False,game,day,event,game,day,event,-1.7416267395019531,-1.7416267395019531,True
beam16,twitter,d891394d05c619ba0126116ccf0a162175f3c43d2a2b8ff9c6c487250edbdfa1,straight,1,1,1,True,True,False,False,straight,in,to,straight,in,to,-0.17145538330078125,-0.17145538330078125,True
beam64,twitter,d891394d05c619ba0126116ccf0a162175f3c43d2a2b8ff9c6c487250edbdfa1,straight,1,1,1,True,True,False,False,straight,in,to,straight,in,to,-0.17145538330078125,-0.17145538330078125,True
beam16,twitter,b95b34d913c70639530352536a33f9bf9060015b2be2c88d7b5c1c845269d754,oops,2,0,0,False,False,False,False,i,and,test,i,and,test,,,False
beam64,twitter,b95b34d913c70639530352536a33f9bf9060015b2be2c88d7b5c1c845269d754,oops,2,0,0,False,True,False,False,i,and,test,i,and,test,,-11.833648681640625,False
beam16,twitter,ac89f2a7955950ec02599105a1614abb3f4104367afa142be93471c1ebcc3ecb,me,1,1,1,True,True,False,False,me,my,the,me,my,the,-0.5814437866210938,-0.5814437866210938,True
beam64,twitter,ac89f2a7955950ec02599105a1614abb3f4104367afa142be93471c1ebcc3ecb,me,1,1,1,True,True,False,False,me,my,the,me,my,the,-0.5814437866210938,-0.5814437866210938,True
beam16,twitter,ea9917e5f5a88e57a6617dcf19ddeaddd5efff6900c5a6534023908de52f068c,a,1,0,0,True,True,False,False,and,in,the,and,in,the,-3.967395782470703,-3.967395782470703,True
beam64,twitter,ea9917e5f5a88e57a6617dcf19ddeaddd5efff6900c5a6534023908de52f068c,a,1,0,0,True,True,False,False,and,in,the,and,in,the,-3.967395782470703,-3.967395782470703,True
beam16,twitter,5d833968865957ff0f6ffb3cc7614be6eef69123047bbc7eb21449c8e2397322,in,1,1,1,True,True,False,False,in,safe,on,in,safe,on,-2.396636962890625,-2.396636962890625,True
beam64,twitter,5d833968865957ff0f6ffb3cc7614be6eef69123047bbc7eb21449c8e2397322,in,1,1,1,True,True,False,False,in,safe,on,in,safe,on,-2.396636962890625,-2.396636962890625,True
beam16,twitter,375c1b92f7b6b45aa92f099cd69c5bec185e26923f28c7603a7729d2f454fd17,and,1,2,2,True,True,False,False,i,and,it,i,and,it,-3.408794403076172,-3.408794403076172,True
beam64,twitter,375c1b92f7b6b45aa92f099cd69c5bec185e26923f28c7603a7729d2f454fd17,and,1,2,2,True,True,False,False,i,and,it,i,and,it,-3.408794403076172,-3.408794403076172,True
beam16,twitter,387723458c66e408b808eea48466bd2a4491a21256a26dae9182cf3d44129cb6,sing,1,0,0,False,False,False,False,want,got,don't,want,got,don't,,,True
beam64,twitter,387723458c66e408b808eea48466bd2a4491a21256a26dae9182cf3d44129cb6,sing,1,0,0,False,False,False,False,want,got,don't,want,got,don't,,,True
beam16,twitter,8518ff3fb26573151335180001388035d15db267be49fbedc8a536ff4ddf13d2,of,1,1,1,True,True,False,False,of,at,in,of,at,in,-1.0426483154296875,-1.0426483154296875,True
beam64,twitter,8518ff3fb26573151335180001388035d15db267be49fbedc8a536ff4ddf13d2,of,1,1,1,True,True,False,False,of,at,in,of,at,in,-1.0426483154296875,-1.0426483154296875,True
beam16,twitter,ae3cb31e730e8d6ff4a36774656af36b1ca5e587f54a9d94d476e03228593dc4,situations,1,1,1,True,True,False,False,situations,situation,company,situations,situation,company,-0.9723625183105469,-0.9723625183105469,True
beam64,twitter,ae3cb31e730e8d6ff4a36774656af36b1ca5e587f54a9d94d476e03228593dc4,situations,1,1,1,True,True,False,False,situations,situation,company,situations,situation,company,-0.9723625183105469,-0.9723625183105469,True
beam16,twitter,328c9209a3de3fdaf822820e1ee5de94478fd62dace121ea1a6a98e37716328e,he's,2,0,0,False,True,False,False,in,was,and,in,was,and,,-6.878513336181641,True
beam64,twitter,328c9209a3de3fdaf822820e1ee5de94478fd62dace121ea1a6a98e37716328e,he's,2,0,0,False,True,False,False,in,was,and,in,was,and,,-6.878513336181641,True
beam16,twitter,326f3b0b39b9dcaf1d2cf9f3e90992436dcbc926df8e1d2eab7b4632ca4a77a3,there,1,0,0,True,True,False,False,to,i,many,to,i,many,-9.256820678710938,-9.256820678710938,False
beam64,twitter,326f3b0b39b9dcaf1d2cf9f3e90992436dcbc926df8e1d2eab7b4632ca4a77a3,there,1,0,0,True,True,False,False,to,i,many,to,i,many,-9.256820678710938,-9.256820678710938,False
beam16,twitter,46ed9093252d808efd080738ac8b971774ff65d4855f1e9b1d9a724053e99cac,to,1,1,1,True,True,False,False,to,i,of,to,i,of,-0.5403175354003906,-0.5403175354003906,True
beam64,twitter,46ed9093252d808efd080738ac8b971774ff65d4855f1e9b1d9a724053e99cac,to,1,1,1,True,True,False,False,to,i,of,to,i,of,-0.5403175354003906,-0.5403175354003906,True
beam16,twitter,9f74c34eec961cc2b0b8ae65dfa4a05dfdfc6791418be9fac80637c0e15583d0,different,1,0,0,True,True,False,False,little,bit,few,little,bit,few,-6.367214202880859,-6.367214202880859,True
beam64,twitter,9f74c34eec961cc2b0b8ae65dfa4a05dfdfc6791418be9fac80637c0e15583d0,different,1,0,0,True,True,False,False,little,bit,few,little,bit,few,-6.367214202880859,-6.367214202880859,True
beam16,twitter,ccfabe1eadc855ccace4c88a4917ef55de6a7f146cf1e30a4f57aa6132087ec3,marlee,2,0,0,False,False,False,False,we,the,i,we,the,i,,,True
beam64,twitter,ccfabe1eadc855ccace4c88a4917ef55de6a7f146cf1e30a4f57aa6132087ec3,marlee,2,0,0,False,False,False,False,we,the,i,we,the,i,,,True
beam16,twitter,c51426101d1a758badb57e27958db81cf763686f20d96d0fbc3ffba043a39ad5,will,1,0,0,True,True,False,False,have,am,need,have,am,need,-6.111835479736328,-6.111835479736328,True
beam64,twitter,c51426101d1a758badb57e27958db81cf763686f20d96d0fbc3ffba043a39ad5,will,1,0,0,True,True,False,False,have,am,need,have,am,need,-6.111835479736328,-6.111835479736328,True
beam16,twitter,1d3c212f340ef54aa374be0ca0fd4b2f88e9cf01d7d452a071f091d4b995f5f0,stuff,1,0,0,True,True,False,False,story,review,and,story,review,and,-6.551210403442383,-6.551210403442383,True
beam64,twitter,1d3c212f340ef54aa374be0ca0fd4b2f88e9cf01d7d452a071f091d4b995f5f0,stuff,1,0,0,True,True,False,False,story,review,and,story,review,and,-6.551210403442383,-6.551210403442383,True
beam16,twitter,4af22471a3d09c919657f196d9db3d6bea1f5070cb6fab3bf2a20aa9aef9980f,ehrlich,3,0,0,False,False,False,False,brown,martin,smith,brown,martin,davis,,,True
beam64,twitter,4af22471a3d09c919657f196d9db3d6bea1f5070cb6fab3bf2a20aa9aef9980f,ehrlich,3,0,0,False,False,False,False,brown,martin,smith,brown,martin,davis,,,True
beam16,twitter,4be446364a169c258e081d5428cb43451f6a3f949a3d375a50e8d861727ad131,cute,1,0,0,True,True,False,False,awesome,stupid,amazing,awesome,stupid,amazing,-5.9307708740234375,-5.9307708740234375,True
beam64,twitter,4be446364a169c258e081d5428cb43451f6a3f949a3d375a50e8d861727ad131,cute,1,0,0,True,True,False,False,awesome,stupid,amazing,awesome,stupid,amazing,-5.9307708740234375,-5.9307708740234375,True
beam16,twitter,8cc119a2b38be5497a86a0580cb8a34be3e60c7b859c126885ede12522114106,my,1,1,1,True,True,False,False,my,the,me,my,the,me,-1.927978515625,-1.927978515625,True
beam64,twitter,8cc119a2b38be5497a86a0580cb8a34be3e60c7b859c126885ede12522114106,my,1,1,1,True,True,False,False,my,the,me,my,the,me,-1.927978515625,-1.927978515625,True
beam16,twitter,284c2400932f5997114bfeda6f0c04bf2b4a7d871d4ec8195c83649a8ca05d64,forward,1,1,1,True,True,False,False,forward,for,at,forward,for,at,-0.250823974609375,-0.250823974609375,True
beam64,twitter,284c2400932f5997114bfeda6f0c04bf2b4a7d871d4ec8195c83649a8ca05d64,forward,1,1,1,True,True,False,False,forward,for,at,forward,for,at,-0.250823974609375,-0.250823974609375,True
beam16,twitter,699caf411cea0da0dd2295781eb4539818da2a949c7c1302681f6fe17b36202f,are,1,0,0,True,True,False,False,for,and,to,for,and,to,-3.5307979583740234,-3.5307979583740234,True
beam64,twitter,699caf411cea0da0dd2295781eb4539818da2a949c7c1302681f6fe17b36202f,are,1,0,0,True,True,False,False,for,and,to,for,and,to,-3.5307979583740234,-3.5307979583740234,True
beam16,twitter,9f707829bf840b5bfe458637b67ab793ab1417bcd7655f788cbafb872c287af3,or,1,0,0,True,True,False,False,means,is,meant,means,is,meant,-6.379581451416016,-6.379581451416016,True
beam64,twitter,9f707829bf840b5bfe458637b67ab793ab1417bcd7655f788cbafb872c287af3,or,1,0,0,True,True,False,False,means,is,meant,means,is,meant,-6.379581451416016,-6.379581451416016,True
beam16,twitter,ea5a7b1f00a68fbfbd9f755d72ead415f5ce81e2cd9dfb5bd1b2edee69ceac63,his,1,2,2,True,True,False,False,the,his,a,the,his,a,-2.1414852142333984,-2.1414852142333984,True
beam64,twitter,ea5a7b1f00a68fbfbd9f755d72ead415f5ce81e2cd9dfb5bd1b2edee69ceac63,his,1,2,2,True,True,False,False,the,his,a,the,his,a,-2.1414852142333984,-2.1414852142333984,True
beam16,twitter,0e42cf2f38a7260c4b2092eca7220f5d546ecfcbefc6af0b1bbbde8d6557d88a,fear,1,0,0,True,True,False,False,i,because,it,i,because,it,-5.5569610595703125,-5.5569610595703125,True
beam64,twitter,0e42cf2f38a7260c4b2092eca7220f5d546ecfcbefc6af0b1bbbde8d6557d88a,fear,1,0,0,True,True,False,False,i,because,it,i,because,it,-5.5569610595703125,-5.5569610595703125,True
beam16,twitter,272fdf2f54872e1fe6db26455e88f76916b1c93d5bcb2d449fe589e4c01db54b,science,1,0,0,False,False,False,False,good,great,nice,good,great,nice,,,True
beam64,twitter,272fdf2f54872e1fe6db26455e88f76916b1c93d5bcb2d449fe589e4c01db54b,science,1,0,0,False,False,False,False,good,great,nice,good,great,nice,,,True
beam16,twitter,67901d6851532497872fd5d5c6972be60cb47a7d292d0e0d8603fa6c296cc2de,the,1,3,3,True,True,False,False,a,it,the,a,it,the,-2.801349639892578,-2.801349639892578,True
beam64,twitter,67901d6851532497872fd5d5c6972be60cb47a7d292d0e0d8603fa6c296cc2de,the,1,3,3,True,True,False,False,a,it,the,a,it,the,-2.801349639892578,-2.801349639892578,True
beam16,twitter,b9ea7f780b30fe7c7b813eb89aab943c6dbc96b0b1162a88b4f0b6e0702a8dc8,it,1,2,2,True,True,False,False,the,it,out,the,it,out,-1.7745304107666016,-1.7745304107666016,True
beam64,twitter,b9ea7f780b30fe7c7b813eb89aab943c6dbc96b0b1162a88b4f0b6e0702a8dc8,it,1,2,2,True,True,False,False,the,it,out,the,it,out,-1.7745304107666016,-1.7745304107666016,True
beam16,twitter,6da19ab67fc77b38f51b37f338f5d9ef1147a4744188288c31b6993aa1d8a9de,unnatural,1,0,0,False,False,False,False,a,the,not,a,the,not,,,True
beam64,twitter,6da19ab67fc77b38f51b37f338f5d9ef1147a4744188288c31b6993aa1d8a9de,unnatural,1,0,0,False,False,False,False,a,the,not,a,the,not,,,True
beam16,twitter,d0f9ae922f59da6f898a5a3252caceb48b7cdbb5fd45272512db53bd20594006,buy,1,0,0,True,True,False,False,be,go,get,be,go,get,-5.890216827392578,-5.890216827392578,True
beam64,twitter,d0f9ae922f59da6f898a5a3252caceb48b7cdbb5fd45272512db53bd20594006,buy,1,0,0,True,True,False,False,be,go,get,be,go,get,-5.890216827392578,-5.890216827392578,True
beam16,twitter,ccc3f53a5c2bf415f223d7d08f6c5d98b4210903b0a4e5004fac4034aeb0405d,or,1,0,0,True,True,False,False,it,the,any,it,the,any,-5.3904876708984375,-5.3904876708984375,True
beam64,twitter,ccc3f53a5c2bf415f223d7d08f6c5d98b4210903b0a4e5004fac4034aeb0405d,or,1,0,0,True,True,False,False,it,the,any,it,the,any,-5.3904876708984375,-5.3904876708984375,True
beam16,twitter,061989eb4b6f043e6b703c545a41434606597ee5a333ca6cb23a0817f0c1cad3,tag,1,0,0,True,True,False,False,line,for,to,line,for,to,-7.288259506225586,-7.288259506225586,True
beam64,twitter,061989eb4b6f043e6b703c545a41434606597ee5a333ca6cb23a0817f0c1cad3,tag,1,0,0,True,True,False,False,line,for,to,line,for,to,-7.288259506225586,-7.288259506225586,True
beam16,twitter,0147524498f6dcb7f6c1df9732d3db5bdd194c1dbe51d591b8b3e5139ca943bf,damn,1,0,0,False,False,False,False,you,the,we,you,the,we,,,False
beam64,twitter,0147524498f6dcb7f6c1df9732d3db5bdd194c1dbe51d591b8b3e5139ca943bf,damn,1,0,0,False,False,False,False,you,the,we,you,the,we,,,False
beam16,twitter,cc0c913577f11e97b3814b51feda487a2334d3d424406075bd0fc517c7f664a6,a,1,1,1,True,True,False,False,a,in,the,a,in,the,-2.3251895904541016,-2.3251895904541016,True
beam64,twitter,cc0c913577f11e97b3814b51feda487a2334d3d424406075bd0fc517c7f664a6,a,1,1,1,True,True,False,False,a,in,the,a,in,the,-2.3251895904541016,-2.3251895904541016,True
beam16,twitter,a0bbdb92233059108829c0e28d980428e110f66a0e8ffd39ce7afa742d09c5f8,you,1,0,0,True,True,False,False,yeah,i,it,yeah,i,it,-4.222038269042969,-4.222038269042969,True
beam64,twitter,a0bbdb92233059108829c0e28d980428e110f66a0e8ffd39ce7afa742d09c5f8,you,1,0,0,True,True,False,False,yeah,i,it,yeah,i,it,-4.222038269042969,-4.222038269042969,True
beam16,twitter,741f2d626df4f575e6e7d696afde4686117f08a5f2c4249020ffcd8bfd7e4841,hungover,2,0,0,False,False,False,False,a,the,close,a,the,close,,,True
beam64,twitter,741f2d626df4f575e6e7d696afde4686117f08a5f2c4249020ffcd8bfd7e4841,hungover,2,0,0,False,False,False,False,a,the,close,a,the,close,,,True
beam16,twitter,90de0b9bf908cce0650179964fd20ed72d13a26eb1dda59215f3b606899e96b8,to,1,1,1,True,True,False,False,to,when,if,to,when,if,-1.4192276000976562,-1.4192276000976562,True
beam64,twitter,90de0b9bf908cce0650179964fd20ed72d13a26eb1dda59215f3b606899e96b8,to,1,1,1,True,True,False,False,to,when,if,to,when,if,-1.4192276000976562,-1.4192276000976562,True
beam16,twitter,83e20cc4f51e11e49a754eb6faea5d4888cc5f90c72dbe7e3dc7dbb0e3162c59,very,1,0,0,False,False,False,False,by,the,and,by,the,and,,,False
beam64,twitter,83e20cc4f51e11e49a754eb6faea5d4888cc5f90c72dbe7e3dc7dbb0e3162c59,very,1,0,0,False,False,False,False,by,the,and,by,the,and,,,False
beam16,twitter,b96d2800bb083eca035544b0bce72eb11b2a87d29603cde9ba1f402d620305e4,around,1,0,0,True,True,False,False,the,if,it,the,if,it,-5.726154327392578,-5.726154327392578,True
beam64,twitter,b96d2800bb083eca035544b0bce72eb11b2a87d29603cde9ba1f402d620305e4,around,1,0,0,True,True,False,False,the,if,it,the,if,it,-5.726154327392578,-5.726154327392578,True
beam16,twitter,fd6506494e3f316c3b2eda02245b6f4562329d9cba728cf97d781c9a1035e0c2,bears,1,0,0,False,False,False,False,people,a,the,people,a,the,,,True
beam64,twitter,fd6506494e3f316c3b2eda02245b6f4562329d9cba728cf97d781c9a1035e0c2,bears,1,0,0,False,False,False,False,people,a,the,people,a,the,,,True
beam16,twitter,c563b541beccb4e46375d7b78233b7b595c9a8709a9370cfe4c33c30f86e8534,love,1,0,0,True,True,False,False,i,and,for,i,and,for,-7.674400329589844,-7.674400329589844,False
beam64,twitter,c563b541beccb4e46375d7b78233b7b595c9a8709a9370cfe4c33c30f86e8534,love,1,0,0,True,True,False,False,i,and,for,i,and,for,-7.674400329589844,-7.674400329589844,False
beam16,twitter,370616af8584db52e81e96e840a0ff24dc7c1376825dfaba821586a6ceaef0c7,but,1,1,1,True,True,False,False,but,and,i,but,and,i,-1.6976051330566406,-1.6976051330566406,True
beam64,twitter,370616af8584db52e81e96e840a0ff24dc7c1376825dfaba821586a6ceaef0c7,but,1,1,1,True,True,False,False,but,and,i,but,and,i,-1.6976051330566406,-1.6976051330566406,True
beam16,twitter,6a006bee7a8ef46994e698dab791821ae894519158bac09839b9c7720982447b,an,1,0,0,True,True,False,False,in,on,the,in,on,the,-6.222723007202148,-6.222723007202148,True
beam64,twitter,6a006bee7a8ef46994e698dab791821ae894519158bac09839b9c7720982447b,an,1,0,0,True,True,False,False,in,on,the,in,on,the,-6.222723007202148,-6.222723007202148,True
beam16,twitter,0ff7cdb2a6d5207e493f159f4831ba1c9bb2f34ab75304c94333523c20d86c68,that,1,1,1,True,True,False,False,that,it,i,that,it,i,-1.8779258728027344,-1.8779258728027344,True
beam64,twitter,0ff7cdb2a6d5207e493f159f4831ba1c9bb2f34ab75304c94333523c20d86c68,that,1,1,1,True,True,False,False,that,it,i,that,it,i,-1.8779258728027344,-1.8779258728027344,True
beam16,twitter,15ef1bcd3c9bd82e8daf1f10d502977edec7ff2968ad5926e2110b7ce29fb769,you're,2,0,0,False,False,False,False,i,it,and,i,it,and,,,False
beam64,twitter,15ef1bcd3c9bd82e8daf1f10d502977edec7ff2968ad5926e2110b7ce29fb769,you're,2,0,0,False,True,False,False,i,it,and,i,it,and,,-7.586751937866211,False
beam16,twitter,48654f6b05fb402f5989d578766c2dd54dc40403e9a190b13a1301030a08ad1f,the,1,1,1,True,True,False,False,the,my,day,the,my,day,-1.2797107696533203,-1.2797107696533203,True
beam64,twitter,48654f6b05fb402f5989d578766c2dd54dc40403e9a190b13a1301030a08ad1f,the,1,1,1,True,True,False,False,the,my,day,the,my,day,-1.2797107696533203,-1.2797107696533203,True
beam16,twitter,5ff210c8884d0102a275475473c5cba0c0f2db63e45b1be91cd5778b90e7d79e,hustle,1,0,0,True,True,False,False,life,goal,job,life,goal,job,-4.034149169921875,-4.034149169921875,True
beam64,twitter,5ff210c8884d0102a275475473c5cba0c0f2db63e45b1be91cd5778b90e7d79e,hustle,1,0,0,True,True,False,False,life,goal,job,life,goal,job,-4.034149169921875,-4.034149169921875,True
beam16,twitter,183c48d7a2aab033ccd20104e819d38f67433097750771e7821c6e7961c87ffd,rights,1,0,0,False,False,False,False,how,make,what,how,make,what,,,False
beam64,twitter,183c48d7a2aab033ccd20104e819d38f67433097750771e7821c6e7961c87ffd,rights,1,0,0,False,False,False,False,how,make,what,how,make,what,,,False
beam16,twitter,55ea2cb0b59a864f950473104cc288ed311999fe5b9c195d5edeb7479d4a9306,now,1,0,0,True,True,False,False,and,but,in,and,but,in,-5.003570556640625,-5.003570556640625,True
beam64,twitter,55ea2cb0b59a864f950473104cc288ed311999fe5b9c195d5edeb7479d4a9306,now,1,0,0,True,True,False,False,and,but,in,and,but,in,-5.003570556640625,-5.003570556640625,True
beam16,twitter,f1b5e9e6d6f733f94f78785c7b3acb329a53a736ebbc27d870531a64250b02e9,check,1,0,0,True,True,False,False,be,not,know,be,not,know,-5.043266296386719,-5.043266296386719,True
beam64,twitter,f1b5e9e6d6f733f94f78785c7b3acb329a53a736ebbc27d870531a64250b02e9,check,1,0,0,True,True,False,False,be,not,know,be,not,know,-5.043266296386719,-5.043266296386719,True
